"mkt","measure","name","Value"
NA,"LB","OXATHIAPIPROLIN",NA
NA,"LB","CYCLANILIPROLE",NA
NA,"LB","PERMETHRIN",NA
NA,"LB","ISARIA FUMOSOROSEA STRAIN FE 9901",NA
NA,"LB / ACRE / APPLICATION","OXATHIAPIPROLIN",NA
NA,"LB / ACRE / APPLICATION","CYCLANILIPROLE",NA
NA,"LB / ACRE / APPLICATION","PERMETHRIN",NA
NA,"LB / ACRE / APPLICATION","ISARIA FUMOSOROSEA STRAIN FE 9901",NA
NA,"LB / ACRE / YEAR","OXATHIAPIPROLIN",NA
NA,"LB / ACRE / YEAR","CYCLANILIPROLE",NA
NA,"LB / ACRE / YEAR","PERMETHRIN",NA
NA,"LB / ACRE / YEAR","ISARIA FUMOSOROSEA STRAIN FE 9901",NA
NA,"NUMBER","OXATHIAPIPROLIN",NA
NA,"NUMBER","CYCLANILIPROLE",NA
NA,"NUMBER","PERMETHRIN",NA
NA,"NUMBER","ISARIA FUMOSOROSEA STRAIN FE 9901",NA
NA,"PCT OF AREA BEARING","OXATHIAPIPROLIN",NA
NA,"PCT OF AREA BEARING","CYCLANILIPROLE",NA
NA,"PCT OF AREA BEARING","PERMETHRIN",NA
NA,"PCT OF AREA BEARING","ISARIA FUMOSOROSEA STRAIN FE 9901",NA
"BEARING - APPLICATIONS","LB","AZOXYSTROBIN",3300
"BEARING - APPLICATIONS","LB","BACILLUS AMYLOLIQUEFACIENS STRAIN D747",NA
"BEARING - APPLICATIONS","LB","BACILLUS SUBTILIS",NA
"BEARING - APPLICATIONS","LB","BLAD",NA
"BEARING - APPLICATIONS","LB","BORAX DECAHYDRATE",2800
"BEARING - APPLICATIONS","LB","BOSCALID",6600
"BEARING - APPLICATIONS","LB","BT SUBSP KURSTAKI EVB-113-19",NA
"BEARING - APPLICATIONS","LB","CAPTAN",603100
"BEARING - APPLICATIONS","LB","CYFLUFENAMID",NA
"BEARING - APPLICATIONS","LB","CYPRODINIL",30300
"BEARING - APPLICATIONS","LB","DIFENOCONAZOLE",NA
"BEARING - APPLICATIONS","LB","FENHEXAMID",8600
"BEARING - APPLICATIONS","LB","FLUDIOXONIL",22400
"BEARING - APPLICATIONS","LB","FLUOPYRAM",14600
"BEARING - APPLICATIONS","LB","FLUXAPYROXAD",7100
"BEARING - APPLICATIONS","LB","FOSETYL-AL",NA
"BEARING - APPLICATIONS","LB","ISOFETAMID",NA
"BEARING - APPLICATIONS","LB","MEFENOXAM",7200
"BEARING - APPLICATIONS","LB","MONO-POTASSIUM SALT",NA
"BEARING - APPLICATIONS","LB","MYCLOBUTANIL",10800
"BEARING - APPLICATIONS","LB","PENTHIOPYRAD",4000
"BEARING - APPLICATIONS","LB","POLYOXIN D ZINC SALT",3300
"BEARING - APPLICATIONS","LB","PROPICONAZOLE",2300
"BEARING - APPLICATIONS","LB","PYDIFLUMETOFEN",NA
"BEARING - APPLICATIONS","LB","PYRACLOSTROBIN",10600
"BEARING - APPLICATIONS","LB","PYRIMETHANIL",8300
"BEARING - APPLICATIONS","LB","QUINOLINE",3600
"BEARING - APPLICATIONS","LB","SULFUR",1258100
"BEARING - APPLICATIONS","LB","TETRACONAZOLE",1300
"BEARING - APPLICATIONS","LB","THIOPHANATE-METHYL",10600
"BEARING - APPLICATIONS","LB","THIRAM",269500
"BEARING - APPLICATIONS","LB","TOTAL)",2338800
"BEARING - APPLICATIONS","LB","TRIFLOXYSTROBIN",14600
"BEARING - APPLICATIONS","LB","TRIFLUMIZOLE",NA
"BEARING - APPLICATIONS","LB","CARFENTRAZONE-ETHYL",NA
"BEARING - APPLICATIONS","LB","FLUMIOXAZIN",3900
"BEARING - APPLICATIONS","LB","OXYFLUORFEN",NA
"BEARING - APPLICATIONS","LB","PENDIMETHALIN",71400
"BEARING - APPLICATIONS","LB","TOTAL)",89700
"BEARING - APPLICATIONS","LB","ABAMECTIN",300
"BEARING - APPLICATIONS","LB","ACEQUINOCYL",12800
"BEARING - APPLICATIONS","LB","ACETAMIPRID",3300
"BEARING - APPLICATIONS","LB","AZADIRACHTIN",2800
"BEARING - APPLICATIONS","LB","BEAUVERIA BASSIANA",NA
"BEARING - APPLICATIONS","LB","BIFENAZATE",28700
"BEARING - APPLICATIONS","LB","BIFENTHRIN",4600
"BEARING - APPLICATIONS","LB","BT KURSTAK ABTS-1857",NA
"BEARING - APPLICATIONS","LB","BT KURSTAKI ABTS-351",NA
"BEARING - APPLICATIONS","LB","BT KURSTAKI SA-11",NA
"BEARING - APPLICATIONS","LB","CANOLA OIL",NA
"BEARING - APPLICATIONS","LB","CHLORANTRANILIPROLE",2000
"BEARING - APPLICATIONS","LB","CHROMOBAC SUBTSUGAE PRAA4-1 CELLS AND SPENT MEDIA",NA
"BEARING - APPLICATIONS","LB","CYANTRANILIPROLE",1700
"BEARING - APPLICATIONS","LB","CYFLUMETOFEN",7600
"BEARING - APPLICATIONS","LB","ETOXAZOLE",NA
"BEARING - APPLICATIONS","LB","FENBUTATIN-OXIDE",NA
"BEARING - APPLICATIONS","LB","FENPROPATHRIN",6600
"BEARING - APPLICATIONS","LB","FENPYROXIMATE",NA
"BEARING - APPLICATIONS","LB","FLONICAMID",6200
"BEARING - APPLICATIONS","LB","FLUPYRADIFURONE",5000
"BEARING - APPLICATIONS","LB","HEXYTHIAZOX",5400
"BEARING - APPLICATIONS","LB","IMIDACLOPRID",3100
"BEARING - APPLICATIONS","LB","LAMBDA-CYHALOTHRIN",NA
"BEARING - APPLICATIONS","LB","MALATHION",19400
"BEARING - APPLICATIONS","LB","METHOXYFENOZIDE",7900
"BEARING - APPLICATIONS","LB","NALED",NA
"BEARING - APPLICATIONS","LB","NEEM OIL",NA
"BEARING - APPLICATIONS","LB","NEEM OIL, CLAR. HYD.",NA
"BEARING - APPLICATIONS","LB","NOVALURON",5600
"BEARING - APPLICATIONS","LB","PIPERONYL BUTOXIDE",NA
"BEARING - APPLICATIONS","LB","PYRETHRINS",NA
"BEARING - APPLICATIONS","LB","PYRIDABEN",NA
"BEARING - APPLICATIONS","LB","SPINETORAM",3800
"BEARING - APPLICATIONS","LB","SPINOSAD",2000
"BEARING - APPLICATIONS","LB","THIAMETHOXAM",1300
"BEARING - APPLICATIONS","LB","TOTAL)",231600
"BEARING - APPLICATIONS","LB","ACIBENZOLAR-S-METHYL",NA
"BEARING - APPLICATIONS","LB","CAPSICUM OLEORESIN EXTRACT",NA
"BEARING - APPLICATIONS","LB","CHLOROPICRIN",11299000
"BEARING - APPLICATIONS","LB","DICHLOROPROPENE",1642600
"BEARING - APPLICATIONS","LB","FLUTRIAFOL",3900
"BEARING - APPLICATIONS","LB","GARLIC OIL",NA
"BEARING - APPLICATIONS","LB","HYDROGEN PEROXIDE",NA
"BEARING - APPLICATIONS","LB","IRON PHOSPHATE",NA
"BEARING - APPLICATIONS","LB","METALDEHYDE",NA
"BEARING - APPLICATIONS","LB","METAM-POTASSIUM",NA
"BEARING - APPLICATIONS","LB","METAM-SODIUM",NA
"BEARING - APPLICATIONS","LB","PEROXYACETIC ACID",NA
"BEARING - APPLICATIONS","LB","PSEUDOMONAS CHLORORAPHIS STRAIN AFS009",NA
"BEARING - APPLICATIONS","LB","REYNOUTRIA SACHALINE",NA
"BEARING - APPLICATIONS","LB","TOTAL)",15611900
"BEARING - APPLICATIONS","LB / ACRE / APPLICATION","AZOXYSTROBIN",0.234
"BEARING - APPLICATIONS","LB / ACRE / APPLICATION","BACILLUS AMYLOLIQUEFACIENS STRAIN D747",NA
"BEARING - APPLICATIONS","LB / ACRE / APPLICATION","BACILLUS SUBTILIS",NA
"BEARING - APPLICATIONS","LB / ACRE / APPLICATION","BLAD",NA
"BEARING - APPLICATIONS","LB / ACRE / APPLICATION","BORAX DECAHYDRATE",0.042
"BEARING - APPLICATIONS","LB / ACRE / APPLICATION","BOSCALID",0.354
"BEARING - APPLICATIONS","LB / ACRE / APPLICATION","BT SUBSP KURSTAKI EVB-113-19",NA
"BEARING - APPLICATIONS","LB / ACRE / APPLICATION","CAPTAN",1.693
"BEARING - APPLICATIONS","LB / ACRE / APPLICATION","CYFLUFENAMID",NA
"BEARING - APPLICATIONS","LB / ACRE / APPLICATION","CYPRODINIL",0.316
"BEARING - APPLICATIONS","LB / ACRE / APPLICATION","DIFENOCONAZOLE",NA
"BEARING - APPLICATIONS","LB / ACRE / APPLICATION","FENHEXAMID",0.659
"BEARING - APPLICATIONS","LB / ACRE / APPLICATION","FLUDIOXONIL",0.211
"BEARING - APPLICATIONS","LB / ACRE / APPLICATION","FLUOPYRAM",0.119
"BEARING - APPLICATIONS","LB / ACRE / APPLICATION","FLUXAPYROXAD",0.161
"BEARING - APPLICATIONS","LB / ACRE / APPLICATION","FOSETYL-AL",NA
"BEARING - APPLICATIONS","LB / ACRE / APPLICATION","ISOFETAMID",NA
"BEARING - APPLICATIONS","LB / ACRE / APPLICATION","MEFENOXAM",0.5
"BEARING - APPLICATIONS","LB / ACRE / APPLICATION","MONO-POTASSIUM SALT",NA
"BEARING - APPLICATIONS","LB / ACRE / APPLICATION","MYCLOBUTANIL",0.105
"BEARING - APPLICATIONS","LB / ACRE / APPLICATION","PENTHIOPYRAD",0.271
"BEARING - APPLICATIONS","LB / ACRE / APPLICATION","POLYOXIN D ZINC SALT",0.061
"BEARING - APPLICATIONS","LB / ACRE / APPLICATION","PROPICONAZOLE",0.112
"BEARING - APPLICATIONS","LB / ACRE / APPLICATION","PYDIFLUMETOFEN",NA
"BEARING - APPLICATIONS","LB / ACRE / APPLICATION","PYRACLOSTROBIN",0.167
"BEARING - APPLICATIONS","LB / ACRE / APPLICATION","PYRIMETHANIL",0.658
"BEARING - APPLICATIONS","LB / ACRE / APPLICATION","QUINOLINE",0.095
"BEARING - APPLICATIONS","LB / ACRE / APPLICATION","SULFUR",5.471
"BEARING - APPLICATIONS","LB / ACRE / APPLICATION","TETRACONAZOLE",0.036
"BEARING - APPLICATIONS","LB / ACRE / APPLICATION","THIOPHANATE-METHYL",0.695
"BEARING - APPLICATIONS","LB / ACRE / APPLICATION","THIRAM",2.201
"BEARING - APPLICATIONS","LB / ACRE / APPLICATION","TRIFLOXYSTROBIN",0.119
"BEARING - APPLICATIONS","LB / ACRE / APPLICATION","TRIFLUMIZOLE",NA
"BEARING - APPLICATIONS","LB / ACRE / APPLICATION","CARFENTRAZONE-ETHYL",NA
"BEARING - APPLICATIONS","LB / ACRE / APPLICATION","FLUMIOXAZIN",0.078
"BEARING - APPLICATIONS","LB / ACRE / APPLICATION","OXYFLUORFEN",NA
"BEARING - APPLICATIONS","LB / ACRE / APPLICATION","PENDIMETHALIN",0.923
"BEARING - APPLICATIONS","LB / ACRE / APPLICATION","ABAMECTIN",0.019
"BEARING - APPLICATIONS","LB / ACRE / APPLICATION","ACEQUINOCYL",0.299
"BEARING - APPLICATIONS","LB / ACRE / APPLICATION","ACETAMIPRID",0.129
"BEARING - APPLICATIONS","LB / ACRE / APPLICATION","AZADIRACHTIN",0.03
"BEARING - APPLICATIONS","LB / ACRE / APPLICATION","BEAUVERIA BASSIANA",NA
"BEARING - APPLICATIONS","LB / ACRE / APPLICATION","BIFENAZATE",0.5
"BEARING - APPLICATIONS","LB / ACRE / APPLICATION","BIFENTHRIN",0.116
"BEARING - APPLICATIONS","LB / ACRE / APPLICATION","BT KURSTAK ABTS-1857",NA
"BEARING - APPLICATIONS","LB / ACRE / APPLICATION","BT KURSTAKI ABTS-351",NA
"BEARING - APPLICATIONS","LB / ACRE / APPLICATION","BT KURSTAKI SA-11",NA
"BEARING - APPLICATIONS","LB / ACRE / APPLICATION","CANOLA OIL",NA
"BEARING - APPLICATIONS","LB / ACRE / APPLICATION","CHLORANTRANILIPROLE",0.063
"BEARING - APPLICATIONS","LB / ACRE / APPLICATION","CHROMOBAC SUBTSUGAE PRAA4-1 CELLS AND SPENT MEDIA",NA
"BEARING - APPLICATIONS","LB / ACRE / APPLICATION","CYANTRANILIPROLE",0.117
"BEARING - APPLICATIONS","LB / ACRE / APPLICATION","CYFLUMETOFEN",0.178
"BEARING - APPLICATIONS","LB / ACRE / APPLICATION","ETOXAZOLE",NA
"BEARING - APPLICATIONS","LB / ACRE / APPLICATION","FENBUTATIN-OXIDE",NA
"BEARING - APPLICATIONS","LB / ACRE / APPLICATION","FENPROPATHRIN",0.26
"BEARING - APPLICATIONS","LB / ACRE / APPLICATION","FENPYROXIMATE",NA
"BEARING - APPLICATIONS","LB / ACRE / APPLICATION","FLONICAMID",0.087
"BEARING - APPLICATIONS","LB / ACRE / APPLICATION","FLUPYRADIFURONE",0.182
"BEARING - APPLICATIONS","LB / ACRE / APPLICATION","HEXYTHIAZOX",0.186
"BEARING - APPLICATIONS","LB / ACRE / APPLICATION","IMIDACLOPRID",0.457
"BEARING - APPLICATIONS","LB / ACRE / APPLICATION","LAMBDA-CYHALOTHRIN",NA
"BEARING - APPLICATIONS","LB / ACRE / APPLICATION","MALATHION",1.807
"BEARING - APPLICATIONS","LB / ACRE / APPLICATION","METHOXYFENOZIDE",0.169
"BEARING - APPLICATIONS","LB / ACRE / APPLICATION","NALED",NA
"BEARING - APPLICATIONS","LB / ACRE / APPLICATION","NEEM OIL",NA
"BEARING - APPLICATIONS","LB / ACRE / APPLICATION","NEEM OIL, CLAR. HYD.",NA
"BEARING - APPLICATIONS","LB / ACRE / APPLICATION","NOVALURON",0.077
"BEARING - APPLICATIONS","LB / ACRE / APPLICATION","PIPERONYL BUTOXIDE",NA
"BEARING - APPLICATIONS","LB / ACRE / APPLICATION","PYRETHRINS",NA
"BEARING - APPLICATIONS","LB / ACRE / APPLICATION","PYRIDABEN",NA
"BEARING - APPLICATIONS","LB / ACRE / APPLICATION","SPINETORAM",0.071
"BEARING - APPLICATIONS","LB / ACRE / APPLICATION","SPINOSAD",0.094
"BEARING - APPLICATIONS","LB / ACRE / APPLICATION","THIAMETHOXAM",0.062
"BEARING - APPLICATIONS","LB / ACRE / APPLICATION","ACIBENZOLAR-S-METHYL",NA
"BEARING - APPLICATIONS","LB / ACRE / APPLICATION","CAPSICUM OLEORESIN EXTRACT",NA
"BEARING - APPLICATIONS","LB / ACRE / APPLICATION","CHLOROPICRIN",188.284
"BEARING - APPLICATIONS","LB / ACRE / APPLICATION","DICHLOROPROPENE",111.391
"BEARING - APPLICATIONS","LB / ACRE / APPLICATION","FLUTRIAFOL",0.114
"BEARING - APPLICATIONS","LB / ACRE / APPLICATION","GARLIC OIL",NA
"BEARING - APPLICATIONS","LB / ACRE / APPLICATION","HYDROGEN PEROXIDE",NA
"BEARING - APPLICATIONS","LB / ACRE / APPLICATION","IRON PHOSPHATE",NA
"BEARING - APPLICATIONS","LB / ACRE / APPLICATION","METALDEHYDE",NA
"BEARING - APPLICATIONS","LB / ACRE / APPLICATION","METAM-POTASSIUM",NA
"BEARING - APPLICATIONS","LB / ACRE / APPLICATION","METAM-SODIUM",NA
"BEARING - APPLICATIONS","LB / ACRE / APPLICATION","PEROXYACETIC ACID",NA
"BEARING - APPLICATIONS","LB / ACRE / APPLICATION","PSEUDOMONAS CHLORORAPHIS STRAIN AFS009",NA
"BEARING - APPLICATIONS","LB / ACRE / APPLICATION","REYNOUTRIA SACHALINE",NA
"BEARING - APPLICATIONS","LB / ACRE / YEAR","AZOXYSTROBIN",0.326
"BEARING - APPLICATIONS","LB / ACRE / YEAR","BACILLUS AMYLOLIQUEFACIENS STRAIN D747",NA
"BEARING - APPLICATIONS","LB / ACRE / YEAR","BACILLUS SUBTILIS",NA
"BEARING - APPLICATIONS","LB / ACRE / YEAR","BLAD",NA
"BEARING - APPLICATIONS","LB / ACRE / YEAR","BORAX DECAHYDRATE",0.093
"BEARING - APPLICATIONS","LB / ACRE / YEAR","BOSCALID",0.885
"BEARING - APPLICATIONS","LB / ACRE / YEAR","BT SUBSP KURSTAKI EVB-113-19",NA
"BEARING - APPLICATIONS","LB / ACRE / YEAR","CAPTAN",15.932
"BEARING - APPLICATIONS","LB / ACRE / YEAR","CYFLUFENAMID",NA
"BEARING - APPLICATIONS","LB / ACRE / YEAR","CYPRODINIL",0.872
"BEARING - APPLICATIONS","LB / ACRE / YEAR","DIFENOCONAZOLE",NA
"BEARING - APPLICATIONS","LB / ACRE / YEAR","FENHEXAMID",0.753
"BEARING - APPLICATIONS","LB / ACRE / YEAR","FLUDIOXONIL",0.599
"BEARING - APPLICATIONS","LB / ACRE / YEAR","FLUOPYRAM",0.389
"BEARING - APPLICATIONS","LB / ACRE / YEAR","FLUXAPYROXAD",0.294
"BEARING - APPLICATIONS","LB / ACRE / YEAR","FOSETYL-AL",NA
"BEARING - APPLICATIONS","LB / ACRE / YEAR","ISOFETAMID",NA
"BEARING - APPLICATIONS","LB / ACRE / YEAR","MEFENOXAM",0.727
"BEARING - APPLICATIONS","LB / ACRE / YEAR","MONO-POTASSIUM SALT",NA
"BEARING - APPLICATIONS","LB / ACRE / YEAR","MYCLOBUTANIL",0.546
"BEARING - APPLICATIONS","LB / ACRE / YEAR","PENTHIOPYRAD",0.49
"BEARING - APPLICATIONS","LB / ACRE / YEAR","POLYOXIN D ZINC SALT",0.109
"BEARING - APPLICATIONS","LB / ACRE / YEAR","PROPICONAZOLE",0.174
"BEARING - APPLICATIONS","LB / ACRE / YEAR","PYDIFLUMETOFEN",NA
"BEARING - APPLICATIONS","LB / ACRE / YEAR","PYRACLOSTROBIN",0.355
"BEARING - APPLICATIONS","LB / ACRE / YEAR","PYRIMETHANIL",1.036
"BEARING - APPLICATIONS","LB / ACRE / YEAR","QUINOLINE",0.193
"BEARING - APPLICATIONS","LB / ACRE / YEAR","SULFUR",38.761
"BEARING - APPLICATIONS","LB / ACRE / YEAR","TETRACONAZOLE",0.059
"BEARING - APPLICATIONS","LB / ACRE / YEAR","THIOPHANATE-METHYL",1.667
"BEARING - APPLICATIONS","LB / ACRE / YEAR","THIRAM",8.873
"BEARING - APPLICATIONS","LB / ACRE / YEAR","TRIFLOXYSTROBIN",0.39
"BEARING - APPLICATIONS","LB / ACRE / YEAR","TRIFLUMIZOLE",NA
"BEARING - APPLICATIONS","LB / ACRE / YEAR","CARFENTRAZONE-ETHYL",NA
"BEARING - APPLICATIONS","LB / ACRE / YEAR","FLUMIOXAZIN",0.315
"BEARING - APPLICATIONS","LB / ACRE / YEAR","OXYFLUORFEN",NA
"BEARING - APPLICATIONS","LB / ACRE / YEAR","PENDIMETHALIN",5.892
"BEARING - APPLICATIONS","LB / ACRE / YEAR","ABAMECTIN",0.025
"BEARING - APPLICATIONS","LB / ACRE / YEAR","ACEQUINOCYL",0.65
"BEARING - APPLICATIONS","LB / ACRE / YEAR","ACETAMIPRID",0.181
"BEARING - APPLICATIONS","LB / ACRE / YEAR","AZADIRACHTIN",0.114
"BEARING - APPLICATIONS","LB / ACRE / YEAR","BEAUVERIA BASSIANA",NA
"BEARING - APPLICATIONS","LB / ACRE / YEAR","BIFENAZATE",1.094
"BEARING - APPLICATIONS","LB / ACRE / YEAR","BIFENTHRIN",0.178
"BEARING - APPLICATIONS","LB / ACRE / YEAR","BT KURSTAK ABTS-1857",NA
"BEARING - APPLICATIONS","LB / ACRE / YEAR","BT KURSTAKI ABTS-351",NA
"BEARING - APPLICATIONS","LB / ACRE / YEAR","BT KURSTAKI SA-11",NA
"BEARING - APPLICATIONS","LB / ACRE / YEAR","CANOLA OIL",NA
"BEARING - APPLICATIONS","LB / ACRE / YEAR","CHLORANTRANILIPROLE",0.158
"BEARING - APPLICATIONS","LB / ACRE / YEAR","CHROMOBAC SUBTSUGAE PRAA4-1 CELLS AND SPENT MEDIA",NA
"BEARING - APPLICATIONS","LB / ACRE / YEAR","CYANTRANILIPROLE",0.241
"BEARING - APPLICATIONS","LB / ACRE / YEAR","CYFLUMETOFEN",0.397
"BEARING - APPLICATIONS","LB / ACRE / YEAR","ETOXAZOLE",NA
"BEARING - APPLICATIONS","LB / ACRE / YEAR","FENBUTATIN-OXIDE",NA
"BEARING - APPLICATIONS","LB / ACRE / YEAR","FENPROPATHRIN",0.327
"BEARING - APPLICATIONS","LB / ACRE / YEAR","FENPYROXIMATE",NA
"BEARING - APPLICATIONS","LB / ACRE / YEAR","FLONICAMID",0.197
"BEARING - APPLICATIONS","LB / ACRE / YEAR","FLUPYRADIFURONE",0.317
"BEARING - APPLICATIONS","LB / ACRE / YEAR","HEXYTHIAZOX",0.227
"BEARING - APPLICATIONS","LB / ACRE / YEAR","IMIDACLOPRID",0.496
"BEARING - APPLICATIONS","LB / ACRE / YEAR","LAMBDA-CYHALOTHRIN",NA
"BEARING - APPLICATIONS","LB / ACRE / YEAR","MALATHION",2.398
"BEARING - APPLICATIONS","LB / ACRE / YEAR","METHOXYFENOZIDE",0.276
"BEARING - APPLICATIONS","LB / ACRE / YEAR","NALED",NA
"BEARING - APPLICATIONS","LB / ACRE / YEAR","NEEM OIL",NA
"BEARING - APPLICATIONS","LB / ACRE / YEAR","NEEM OIL, CLAR. HYD.",NA
"BEARING - APPLICATIONS","LB / ACRE / YEAR","NOVALURON",0.232
"BEARING - APPLICATIONS","LB / ACRE / YEAR","PIPERONYL BUTOXIDE",NA
"BEARING - APPLICATIONS","LB / ACRE / YEAR","PYRETHRINS",NA
"BEARING - APPLICATIONS","LB / ACRE / YEAR","PYRIDABEN",NA
"BEARING - APPLICATIONS","LB / ACRE / YEAR","SPINETORAM",0.125
"BEARING - APPLICATIONS","LB / ACRE / YEAR","SPINOSAD",0.173
"BEARING - APPLICATIONS","LB / ACRE / YEAR","THIAMETHOXAM",0.092
"BEARING - APPLICATIONS","LB / ACRE / YEAR","ACIBENZOLAR-S-METHYL",NA
"BEARING - APPLICATIONS","LB / ACRE / YEAR","CAPSICUM OLEORESIN EXTRACT",NA
"BEARING - APPLICATIONS","LB / ACRE / YEAR","CHLOROPICRIN",442.413
"BEARING - APPLICATIONS","LB / ACRE / YEAR","DICHLOROPROPENE",131.091
"BEARING - APPLICATIONS","LB / ACRE / YEAR","FLUTRIAFOL",0.218
"BEARING - APPLICATIONS","LB / ACRE / YEAR","GARLIC OIL",NA
"BEARING - APPLICATIONS","LB / ACRE / YEAR","HYDROGEN PEROXIDE",NA
"BEARING - APPLICATIONS","LB / ACRE / YEAR","IRON PHOSPHATE",NA
"BEARING - APPLICATIONS","LB / ACRE / YEAR","METALDEHYDE",NA
"BEARING - APPLICATIONS","LB / ACRE / YEAR","METAM-POTASSIUM",NA
"BEARING - APPLICATIONS","LB / ACRE / YEAR","METAM-SODIUM",NA
"BEARING - APPLICATIONS","LB / ACRE / YEAR","PEROXYACETIC ACID",NA
"BEARING - APPLICATIONS","LB / ACRE / YEAR","PSEUDOMONAS CHLORORAPHIS STRAIN AFS009",NA
"BEARING - APPLICATIONS","LB / ACRE / YEAR","REYNOUTRIA SACHALINE",NA
"BEARING - APPLICATIONS","NUMBER","AZOXYSTROBIN",1.4
"BEARING - APPLICATIONS","NUMBER","BACILLUS AMYLOLIQUEFACIENS STRAIN D747",NA
"BEARING - APPLICATIONS","NUMBER","BACILLUS SUBTILIS",NA
"BEARING - APPLICATIONS","NUMBER","BLAD",NA
"BEARING - APPLICATIONS","NUMBER","BORAX DECAHYDRATE",2.2
"BEARING - APPLICATIONS","NUMBER","BOSCALID",2.5
"BEARING - APPLICATIONS","NUMBER","BT SUBSP KURSTAKI EVB-113-19",NA
"BEARING - APPLICATIONS","NUMBER","CAPTAN",9.4
"BEARING - APPLICATIONS","NUMBER","CYFLUFENAMID",NA
"BEARING - APPLICATIONS","NUMBER","CYPRODINIL",2.8
"BEARING - APPLICATIONS","NUMBER","DIFENOCONAZOLE",NA
"BEARING - APPLICATIONS","NUMBER","FENHEXAMID",1.1
"BEARING - APPLICATIONS","NUMBER","FLUDIOXONIL",2.8
"BEARING - APPLICATIONS","NUMBER","FLUOPYRAM",3.3
"BEARING - APPLICATIONS","NUMBER","FLUXAPYROXAD",1.8
"BEARING - APPLICATIONS","NUMBER","FOSETYL-AL",NA
"BEARING - APPLICATIONS","NUMBER","ISOFETAMID",NA
"BEARING - APPLICATIONS","NUMBER","MEFENOXAM",1.5
"BEARING - APPLICATIONS","NUMBER","MONO-POTASSIUM SALT",NA
"BEARING - APPLICATIONS","NUMBER","MYCLOBUTANIL",5.2
"BEARING - APPLICATIONS","NUMBER","PENTHIOPYRAD",1.8
"BEARING - APPLICATIONS","NUMBER","POLYOXIN D ZINC SALT",1.8
"BEARING - APPLICATIONS","NUMBER","PROPICONAZOLE",1.6
"BEARING - APPLICATIONS","NUMBER","PYDIFLUMETOFEN",NA
"BEARING - APPLICATIONS","NUMBER","PYRACLOSTROBIN",2.1
"BEARING - APPLICATIONS","NUMBER","PYRIMETHANIL",1.6
"BEARING - APPLICATIONS","NUMBER","QUINOLINE",2
"BEARING - APPLICATIONS","NUMBER","SULFUR",7.1
"BEARING - APPLICATIONS","NUMBER","TETRACONAZOLE",1.6
"BEARING - APPLICATIONS","NUMBER","THIOPHANATE-METHYL",2.4
"BEARING - APPLICATIONS","NUMBER","THIRAM",4
"BEARING - APPLICATIONS","NUMBER","TRIFLOXYSTROBIN",3.3
"BEARING - APPLICATIONS","NUMBER","TRIFLUMIZOLE",NA
"BEARING - APPLICATIONS","NUMBER","CARFENTRAZONE-ETHYL",NA
"BEARING - APPLICATIONS","NUMBER","FLUMIOXAZIN",4.1
"BEARING - APPLICATIONS","NUMBER","OXYFLUORFEN",NA
"BEARING - APPLICATIONS","NUMBER","PENDIMETHALIN",6.4
"BEARING - APPLICATIONS","NUMBER","ABAMECTIN",1.3
"BEARING - APPLICATIONS","NUMBER","ACEQUINOCYL",2.2
"BEARING - APPLICATIONS","NUMBER","ACETAMIPRID",1.4
"BEARING - APPLICATIONS","NUMBER","AZADIRACHTIN",3.8
"BEARING - APPLICATIONS","NUMBER","BEAUVERIA BASSIANA",NA
"BEARING - APPLICATIONS","NUMBER","BIFENAZATE",2.2
"BEARING - APPLICATIONS","NUMBER","BIFENTHRIN",1.5
"BEARING - APPLICATIONS","NUMBER","BT KURSTAK ABTS-1857",NA
"BEARING - APPLICATIONS","NUMBER","BT KURSTAKI ABTS-351",1.5
"BEARING - APPLICATIONS","NUMBER","BT KURSTAKI SA-11",3.1
"BEARING - APPLICATIONS","NUMBER","CANOLA OIL",NA
"BEARING - APPLICATIONS","NUMBER","CHLORANTRANILIPROLE",2.5
"BEARING - APPLICATIONS","NUMBER","CHROMOBAC SUBTSUGAE PRAA4-1 CELLS AND SPENT MEDIA",NA
"BEARING - APPLICATIONS","NUMBER","CYANTRANILIPROLE",2.1
"BEARING - APPLICATIONS","NUMBER","CYFLUMETOFEN",2.2
"BEARING - APPLICATIONS","NUMBER","ETOXAZOLE",NA
"BEARING - APPLICATIONS","NUMBER","FENBUTATIN-OXIDE",NA
"BEARING - APPLICATIONS","NUMBER","FENPROPATHRIN",1.3
"BEARING - APPLICATIONS","NUMBER","FENPYROXIMATE",NA
"BEARING - APPLICATIONS","NUMBER","FLONICAMID",2.3
"BEARING - APPLICATIONS","NUMBER","FLUPYRADIFURONE",1.7
"BEARING - APPLICATIONS","NUMBER","HEXYTHIAZOX",1.2
"BEARING - APPLICATIONS","NUMBER","IMIDACLOPRID",1.1
"BEARING - APPLICATIONS","NUMBER","LAMBDA-CYHALOTHRIN",NA
"BEARING - APPLICATIONS","NUMBER","MALATHION",1.3
"BEARING - APPLICATIONS","NUMBER","METHOXYFENOZIDE",1.6
"BEARING - APPLICATIONS","NUMBER","NALED",NA
"BEARING - APPLICATIONS","NUMBER","NEEM OIL",NA
"BEARING - APPLICATIONS","NUMBER","NEEM OIL, CLAR. HYD.",NA
"BEARING - APPLICATIONS","NUMBER","NOVALURON",3
"BEARING - APPLICATIONS","NUMBER","PIPERONYL BUTOXIDE",NA
"BEARING - APPLICATIONS","NUMBER","PYRETHRINS",NA
"BEARING - APPLICATIONS","NUMBER","PYRIDABEN",NA
"BEARING - APPLICATIONS","NUMBER","SPINETORAM",1.8
"BEARING - APPLICATIONS","NUMBER","SPINOSAD",1.8
"BEARING - APPLICATIONS","NUMBER","THIAMETHOXAM",1.5
"BEARING - APPLICATIONS","NUMBER","ACIBENZOLAR-S-METHYL",NA
"BEARING - APPLICATIONS","NUMBER","CAPSICUM OLEORESIN EXTRACT",NA
"BEARING - APPLICATIONS","NUMBER","CHLOROPICRIN",2.3
"BEARING - APPLICATIONS","NUMBER","DICHLOROPROPENE",1.2
"BEARING - APPLICATIONS","NUMBER","FLUTRIAFOL",1.9
"BEARING - APPLICATIONS","NUMBER","GARLIC OIL",NA
"BEARING - APPLICATIONS","NUMBER","HYDROGEN PEROXIDE",NA
"BEARING - APPLICATIONS","NUMBER","IRON PHOSPHATE",NA
"BEARING - APPLICATIONS","NUMBER","METALDEHYDE",NA
"BEARING - APPLICATIONS","NUMBER","METAM-POTASSIUM",NA
"BEARING - APPLICATIONS","NUMBER","METAM-SODIUM",NA
"BEARING - APPLICATIONS","NUMBER","PEROXYACETIC ACID",NA
"BEARING - APPLICATIONS","NUMBER","PSEUDOMONAS CHLORORAPHIS STRAIN AFS009",NA
"BEARING - APPLICATIONS","NUMBER","REYNOUTRIA SACHALINE",NA
"BEARING - TREATED","PCT OF AREA BEARING","AZOXYSTROBIN",24
"BEARING - TREATED","PCT OF AREA BEARING","BACILLUS AMYLOLIQUEFACIENS STRAIN D747",NA
"BEARING - TREATED","PCT OF AREA BEARING","BACILLUS SUBTILIS",NA
"BEARING - TREATED","PCT OF AREA BEARING","BLAD",NA
"BEARING - TREATED","PCT OF AREA BEARING","BORAX DECAHYDRATE",70
"BEARING - TREATED","PCT OF AREA BEARING","BOSCALID",17
"BEARING - TREATED","PCT OF AREA BEARING","BT SUBSP KURSTAKI EVB-113-19",NA
"BEARING - TREATED","PCT OF AREA BEARING","CAPTAN",88
"BEARING - TREATED","PCT OF AREA BEARING","CYFLUFENAMID",NA
"BEARING - TREATED","PCT OF AREA BEARING","CYPRODINIL",81
"BEARING - TREATED","PCT OF AREA BEARING","DIFENOCONAZOLE",NA
"BEARING - TREATED","PCT OF AREA BEARING","FENHEXAMID",26
"BEARING - TREATED","PCT OF AREA BEARING","FLUDIOXONIL",87
"BEARING - TREATED","PCT OF AREA BEARING","FLUOPYRAM",87
"BEARING - TREATED","PCT OF AREA BEARING","FLUXAPYROXAD",56
"BEARING - TREATED","PCT OF AREA BEARING","FOSETYL-AL",NA
"BEARING - TREATED","PCT OF AREA BEARING","ISOFETAMID",NA
"BEARING - TREATED","PCT OF AREA BEARING","MEFENOXAM",23
"BEARING - TREATED","PCT OF AREA BEARING","MONO-POTASSIUM SALT",NA
"BEARING - TREATED","PCT OF AREA BEARING","MYCLOBUTANIL",46
"BEARING - TREATED","PCT OF AREA BEARING","PENTHIOPYRAD",19
"BEARING - TREATED","PCT OF AREA BEARING","POLYOXIN D ZINC SALT",70
"BEARING - TREATED","PCT OF AREA BEARING","PROPICONAZOLE",31
"BEARING - TREATED","PCT OF AREA BEARING","PYDIFLUMETOFEN",NA
"BEARING - TREATED","PCT OF AREA BEARING","PYRACLOSTROBIN",69
"BEARING - TREATED","PCT OF AREA BEARING","PYRIMETHANIL",19
"BEARING - TREATED","PCT OF AREA BEARING","QUINOLINE",44
"BEARING - TREATED","PCT OF AREA BEARING","SULFUR",75
"BEARING - TREATED","PCT OF AREA BEARING","TETRACONAZOLE",50
"BEARING - TREATED","PCT OF AREA BEARING","THIOPHANATE-METHYL",15
"BEARING - TREATED","PCT OF AREA BEARING","THIRAM",70
"BEARING - TREATED","PCT OF AREA BEARING","TOTAL)",92
"BEARING - TREATED","PCT OF AREA BEARING","TRIFLOXYSTROBIN",87
"BEARING - TREATED","PCT OF AREA BEARING","TRIFLUMIZOLE",NA
"BEARING - TREATED","PCT OF AREA BEARING","CARFENTRAZONE-ETHYL",NA
"BEARING - TREATED","PCT OF AREA BEARING","FLUMIOXAZIN",29
"BEARING - TREATED","PCT OF AREA BEARING","OXYFLUORFEN",NA
"BEARING - TREATED","PCT OF AREA BEARING","PENDIMETHALIN",28
"BEARING - TREATED","PCT OF AREA BEARING","TOTAL)",29
"BEARING - TREATED","PCT OF AREA BEARING","ABAMECTIN",30
"BEARING - TREATED","PCT OF AREA BEARING","ACEQUINOCYL",46
"BEARING - TREATED","PCT OF AREA BEARING","ACETAMIPRID",43
"BEARING - TREATED","PCT OF AREA BEARING","AZADIRACHTIN",57
"BEARING - TREATED","PCT OF AREA BEARING","BEAUVERIA BASSIANA",NA
"BEARING - TREATED","PCT OF AREA BEARING","BIFENAZATE",61
"BEARING - TREATED","PCT OF AREA BEARING","BIFENTHRIN",60
"BEARING - TREATED","PCT OF AREA BEARING","BT KURSTAK ABTS-1857",NA
"BEARING - TREATED","PCT OF AREA BEARING","BT KURSTAKI ABTS-351",7
"BEARING - TREATED","PCT OF AREA BEARING","BT KURSTAKI SA-11",34
"BEARING - TREATED","PCT OF AREA BEARING","CANOLA OIL",NA
"BEARING - TREATED","PCT OF AREA BEARING","CHLORANTRANILIPROLE",29
"BEARING - TREATED","PCT OF AREA BEARING","CHROMOBAC SUBTSUGAE PRAA4-1 CELLS AND SPENT MEDIA",NA
"BEARING - TREATED","PCT OF AREA BEARING","CYANTRANILIPROLE",16
"BEARING - TREATED","PCT OF AREA BEARING","CYFLUMETOFEN",44
"BEARING - TREATED","PCT OF AREA BEARING","ETOXAZOLE",NA
"BEARING - TREATED","PCT OF AREA BEARING","FENBUTATIN-OXIDE",NA
"BEARING - TREATED","PCT OF AREA BEARING","FENPROPATHRIN",47
"BEARING - TREATED","PCT OF AREA BEARING","FENPYROXIMATE",NA
"BEARING - TREATED","PCT OF AREA BEARING","FLONICAMID",73
"BEARING - TREATED","PCT OF AREA BEARING","FLUPYRADIFURONE",37
"BEARING - TREATED","PCT OF AREA BEARING","HEXYTHIAZOX",55
"BEARING - TREATED","PCT OF AREA BEARING","IMIDACLOPRID",15
"BEARING - TREATED","PCT OF AREA BEARING","LAMBDA-CYHALOTHRIN",NA
"BEARING - TREATED","PCT OF AREA BEARING","MALATHION",19
"BEARING - TREATED","PCT OF AREA BEARING","METHOXYFENOZIDE",66
"BEARING - TREATED","PCT OF AREA BEARING","NALED",NA
"BEARING - TREATED","PCT OF AREA BEARING","NEEM OIL",NA
"BEARING - TREATED","PCT OF AREA BEARING","NEEM OIL, CLAR. HYD.",NA
"BEARING - TREATED","PCT OF AREA BEARING","NOVALURON",56
"BEARING - TREATED","PCT OF AREA BEARING","PIPERONYL BUTOXIDE",NA
"BEARING - TREATED","PCT OF AREA BEARING","PYRETHRINS",NA
"BEARING - TREATED","PCT OF AREA BEARING","PYRIDABEN",NA
"BEARING - TREATED","PCT OF AREA BEARING","SPINETORAM",70
"BEARING - TREATED","PCT OF AREA BEARING","SPINOSAD",27
"BEARING - TREATED","PCT OF AREA BEARING","THIAMETHOXAM",33
"BEARING - TREATED","PCT OF AREA BEARING","TOTAL)",93
"BEARING - TREATED","PCT OF AREA BEARING","ACIBENZOLAR-S-METHYL",NA
"BEARING - TREATED","PCT OF AREA BEARING","CAPSICUM OLEORESIN EXTRACT",NA
"BEARING - TREATED","PCT OF AREA BEARING","CHLOROPICRIN",59
"BEARING - TREATED","PCT OF AREA BEARING","DICHLOROPROPENE",29
"BEARING - TREATED","PCT OF AREA BEARING","FLUTRIAFOL",41
"BEARING - TREATED","PCT OF AREA BEARING","GARLIC OIL",NA
"BEARING - TREATED","PCT OF AREA BEARING","HYDROGEN PEROXIDE",NA
"BEARING - TREATED","PCT OF AREA BEARING","IRON PHOSPHATE",NA
"BEARING - TREATED","PCT OF AREA BEARING","METALDEHYDE",NA
"BEARING - TREATED","PCT OF AREA BEARING","METAM-POTASSIUM",NA
"BEARING - TREATED","PCT OF AREA BEARING","METAM-SODIUM",NA
"BEARING - TREATED","PCT OF AREA BEARING","PEROXYACETIC ACID",NA
"BEARING - TREATED","PCT OF AREA BEARING","PSEUDOMONAS CHLORORAPHIS STRAIN AFS009",NA
"BEARING - TREATED","PCT OF AREA BEARING","REYNOUTRIA SACHALINE",NA
"BEARING - TREATED","PCT OF AREA BEARING","TOTAL)",71
NA,"LB","PYRIOFENONE",NA
NA,"LB","ZOXAMIDE",NA
NA,"LB","METSULFURON-METHYL",NA
NA,"LB","PENOXSULAM",NA
NA,"LB","S-METOLACHLOR",NA
NA,"LB","BETA-CYFLUTHRIN",NA
NA,"LB","ETHYL 2E;4Z)-DECADIENOATE",NA
NA,"LB","OXAMYL",NA
NA,"LB","CUPRAMMONIUM ACETATE",NA
NA,"LB","DODECADIEN-1-OL",NA
NA,"LB","FLUENSULFONE",NA
NA,"LB","GIBBERELLIC ACID",NA
NA,"LB / ACRE / APPLICATION","PYRIOFENONE",NA
NA,"LB / ACRE / APPLICATION","ZOXAMIDE",NA
NA,"LB / ACRE / APPLICATION","METSULFURON-METHYL",NA
NA,"LB / ACRE / APPLICATION","PENOXSULAM",NA
NA,"LB / ACRE / APPLICATION","S-METOLACHLOR",NA
NA,"LB / ACRE / APPLICATION","BETA-CYFLUTHRIN",NA
NA,"LB / ACRE / APPLICATION","ETHYL 2E;4Z)-DECADIENOATE",NA
NA,"LB / ACRE / APPLICATION","OXAMYL",NA
NA,"LB / ACRE / APPLICATION","CUPRAMMONIUM ACETATE",NA
NA,"LB / ACRE / APPLICATION","DODECADIEN-1-OL",NA
NA,"LB / ACRE / APPLICATION","FLUENSULFONE",NA
NA,"LB / ACRE / APPLICATION","GIBBERELLIC ACID",NA
NA,"LB / ACRE / YEAR","PYRIOFENONE",NA
NA,"LB / ACRE / YEAR","ZOXAMIDE",NA
NA,"LB / ACRE / YEAR","METSULFURON-METHYL",NA
NA,"LB / ACRE / YEAR","PENOXSULAM",NA
NA,"LB / ACRE / YEAR","S-METOLACHLOR",NA
NA,"LB / ACRE / YEAR","BETA-CYFLUTHRIN",NA
NA,"LB / ACRE / YEAR","ETHYL 2E;4Z)-DECADIENOATE",NA
NA,"LB / ACRE / YEAR","OXAMYL",NA
NA,"LB / ACRE / YEAR","CUPRAMMONIUM ACETATE",NA
NA,"LB / ACRE / YEAR","DODECADIEN-1-OL",NA
NA,"LB / ACRE / YEAR","FLUENSULFONE",NA
NA,"LB / ACRE / YEAR","GIBBERELLIC ACID",NA
NA,"NUMBER","PYRIOFENONE",NA
NA,"NUMBER","ZOXAMIDE",NA
NA,"NUMBER","METSULFURON-METHYL",NA
NA,"NUMBER","PENOXSULAM",NA
NA,"NUMBER","S-METOLACHLOR",NA
NA,"NUMBER","BETA-CYFLUTHRIN",NA
NA,"NUMBER","ETHYL 2E;4Z)-DECADIENOATE",NA
NA,"NUMBER","OXAMYL",NA
NA,"NUMBER","CUPRAMMONIUM ACETATE",NA
NA,"NUMBER","DODECADIEN-1-OL",NA
NA,"NUMBER","FLUENSULFONE",NA
NA,"NUMBER","GIBBERELLIC ACID",NA
NA,"PCT OF AREA BEARING","PYRIOFENONE",NA
NA,"PCT OF AREA BEARING","ZOXAMIDE",NA
NA,"PCT OF AREA BEARING","METSULFURON-METHYL",NA
NA,"PCT OF AREA BEARING","PENOXSULAM",NA
NA,"PCT OF AREA BEARING","S-METOLACHLOR",NA
NA,"PCT OF AREA BEARING","BETA-CYFLUTHRIN",NA
NA,"PCT OF AREA BEARING","ETHYL 2E;4Z)-DECADIENOATE",NA
NA,"PCT OF AREA BEARING","OXAMYL",NA
NA,"PCT OF AREA BEARING","CUPRAMMONIUM ACETATE",NA
NA,"PCT OF AREA BEARING","DODECADIEN-1-OL",NA
NA,"PCT OF AREA BEARING","FLUENSULFONE",NA
NA,"PCT OF AREA BEARING","GIBBERELLIC ACID",NA
"BEARING - APPLICATIONS","LB","AZOXYSTROBIN",100
"BEARING - APPLICATIONS","LB","BACILLUS AMYLOLIQUEFAC F727",NA
"BEARING - APPLICATIONS","LB","BOSCALID",NA
"BEARING - APPLICATIONS","LB","CAPTAN",144000
"BEARING - APPLICATIONS","LB","CHLOROTHALONIL",NA
"BEARING - APPLICATIONS","LB","COPPER CHLORIDE HYD.",NA
"BEARING - APPLICATIONS","LB","COPPER HYDROXIDE",NA
"BEARING - APPLICATIONS","LB","CYMOXANIL",NA
"BEARING - APPLICATIONS","LB","CYPRODINIL",9700
"BEARING - APPLICATIONS","LB","FAMOXADONE",NA
"BEARING - APPLICATIONS","LB","FENHEXAMID",NA
"BEARING - APPLICATIONS","LB","FLUDIOXONIL",6100
"BEARING - APPLICATIONS","LB","FLUOPYRAM",NA
"BEARING - APPLICATIONS","LB","FLUXAPYROXAD",NA
"BEARING - APPLICATIONS","LB","IPRODIONE",NA
"BEARING - APPLICATIONS","LB","MANCOZEB",NA
"BEARING - APPLICATIONS","LB","MEFENOXAM",NA
"BEARING - APPLICATIONS","LB","PENTHIOPYRAD",NA
"BEARING - APPLICATIONS","LB","PROPICONAZOLE",NA
"BEARING - APPLICATIONS","LB","PYRACLOSTROBIN",NA
"BEARING - APPLICATIONS","LB","PYRIMETHANIL",NA
"BEARING - APPLICATIONS","LB","SULFUR",NA
"BEARING - APPLICATIONS","LB","TETRACONAZOLE",NA
"BEARING - APPLICATIONS","LB","THIOPHANATE-METHYL",NA
"BEARING - APPLICATIONS","LB","THIRAM",112100
"BEARING - APPLICATIONS","LB","TOTAL)",302700
"BEARING - APPLICATIONS","LB","2,4-D, DIMETH. SALT",NA
"BEARING - APPLICATIONS","LB","CLETHODIM",NA
"BEARING - APPLICATIONS","LB","FLUMIOXAZIN",NA
"BEARING - APPLICATIONS","LB","GLYPHOSATE ISO. SALT",NA
"BEARING - APPLICATIONS","LB","PARAQUAT",NA
"BEARING - APPLICATIONS","LB","TOTAL)",9900
"BEARING - APPLICATIONS","LB","ABAMECTIN",100
"BEARING - APPLICATIONS","LB","ACETAMIPRID",500
"BEARING - APPLICATIONS","LB","BIFENAZATE",NA
"BEARING - APPLICATIONS","LB","BIFENTHRIN",100
"BEARING - APPLICATIONS","LB","CHLORANTRANILIPROLE",400
"BEARING - APPLICATIONS","LB","CYANTRANILIPROLE",NA
"BEARING - APPLICATIONS","LB","DIAZINON",NA
"BEARING - APPLICATIONS","LB","FENPROPATHRIN",NA
"BEARING - APPLICATIONS","LB","FLUPYRADIFURONE",NA
"BEARING - APPLICATIONS","LB","HEXYTHIAZOX",NA
"BEARING - APPLICATIONS","LB","IMIDACLOPRID",NA
"BEARING - APPLICATIONS","LB","MALATHION",NA
"BEARING - APPLICATIONS","LB","METHOMYL",NA
"BEARING - APPLICATIONS","LB","NOVALURON",1500
"BEARING - APPLICATIONS","LB","SPINETORAM",NA
"BEARING - APPLICATIONS","LB","SPINOSAD",NA
"BEARING - APPLICATIONS","LB","SULFOXAFLOR",NA
"BEARING - APPLICATIONS","LB","THIAMETHOXAM",400
"BEARING - APPLICATIONS","LB","TOTAL)",12300
"BEARING - APPLICATIONS","LB","CYTOKININS",NA
"BEARING - APPLICATIONS","LB","FLUTRIAFOL",NA
"BEARING - APPLICATIONS","LB","INDOLEBUTYRIC ACID",NA
"BEARING - APPLICATIONS","LB","TOTAL)",5100
"BEARING - APPLICATIONS","LB / ACRE / APPLICATION","AZOXYSTROBIN",0.151
"BEARING - APPLICATIONS","LB / ACRE / APPLICATION","BACILLUS AMYLOLIQUEFAC F727",NA
"BEARING - APPLICATIONS","LB / ACRE / APPLICATION","BOSCALID",NA
"BEARING - APPLICATIONS","LB / ACRE / APPLICATION","CAPTAN",2.012
"BEARING - APPLICATIONS","LB / ACRE / APPLICATION","CHLOROTHALONIL",NA
"BEARING - APPLICATIONS","LB / ACRE / APPLICATION","COPPER CHLORIDE HYD.",NA
"BEARING - APPLICATIONS","LB / ACRE / APPLICATION","COPPER HYDROXIDE",NA
"BEARING - APPLICATIONS","LB / ACRE / APPLICATION","CYMOXANIL",NA
"BEARING - APPLICATIONS","LB / ACRE / APPLICATION","CYPRODINIL",0.244
"BEARING - APPLICATIONS","LB / ACRE / APPLICATION","FAMOXADONE",NA
"BEARING - APPLICATIONS","LB / ACRE / APPLICATION","FENHEXAMID",NA
"BEARING - APPLICATIONS","LB / ACRE / APPLICATION","FLUDIOXONIL",0.152
"BEARING - APPLICATIONS","LB / ACRE / APPLICATION","FLUOPYRAM",NA
"BEARING - APPLICATIONS","LB / ACRE / APPLICATION","FLUXAPYROXAD",NA
"BEARING - APPLICATIONS","LB / ACRE / APPLICATION","IPRODIONE",NA
"BEARING - APPLICATIONS","LB / ACRE / APPLICATION","MANCOZEB",NA
"BEARING - APPLICATIONS","LB / ACRE / APPLICATION","MEFENOXAM",NA
"BEARING - APPLICATIONS","LB / ACRE / APPLICATION","PENTHIOPYRAD",NA
"BEARING - APPLICATIONS","LB / ACRE / APPLICATION","PROPICONAZOLE",NA
"BEARING - APPLICATIONS","LB / ACRE / APPLICATION","PYRACLOSTROBIN",NA
"BEARING - APPLICATIONS","LB / ACRE / APPLICATION","PYRIMETHANIL",NA
"BEARING - APPLICATIONS","LB / ACRE / APPLICATION","SULFUR",NA
"BEARING - APPLICATIONS","LB / ACRE / APPLICATION","TETRACONAZOLE",NA
"BEARING - APPLICATIONS","LB / ACRE / APPLICATION","THIOPHANATE-METHYL",NA
"BEARING - APPLICATIONS","LB / ACRE / APPLICATION","THIRAM",2.156
"BEARING - APPLICATIONS","LB / ACRE / APPLICATION","2,4-D, DIMETH. SALT",NA
"BEARING - APPLICATIONS","LB / ACRE / APPLICATION","CLETHODIM",NA
"BEARING - APPLICATIONS","LB / ACRE / APPLICATION","FLUMIOXAZIN",NA
"BEARING - APPLICATIONS","LB / ACRE / APPLICATION","GLYPHOSATE ISO. SALT",NA
"BEARING - APPLICATIONS","LB / ACRE / APPLICATION","PARAQUAT",NA
"BEARING - APPLICATIONS","LB / ACRE / APPLICATION","ABAMECTIN",0.031
"BEARING - APPLICATIONS","LB / ACRE / APPLICATION","ACETAMIPRID",0.144
"BEARING - APPLICATIONS","LB / ACRE / APPLICATION","BIFENAZATE",NA
"BEARING - APPLICATIONS","LB / ACRE / APPLICATION","BIFENTHRIN",0.117
"BEARING - APPLICATIONS","LB / ACRE / APPLICATION","CHLORANTRANILIPROLE",0.054
"BEARING - APPLICATIONS","LB / ACRE / APPLICATION","CYANTRANILIPROLE",NA
"BEARING - APPLICATIONS","LB / ACRE / APPLICATION","DIAZINON",NA
"BEARING - APPLICATIONS","LB / ACRE / APPLICATION","FENPROPATHRIN",NA
"BEARING - APPLICATIONS","LB / ACRE / APPLICATION","FLUPYRADIFURONE",NA
"BEARING - APPLICATIONS","LB / ACRE / APPLICATION","HEXYTHIAZOX",NA
"BEARING - APPLICATIONS","LB / ACRE / APPLICATION","IMIDACLOPRID",NA
"BEARING - APPLICATIONS","LB / ACRE / APPLICATION","MALATHION",NA
"BEARING - APPLICATIONS","LB / ACRE / APPLICATION","METHOMYL",NA
"BEARING - APPLICATIONS","LB / ACRE / APPLICATION","SPINETORAM",NA
"BEARING - APPLICATIONS","LB / ACRE / APPLICATION","SPINOSAD",NA
"BEARING - APPLICATIONS","LB / ACRE / APPLICATION","SULFOXAFLOR",NA
"BEARING - APPLICATIONS","LB / ACRE / APPLICATION","THIAMETHOXAM",0.058
"BEARING - APPLICATIONS","LB / ACRE / APPLICATION","CYTOKININS",NA
"BEARING - APPLICATIONS","LB / ACRE / APPLICATION","FLUTRIAFOL",NA
"BEARING - APPLICATIONS","LB / ACRE / APPLICATION","INDOLEBUTYRIC ACID",NA
"BEARING - APPLICATIONS","LB / ACRE / YEAR","AZOXYSTROBIN",0.214
"BEARING - APPLICATIONS","LB / ACRE / YEAR","BACILLUS AMYLOLIQUEFAC F727",NA
"BEARING - APPLICATIONS","LB / ACRE / YEAR","BOSCALID",NA
"BEARING - APPLICATIONS","LB / ACRE / YEAR","CAPTAN",10.509
"BEARING - APPLICATIONS","LB / ACRE / YEAR","CHLOROTHALONIL",NA
"BEARING - APPLICATIONS","LB / ACRE / YEAR","COPPER CHLORIDE HYD.",NA
"BEARING - APPLICATIONS","LB / ACRE / YEAR","COPPER HYDROXIDE",NA
"BEARING - APPLICATIONS","LB / ACRE / YEAR","CYMOXANIL",NA
"BEARING - APPLICATIONS","LB / ACRE / YEAR","CYPRODINIL",0.756
"BEARING - APPLICATIONS","LB / ACRE / YEAR","FAMOXADONE",NA
"BEARING - APPLICATIONS","LB / ACRE / YEAR","FENHEXAMID",NA
"BEARING - APPLICATIONS","LB / ACRE / YEAR","FLUDIOXONIL",0.47
"BEARING - APPLICATIONS","LB / ACRE / YEAR","FLUOPYRAM",NA
"BEARING - APPLICATIONS","LB / ACRE / YEAR","FLUXAPYROXAD",NA
"BEARING - APPLICATIONS","LB / ACRE / YEAR","IPRODIONE",NA
"BEARING - APPLICATIONS","LB / ACRE / YEAR","MANCOZEB",NA
"BEARING - APPLICATIONS","LB / ACRE / YEAR","MEFENOXAM",NA
"BEARING - APPLICATIONS","LB / ACRE / YEAR","PENTHIOPYRAD",NA
"BEARING - APPLICATIONS","LB / ACRE / YEAR","PROPICONAZOLE",NA
"BEARING - APPLICATIONS","LB / ACRE / YEAR","PYRACLOSTROBIN",NA
"BEARING - APPLICATIONS","LB / ACRE / YEAR","PYRIMETHANIL",NA
"BEARING - APPLICATIONS","LB / ACRE / YEAR","SULFUR",NA
"BEARING - APPLICATIONS","LB / ACRE / YEAR","TETRACONAZOLE",NA
"BEARING - APPLICATIONS","LB / ACRE / YEAR","THIOPHANATE-METHYL",NA
"BEARING - APPLICATIONS","LB / ACRE / YEAR","THIRAM",12.456
"BEARING - APPLICATIONS","LB / ACRE / YEAR","2,4-D, DIMETH. SALT",NA
"BEARING - APPLICATIONS","LB / ACRE / YEAR","CLETHODIM",NA
"BEARING - APPLICATIONS","LB / ACRE / YEAR","FLUMIOXAZIN",NA
"BEARING - APPLICATIONS","LB / ACRE / YEAR","GLYPHOSATE ISO. SALT",NA
"BEARING - APPLICATIONS","LB / ACRE / YEAR","PARAQUAT",NA
"BEARING - APPLICATIONS","LB / ACRE / YEAR","ABAMECTIN",0.033
"BEARING - APPLICATIONS","LB / ACRE / YEAR","ACETAMIPRID",0.179
"BEARING - APPLICATIONS","LB / ACRE / YEAR","BIFENAZATE",NA
"BEARING - APPLICATIONS","LB / ACRE / YEAR","BIFENTHRIN",0.136
"BEARING - APPLICATIONS","LB / ACRE / YEAR","CHLORANTRANILIPROLE",0.06
"BEARING - APPLICATIONS","LB / ACRE / YEAR","CYANTRANILIPROLE",NA
"BEARING - APPLICATIONS","LB / ACRE / YEAR","DIAZINON",NA
"BEARING - APPLICATIONS","LB / ACRE / YEAR","FENPROPATHRIN",NA
"BEARING - APPLICATIONS","LB / ACRE / YEAR","FLUPYRADIFURONE",NA
"BEARING - APPLICATIONS","LB / ACRE / YEAR","HEXYTHIAZOX",NA
"BEARING - APPLICATIONS","LB / ACRE / YEAR","IMIDACLOPRID",NA
"BEARING - APPLICATIONS","LB / ACRE / YEAR","MALATHION",NA
"BEARING - APPLICATIONS","LB / ACRE / YEAR","METHOMYL",NA
"BEARING - APPLICATIONS","LB / ACRE / YEAR","NOVALURON",0.18
"BEARING - APPLICATIONS","LB / ACRE / YEAR","SPINETORAM",NA
"BEARING - APPLICATIONS","LB / ACRE / YEAR","SPINOSAD",NA
"BEARING - APPLICATIONS","LB / ACRE / YEAR","SULFOXAFLOR",NA
"BEARING - APPLICATIONS","LB / ACRE / YEAR","THIAMETHOXAM",0.064
"BEARING - APPLICATIONS","LB / ACRE / YEAR","CYTOKININS",NA
"BEARING - APPLICATIONS","LB / ACRE / YEAR","FLUTRIAFOL",NA
"BEARING - APPLICATIONS","LB / ACRE / YEAR","INDOLEBUTYRIC ACID",NA
"BEARING - APPLICATIONS","NUMBER","BACILLUS AMYLOLIQUEFAC F727",NA
"BEARING - APPLICATIONS","NUMBER","BOSCALID",NA
"BEARING - APPLICATIONS","NUMBER","CAPTAN",5.2
"BEARING - APPLICATIONS","NUMBER","CHLOROTHALONIL",NA
"BEARING - APPLICATIONS","NUMBER","COPPER CHLORIDE HYD.",NA
"BEARING - APPLICATIONS","NUMBER","COPPER HYDROXIDE",NA
"BEARING - APPLICATIONS","NUMBER","CYMOXANIL",NA
"BEARING - APPLICATIONS","NUMBER","CYPRODINIL",3.1
"BEARING - APPLICATIONS","NUMBER","FAMOXADONE",NA
"BEARING - APPLICATIONS","NUMBER","FENHEXAMID",NA
"BEARING - APPLICATIONS","NUMBER","FLUDIOXONIL",3.1
"BEARING - APPLICATIONS","NUMBER","FLUOPYRAM",NA
"BEARING - APPLICATIONS","NUMBER","FLUXAPYROXAD",NA
"BEARING - APPLICATIONS","NUMBER","IPRODIONE",NA
"BEARING - APPLICATIONS","NUMBER","MANCOZEB",NA
"BEARING - APPLICATIONS","NUMBER","MEFENOXAM",NA
"BEARING - APPLICATIONS","NUMBER","PENTHIOPYRAD",NA
"BEARING - APPLICATIONS","NUMBER","PROPICONAZOLE",NA
"BEARING - APPLICATIONS","NUMBER","PYRACLOSTROBIN",NA
"BEARING - APPLICATIONS","NUMBER","PYRIMETHANIL",NA
"BEARING - APPLICATIONS","NUMBER","SULFUR",NA
"BEARING - APPLICATIONS","NUMBER","TETRACONAZOLE",NA
"BEARING - APPLICATIONS","NUMBER","THIOPHANATE-METHYL",NA
"BEARING - APPLICATIONS","NUMBER","THIRAM",5.8
"BEARING - APPLICATIONS","NUMBER","2,4-D, DIMETH. SALT",NA
"BEARING - APPLICATIONS","NUMBER","CLETHODIM",NA
"BEARING - APPLICATIONS","NUMBER","FLUMIOXAZIN",NA
"BEARING - APPLICATIONS","NUMBER","GLYPHOSATE ISO. SALT",NA
"BEARING - APPLICATIONS","NUMBER","PARAQUAT",NA
"BEARING - APPLICATIONS","NUMBER","ABAMECTIN",1.1
"BEARING - APPLICATIONS","NUMBER","ACETAMIPRID",1.2
"BEARING - APPLICATIONS","NUMBER","BIFENAZATE",NA
"BEARING - APPLICATIONS","NUMBER","BIFENTHRIN",1.2
"BEARING - APPLICATIONS","NUMBER","BT KURSTAKI ABTS-351",NA
"BEARING - APPLICATIONS","NUMBER","CHLORANTRANILIPROLE",1.1
"BEARING - APPLICATIONS","NUMBER","CYANTRANILIPROLE",NA
"BEARING - APPLICATIONS","NUMBER","DIAZINON",NA
"BEARING - APPLICATIONS","NUMBER","FENPROPATHRIN",NA
"BEARING - APPLICATIONS","NUMBER","FLUPYRADIFURONE",NA
"BEARING - APPLICATIONS","NUMBER","HEXYTHIAZOX",NA
"BEARING - APPLICATIONS","NUMBER","IMIDACLOPRID",NA
"BEARING - APPLICATIONS","NUMBER","MALATHION",NA
"BEARING - APPLICATIONS","NUMBER","METHOMYL",NA
"BEARING - APPLICATIONS","NUMBER","NOVALURON",2.3
"BEARING - APPLICATIONS","NUMBER","SPINETORAM",NA
"BEARING - APPLICATIONS","NUMBER","SPINOSAD",NA
"BEARING - APPLICATIONS","NUMBER","SULFOXAFLOR",NA
"BEARING - APPLICATIONS","NUMBER","THIAMETHOXAM",1.1
"BEARING - APPLICATIONS","NUMBER","CYTOKININS",NA
"BEARING - APPLICATIONS","NUMBER","FLUTRIAFOL",NA
"BEARING - APPLICATIONS","NUMBER","INDOLEBUTYRIC ACID",NA
"BEARING - TREATED","PCT OF AREA BEARING","AZOXYSTROBIN",3
"BEARING - TREATED","PCT OF AREA BEARING","BACILLUS AMYLOLIQUEFAC F727",NA
"BEARING - TREATED","PCT OF AREA BEARING","BOSCALID",NA
"BEARING - TREATED","PCT OF AREA BEARING","CAPTAN",96
"BEARING - TREATED","PCT OF AREA BEARING","CHLOROTHALONIL",NA
"BEARING - TREATED","PCT OF AREA BEARING","COPPER CHLORIDE HYD.",NA
"BEARING - TREATED","PCT OF AREA BEARING","COPPER HYDROXIDE",NA
"BEARING - TREATED","PCT OF AREA BEARING","CYMOXANIL",NA
"BEARING - TREATED","PCT OF AREA BEARING","CYPRODINIL",91
"BEARING - TREATED","PCT OF AREA BEARING","FAMOXADONE",NA
"BEARING - TREATED","PCT OF AREA BEARING","FENHEXAMID",NA
"BEARING - TREATED","PCT OF AREA BEARING","FLUDIOXONIL",91
"BEARING - TREATED","PCT OF AREA BEARING","FLUOPYRAM",NA
"BEARING - TREATED","PCT OF AREA BEARING","FLUXAPYROXAD",NA
"BEARING - TREATED","PCT OF AREA BEARING","IPRODIONE",NA
"BEARING - TREATED","PCT OF AREA BEARING","MANCOZEB",NA
"BEARING - TREATED","PCT OF AREA BEARING","MEFENOXAM",NA
"BEARING - TREATED","PCT OF AREA BEARING","PENTHIOPYRAD",NA
"BEARING - TREATED","PCT OF AREA BEARING","PROPICONAZOLE",NA
"BEARING - TREATED","PCT OF AREA BEARING","PYRACLOSTROBIN",NA
"BEARING - TREATED","PCT OF AREA BEARING","PYRIMETHANIL",NA
"BEARING - TREATED","PCT OF AREA BEARING","SULFUR",NA
"BEARING - TREATED","PCT OF AREA BEARING","TETRACONAZOLE",NA
"BEARING - TREATED","PCT OF AREA BEARING","THIOPHANATE-METHYL",NA
"BEARING - TREATED","PCT OF AREA BEARING","THIRAM",63
"BEARING - TREATED","PCT OF AREA BEARING","TOTAL)",100
"BEARING - TREATED","PCT OF AREA BEARING","2,4-D, DIMETH. SALT",NA
"BEARING - TREATED","PCT OF AREA BEARING","CLETHODIM",NA
"BEARING - TREATED","PCT OF AREA BEARING","FLUMIOXAZIN",NA
"BEARING - TREATED","PCT OF AREA BEARING","GLYPHOSATE ISO. SALT",NA
"BEARING - TREATED","PCT OF AREA BEARING","PARAQUAT",NA
"BEARING - TREATED","PCT OF AREA BEARING","TOTAL)",26
"BEARING - TREATED","PCT OF AREA BEARING","ABAMECTIN",14
"BEARING - TREATED","PCT OF AREA BEARING","ACETAMIPRID",20
"BEARING - TREATED","PCT OF AREA BEARING","BIFENAZATE",NA
"BEARING - TREATED","PCT OF AREA BEARING","BIFENTHRIN",6
"BEARING - TREATED","PCT OF AREA BEARING","BT KURSTAKI ABTS-351",NA
"BEARING - TREATED","PCT OF AREA BEARING","CHLORANTRANILIPROLE",42
"BEARING - TREATED","PCT OF AREA BEARING","CYANTRANILIPROLE",NA
"BEARING - TREATED","PCT OF AREA BEARING","DIAZINON",NA
"BEARING - TREATED","PCT OF AREA BEARING","FENPROPATHRIN",NA
"BEARING - TREATED","PCT OF AREA BEARING","FLUPYRADIFURONE",NA
"BEARING - TREATED","PCT OF AREA BEARING","HEXYTHIAZOX",NA
"BEARING - TREATED","PCT OF AREA BEARING","IMIDACLOPRID",NA
"BEARING - TREATED","PCT OF AREA BEARING","MALATHION",NA
"BEARING - TREATED","PCT OF AREA BEARING","METHOMYL",NA
"BEARING - TREATED","PCT OF AREA BEARING","NOVALURON",59
"BEARING - TREATED","PCT OF AREA BEARING","SPINETORAM",NA
"BEARING - TREATED","PCT OF AREA BEARING","SPINOSAD",NA
"BEARING - TREATED","PCT OF AREA BEARING","SULFOXAFLOR",NA
"BEARING - TREATED","PCT OF AREA BEARING","THIAMETHOXAM",42
"BEARING - TREATED","PCT OF AREA BEARING","TOTAL)",65
"BEARING - TREATED","PCT OF AREA BEARING","CYTOKININS",NA
"BEARING - TREATED","PCT OF AREA BEARING","FLUTRIAFOL",NA
"BEARING - TREATED","PCT OF AREA BEARING","INDOLEBUTYRIC ACID",NA
"BEARING - TREATED","PCT OF AREA BEARING","TOTAL)",22
"BEARING - APPLICATIONS","LB","AZOXYSTROBIN",1900
"BEARING - APPLICATIONS","LB","BACILLUS AMYLOLIQUEFACIENS MBI 600",NA
"BEARING - APPLICATIONS","LB","BACILLUS PUMILUS",NA
"BEARING - APPLICATIONS","LB","BORAX DECAHYDRATE",100
"BEARING - APPLICATIONS","LB","BOSCALID",2100
"BEARING - APPLICATIONS","LB","CAPTAN",253600
"BEARING - APPLICATIONS","LB","COPPER OCTANOATE",NA
"BEARING - APPLICATIONS","LB","CYFLUFENAMID",500
"BEARING - APPLICATIONS","LB","CYPRODINIL",11300
"BEARING - APPLICATIONS","LB","FENHEXAMID",16700
"BEARING - APPLICATIONS","LB","FLUDIOXONIL",7500
"BEARING - APPLICATIONS","LB","FLUOPYRAM",3800
"BEARING - APPLICATIONS","LB","FLUXAPYROXAD",1800
"BEARING - APPLICATIONS","LB","MEFENOXAM",2400
"BEARING - APPLICATIONS","LB","MYCLOBUTANIL",4100
"BEARING - APPLICATIONS","LB","PENTHIOPYRAD",3400
"BEARING - APPLICATIONS","LB","POLYOXIN D ZINC SALT",2300
"BEARING - APPLICATIONS","LB","POTASSIUM BICARBON.",10600
"BEARING - APPLICATIONS","LB","PROPICONAZOLE",1200
"BEARING - APPLICATIONS","LB","PYRACLOSTROBIN",3100
"BEARING - APPLICATIONS","LB","PYRIMETHANIL",10800
"BEARING - APPLICATIONS","LB","QUINOLINE",2000
"BEARING - APPLICATIONS","LB","STREPTOMYCES LYDICUS",NA
"BEARING - APPLICATIONS","LB","SULFUR",591200
"BEARING - APPLICATIONS","LB","TETRACONAZOLE",800
"BEARING - APPLICATIONS","LB","THIOPHANATE-METHYL",9400
"BEARING - APPLICATIONS","LB","THIRAM",96300
"BEARING - APPLICATIONS","LB","TOTAL)",1056400
"BEARING - APPLICATIONS","LB","TRIFLOXYSTROBIN",3900
"BEARING - APPLICATIONS","LB","TRIFLUMIZOLE",6300
"BEARING - APPLICATIONS","LB","FLUMIOXAZIN",500
"BEARING - APPLICATIONS","LB","GLYPHOSATE POT. SALT",NA
"BEARING - APPLICATIONS","LB","NAPROPAMIDE",NA
"BEARING - APPLICATIONS","LB","OXYFLUORFEN",1700
"BEARING - APPLICATIONS","LB","PENDIMETHALIN",10800
"BEARING - APPLICATIONS","LB","TOTAL)",16900
"BEARING - APPLICATIONS","LB","ABAMECTIN",200
"BEARING - APPLICATIONS","LB","ACEQUINOCYL",7400
"BEARING - APPLICATIONS","LB","ACETAMIPRID",2300
"BEARING - APPLICATIONS","LB","AZADIRACHTIN",600
"BEARING - APPLICATIONS","LB","BIFENAZATE",16700
"BEARING - APPLICATIONS","LB","BIFENTHRIN",3400
"BEARING - APPLICATIONS","LB","BT KURSTAKI EG7841",NA
"BEARING - APPLICATIONS","LB","BT SUB AIZAWAI GC-91",NA
"BEARING - APPLICATIONS","LB","BUPROFEZIN",NA
"BEARING - APPLICATIONS","LB","BURKHOLDERIA A396 CELLS & MEDIA",NA
"BEARING - APPLICATIONS","LB","CHLORANTRANILIPROLE",1800
"BEARING - APPLICATIONS","LB","CYANTRANILIPROLE",1100
"BEARING - APPLICATIONS","LB","CYFLUMETOFEN",5500
"BEARING - APPLICATIONS","LB","FENPROPATHRIN",2500
"BEARING - APPLICATIONS","LB","FENPYROXIMATE",200
"BEARING - APPLICATIONS","LB","FLONICAMID",3600
"BEARING - APPLICATIONS","LB","FLUPYRADIFURONE",3600
"BEARING - APPLICATIONS","LB","HELICOVERPA ZEA NPV",NA
"BEARING - APPLICATIONS","LB","HEXYTHIAZOX",2600
"BEARING - APPLICATIONS","LB","IMIDACLOPRID",2500
"BEARING - APPLICATIONS","LB","MALATHION",29100
"BEARING - APPLICATIONS","LB","METHOXYFENOZIDE",2600
"BEARING - APPLICATIONS","LB","NALED",2900
"BEARING - APPLICATIONS","LB","NEEM OIL",3100
"BEARING - APPLICATIONS","LB","NEEM OIL, CLAR. HYD.",5800
"BEARING - APPLICATIONS","LB","NOVALURON",3300
"BEARING - APPLICATIONS","LB","PETROLEUM DISTILLATE",NA
"BEARING - APPLICATIONS","LB","POTASSIUM SALTS",NA
"BEARING - APPLICATIONS","LB","PYRETHRINS",100
"BEARING - APPLICATIONS","LB","PYRIPROXYFEN",NA
"BEARING - APPLICATIONS","LB","SPINETORAM",2200
"BEARING - APPLICATIONS","LB","SPINOSAD",1800
"BEARING - APPLICATIONS","LB","SPIROMESIFEN",700
"BEARING - APPLICATIONS","LB","THIAMETHOXAM",600
"BEARING - APPLICATIONS","LB","TOTAL)",116700
"BEARING - APPLICATIONS","LB","CAPRIC ACID",NA
"BEARING - APPLICATIONS","LB","CAPRYLIC ACID",NA
"BEARING - APPLICATIONS","LB","CHLOROPICRIN",5692600
"BEARING - APPLICATIONS","LB","DICHLOROPROPENE",848600
"BEARING - APPLICATIONS","LB","FLUTRIAFOL",2600
"BEARING - APPLICATIONS","LB","HYDROGEN PEROXIDE",9400
"BEARING - APPLICATIONS","LB","METAM-POTASSIUM",1040400
"BEARING - APPLICATIONS","LB","MINERAL OIL",NA
"BEARING - APPLICATIONS","LB","PAECILOMYCES FUMOSOR",NA
"BEARING - APPLICATIONS","LB","PEROXYACETIC ACID",2000
"BEARING - APPLICATIONS","LB","POTASSIUM SILICATE",NA
"BEARING - APPLICATIONS","LB","REYNOUTRIA SACHALINE",3000
"BEARING - APPLICATIONS","LB","TOTAL)",7602900
"BEARING - APPLICATIONS","LB / ACRE / APPLICATION","AZOXYSTROBIN",0.237
"BEARING - APPLICATIONS","LB / ACRE / APPLICATION","BACILLUS AMYLOLIQUEFACIENS MBI 600",NA
"BEARING - APPLICATIONS","LB / ACRE / APPLICATION","BACILLUS PUMILUS",NA
"BEARING - APPLICATIONS","LB / ACRE / APPLICATION","BORAX DECAHYDRATE",0.017
"BEARING - APPLICATIONS","LB / ACRE / APPLICATION","BOSCALID",0.372
"BEARING - APPLICATIONS","LB / ACRE / APPLICATION","CAPTAN",1.662
"BEARING - APPLICATIONS","LB / ACRE / APPLICATION","COPPER OCTANOATE",NA
"BEARING - APPLICATIONS","LB / ACRE / APPLICATION","CYFLUFENAMID",0.023
"BEARING - APPLICATIONS","LB / ACRE / APPLICATION","CYPRODINIL",0.333
"BEARING - APPLICATIONS","LB / ACRE / APPLICATION","FENHEXAMID",0.627
"BEARING - APPLICATIONS","LB / ACRE / APPLICATION","FLUDIOXONIL",0.222
"BEARING - APPLICATIONS","LB / ACRE / APPLICATION","FLUOPYRAM",0.125
"BEARING - APPLICATIONS","LB / ACRE / APPLICATION","FLUXAPYROXAD",0.174
"BEARING - APPLICATIONS","LB / ACRE / APPLICATION","MEFENOXAM",0.483
"BEARING - APPLICATIONS","LB / ACRE / APPLICATION","PENTHIOPYRAD",0.279
"BEARING - APPLICATIONS","LB / ACRE / APPLICATION","POLYOXIN D ZINC SALT",0.098
"BEARING - APPLICATIONS","LB / ACRE / APPLICATION","POTASSIUM BICARBON.",2.152
"BEARING - APPLICATIONS","LB / ACRE / APPLICATION","PROPICONAZOLE",0.113
"BEARING - APPLICATIONS","LB / ACRE / APPLICATION","PYRACLOSTROBIN",0.179
"BEARING - APPLICATIONS","LB / ACRE / APPLICATION","PYRIMETHANIL",0.711
"BEARING - APPLICATIONS","LB / ACRE / APPLICATION","QUINOLINE",0.098
"BEARING - APPLICATIONS","LB / ACRE / APPLICATION","STREPTOMYCES LYDICUS",NA
"BEARING - APPLICATIONS","LB / ACRE / APPLICATION","SULFUR",3.779
"BEARING - APPLICATIONS","LB / ACRE / APPLICATION","TETRACONAZOLE",0.038
"BEARING - APPLICATIONS","LB / ACRE / APPLICATION","THIOPHANATE-METHYL",0.707
"BEARING - APPLICATIONS","LB / ACRE / APPLICATION","THIRAM",2.144
"BEARING - APPLICATIONS","LB / ACRE / APPLICATION","TRIFLOXYSTROBIN",0.124
"BEARING - APPLICATIONS","LB / ACRE / APPLICATION","TRIFLUMIZOLE",0.251
"BEARING - APPLICATIONS","LB / ACRE / APPLICATION","FLUMIOXAZIN",0.084
"BEARING - APPLICATIONS","LB / ACRE / APPLICATION","GLYPHOSATE POT. SALT",NA
"BEARING - APPLICATIONS","LB / ACRE / APPLICATION","NAPROPAMIDE",NA
"BEARING - APPLICATIONS","LB / ACRE / APPLICATION","OXYFLUORFEN",0.301
"BEARING - APPLICATIONS","LB / ACRE / APPLICATION","PENDIMETHALIN",1.327
"BEARING - APPLICATIONS","LB / ACRE / APPLICATION","ABAMECTIN",0.018
"BEARING - APPLICATIONS","LB / ACRE / APPLICATION","ACEQUINOCYL",0.305
"BEARING - APPLICATIONS","LB / ACRE / APPLICATION","ACETAMIPRID",0.138
"BEARING - APPLICATIONS","LB / ACRE / APPLICATION","AZADIRACHTIN",0.029
"BEARING - APPLICATIONS","LB / ACRE / APPLICATION","BIFENAZATE",0.505
"BEARING - APPLICATIONS","LB / ACRE / APPLICATION","BIFENTHRIN",0.123
"BEARING - APPLICATIONS","LB / ACRE / APPLICATION","BT KURSTAKI EG7841",NA
"BEARING - APPLICATIONS","LB / ACRE / APPLICATION","BT SUB AIZAWAI GC-91",NA
"BEARING - APPLICATIONS","LB / ACRE / APPLICATION","BUPROFEZIN",NA
"BEARING - APPLICATIONS","LB / ACRE / APPLICATION","BURKHOLDERIA A396 CELLS & MEDIA",NA
"BEARING - APPLICATIONS","LB / ACRE / APPLICATION","CHLORANTRANILIPROLE",0.066
"BEARING - APPLICATIONS","LB / ACRE / APPLICATION","CYANTRANILIPROLE",0.109
"BEARING - APPLICATIONS","LB / ACRE / APPLICATION","FENPROPATHRIN",0.233
"BEARING - APPLICATIONS","LB / ACRE / APPLICATION","FENPYROXIMATE",0.106
"BEARING - APPLICATIONS","LB / ACRE / APPLICATION","FLONICAMID",0.088
"BEARING - APPLICATIONS","LB / ACRE / APPLICATION","FLUPYRADIFURONE",0.18
"BEARING - APPLICATIONS","LB / ACRE / APPLICATION","HELICOVERPA ZEA NPV",NA
"BEARING - APPLICATIONS","LB / ACRE / APPLICATION","HEXYTHIAZOX",0.218
"BEARING - APPLICATIONS","LB / ACRE / APPLICATION","IMIDACLOPRID",0.513
"BEARING - APPLICATIONS","LB / ACRE / APPLICATION","MALATHION",2.027
"BEARING - APPLICATIONS","LB / ACRE / APPLICATION","NALED",0.907
"BEARING - APPLICATIONS","LB / ACRE / APPLICATION","NEEM OIL",0.779
"BEARING - APPLICATIONS","LB / ACRE / APPLICATION","NEEM OIL, CLAR. HYD.",2.222
"BEARING - APPLICATIONS","LB / ACRE / APPLICATION","PETROLEUM DISTILLATE",NA
"BEARING - APPLICATIONS","LB / ACRE / APPLICATION","POTASSIUM SALTS",NA
"BEARING - APPLICATIONS","LB / ACRE / APPLICATION","PYRETHRINS",0.041
"BEARING - APPLICATIONS","LB / ACRE / APPLICATION","PYRIPROXYFEN",NA
"BEARING - APPLICATIONS","LB / ACRE / APPLICATION","SPINETORAM",0.076
"BEARING - APPLICATIONS","LB / ACRE / APPLICATION","SPINOSAD",0.095
"BEARING - APPLICATIONS","LB / ACRE / APPLICATION","SPIROMESIFEN",0.252
"BEARING - APPLICATIONS","LB / ACRE / APPLICATION","THIAMETHOXAM",0.065
"BEARING - APPLICATIONS","LB / ACRE / APPLICATION","CAPRIC ACID",NA
"BEARING - APPLICATIONS","LB / ACRE / APPLICATION","CAPRYLIC ACID",NA
"BEARING - APPLICATIONS","LB / ACRE / APPLICATION","CHLOROPICRIN",196.615
"BEARING - APPLICATIONS","LB / ACRE / APPLICATION","DICHLOROPROPENE",70.726
"BEARING - APPLICATIONS","LB / ACRE / APPLICATION","FLUTRIAFOL",0.113
"BEARING - APPLICATIONS","LB / ACRE / APPLICATION","HYDROGEN PEROXIDE",2.372
"BEARING - APPLICATIONS","LB / ACRE / APPLICATION","METAM-POTASSIUM",240.829
"BEARING - APPLICATIONS","LB / ACRE / APPLICATION","MINERAL OIL",NA
"BEARING - APPLICATIONS","LB / ACRE / APPLICATION","PAECILOMYCES FUMOSOR",NA
"BEARING - APPLICATIONS","LB / ACRE / APPLICATION","PEROXYACETIC ACID",0.491
"BEARING - APPLICATIONS","LB / ACRE / APPLICATION","POTASSIUM SILICATE",NA
"BEARING - APPLICATIONS","LB / ACRE / APPLICATION","REYNOUTRIA SACHALINE",0.199
"BEARING - APPLICATIONS","LB / ACRE / YEAR","AZOXYSTROBIN",0.26
"BEARING - APPLICATIONS","LB / ACRE / YEAR","BACILLUS AMYLOLIQUEFACIENS MBI 600",NA
"BEARING - APPLICATIONS","LB / ACRE / YEAR","BACILLUS PUMILUS",NA
"BEARING - APPLICATIONS","LB / ACRE / YEAR","BORAX DECAHYDRATE",0.021
"BEARING - APPLICATIONS","LB / ACRE / YEAR","BOSCALID",0.506
"BEARING - APPLICATIONS","LB / ACRE / YEAR","CAPTAN",14.256
"BEARING - APPLICATIONS","LB / ACRE / YEAR","COPPER OCTANOATE",NA
"BEARING - APPLICATIONS","LB / ACRE / YEAR","CYFLUFENAMID",0.031
"BEARING - APPLICATIONS","LB / ACRE / YEAR","CYPRODINIL",0.591
"BEARING - APPLICATIONS","LB / ACRE / YEAR","FENHEXAMID",0.974
"BEARING - APPLICATIONS","LB / ACRE / YEAR","FLUDIOXONIL",0.394
"BEARING - APPLICATIONS","LB / ACRE / YEAR","FLUOPYRAM",0.254
"BEARING - APPLICATIONS","LB / ACRE / YEAR","FLUXAPYROXAD",0.202
"BEARING - APPLICATIONS","LB / ACRE / YEAR","MEFENOXAM",0.566
"BEARING - APPLICATIONS","LB / ACRE / YEAR","MYCLOBUTANIL",0.237
"BEARING - APPLICATIONS","LB / ACRE / YEAR","PENTHIOPYRAD",0.35
"BEARING - APPLICATIONS","LB / ACRE / YEAR","POLYOXIN D ZINC SALT",0.183
"BEARING - APPLICATIONS","LB / ACRE / YEAR","POTASSIUM BICARBON.",10.775
"BEARING - APPLICATIONS","LB / ACRE / YEAR","PROPICONAZOLE",0.14
"BEARING - APPLICATIONS","LB / ACRE / YEAR","PYRACLOSTROBIN",0.23
"BEARING - APPLICATIONS","LB / ACRE / YEAR","PYRIMETHANIL",0.989
"BEARING - APPLICATIONS","LB / ACRE / YEAR","QUINOLINE",0.139
"BEARING - APPLICATIONS","LB / ACRE / YEAR","STREPTOMYCES LYDICUS",NA
"BEARING - APPLICATIONS","LB / ACRE / YEAR","SULFUR",17.216
"BEARING - APPLICATIONS","LB / ACRE / YEAR","TETRACONAZOLE",0.056
"BEARING - APPLICATIONS","LB / ACRE / YEAR","THIOPHANATE-METHYL",0.815
"BEARING - APPLICATIONS","LB / ACRE / YEAR","THIRAM",5.029
"BEARING - APPLICATIONS","LB / ACRE / YEAR","TRIFLOXYSTROBIN",0.249
"BEARING - APPLICATIONS","LB / ACRE / YEAR","TRIFLUMIZOLE",0.461
"BEARING - APPLICATIONS","LB / ACRE / YEAR","FLUMIOXAZIN",0.099
"BEARING - APPLICATIONS","LB / ACRE / YEAR","GLYPHOSATE POT. SALT",NA
"BEARING - APPLICATIONS","LB / ACRE / YEAR","NAPROPAMIDE",NA
"BEARING - APPLICATIONS","LB / ACRE / YEAR","OXYFLUORFEN",0.388
"BEARING - APPLICATIONS","LB / ACRE / YEAR","PENDIMETHALIN",1.357
"BEARING - APPLICATIONS","LB / ACRE / YEAR","ACEQUINOCYL",0.453
"BEARING - APPLICATIONS","LB / ACRE / YEAR","ACETAMIPRID",0.184
"BEARING - APPLICATIONS","LB / ACRE / YEAR","AZADIRACHTIN",0.048
"BEARING - APPLICATIONS","LB / ACRE / YEAR","BIFENAZATE",0.872
"BEARING - APPLICATIONS","LB / ACRE / YEAR","BIFENTHRIN",0.191
"BEARING - APPLICATIONS","LB / ACRE / YEAR","BT KURSTAKI EG7841",NA
"BEARING - APPLICATIONS","LB / ACRE / YEAR","BT SUB AIZAWAI GC-91",NA
"BEARING - APPLICATIONS","LB / ACRE / YEAR","BUPROFEZIN",NA
"BEARING - APPLICATIONS","LB / ACRE / YEAR","BURKHOLDERIA A396 CELLS & MEDIA",NA
"BEARING - APPLICATIONS","LB / ACRE / YEAR","CHLORANTRANILIPROLE",0.107
"BEARING - APPLICATIONS","LB / ACRE / YEAR","CYANTRANILIPROLE",0.145
"BEARING - APPLICATIONS","LB / ACRE / YEAR","CYFLUMETOFEN",0.283
"BEARING - APPLICATIONS","LB / ACRE / YEAR","FENPROPATHRIN",0.251
"BEARING - APPLICATIONS","LB / ACRE / YEAR","FENPYROXIMATE",0.121
"BEARING - APPLICATIONS","LB / ACRE / YEAR","FLONICAMID",0.16
"BEARING - APPLICATIONS","LB / ACRE / YEAR","FLUPYRADIFURONE",0.245
"BEARING - APPLICATIONS","LB / ACRE / YEAR","HELICOVERPA ZEA NPV",NA
"BEARING - APPLICATIONS","LB / ACRE / YEAR","HEXYTHIAZOX",0.253
"BEARING - APPLICATIONS","LB / ACRE / YEAR","IMIDACLOPRID",0.602
"BEARING - APPLICATIONS","LB / ACRE / YEAR","MALATHION",2.443
"BEARING - APPLICATIONS","LB / ACRE / YEAR","METHOXYFENOZIDE",0.219
"BEARING - APPLICATIONS","LB / ACRE / YEAR","NALED",1.076
"BEARING - APPLICATIONS","LB / ACRE / YEAR","NEEM OIL",1.159
"BEARING - APPLICATIONS","LB / ACRE / YEAR","NEEM OIL, CLAR. HYD.",2.57
"BEARING - APPLICATIONS","LB / ACRE / YEAR","NOVALURON",0.168
"BEARING - APPLICATIONS","LB / ACRE / YEAR","PETROLEUM DISTILLATE",NA
"BEARING - APPLICATIONS","LB / ACRE / YEAR","POTASSIUM SALTS",NA
"BEARING - APPLICATIONS","LB / ACRE / YEAR","PYRETHRINS",0.067
"BEARING - APPLICATIONS","LB / ACRE / YEAR","PYRIPROXYFEN",NA
"BEARING - APPLICATIONS","LB / ACRE / YEAR","SPINETORAM",0.117
"BEARING - APPLICATIONS","LB / ACRE / YEAR","SPINOSAD",0.126
"BEARING - APPLICATIONS","LB / ACRE / YEAR","SPIROMESIFEN",0.274
"BEARING - APPLICATIONS","LB / ACRE / YEAR","THIAMETHOXAM",0.088
"BEARING - APPLICATIONS","LB / ACRE / YEAR","CAPRIC ACID",NA
"BEARING - APPLICATIONS","LB / ACRE / YEAR","CAPRYLIC ACID",NA
"BEARING - APPLICATIONS","LB / ACRE / YEAR","CHLOROPICRIN",221.399
"BEARING - APPLICATIONS","LB / ACRE / YEAR","DICHLOROPROPENE",77.467
"BEARING - APPLICATIONS","LB / ACRE / YEAR","FLUTRIAFOL",0.186
"BEARING - APPLICATIONS","LB / ACRE / YEAR","HYDROGEN PEROXIDE",4.631
"BEARING - APPLICATIONS","LB / ACRE / YEAR","METAM-POTASSIUM",281.989
"BEARING - APPLICATIONS","LB / ACRE / YEAR","MINERAL OIL",NA
"BEARING - APPLICATIONS","LB / ACRE / YEAR","PAECILOMYCES FUMOSOR",NA
"BEARING - APPLICATIONS","LB / ACRE / YEAR","PEROXYACETIC ACID",0.958
"BEARING - APPLICATIONS","LB / ACRE / YEAR","POTASSIUM SILICATE",NA
"BEARING - APPLICATIONS","LB / ACRE / YEAR","REYNOUTRIA SACHALINE",0.266
"BEARING - APPLICATIONS","NUMBER","AZOXYSTROBIN",1.1
"BEARING - APPLICATIONS","NUMBER","BACILLUS AMYLOLIQUEFACIENS MBI 600",NA
"BEARING - APPLICATIONS","NUMBER","BACILLUS AMYLOLIQUEFACIENS STRAIN D747",1.6
"BEARING - APPLICATIONS","NUMBER","BACILLUS PUMILUS",NA
"BEARING - APPLICATIONS","NUMBER","BACILLUS SUBTILIS",1.3
"BEARING - APPLICATIONS","NUMBER","BORAX DECAHYDRATE",1.3
"BEARING - APPLICATIONS","NUMBER","BOSCALID",1.4
"BEARING - APPLICATIONS","NUMBER","CAPTAN",8.6
"BEARING - APPLICATIONS","NUMBER","COPPER OCTANOATE",NA
"BEARING - APPLICATIONS","NUMBER","CYFLUFENAMID",1.3
"BEARING - APPLICATIONS","NUMBER","CYPRODINIL",1.8
"BEARING - APPLICATIONS","NUMBER","FENHEXAMID",1.6
"BEARING - APPLICATIONS","NUMBER","FLUDIOXONIL",1.8
"BEARING - APPLICATIONS","NUMBER","FLUOPYRAM",2
"BEARING - APPLICATIONS","NUMBER","FLUXAPYROXAD",1.2
"BEARING - APPLICATIONS","NUMBER","MEFENOXAM",1.2
"BEARING - APPLICATIONS","NUMBER","MYCLOBUTANIL",2.3
"BEARING - APPLICATIONS","NUMBER","PENTHIOPYRAD",1.3
"BEARING - APPLICATIONS","NUMBER","POLYOXIN D ZINC SALT",1.9
"BEARING - APPLICATIONS","NUMBER","POTASSIUM BICARBON.",5
"BEARING - APPLICATIONS","NUMBER","PROPICONAZOLE",1.2
"BEARING - APPLICATIONS","NUMBER","PYRACLOSTROBIN",1.3
"BEARING - APPLICATIONS","NUMBER","PYRIMETHANIL",1.4
"BEARING - APPLICATIONS","NUMBER","QUINOLINE",1.4
"BEARING - APPLICATIONS","NUMBER","STREPTOMYCES LYDICUS",NA
"BEARING - APPLICATIONS","NUMBER","SULFUR",4.6
"BEARING - APPLICATIONS","NUMBER","TETRACONAZOLE",1.5
"BEARING - APPLICATIONS","NUMBER","THIOPHANATE-METHYL",1.2
"BEARING - APPLICATIONS","NUMBER","THIRAM",2.3
"BEARING - APPLICATIONS","NUMBER","TRIFLOXYSTROBIN",2
"BEARING - APPLICATIONS","NUMBER","TRIFLUMIZOLE",1.8
"BEARING - APPLICATIONS","NUMBER","FLUMIOXAZIN",1.2
"BEARING - APPLICATIONS","NUMBER","GLYPHOSATE POT. SALT",NA
"BEARING - APPLICATIONS","NUMBER","NAPROPAMIDE",NA
"BEARING - APPLICATIONS","NUMBER","OXYFLUORFEN",1.3
"BEARING - APPLICATIONS","NUMBER","PENDIMETHALIN",1
"BEARING - APPLICATIONS","NUMBER","ABAMECTIN",1.4
"BEARING - APPLICATIONS","NUMBER","ACEQUINOCYL",1.5
"BEARING - APPLICATIONS","NUMBER","ACETAMIPRID",1.3
"BEARING - APPLICATIONS","NUMBER","AZADIRACHTIN",1.6
"BEARING - APPLICATIONS","NUMBER","BIFENAZATE",1.7
"BEARING - APPLICATIONS","NUMBER","BIFENTHRIN",1.6
"BEARING - APPLICATIONS","NUMBER","BT KURSTAK ABTS-1857",1.5
"BEARING - APPLICATIONS","NUMBER","BT KURSTAKI ABTS-351",2
"BEARING - APPLICATIONS","NUMBER","BT KURSTAKI EG7841",NA
"BEARING - APPLICATIONS","NUMBER","BT KURSTAKI SA-11",1.7
"BEARING - APPLICATIONS","NUMBER","BT SUB AIZAWAI GC-91",NA
"BEARING - APPLICATIONS","NUMBER","BUPROFEZIN",NA
"BEARING - APPLICATIONS","NUMBER","BURKHOLDERIA A396 CELLS & MEDIA",NA
"BEARING - APPLICATIONS","NUMBER","CHLORANTRANILIPROLE",1.6
"BEARING - APPLICATIONS","NUMBER","CHROMOBAC SUBTSUGAE PRAA4-1 CELLS AND SPENT MEDIA",1.9
"BEARING - APPLICATIONS","NUMBER","CYANTRANILIPROLE",1.3
"BEARING - APPLICATIONS","NUMBER","CYFLUMETOFEN",1.6
"BEARING - APPLICATIONS","NUMBER","FENPROPATHRIN",1.1
"BEARING - APPLICATIONS","NUMBER","FENPYROXIMATE",1.1
"BEARING - APPLICATIONS","NUMBER","FLONICAMID",1.8
"BEARING - APPLICATIONS","NUMBER","FLUPYRADIFURONE",1.4
"BEARING - APPLICATIONS","NUMBER","HELICOVERPA ZEA NPV",NA
"BEARING - APPLICATIONS","NUMBER","IMIDACLOPRID",1.2
"BEARING - APPLICATIONS","NUMBER","MALATHION",1.2
"BEARING - APPLICATIONS","NUMBER","METHOXYFENOZIDE",1.3
"BEARING - APPLICATIONS","NUMBER","NALED",1.2
"BEARING - APPLICATIONS","NUMBER","NEEM OIL",1.5
"BEARING - APPLICATIONS","NUMBER","NEEM OIL, CLAR. HYD.",1.2
"BEARING - APPLICATIONS","NUMBER","NOVALURON",2.2
"BEARING - APPLICATIONS","NUMBER","PETROLEUM DISTILLATE",NA
"BEARING - APPLICATIONS","NUMBER","POTASSIUM SALTS",NA
"BEARING - APPLICATIONS","NUMBER","PYRETHRINS",1.6
"BEARING - APPLICATIONS","NUMBER","PYRIPROXYFEN",NA
"BEARING - APPLICATIONS","NUMBER","SPINETORAM",1.5
"BEARING - APPLICATIONS","NUMBER","SPINOSAD",1.3
"BEARING - APPLICATIONS","NUMBER","SPIROMESIFEN",1.1
"BEARING - APPLICATIONS","NUMBER","THIAMETHOXAM",1.4
"BEARING - APPLICATIONS","NUMBER","CAPRIC ACID",NA
"BEARING - APPLICATIONS","NUMBER","CAPRYLIC ACID",NA
"BEARING - APPLICATIONS","NUMBER","CHLOROPICRIN",1.1
"BEARING - APPLICATIONS","NUMBER","DICHLOROPROPENE",1.1
"BEARING - APPLICATIONS","NUMBER","FLUTRIAFOL",1.6
"BEARING - APPLICATIONS","NUMBER","HYDROGEN PEROXIDE",2
"BEARING - APPLICATIONS","NUMBER","METAM-POTASSIUM",1.2
"BEARING - APPLICATIONS","NUMBER","MINERAL OIL",NA
"BEARING - APPLICATIONS","NUMBER","PAECILOMYCES FUMOSOR",NA
"BEARING - APPLICATIONS","NUMBER","PEROXYACETIC ACID",2
"BEARING - APPLICATIONS","NUMBER","POTASSIUM SILICATE",NA
"BEARING - APPLICATIONS","NUMBER","REYNOUTRIA SACHALINE",1.3
"BEARING - TREATED","PCT OF AREA BEARING","AZOXYSTROBIN",18
"BEARING - TREATED","PCT OF AREA BEARING","BACILLUS AMYLOLIQUEFACIENS MBI 600",NA
"BEARING - TREATED","PCT OF AREA BEARING","BACILLUS AMYLOLIQUEFACIENS STRAIN D747",48
"BEARING - TREATED","PCT OF AREA BEARING","BACILLUS PUMILUS",NA
"BEARING - TREATED","PCT OF AREA BEARING","BACILLUS SUBTILIS",11
"BEARING - TREATED","PCT OF AREA BEARING","BORAX DECAHYDRATE",7
"BEARING - TREATED","PCT OF AREA BEARING","BOSCALID",10
"BEARING - TREATED","PCT OF AREA BEARING","CAPTAN",45
"BEARING - TREATED","PCT OF AREA BEARING","COPPER OCTANOATE",NA
"BEARING - TREATED","PCT OF AREA BEARING","CYFLUFENAMID",41
"BEARING - TREATED","PCT OF AREA BEARING","CYPRODINIL",49
"BEARING - TREATED","PCT OF AREA BEARING","FENHEXAMID",44
"BEARING - TREATED","PCT OF AREA BEARING","FLUDIOXONIL",49
"BEARING - TREATED","PCT OF AREA BEARING","FLUOPYRAM",39
"BEARING - TREATED","PCT OF AREA BEARING","FLUXAPYROXAD",23
"BEARING - TREATED","PCT OF AREA BEARING","MEFENOXAM",11
"BEARING - TREATED","PCT OF AREA BEARING","MYCLOBUTANIL",44
"BEARING - TREATED","PCT OF AREA BEARING","PENTHIOPYRAD",25
"BEARING - TREATED","PCT OF AREA BEARING","POLYOXIN D ZINC SALT",32
"BEARING - TREATED","PCT OF AREA BEARING","POTASSIUM BICARBON.",3
"BEARING - TREATED","PCT OF AREA BEARING","PROPICONAZOLE",21
"BEARING - TREATED","PCT OF AREA BEARING","PYRACLOSTROBIN",35
"BEARING - TREATED","PCT OF AREA BEARING","PYRIMETHANIL",28
"BEARING - TREATED","PCT OF AREA BEARING","QUINOLINE",37
"BEARING - TREATED","PCT OF AREA BEARING","STREPTOMYCES LYDICUS",NA
"BEARING - TREATED","PCT OF AREA BEARING","SULFUR",88
"BEARING - TREATED","PCT OF AREA BEARING","TETRACONAZOLE",38
"BEARING - TREATED","PCT OF AREA BEARING","THIOPHANATE-METHYL",29
"BEARING - TREATED","PCT OF AREA BEARING","THIRAM",49
"BEARING - TREATED","PCT OF AREA BEARING","TOTAL)",99
"BEARING - TREATED","PCT OF AREA BEARING","TRIFLOXYSTROBIN",40
"BEARING - TREATED","PCT OF AREA BEARING","TRIFLUMIZOLE",35
"BEARING - TREATED","PCT OF AREA BEARING","FLUMIOXAZIN",12
"BEARING - TREATED","PCT OF AREA BEARING","GLYPHOSATE POT. SALT",NA
"BEARING - TREATED","PCT OF AREA BEARING","NAPROPAMIDE",NA
"BEARING - TREATED","PCT OF AREA BEARING","OXYFLUORFEN",11
"BEARING - TREATED","PCT OF AREA BEARING","PENDIMETHALIN",20
"BEARING - TREATED","PCT OF AREA BEARING","TOTAL)",27
"BEARING - TREATED","PCT OF AREA BEARING","ABAMECTIN",20
"BEARING - TREATED","PCT OF AREA BEARING","ACEQUINOCYL",42
"BEARING - TREATED","PCT OF AREA BEARING","ACETAMIPRID",32
"BEARING - TREATED","PCT OF AREA BEARING","AZADIRACHTIN",30
"BEARING - TREATED","PCT OF AREA BEARING","BIFENAZATE",49
"BEARING - TREATED","PCT OF AREA BEARING","BIFENTHRIN",45
"BEARING - TREATED","PCT OF AREA BEARING","BT KURSTAK ABTS-1857",61
"BEARING - TREATED","PCT OF AREA BEARING","BT KURSTAKI ABTS-351",5
"BEARING - TREATED","PCT OF AREA BEARING","BT KURSTAKI EG7841",NA
"BEARING - TREATED","PCT OF AREA BEARING","BT KURSTAKI SA-11",17
"BEARING - TREATED","PCT OF AREA BEARING","BT SUB AIZAWAI GC-91",NA
"BEARING - TREATED","PCT OF AREA BEARING","BUPROFEZIN",NA
"BEARING - TREATED","PCT OF AREA BEARING","BURKHOLDERIA A396 CELLS & MEDIA",NA
"BEARING - TREATED","PCT OF AREA BEARING","CHLORANTRANILIPROLE",43
"BEARING - TREATED","PCT OF AREA BEARING","CHROMOBAC SUBTSUGAE PRAA4-1 CELLS AND SPENT MEDIA",7
"BEARING - TREATED","PCT OF AREA BEARING","CYANTRANILIPROLE",19
"BEARING - TREATED","PCT OF AREA BEARING","CYFLUMETOFEN",49
"BEARING - TREATED","PCT OF AREA BEARING","FENPROPATHRIN",25
"BEARING - TREATED","PCT OF AREA BEARING","FENPYROXIMATE",4
"BEARING - TREATED","PCT OF AREA BEARING","FLONICAMID",57
"BEARING - TREATED","PCT OF AREA BEARING","FLUPYRADIFURONE",38
"BEARING - TREATED","PCT OF AREA BEARING","HELICOVERPA ZEA NPV",NA
"BEARING - TREATED","PCT OF AREA BEARING","HEXYTHIAZOX",26
"BEARING - TREATED","PCT OF AREA BEARING","IMIDACLOPRID",10
"BEARING - TREATED","PCT OF AREA BEARING","MALATHION",30
"BEARING - TREATED","PCT OF AREA BEARING","METHOXYFENOZIDE",30
"BEARING - TREATED","PCT OF AREA BEARING","NALED",7
"BEARING - TREATED","PCT OF AREA BEARING","NEEM OIL",7
"BEARING - TREATED","PCT OF AREA BEARING","NEEM OIL, CLAR. HYD.",6
"BEARING - TREATED","PCT OF AREA BEARING","NOVALURON",49
"BEARING - TREATED","PCT OF AREA BEARING","PETROLEUM DISTILLATE",NA
"BEARING - TREATED","PCT OF AREA BEARING","POTASSIUM SALTS",NA
"BEARING - TREATED","PCT OF AREA BEARING","PYRETHRINS",3
"BEARING - TREATED","PCT OF AREA BEARING","PYRIPROXYFEN",NA
"BEARING - TREATED","PCT OF AREA BEARING","SPINETORAM",48
"BEARING - TREATED","PCT OF AREA BEARING","SPINOSAD",36
"BEARING - TREATED","PCT OF AREA BEARING","SPIROMESIFEN",7
"BEARING - TREATED","PCT OF AREA BEARING","THIAMETHOXAM",17
"BEARING - TREATED","PCT OF AREA BEARING","CAPRIC ACID",NA
"BEARING - TREATED","PCT OF AREA BEARING","CAPRYLIC ACID",NA
"BEARING - TREATED","PCT OF AREA BEARING","CHLOROPICRIN",66
"BEARING - TREATED","PCT OF AREA BEARING","DICHLOROPROPENE",28
"BEARING - TREATED","PCT OF AREA BEARING","FLUTRIAFOL",36
"BEARING - TREATED","PCT OF AREA BEARING","HYDROGEN PEROXIDE",5
"BEARING - TREATED","PCT OF AREA BEARING","METAM-POTASSIUM",9
"BEARING - TREATED","PCT OF AREA BEARING","MINERAL OIL",NA
"BEARING - TREATED","PCT OF AREA BEARING","PAECILOMYCES FUMOSOR",NA
"BEARING - TREATED","PCT OF AREA BEARING","PEROXYACETIC ACID",5
"BEARING - TREATED","PCT OF AREA BEARING","POTASSIUM SILICATE",NA
"BEARING - TREATED","PCT OF AREA BEARING","REYNOUTRIA SACHALINE",29
"BEARING - TREATED","PCT OF AREA BEARING","TOTAL)",86
"BEARING - APPLICATIONS","LB","AZOXYSTROBIN",NA
"BEARING - APPLICATIONS","LB","BORAX DECAHYDRATE",NA
"BEARING - APPLICATIONS","LB","CAPTAN",135100
"BEARING - APPLICATIONS","LB","CYPRODINIL",5500
"BEARING - APPLICATIONS","LB","FLUDIOXONIL",4500
"BEARING - APPLICATIONS","LB","THIRAM",142400
"BEARING - APPLICATIONS","LB","TOTAL)",303200
"BEARING - APPLICATIONS","LB","COPPER ETHANOLAMINE",NA
"BEARING - APPLICATIONS","LB","DIMETHENAMID",NA
"BEARING - APPLICATIONS","LB","FLUROXYPYR 1-MHE",NA
"BEARING - APPLICATIONS","LB","HALOSULFURON-METHYL",NA
"BEARING - APPLICATIONS","LB","KANTOR",NA
"BEARING - APPLICATIONS","LB","TOTAL)",2600
"BEARING - APPLICATIONS","LB","ABAMECTIN",NA
"BEARING - APPLICATIONS","LB","ACETAMIPRID",NA
"BEARING - APPLICATIONS","LB","BIFENTHRIN",NA
"BEARING - APPLICATIONS","LB","CARBARYL",NA
"BEARING - APPLICATIONS","LB","CHLORANTRANILIPROLE",NA
"BEARING - APPLICATIONS","LB","CYFLUMETOFEN",NA
"BEARING - APPLICATIONS","LB","FENAZAQUIN",NA
"BEARING - APPLICATIONS","LB","METHOXYFENOZIDE",NA
"BEARING - APPLICATIONS","LB","NOVALURON",1100
"BEARING - APPLICATIONS","LB","SPINETORAM",700
"BEARING - APPLICATIONS","LB","SPIROMESIFEN",NA
"BEARING - APPLICATIONS","LB","THIAMETHOXAM",NA
"BEARING - APPLICATIONS","LB","TOTAL)",6200
"BEARING - APPLICATIONS","LB","ETHEPHON",NA
"BEARING - APPLICATIONS","LB","TOTAL)",8600
"BEARING - APPLICATIONS","LB / ACRE / APPLICATION","AZOXYSTROBIN",NA
"BEARING - APPLICATIONS","LB / ACRE / APPLICATION","BORAX DECAHYDRATE",NA
"BEARING - APPLICATIONS","LB / ACRE / APPLICATION","CAPTAN",2.025
"BEARING - APPLICATIONS","LB / ACRE / APPLICATION","CYPRODINIL",0.294
"BEARING - APPLICATIONS","LB / ACRE / APPLICATION","FLUDIOXONIL",0.189
"BEARING - APPLICATIONS","LB / ACRE / APPLICATION","THIRAM",2.38
"BEARING - APPLICATIONS","LB / ACRE / APPLICATION","COPPER ETHANOLAMINE",NA
"BEARING - APPLICATIONS","LB / ACRE / APPLICATION","DIMETHENAMID",NA
"BEARING - APPLICATIONS","LB / ACRE / APPLICATION","FLUROXYPYR 1-MHE",NA
"BEARING - APPLICATIONS","LB / ACRE / APPLICATION","HALOSULFURON-METHYL",NA
"BEARING - APPLICATIONS","LB / ACRE / APPLICATION","KANTOR",NA
"BEARING - APPLICATIONS","LB / ACRE / APPLICATION","ABAMECTIN",0.017
"BEARING - APPLICATIONS","LB / ACRE / APPLICATION","ACETAMIPRID",NA
"BEARING - APPLICATIONS","LB / ACRE / APPLICATION","BIFENTHRIN",NA
"BEARING - APPLICATIONS","LB / ACRE / APPLICATION","CARBARYL",NA
"BEARING - APPLICATIONS","LB / ACRE / APPLICATION","CHLORANTRANILIPROLE",NA
"BEARING - APPLICATIONS","LB / ACRE / APPLICATION","CYFLUMETOFEN",NA
"BEARING - APPLICATIONS","LB / ACRE / APPLICATION","FENAZAQUIN",NA
"BEARING - APPLICATIONS","LB / ACRE / APPLICATION","METHOXYFENOZIDE",NA
"BEARING - APPLICATIONS","LB / ACRE / APPLICATION","NOVALURON",0.072
"BEARING - APPLICATIONS","LB / ACRE / APPLICATION","SPINETORAM",0.069
"BEARING - APPLICATIONS","LB / ACRE / APPLICATION","SPIROMESIFEN",NA
"BEARING - APPLICATIONS","LB / ACRE / APPLICATION","THIAMETHOXAM",NA
"BEARING - APPLICATIONS","LB / ACRE / APPLICATION","ETHEPHON",NA
"BEARING - APPLICATIONS","LB / ACRE / YEAR","AZOXYSTROBIN",NA
"BEARING - APPLICATIONS","LB / ACRE / YEAR","BORAX DECAHYDRATE",NA
"BEARING - APPLICATIONS","LB / ACRE / YEAR","CAPTAN",21.339
"BEARING - APPLICATIONS","LB / ACRE / YEAR","CYPRODINIL",0.816
"BEARING - APPLICATIONS","LB / ACRE / YEAR","FLUDIOXONIL",0.652
"BEARING - APPLICATIONS","LB / ACRE / YEAR","THIRAM",22.509
"BEARING - APPLICATIONS","LB / ACRE / YEAR","COPPER ETHANOLAMINE",NA
"BEARING - APPLICATIONS","LB / ACRE / YEAR","DIMETHENAMID",NA
"BEARING - APPLICATIONS","LB / ACRE / YEAR","FLUROXYPYR 1-MHE",NA
"BEARING - APPLICATIONS","LB / ACRE / YEAR","HALOSULFURON-METHYL",NA
"BEARING - APPLICATIONS","LB / ACRE / YEAR","KANTOR",NA
"BEARING - APPLICATIONS","LB / ACRE / YEAR","ABAMECTIN",0.037
"BEARING - APPLICATIONS","LB / ACRE / YEAR","ACETAMIPRID",NA
"BEARING - APPLICATIONS","LB / ACRE / YEAR","BIFENTHRIN",NA
"BEARING - APPLICATIONS","LB / ACRE / YEAR","CARBARYL",NA
"BEARING - APPLICATIONS","LB / ACRE / YEAR","CHLORANTRANILIPROLE",NA
"BEARING - APPLICATIONS","LB / ACRE / YEAR","CYFLUMETOFEN",NA
"BEARING - APPLICATIONS","LB / ACRE / YEAR","FENAZAQUIN",NA
"BEARING - APPLICATIONS","LB / ACRE / YEAR","METHOXYFENOZIDE",NA
"BEARING - APPLICATIONS","LB / ACRE / YEAR","NOVALURON",0.187
"BEARING - APPLICATIONS","LB / ACRE / YEAR","SPINETORAM",0.124
"BEARING - APPLICATIONS","LB / ACRE / YEAR","SPIROMESIFEN",NA
"BEARING - APPLICATIONS","LB / ACRE / YEAR","THIAMETHOXAM",NA
"BEARING - APPLICATIONS","LB / ACRE / YEAR","ETHEPHON",NA
"BEARING - APPLICATIONS","NUMBER","AZOXYSTROBIN",NA
"BEARING - APPLICATIONS","NUMBER","BORAX DECAHYDRATE",NA
"BEARING - APPLICATIONS","NUMBER","CAPTAN",10.5
"BEARING - APPLICATIONS","NUMBER","FLUDIOXONIL",3.4
"BEARING - APPLICATIONS","NUMBER","THIRAM",9.5
"BEARING - APPLICATIONS","NUMBER","COPPER ETHANOLAMINE",NA
"BEARING - APPLICATIONS","NUMBER","DIMETHENAMID",NA
"BEARING - APPLICATIONS","NUMBER","FLUROXYPYR 1-MHE",NA
"BEARING - APPLICATIONS","NUMBER","HALOSULFURON-METHYL",NA
"BEARING - APPLICATIONS","NUMBER","KANTOR",NA
"BEARING - APPLICATIONS","NUMBER","ABAMECTIN",2.1
"BEARING - APPLICATIONS","NUMBER","ACETAMIPRID",NA
"BEARING - APPLICATIONS","NUMBER","BIFENTHRIN",NA
"BEARING - APPLICATIONS","NUMBER","CARBARYL",NA
"BEARING - APPLICATIONS","NUMBER","CHLORANTRANILIPROLE",NA
"BEARING - APPLICATIONS","NUMBER","CYFLUMETOFEN",NA
"BEARING - APPLICATIONS","NUMBER","FENAZAQUIN",NA
"BEARING - APPLICATIONS","NUMBER","METHOXYFENOZIDE",NA
"BEARING - APPLICATIONS","NUMBER","NOVALURON",2.6
"BEARING - APPLICATIONS","NUMBER","SPIROMESIFEN",NA
"BEARING - APPLICATIONS","NUMBER","THIAMETHOXAM",NA
"BEARING - APPLICATIONS","NUMBER","ETHEPHON",NA
"BEARING - TREATED","PCT OF AREA BEARING","AZOXYSTROBIN",NA
"BEARING - TREATED","PCT OF AREA BEARING","BORAX DECAHYDRATE",NA
"BEARING - TREATED","PCT OF AREA BEARING","CAPTAN",61
"BEARING - TREATED","PCT OF AREA BEARING","CYPRODINIL",65
"BEARING - TREATED","PCT OF AREA BEARING","FLUDIOXONIL",66
"BEARING - TREATED","PCT OF AREA BEARING","THIRAM",61
"BEARING - TREATED","PCT OF AREA BEARING","TOTAL)",66
"BEARING - TREATED","PCT OF AREA BEARING","COPPER ETHANOLAMINE",NA
"BEARING - TREATED","PCT OF AREA BEARING","DIMETHENAMID",NA
"BEARING - TREATED","PCT OF AREA BEARING","FLUROXYPYR 1-MHE",NA
"BEARING - TREATED","PCT OF AREA BEARING","HALOSULFURON-METHYL",NA
"BEARING - TREATED","PCT OF AREA BEARING","KANTOR",NA
"BEARING - TREATED","PCT OF AREA BEARING","TOTAL)",9
"BEARING - TREATED","PCT OF AREA BEARING","ABAMECTIN",7
"BEARING - TREATED","PCT OF AREA BEARING","ACETAMIPRID",NA
"BEARING - TREATED","PCT OF AREA BEARING","BIFENTHRIN",NA
"BEARING - TREATED","PCT OF AREA BEARING","CARBARYL",NA
"BEARING - TREATED","PCT OF AREA BEARING","CHLORANTRANILIPROLE",NA
"BEARING - TREATED","PCT OF AREA BEARING","CYFLUMETOFEN",NA
"BEARING - TREATED","PCT OF AREA BEARING","FENAZAQUIN",NA
"BEARING - TREATED","PCT OF AREA BEARING","METHOXYFENOZIDE",NA
"BEARING - TREATED","PCT OF AREA BEARING","NOVALURON",58
"BEARING - TREATED","PCT OF AREA BEARING","SPINETORAM",57
"BEARING - TREATED","PCT OF AREA BEARING","SPIROMESIFEN",NA
"BEARING - TREATED","PCT OF AREA BEARING","THIAMETHOXAM",NA
"BEARING - TREATED","PCT OF AREA BEARING","TOTAL)",62
"BEARING - TREATED","PCT OF AREA BEARING","ETHEPHON",NA
"BEARING - TREATED","PCT OF AREA BEARING","TOTAL)",49
"BEARING - APPLICATIONS","LB","AZOXYSTROBIN",5500
"BEARING - APPLICATIONS","LB","BACILLUS SUBT. GB03",NA
"BEARING - APPLICATIONS","LB","BLAD",1200
"BEARING - APPLICATIONS","LB","BORAX DECAHYDRATE",300
"BEARING - APPLICATIONS","LB","BOSCALID",6200
"BEARING - APPLICATIONS","LB","CAPTAN",283500
"BEARING - APPLICATIONS","LB","CYFLUFENAMID",400
"BEARING - APPLICATIONS","LB","CYPRODINIL",16600
"BEARING - APPLICATIONS","LB","DIFENOCONAZOLE",900
"BEARING - APPLICATIONS","LB","FENHEXAMID",15000
"BEARING - APPLICATIONS","LB","FLUDIOXONIL",11100
"BEARING - APPLICATIONS","LB","FLUOPYRAM",3900
"BEARING - APPLICATIONS","LB","FLUXAPYROXAD",3900
"BEARING - APPLICATIONS","LB","FOSETYL-AL",34200
"BEARING - APPLICATIONS","LB","MEFENOXAM",9300
"BEARING - APPLICATIONS","LB","MYCLOBUTANIL",5600
"BEARING - APPLICATIONS","LB","PENTHIOPYRAD",7000
"BEARING - APPLICATIONS","LB","POLYOXIN D ZINC SALT",1400
"BEARING - APPLICATIONS","LB","POTASSIUM BICARBON.",11300
"BEARING - APPLICATIONS","LB","PROPICONAZOLE",1600
"BEARING - APPLICATIONS","LB","PYRACLOSTROBIN",7400
"BEARING - APPLICATIONS","LB","PYRIMETHANIL",9300
"BEARING - APPLICATIONS","LB","QUINOLINE",4800
"BEARING - APPLICATIONS","LB","SULFUR",686000
"BEARING - APPLICATIONS","LB","TETRACONAZOLE",600
"BEARING - APPLICATIONS","LB","THIOPHANATE-METHYL",3300
"BEARING - APPLICATIONS","LB","THIRAM",90900
"BEARING - APPLICATIONS","LB","TOTAL)",1233500
"BEARING - APPLICATIONS","LB","TRICHODERMA HARZ.",NA
"BEARING - APPLICATIONS","LB","TRIFLOXYSTROBIN",4200
"BEARING - APPLICATIONS","LB","TRIFLUMIZOLE",7200
"BEARING - APPLICATIONS","LB","CARFENTRAZONE-ETHYL",200
"BEARING - APPLICATIONS","LB","FLUMIOXAZIN",1100
"BEARING - APPLICATIONS","LB","GLUFOSINATE-AMMONIUM",NA
"BEARING - APPLICATIONS","LB","OXYFLUORFEN",1300
"BEARING - APPLICATIONS","LB","PENDIMETHALIN",5500
"BEARING - APPLICATIONS","LB","SULFENTRAZONE",NA
"BEARING - APPLICATIONS","LB","TOTAL)",10200
"BEARING - APPLICATIONS","LB","ABAMECTIN",500
"BEARING - APPLICATIONS","LB","ACEQUINOCYL",5400
"BEARING - APPLICATIONS","LB","ACETAMIPRID",2800
"BEARING - APPLICATIONS","LB","AZADIRACHTIN",800
"BEARING - APPLICATIONS","LB","BIFENAZATE",17900
"BEARING - APPLICATIONS","LB","BIFENTHRIN",7300
"BEARING - APPLICATIONS","LB","CHLORANTRANILIPROLE",1900
"BEARING - APPLICATIONS","LB","CHLORPYRIFOS",NA
"BEARING - APPLICATIONS","LB","CYANTRANILIPROLE",900
"BEARING - APPLICATIONS","LB","CYFLUMETOFEN",5200
"BEARING - APPLICATIONS","LB","ETOXAZOLE",1200
"BEARING - APPLICATIONS","LB","FENPROPATHRIN",6000
"BEARING - APPLICATIONS","LB","FENPYROXIMATE",400
"BEARING - APPLICATIONS","LB","FLONICAMID",3300
"BEARING - APPLICATIONS","LB","FLUPYRADIFURONE",4800
"BEARING - APPLICATIONS","LB","HEXYTHIAZOX",2300
"BEARING - APPLICATIONS","LB","IMIDACLOPRID",3500
"BEARING - APPLICATIONS","LB","MALATHION",56700
"BEARING - APPLICATIONS","LB","METHOXYFENOZIDE",3300
"BEARING - APPLICATIONS","LB","NALED",12700
"BEARING - APPLICATIONS","LB","NEEM OIL",1100
"BEARING - APPLICATIONS","LB","NEEM OIL, CLAR. HYD.",51600
"BEARING - APPLICATIONS","LB","NOVALURON",4600
"BEARING - APPLICATIONS","LB","PIPERONYL BUTOXIDE",1200
"BEARING - APPLICATIONS","LB","PYRETHRINS",200
"BEARING - APPLICATIONS","LB","PYRIPROXYFEN",100
"BEARING - APPLICATIONS","LB","SOYBEAN OIL",NA
"BEARING - APPLICATIONS","LB","SPINETORAM",2300
"BEARING - APPLICATIONS","LB","SPINOSAD",600
"BEARING - APPLICATIONS","LB","SPIROMESIFEN",1800
"BEARING - APPLICATIONS","LB","SULFOXAFLOR",1000
"BEARING - APPLICATIONS","LB","THIAMETHOXAM",1400
"BEARING - APPLICATIONS","LB","TOTAL)",212600
"BEARING - APPLICATIONS","LB","ZETA-CYPERMETHRIN",NA
"BEARING - APPLICATIONS","LB","AUREOBASIDIUM PULLULANS DSM 14940",NA
"BEARING - APPLICATIONS","LB","AUREOBASIDIUM PULLULANS DSM 14941",NA
"BEARING - APPLICATIONS","LB","BT KURSTAKI SA-12",NA
"BEARING - APPLICATIONS","LB","CHLOROPICRIN",6146600
"BEARING - APPLICATIONS","LB","DICHLOROPROPENE",1045700
"BEARING - APPLICATIONS","LB","FLUTRIAFOL",1700
"BEARING - APPLICATIONS","LB","GLIOCLADIUM VIRENS",NA
"BEARING - APPLICATIONS","LB","IRON PHOSPHATE",100
"BEARING - APPLICATIONS","LB","METAM-POTASSIUM",254000
"BEARING - APPLICATIONS","LB","METAM-SODIUM",244000
"BEARING - APPLICATIONS","LB","REYNOUTRIA SACHALINE",600
"BEARING - APPLICATIONS","LB","TOTAL)",7698900
"BEARING - APPLICATIONS","LB","TRICHODERMA VIRENS STRAIN G-41",NA
"BEARING - APPLICATIONS","LB / ACRE / APPLICATION","AZOXYSTROBIN",0.205
"BEARING - APPLICATIONS","LB / ACRE / APPLICATION","BACILLUS SUBT. GB03",NA
"BEARING - APPLICATIONS","LB / ACRE / APPLICATION","BLAD",0.482
"BEARING - APPLICATIONS","LB / ACRE / APPLICATION","BORAX DECAHYDRATE",0.023
"BEARING - APPLICATIONS","LB / ACRE / APPLICATION","BOSCALID",0.337
"BEARING - APPLICATIONS","LB / ACRE / APPLICATION","CAPTAN",1.739
"BEARING - APPLICATIONS","LB / ACRE / APPLICATION","CYPRODINIL",0.32
"BEARING - APPLICATIONS","LB / ACRE / APPLICATION","DIFENOCONAZOLE",0.114
"BEARING - APPLICATIONS","LB / ACRE / APPLICATION","FENHEXAMID",0.623
"BEARING - APPLICATIONS","LB / ACRE / APPLICATION","FLUDIOXONIL",0.213
"BEARING - APPLICATIONS","LB / ACRE / APPLICATION","FLUOPYRAM",0.113
"BEARING - APPLICATIONS","LB / ACRE / APPLICATION","FLUXAPYROXAD",0.168
"BEARING - APPLICATIONS","LB / ACRE / APPLICATION","FOSETYL-AL",3.997
"BEARING - APPLICATIONS","LB / ACRE / APPLICATION","MEFENOXAM",0.493
"BEARING - APPLICATIONS","LB / ACRE / APPLICATION","MYCLOBUTANIL",0.106
"BEARING - APPLICATIONS","LB / ACRE / APPLICATION","PENTHIOPYRAD",0.303
"BEARING - APPLICATIONS","LB / ACRE / APPLICATION","POLYOXIN D ZINC SALT",0.073
"BEARING - APPLICATIONS","LB / ACRE / APPLICATION","POTASSIUM BICARBON.",2.381
"BEARING - APPLICATIONS","LB / ACRE / APPLICATION","PYRACLOSTROBIN",0.169
"BEARING - APPLICATIONS","LB / ACRE / APPLICATION","PYRIMETHANIL",0.51
"BEARING - APPLICATIONS","LB / ACRE / APPLICATION","QUINOLINE",0.097
"BEARING - APPLICATIONS","LB / ACRE / APPLICATION","SULFUR",3.656
"BEARING - APPLICATIONS","LB / ACRE / APPLICATION","TETRACONAZOLE",0.039
"BEARING - APPLICATIONS","LB / ACRE / APPLICATION","THIOPHANATE-METHYL",0.669
"BEARING - APPLICATIONS","LB / ACRE / APPLICATION","THIRAM",2.219
"BEARING - APPLICATIONS","LB / ACRE / APPLICATION","TRICHODERMA HARZ.",NA
"BEARING - APPLICATIONS","LB / ACRE / APPLICATION","TRIFLOXYSTROBIN",0.113
"BEARING - APPLICATIONS","LB / ACRE / APPLICATION","TRIFLUMIZOLE",0.23
"BEARING - APPLICATIONS","LB / ACRE / APPLICATION","CARFENTRAZONE-ETHYL",0.024
"BEARING - APPLICATIONS","LB / ACRE / APPLICATION","FLUMIOXAZIN",0.089
"BEARING - APPLICATIONS","LB / ACRE / APPLICATION","GLUFOSINATE-AMMONIUM",NA
"BEARING - APPLICATIONS","LB / ACRE / APPLICATION","OXYFLUORFEN",0.313
"BEARING - APPLICATIONS","LB / ACRE / APPLICATION","PENDIMETHALIN",1.202
"BEARING - APPLICATIONS","LB / ACRE / APPLICATION","SULFENTRAZONE",NA
"BEARING - APPLICATIONS","LB / ACRE / APPLICATION","ACEQUINOCYL",0.297
"BEARING - APPLICATIONS","LB / ACRE / APPLICATION","ACETAMIPRID",0.126
"BEARING - APPLICATIONS","LB / ACRE / APPLICATION","AZADIRACHTIN",0.034
"BEARING - APPLICATIONS","LB / ACRE / APPLICATION","BIFENAZATE",0.496
"BEARING - APPLICATIONS","LB / ACRE / APPLICATION","BIFENTHRIN",0.109
"BEARING - APPLICATIONS","LB / ACRE / APPLICATION","CHLORANTRANILIPROLE",0.067
"BEARING - APPLICATIONS","LB / ACRE / APPLICATION","CHLORPYRIFOS",NA
"BEARING - APPLICATIONS","LB / ACRE / APPLICATION","CYANTRANILIPROLE",0.111
"BEARING - APPLICATIONS","LB / ACRE / APPLICATION","ETOXAZOLE",0.135
"BEARING - APPLICATIONS","LB / ACRE / APPLICATION","FENPROPATHRIN",0.286
"BEARING - APPLICATIONS","LB / ACRE / APPLICATION","FENPYROXIMATE",0.103
"BEARING - APPLICATIONS","LB / ACRE / APPLICATION","FLONICAMID",0.085
"BEARING - APPLICATIONS","LB / ACRE / APPLICATION","FLUPYRADIFURONE",0.158
"BEARING - APPLICATIONS","LB / ACRE / APPLICATION","HEXYTHIAZOX",0.177
"BEARING - APPLICATIONS","LB / ACRE / APPLICATION","IMIDACLOPRID",0.515
"BEARING - APPLICATIONS","LB / ACRE / APPLICATION","MALATHION",1.991
"BEARING - APPLICATIONS","LB / ACRE / APPLICATION","METHOXYFENOZIDE",0.174
"BEARING - APPLICATIONS","LB / ACRE / APPLICATION","NALED",0.904
"BEARING - APPLICATIONS","LB / ACRE / APPLICATION","NEEM OIL",0.095
"BEARING - APPLICATIONS","LB / ACRE / APPLICATION","NEEM OIL, CLAR. HYD.",5.151
"BEARING - APPLICATIONS","LB / ACRE / APPLICATION","NOVALURON",0.059
"BEARING - APPLICATIONS","LB / ACRE / APPLICATION","PIPERONYL BUTOXIDE",0.478
"BEARING - APPLICATIONS","LB / ACRE / APPLICATION","PYRETHRINS",0.044
"BEARING - APPLICATIONS","LB / ACRE / APPLICATION","PYRIPROXYFEN",0.067
"BEARING - APPLICATIONS","LB / ACRE / APPLICATION","SOYBEAN OIL",NA
"BEARING - APPLICATIONS","LB / ACRE / APPLICATION","SPINETORAM",0.068
"BEARING - APPLICATIONS","LB / ACRE / APPLICATION","SPINOSAD",0.093
"BEARING - APPLICATIONS","LB / ACRE / APPLICATION","SPIROMESIFEN",0.243
"BEARING - APPLICATIONS","LB / ACRE / APPLICATION","SULFOXAFLOR",0.069
"BEARING - APPLICATIONS","LB / ACRE / APPLICATION","ZETA-CYPERMETHRIN",NA
"BEARING - APPLICATIONS","LB / ACRE / APPLICATION","AUREOBASIDIUM PULLULANS DSM 14940",NA
"BEARING - APPLICATIONS","LB / ACRE / APPLICATION","AUREOBASIDIUM PULLULANS DSM 14941",NA
"BEARING - APPLICATIONS","LB / ACRE / APPLICATION","BT KURSTAKI SA-12",NA
"BEARING - APPLICATIONS","LB / ACRE / APPLICATION","CHLOROPICRIN",244.066
"BEARING - APPLICATIONS","LB / ACRE / APPLICATION","DICHLOROPROPENE",83.557
"BEARING - APPLICATIONS","LB / ACRE / APPLICATION","FLUTRIAFOL",0.112
"BEARING - APPLICATIONS","LB / ACRE / APPLICATION","GLIOCLADIUM VIRENS",NA
"BEARING - APPLICATIONS","LB / ACRE / APPLICATION","IRON PHOSPHATE",0.161
"BEARING - APPLICATIONS","LB / ACRE / APPLICATION","METAM-POTASSIUM",214.011
"BEARING - APPLICATIONS","LB / ACRE / APPLICATION","METAM-SODIUM",228.063
"BEARING - APPLICATIONS","LB / ACRE / APPLICATION","REYNOUTRIA SACHALINE",0.191
"BEARING - APPLICATIONS","LB / ACRE / APPLICATION","TRICHODERMA VIRENS STRAIN G-41",NA
"BEARING - APPLICATIONS","LB / ACRE / YEAR","AZOXYSTROBIN",0.447
"BEARING - APPLICATIONS","LB / ACRE / YEAR","BACILLUS SUBT. GB03",NA
"BEARING - APPLICATIONS","LB / ACRE / YEAR","BLAD",0.54
"BEARING - APPLICATIONS","LB / ACRE / YEAR","BORAX DECAHYDRATE",0.051
"BEARING - APPLICATIONS","LB / ACRE / YEAR","BOSCALID",0.508
"BEARING - APPLICATIONS","LB / ACRE / YEAR","CAPTAN",10.456
"BEARING - APPLICATIONS","LB / ACRE / YEAR","CYFLUFENAMID",0.034
"BEARING - APPLICATIONS","LB / ACRE / YEAR","CYPRODINIL",0.765
"BEARING - APPLICATIONS","LB / ACRE / YEAR","DIFENOCONAZOLE",0.25
"BEARING - APPLICATIONS","LB / ACRE / YEAR","FENHEXAMID",1.163
"BEARING - APPLICATIONS","LB / ACRE / YEAR","FLUDIOXONIL",0.51
"BEARING - APPLICATIONS","LB / ACRE / YEAR","FLUOPYRAM",0.224
"BEARING - APPLICATIONS","LB / ACRE / YEAR","FLUXAPYROXAD",0.361
"BEARING - APPLICATIONS","LB / ACRE / YEAR","FOSETYL-AL",18.136
"BEARING - APPLICATIONS","LB / ACRE / YEAR","MEFENOXAM",1.215
"BEARING - APPLICATIONS","LB / ACRE / YEAR","MYCLOBUTANIL",0.281
"BEARING - APPLICATIONS","LB / ACRE / YEAR","PENTHIOPYRAD",0.625
"BEARING - APPLICATIONS","LB / ACRE / YEAR","POLYOXIN D ZINC SALT",0.149
"BEARING - APPLICATIONS","LB / ACRE / YEAR","POTASSIUM BICARBON.",2.908
"BEARING - APPLICATIONS","LB / ACRE / YEAR","PYRACLOSTROBIN",0.317
"BEARING - APPLICATIONS","LB / ACRE / YEAR","PYRIMETHANIL",0.883
"BEARING - APPLICATIONS","LB / ACRE / YEAR","QUINOLINE",0.264
"BEARING - APPLICATIONS","LB / ACRE / YEAR","SULFUR",26.646
"BEARING - APPLICATIONS","LB / ACRE / YEAR","TETRACONAZOLE",0.058
"BEARING - APPLICATIONS","LB / ACRE / YEAR","THIOPHANATE-METHYL",1.041
"BEARING - APPLICATIONS","LB / ACRE / YEAR","THIRAM",5.064
"BEARING - APPLICATIONS","LB / ACRE / YEAR","TRICHODERMA HARZ.",NA
"BEARING - APPLICATIONS","LB / ACRE / YEAR","TRIFLOXYSTROBIN",0.235
"BEARING - APPLICATIONS","LB / ACRE / YEAR","TRIFLUMIZOLE",0.55
"BEARING - APPLICATIONS","LB / ACRE / YEAR","CARFENTRAZONE-ETHYL",0.074
"BEARING - APPLICATIONS","LB / ACRE / YEAR","FLUMIOXAZIN",0.217
"BEARING - APPLICATIONS","LB / ACRE / YEAR","GLUFOSINATE-AMMONIUM",NA
"BEARING - APPLICATIONS","LB / ACRE / YEAR","OXYFLUORFEN",0.428
"BEARING - APPLICATIONS","LB / ACRE / YEAR","PENDIMETHALIN",1.84
"BEARING - APPLICATIONS","LB / ACRE / YEAR","SULFENTRAZONE",NA
"BEARING - APPLICATIONS","LB / ACRE / YEAR","ABAMECTIN",0.04
"BEARING - APPLICATIONS","LB / ACRE / YEAR","ACEQUINOCYL",0.47
"BEARING - APPLICATIONS","LB / ACRE / YEAR","ACETAMIPRID",0.182
"BEARING - APPLICATIONS","LB / ACRE / YEAR","AZADIRACHTIN",0.091
"BEARING - APPLICATIONS","LB / ACRE / YEAR","BIFENAZATE",0.978
"BEARING - APPLICATIONS","LB / ACRE / YEAR","BIFENTHRIN",0.346
"BEARING - APPLICATIONS","LB / ACRE / YEAR","CHLORANTRANILIPROLE",0.119
"BEARING - APPLICATIONS","LB / ACRE / YEAR","CHLORPYRIFOS",NA
"BEARING - APPLICATIONS","LB / ACRE / YEAR","CYANTRANILIPROLE",0.222
"BEARING - APPLICATIONS","LB / ACRE / YEAR","CYFLUMETOFEN",0.299
"BEARING - APPLICATIONS","LB / ACRE / YEAR","ETOXAZOLE",0.581
"BEARING - APPLICATIONS","LB / ACRE / YEAR","FENPROPATHRIN",0.531
"BEARING - APPLICATIONS","LB / ACRE / YEAR","FENPYROXIMATE",0.128
"BEARING - APPLICATIONS","LB / ACRE / YEAR","FLONICAMID",0.161
"BEARING - APPLICATIONS","LB / ACRE / YEAR","FLUPYRADIFURONE",0.399
"BEARING - APPLICATIONS","LB / ACRE / YEAR","HEXYTHIAZOX",0.269
"BEARING - APPLICATIONS","LB / ACRE / YEAR","IMIDACLOPRID",0.793
"BEARING - APPLICATIONS","LB / ACRE / YEAR","MALATHION",5.571
"BEARING - APPLICATIONS","LB / ACRE / YEAR","METHOXYFENOZIDE",0.245
"BEARING - APPLICATIONS","LB / ACRE / YEAR","NALED",1.665
"BEARING - APPLICATIONS","LB / ACRE / YEAR","NEEM OIL",0.334
"BEARING - APPLICATIONS","LB / ACRE / YEAR","NEEM OIL, CLAR. HYD.",7.924
"BEARING - APPLICATIONS","LB / ACRE / YEAR","NOVALURON",0.192
"BEARING - APPLICATIONS","LB / ACRE / YEAR","PIPERONYL BUTOXIDE",0.884
"BEARING - APPLICATIONS","LB / ACRE / YEAR","PYRETHRINS",0.074
"BEARING - APPLICATIONS","LB / ACRE / YEAR","PYRIPROXYFEN",0.074
"BEARING - APPLICATIONS","LB / ACRE / YEAR","SOYBEAN OIL",NA
"BEARING - APPLICATIONS","LB / ACRE / YEAR","SPINETORAM",0.108
"BEARING - APPLICATIONS","LB / ACRE / YEAR","SPINOSAD",0.113
"BEARING - APPLICATIONS","LB / ACRE / YEAR","SPIROMESIFEN",0.307
"BEARING - APPLICATIONS","LB / ACRE / YEAR","SULFOXAFLOR",0.137
"BEARING - APPLICATIONS","LB / ACRE / YEAR","THIAMETHOXAM",0.164
"BEARING - APPLICATIONS","LB / ACRE / YEAR","ZETA-CYPERMETHRIN",NA
"BEARING - APPLICATIONS","LB / ACRE / YEAR","AUREOBASIDIUM PULLULANS DSM 14940",NA
"BEARING - APPLICATIONS","LB / ACRE / YEAR","AUREOBASIDIUM PULLULANS DSM 14941",NA
"BEARING - APPLICATIONS","LB / ACRE / YEAR","BT KURSTAKI SA-12",NA
"BEARING - APPLICATIONS","LB / ACRE / YEAR","CHLOROPICRIN",345.893
"BEARING - APPLICATIONS","LB / ACRE / YEAR","DICHLOROPROPENE",125.71
"BEARING - APPLICATIONS","LB / ACRE / YEAR","FLUTRIAFOL",0.188
"BEARING - APPLICATIONS","LB / ACRE / YEAR","GLIOCLADIUM VIRENS",NA
"BEARING - APPLICATIONS","LB / ACRE / YEAR","IRON PHOSPHATE",0.235
"BEARING - APPLICATIONS","LB / ACRE / YEAR","METAM-POTASSIUM",244.72
"BEARING - APPLICATIONS","LB / ACRE / YEAR","METAM-SODIUM",303.425
"BEARING - APPLICATIONS","LB / ACRE / YEAR","REYNOUTRIA SACHALINE",0.231
"BEARING - APPLICATIONS","LB / ACRE / YEAR","TRICHODERMA VIRENS STRAIN G-41",NA
"BEARING - APPLICATIONS","NUMBER","AZOXYSTROBIN",2.2
"BEARING - APPLICATIONS","NUMBER","BACILLUS AMYLOLIQUEFACIENS STRAIN D747",1.2
"BEARING - APPLICATIONS","NUMBER","BACILLUS SUBT. GB03",NA
"BEARING - APPLICATIONS","NUMBER","BACILLUS SUBTILIS",1.5
"BEARING - APPLICATIONS","NUMBER","BLAD",1.1
"BEARING - APPLICATIONS","NUMBER","BORAX DECAHYDRATE",2.3
"BEARING - APPLICATIONS","NUMBER","BOSCALID",1.5
"BEARING - APPLICATIONS","NUMBER","BT SUBSP KURSTAKI EVB-113-19",2.6
"BEARING - APPLICATIONS","NUMBER","CAPTAN",6
"BEARING - APPLICATIONS","NUMBER","CYFLUFENAMID",1.5
"BEARING - APPLICATIONS","NUMBER","CYPRODINIL",2.4
"BEARING - APPLICATIONS","NUMBER","DIFENOCONAZOLE",2.2
"BEARING - APPLICATIONS","NUMBER","FENHEXAMID",1.9
"BEARING - APPLICATIONS","NUMBER","FLUDIOXONIL",2.4
"BEARING - APPLICATIONS","NUMBER","FLUXAPYROXAD",2.2
"BEARING - APPLICATIONS","NUMBER","FOSETYL-AL",4.5
"BEARING - APPLICATIONS","NUMBER","MEFENOXAM",2.5
"BEARING - APPLICATIONS","NUMBER","MYCLOBUTANIL",2.6
"BEARING - APPLICATIONS","NUMBER","PENTHIOPYRAD",2.1
"BEARING - APPLICATIONS","NUMBER","POLYOXIN D ZINC SALT",2.1
"BEARING - APPLICATIONS","NUMBER","POTASSIUM BICARBON.",1.2
"BEARING - APPLICATIONS","NUMBER","PYRACLOSTROBIN",1.9
"BEARING - APPLICATIONS","NUMBER","PYRIMETHANIL",1.7
"BEARING - APPLICATIONS","NUMBER","QUINOLINE",2.7
"BEARING - APPLICATIONS","NUMBER","SULFUR",7.3
"BEARING - APPLICATIONS","NUMBER","THIOPHANATE-METHYL",1.6
"BEARING - APPLICATIONS","NUMBER","TRICHODERMA HARZ.",NA
"BEARING - APPLICATIONS","NUMBER","TRIFLOXYSTROBIN",2.1
"BEARING - APPLICATIONS","NUMBER","TRIFLUMIZOLE",2.4
"BEARING - APPLICATIONS","NUMBER","CARFENTRAZONE-ETHYL",3
"BEARING - APPLICATIONS","NUMBER","FLUMIOXAZIN",2.4
"BEARING - APPLICATIONS","NUMBER","GLUFOSINATE-AMMONIUM",NA
"BEARING - APPLICATIONS","NUMBER","OXYFLUORFEN",1.4
"BEARING - APPLICATIONS","NUMBER","PENDIMETHALIN",1.5
"BEARING - APPLICATIONS","NUMBER","SULFENTRAZONE",NA
"BEARING - APPLICATIONS","NUMBER","ABAMECTIN",2.2
"BEARING - APPLICATIONS","NUMBER","ACEQUINOCYL",1.6
"BEARING - APPLICATIONS","NUMBER","AZADIRACHTIN",2.7
"BEARING - APPLICATIONS","NUMBER","BIFENAZATE",2
"BEARING - APPLICATIONS","NUMBER","BIFENTHRIN",3.2
"BEARING - APPLICATIONS","NUMBER","BT KURSTAKI ABTS-351",1.6
"BEARING - APPLICATIONS","NUMBER","BT KURSTAKI SA-11",1.3
"BEARING - APPLICATIONS","NUMBER","BT SUB AIZAWAI GC-91",1.6
"BEARING - APPLICATIONS","NUMBER","BURKHOLDERIA A396 CELLS & MEDIA",1.7
"BEARING - APPLICATIONS","NUMBER","CHLORANTRANILIPROLE",1.8
"BEARING - APPLICATIONS","NUMBER","CHLORPYRIFOS",NA
"BEARING - APPLICATIONS","NUMBER","CHROMOBAC SUBTSUGAE PRAA4-1 CELLS AND SPENT MEDIA",1.3
"BEARING - APPLICATIONS","NUMBER","CYANTRANILIPROLE",2
"BEARING - APPLICATIONS","NUMBER","CYFLUMETOFEN",1.7
"BEARING - APPLICATIONS","NUMBER","ETOXAZOLE",4.3
"BEARING - APPLICATIONS","NUMBER","FENPROPATHRIN",1.9
"BEARING - APPLICATIONS","NUMBER","FENPYROXIMATE",1.2
"BEARING - APPLICATIONS","NUMBER","FLONICAMID",1.9
"BEARING - APPLICATIONS","NUMBER","FLUPYRADIFURONE",2.5
"BEARING - APPLICATIONS","NUMBER","HEXYTHIAZOX",1.5
"BEARING - APPLICATIONS","NUMBER","IMIDACLOPRID",1.5
"BEARING - APPLICATIONS","NUMBER","MALATHION",2.8
"BEARING - APPLICATIONS","NUMBER","METHOXYFENOZIDE",1.4
"BEARING - APPLICATIONS","NUMBER","NALED",1.8
"BEARING - APPLICATIONS","NUMBER","NEEM OIL",3.5
"BEARING - APPLICATIONS","NUMBER","NEEM OIL, CLAR. HYD.",1.5
"BEARING - APPLICATIONS","NUMBER","NOVALURON",3.2
"BEARING - APPLICATIONS","NUMBER","PIPERONYL BUTOXIDE",1.8
"BEARING - APPLICATIONS","NUMBER","PYRETHRINS",1.7
"BEARING - APPLICATIONS","NUMBER","PYRIPROXYFEN",1.1
"BEARING - APPLICATIONS","NUMBER","SOYBEAN OIL",NA
"BEARING - APPLICATIONS","NUMBER","SPINETORAM",1.6
"BEARING - APPLICATIONS","NUMBER","SPINOSAD",1.2
"BEARING - APPLICATIONS","NUMBER","SPIROMESIFEN",1.3
"BEARING - APPLICATIONS","NUMBER","SULFOXAFLOR",2
"BEARING - APPLICATIONS","NUMBER","THIAMETHOXAM",2.7
"BEARING - APPLICATIONS","NUMBER","ZETA-CYPERMETHRIN",NA
"BEARING - APPLICATIONS","NUMBER","AUREOBASIDIUM PULLULANS DSM 14940",NA
"BEARING - APPLICATIONS","NUMBER","AUREOBASIDIUM PULLULANS DSM 14941",NA
"BEARING - APPLICATIONS","NUMBER","BT KURSTAKI SA-12",NA
"BEARING - APPLICATIONS","NUMBER","CHLOROPICRIN",1.4
"BEARING - APPLICATIONS","NUMBER","DICHLOROPROPENE",1.5
"BEARING - APPLICATIONS","NUMBER","FLUTRIAFOL",1.7
"BEARING - APPLICATIONS","NUMBER","GLIOCLADIUM VIRENS",NA
"BEARING - APPLICATIONS","NUMBER","IRON PHOSPHATE",1.5
"BEARING - APPLICATIONS","NUMBER","METAM-POTASSIUM",1.1
"BEARING - APPLICATIONS","NUMBER","METAM-SODIUM",1.3
"BEARING - APPLICATIONS","NUMBER","REYNOUTRIA SACHALINE",1.2
"BEARING - APPLICATIONS","NUMBER","TRICHODERMA VIRENS STRAIN G-41",NA
"BEARING - TREATED","PCT OF AREA BEARING","AZOXYSTROBIN",34
"BEARING - TREATED","PCT OF AREA BEARING","BACILLUS AMYLOLIQUEFACIENS STRAIN D747",26
"BEARING - TREATED","PCT OF AREA BEARING","BACILLUS SUBT. GB03",NA
"BEARING - TREATED","PCT OF AREA BEARING","BACILLUS SUBTILIS",8
"BEARING - TREATED","PCT OF AREA BEARING","BLAD",6
"BEARING - TREATED","PCT OF AREA BEARING","BORAX DECAHYDRATE",18
"BEARING - TREATED","PCT OF AREA BEARING","BOSCALID",34
"BEARING - TREATED","PCT OF AREA BEARING","BT SUBSP KURSTAKI EVB-113-19",7
"BEARING - TREATED","PCT OF AREA BEARING","CAPTAN",76
"BEARING - TREATED","PCT OF AREA BEARING","CYFLUFENAMID",30
"BEARING - TREATED","PCT OF AREA BEARING","CYPRODINIL",61
"BEARING - TREATED","PCT OF AREA BEARING","DIFENOCONAZOLE",10
"BEARING - TREATED","PCT OF AREA BEARING","FENHEXAMID",36
"BEARING - TREATED","PCT OF AREA BEARING","FLUDIOXONIL",61
"BEARING - TREATED","PCT OF AREA BEARING","FLUOPYRAM",48
"BEARING - TREATED","PCT OF AREA BEARING","FLUXAPYROXAD",30
"BEARING - TREATED","PCT OF AREA BEARING","FOSETYL-AL",5
"BEARING - TREATED","PCT OF AREA BEARING","MEFENOXAM",21
"BEARING - TREATED","PCT OF AREA BEARING","MYCLOBUTANIL",56
"BEARING - TREATED","PCT OF AREA BEARING","PENTHIOPYRAD",31
"BEARING - TREATED","PCT OF AREA BEARING","POLYOXIN D ZINC SALT",26
"BEARING - TREATED","PCT OF AREA BEARING","POTASSIUM BICARBON.",11
"BEARING - TREATED","PCT OF AREA BEARING","PROPICONAZOLE",25
"BEARING - TREATED","PCT OF AREA BEARING","PYRACLOSTROBIN",65
"BEARING - TREATED","PCT OF AREA BEARING","PYRIMETHANIL",29
"BEARING - TREATED","PCT OF AREA BEARING","QUINOLINE",51
"BEARING - TREATED","PCT OF AREA BEARING","SULFUR",72
"BEARING - TREATED","PCT OF AREA BEARING","TETRACONAZOLE",30
"BEARING - TREATED","PCT OF AREA BEARING","THIOPHANATE-METHYL",9
"BEARING - TREATED","PCT OF AREA BEARING","THIRAM",50
"BEARING - TREATED","PCT OF AREA BEARING","TRICHODERMA HARZ.",NA
"BEARING - TREATED","PCT OF AREA BEARING","TRIFLOXYSTROBIN",50
"BEARING - TREATED","PCT OF AREA BEARING","TRIFLUMIZOLE",37
"BEARING - TREATED","PCT OF AREA BEARING","CARFENTRAZONE-ETHYL",6
"BEARING - TREATED","PCT OF AREA BEARING","FLUMIOXAZIN",14
"BEARING - TREATED","PCT OF AREA BEARING","GLUFOSINATE-AMMONIUM",NA
"BEARING - TREATED","PCT OF AREA BEARING","OXYFLUORFEN",9
"BEARING - TREATED","PCT OF AREA BEARING","PENDIMETHALIN",8
"BEARING - TREATED","PCT OF AREA BEARING","SULFENTRAZONE",NA
"BEARING - TREATED","PCT OF AREA BEARING","TOTAL)",20
"BEARING - TREATED","PCT OF AREA BEARING","ABAMECTIN",35
"BEARING - TREATED","PCT OF AREA BEARING","ACEQUINOCYL",32
"BEARING - TREATED","PCT OF AREA BEARING","ACETAMIPRID",42
"BEARING - TREATED","PCT OF AREA BEARING","AZADIRACHTIN",25
"BEARING - TREATED","PCT OF AREA BEARING","BIFENAZATE",51
"BEARING - TREATED","PCT OF AREA BEARING","BIFENTHRIN",58
"BEARING - TREATED","PCT OF AREA BEARING","BT KURSTAK ABTS-1857",43
"BEARING - TREATED","PCT OF AREA BEARING","BT KURSTAKI ABTS-351",24
"BEARING - TREATED","PCT OF AREA BEARING","BT KURSTAKI SA-11",37
"BEARING - TREATED","PCT OF AREA BEARING","BT SUB AIZAWAI GC-91",5
"BEARING - TREATED","PCT OF AREA BEARING","BURKHOLDERIA A396 CELLS & MEDIA",2
"BEARING - TREATED","PCT OF AREA BEARING","CHLORANTRANILIPROLE",44
"BEARING - TREATED","PCT OF AREA BEARING","CHLORPYRIFOS",NA
"BEARING - TREATED","PCT OF AREA BEARING","CHROMOBAC SUBTSUGAE PRAA4-1 CELLS AND SPENT MEDIA",19
"BEARING - TREATED","PCT OF AREA BEARING","CYANTRANILIPROLE",11
"BEARING - TREATED","PCT OF AREA BEARING","CYFLUMETOFEN",48
"BEARING - TREATED","PCT OF AREA BEARING","ETOXAZOLE",6
"BEARING - TREATED","PCT OF AREA BEARING","FENPROPATHRIN",31
"BEARING - TREATED","PCT OF AREA BEARING","FENPYROXIMATE",9
"BEARING - TREATED","PCT OF AREA BEARING","FLUPYRADIFURONE",34
"BEARING - TREATED","PCT OF AREA BEARING","HEXYTHIAZOX",24
"BEARING - TREATED","PCT OF AREA BEARING","IMIDACLOPRID",12
"BEARING - TREATED","PCT OF AREA BEARING","MALATHION",28
"BEARING - TREATED","PCT OF AREA BEARING","METHOXYFENOZIDE",37
"BEARING - TREATED","PCT OF AREA BEARING","NALED",21
"BEARING - TREATED","PCT OF AREA BEARING","NEEM OIL",9
"BEARING - TREATED","PCT OF AREA BEARING","NEEM OIL, CLAR. HYD.",18
"BEARING - TREATED","PCT OF AREA BEARING","NOVALURON",66
"BEARING - TREATED","PCT OF AREA BEARING","PIPERONYL BUTOXIDE",4
"BEARING - TREATED","PCT OF AREA BEARING","PYRETHRINS",8
"BEARING - TREATED","PCT OF AREA BEARING","PYRIPROXYFEN",5
"BEARING - TREATED","PCT OF AREA BEARING","SOYBEAN OIL",NA
"BEARING - TREATED","PCT OF AREA BEARING","SPINETORAM",58
"BEARING - TREATED","PCT OF AREA BEARING","SPINOSAD",15
"BEARING - TREATED","PCT OF AREA BEARING","SPIROMESIFEN",17
"BEARING - TREATED","PCT OF AREA BEARING","SULFOXAFLOR",20
"BEARING - TREATED","PCT OF AREA BEARING","THIAMETHOXAM",24
"BEARING - TREATED","PCT OF AREA BEARING","TOTAL)",91
"BEARING - TREATED","PCT OF AREA BEARING","ZETA-CYPERMETHRIN",NA
"BEARING - TREATED","PCT OF AREA BEARING","AUREOBASIDIUM PULLULANS DSM 14940",NA
"BEARING - TREATED","PCT OF AREA BEARING","AUREOBASIDIUM PULLULANS DSM 14941",NA
"BEARING - TREATED","PCT OF AREA BEARING","BT KURSTAKI SA-12",NA
"BEARING - TREATED","PCT OF AREA BEARING","CHLOROPICRIN",49
"BEARING - TREATED","PCT OF AREA BEARING","DICHLOROPROPENE",23
"BEARING - TREATED","PCT OF AREA BEARING","FLUTRIAFOL",25
"BEARING - TREATED","PCT OF AREA BEARING","GLIOCLADIUM VIRENS",NA
"BEARING - TREATED","PCT OF AREA BEARING","IRON PHOSPHATE",2
"BEARING - TREATED","PCT OF AREA BEARING","METAM-POTASSIUM",3
"BEARING - TREATED","PCT OF AREA BEARING","METAM-SODIUM",2
"BEARING - TREATED","PCT OF AREA BEARING","REYNOUTRIA SACHALINE",7
"BEARING - TREATED","PCT OF AREA BEARING","TOTAL)",63
"BEARING - TREATED","PCT OF AREA BEARING","TRICHODERMA VIRENS STRAIN G-41",NA
"BEARING - APPLICATIONS","LB","AZOXYSTROBIN",12000
"BEARING - APPLICATIONS","LB","CAPTAN",146100
"BEARING - APPLICATIONS","LB","CYPRODINIL",4100
"BEARING - APPLICATIONS","LB","DODINE",NA
"BEARING - APPLICATIONS","LB","FLUDIOXONIL",2700
"BEARING - APPLICATIONS","LB","FLUTOLANIL",NA
"BEARING - APPLICATIONS","LB","MYCLOBUTANIL",NA
"BEARING - APPLICATIONS","LB","THIOPHANATE-METHYL",10200
"BEARING - APPLICATIONS","LB","THIRAM",54800
"BEARING - APPLICATIONS","LB","TOTAL)",286900
"BEARING - APPLICATIONS","LB","2,4-D, TRIISO. SALT",NA
"BEARING - APPLICATIONS","LB","TOTAL)",300
"BEARING - APPLICATIONS","LB","ACETAMIPRID",200
"BEARING - APPLICATIONS","LB","BIFENAZATE",700
"BEARING - APPLICATIONS","LB","BIFENTHRIN",300
"BEARING - APPLICATIONS","LB","CHLORANTRANILIPROLE",100
"BEARING - APPLICATIONS","LB","CYPERMETHRIN",NA
"BEARING - APPLICATIONS","LB","NOVALURON",1000
"BEARING - APPLICATIONS","LB","SPINETORAM",600
"BEARING - APPLICATIONS","LB","THIAMETHOXAM",100
"BEARING - APPLICATIONS","LB","ALKYL. DIM. BENZ. AM",NA
"BEARING - APPLICATIONS","LB","CHLOROPICRIN",NA
"BEARING - APPLICATIONS","LB","DECYLDIMETHYLOCTYL",NA
"BEARING - APPLICATIONS","LB","DICHLOROPROPENE",NA
"BEARING - APPLICATIONS","LB","DIDECYL DIM. AMMON.",NA
"BEARING - APPLICATIONS","LB","DIMETHYLDIOCTYL",NA
"BEARING - APPLICATIONS","LB","TOTAL)",125900
"BEARING - APPLICATIONS","LB / ACRE / APPLICATION","AZOXYSTROBIN",0.858
"BEARING - APPLICATIONS","LB / ACRE / APPLICATION","CAPTAN",2.098
"BEARING - APPLICATIONS","LB / ACRE / APPLICATION","CYPRODINIL",0.313
"BEARING - APPLICATIONS","LB / ACRE / APPLICATION","DODINE",NA
"BEARING - APPLICATIONS","LB / ACRE / APPLICATION","FLUDIOXONIL",0.206
"BEARING - APPLICATIONS","LB / ACRE / APPLICATION","FLUTOLANIL",NA
"BEARING - APPLICATIONS","LB / ACRE / APPLICATION","MYCLOBUTANIL",NA
"BEARING - APPLICATIONS","LB / ACRE / APPLICATION","THIOPHANATE-METHYL",1.34
"BEARING - APPLICATIONS","LB / ACRE / APPLICATION","THIRAM",2.036
"BEARING - APPLICATIONS","LB / ACRE / APPLICATION","2,4-D, TRIISO. SALT",NA
"BEARING - APPLICATIONS","LB / ACRE / APPLICATION","ABAMECTIN",0.045
"BEARING - APPLICATIONS","LB / ACRE / APPLICATION","ACETAMIPRID",0.099
"BEARING - APPLICATIONS","LB / ACRE / APPLICATION","BIFENAZATE",0.141
"BEARING - APPLICATIONS","LB / ACRE / APPLICATION","BIFENTHRIN",0.05
"BEARING - APPLICATIONS","LB / ACRE / APPLICATION","CHLORANTRANILIPROLE",0.058
"BEARING - APPLICATIONS","LB / ACRE / APPLICATION","CYPERMETHRIN",NA
"BEARING - APPLICATIONS","LB / ACRE / APPLICATION","NOVALURON",0.065
"BEARING - APPLICATIONS","LB / ACRE / APPLICATION","SPINETORAM",0.063
"BEARING - APPLICATIONS","LB / ACRE / APPLICATION","THIAMETHOXAM",0.054
"BEARING - APPLICATIONS","LB / ACRE / APPLICATION","ALKYL. DIM. BENZ. AM",NA
"BEARING - APPLICATIONS","LB / ACRE / APPLICATION","CHLOROPICRIN",NA
"BEARING - APPLICATIONS","LB / ACRE / APPLICATION","DECYLDIMETHYLOCTYL",NA
"BEARING - APPLICATIONS","LB / ACRE / APPLICATION","DICHLOROPROPENE",NA
"BEARING - APPLICATIONS","LB / ACRE / APPLICATION","DIDECYL DIM. AMMON.",NA
"BEARING - APPLICATIONS","LB / ACRE / APPLICATION","DIMETHYLDIOCTYL",NA
"BEARING - APPLICATIONS","LB / ACRE / YEAR","AZOXYSTROBIN",4.123
"BEARING - APPLICATIONS","LB / ACRE / YEAR","CAPTAN",16.856
"BEARING - APPLICATIONS","LB / ACRE / YEAR","CYPRODINIL",0.642
"BEARING - APPLICATIONS","LB / ACRE / YEAR","DODINE",NA
"BEARING - APPLICATIONS","LB / ACRE / YEAR","FLUDIOXONIL",0.428
"BEARING - APPLICATIONS","LB / ACRE / YEAR","FLUTOLANIL",NA
"BEARING - APPLICATIONS","LB / ACRE / YEAR","MYCLOBUTANIL",NA
"BEARING - APPLICATIONS","LB / ACRE / YEAR","THIOPHANATE-METHYL",4.888
"BEARING - APPLICATIONS","LB / ACRE / YEAR","THIRAM",10.166
"BEARING - APPLICATIONS","LB / ACRE / YEAR","2,4-D, TRIISO. SALT",NA
"BEARING - APPLICATIONS","LB / ACRE / YEAR","ABAMECTIN",0.184
"BEARING - APPLICATIONS","LB / ACRE / YEAR","ACETAMIPRID",0.127
"BEARING - APPLICATIONS","LB / ACRE / YEAR","BIFENAZATE",0.663
"BEARING - APPLICATIONS","LB / ACRE / YEAR","BIFENTHRIN",0.077
"BEARING - APPLICATIONS","LB / ACRE / YEAR","CHLORANTRANILIPROLE",0.067
"BEARING - APPLICATIONS","LB / ACRE / YEAR","CYPERMETHRIN",NA
"BEARING - APPLICATIONS","LB / ACRE / YEAR","NOVALURON",0.212
"BEARING - APPLICATIONS","LB / ACRE / YEAR","SPINETORAM",0.116
"BEARING - APPLICATIONS","LB / ACRE / YEAR","THIAMETHOXAM",0.095
"BEARING - APPLICATIONS","LB / ACRE / YEAR","ALKYL. DIM. BENZ. AM",NA
"BEARING - APPLICATIONS","LB / ACRE / YEAR","CHLOROPICRIN",NA
"BEARING - APPLICATIONS","LB / ACRE / YEAR","DECYLDIMETHYLOCTYL",NA
"BEARING - APPLICATIONS","LB / ACRE / YEAR","DICHLOROPROPENE",NA
"BEARING - APPLICATIONS","LB / ACRE / YEAR","DIDECYL DIM. AMMON.",NA
"BEARING - APPLICATIONS","LB / ACRE / YEAR","DIMETHYLDIOCTYL",NA
"BEARING - APPLICATIONS","NUMBER","AZOXYSTROBIN",4.8
"BEARING - APPLICATIONS","NUMBER","CAPTAN",8
"BEARING - APPLICATIONS","NUMBER","CYPRODINIL",2.1
"BEARING - APPLICATIONS","NUMBER","DODINE",NA
"BEARING - APPLICATIONS","NUMBER","FLUDIOXONIL",2.1
"BEARING - APPLICATIONS","NUMBER","FLUTOLANIL",NA
"BEARING - APPLICATIONS","NUMBER","MYCLOBUTANIL",NA
"BEARING - APPLICATIONS","NUMBER","THIOPHANATE-METHYL",3.6
"BEARING - APPLICATIONS","NUMBER","THIRAM",5
"BEARING - APPLICATIONS","NUMBER","2,4-D, TRIISO. SALT",NA
"BEARING - APPLICATIONS","NUMBER","ABAMECTIN",4.1
"BEARING - APPLICATIONS","NUMBER","BIFENAZATE",4.7
"BEARING - APPLICATIONS","NUMBER","CHLORANTRANILIPROLE",1.2
"BEARING - APPLICATIONS","NUMBER","CYPERMETHRIN",NA
"BEARING - APPLICATIONS","NUMBER","THIAMETHOXAM",1.8
"BEARING - APPLICATIONS","NUMBER","ALKYL. DIM. BENZ. AM",NA
"BEARING - APPLICATIONS","NUMBER","CHLOROPICRIN",NA
"BEARING - APPLICATIONS","NUMBER","DECYLDIMETHYLOCTYL",NA
"BEARING - APPLICATIONS","NUMBER","DICHLOROPROPENE",NA
"BEARING - APPLICATIONS","NUMBER","DIDECYL DIM. AMMON.",NA
"BEARING - APPLICATIONS","NUMBER","DIMETHYLDIOCTYL",NA
"BEARING - TREATED","PCT OF AREA BEARING","AZOXYSTROBIN",29
"BEARING - TREATED","PCT OF AREA BEARING","CYPRODINIL",64
"BEARING - TREATED","PCT OF AREA BEARING","DODINE",NA
"BEARING - TREATED","PCT OF AREA BEARING","FLUDIOXONIL",64
"BEARING - TREATED","PCT OF AREA BEARING","FLUTOLANIL",NA
"BEARING - TREATED","PCT OF AREA BEARING","MYCLOBUTANIL",NA
"BEARING - TREATED","PCT OF AREA BEARING","THIOPHANATE-METHYL",21
"BEARING - TREATED","PCT OF AREA BEARING","THIRAM",54
"BEARING - TREATED","PCT OF AREA BEARING","TOTAL)",95
"BEARING - TREATED","PCT OF AREA BEARING","2,4-D, TRIISO. SALT",NA
"BEARING - TREATED","PCT OF AREA BEARING","TOTAL)",15
"BEARING - TREATED","PCT OF AREA BEARING","ABAMECTIN",18
"BEARING - TREATED","PCT OF AREA BEARING","ACETAMIPRID",13
"BEARING - TREATED","PCT OF AREA BEARING","BIFENAZATE",11
"BEARING - TREATED","PCT OF AREA BEARING","BIFENTHRIN",35
"BEARING - TREATED","PCT OF AREA BEARING","CHLORANTRANILIPROLE",16
"BEARING - TREATED","PCT OF AREA BEARING","CYPERMETHRIN",NA
"BEARING - TREATED","PCT OF AREA BEARING","NOVALURON",46
"BEARING - TREATED","PCT OF AREA BEARING","SPINETORAM",55
"BEARING - TREATED","PCT OF AREA BEARING","THIAMETHOXAM",16
"BEARING - TREATED","PCT OF AREA BEARING","TOTAL)",97
"BEARING - TREATED","PCT OF AREA BEARING","ALKYL. DIM. BENZ. AM",NA
"BEARING - TREATED","PCT OF AREA BEARING","CHLOROPICRIN",NA
"BEARING - TREATED","PCT OF AREA BEARING","DECYLDIMETHYLOCTYL",NA
"BEARING - TREATED","PCT OF AREA BEARING","DICHLOROPROPENE",NA
"BEARING - TREATED","PCT OF AREA BEARING","DIDECYL DIM. AMMON.",NA
"BEARING - TREATED","PCT OF AREA BEARING","DIMETHYLDIOCTYL",NA
"BEARING - TREATED","PCT OF AREA BEARING","TOTAL)",17
"BEARING - APPLICATIONS","LB","AZOXYSTROBIN",1100
"BEARING - APPLICATIONS","LB","BOSCALID",1800
"BEARING - APPLICATIONS","LB","CAPTAN",94800
"BEARING - APPLICATIONS","LB","CYFLUFENAMID",100
"BEARING - APPLICATIONS","LB","CYPRODINIL",4900
"BEARING - APPLICATIONS","LB","FENHEXAMID",3100
"BEARING - APPLICATIONS","LB","FLUDIOXONIL",3300
"BEARING - APPLICATIONS","LB","FLUOPYRAM",1600
"BEARING - APPLICATIONS","LB","FLUXAPYROXAD",1100
"BEARING - APPLICATIONS","LB","MEFENOXAM",2000
"BEARING - APPLICATIONS","LB","MYCLOBUTANIL",1100
"BEARING - APPLICATIONS","LB","PENTHIOPYRAD",2900
"BEARING - APPLICATIONS","LB","POLYOXIN D ZINC SALT",300
"BEARING - APPLICATIONS","LB","POTASSIUM BICARBON.",15200
"BEARING - APPLICATIONS","LB","PROPICONAZOLE",1000
"BEARING - APPLICATIONS","LB","PYRACLOSTROBIN",2300
"BEARING - APPLICATIONS","LB","PYRIMETHANIL",2800
"BEARING - APPLICATIONS","LB","QUINOLINE",900
"BEARING - APPLICATIONS","LB","SULFUR",298200
"BEARING - APPLICATIONS","LB","TETRACONAZOLE",400
"BEARING - APPLICATIONS","LB","THIOPHANATE-METHYL",1100
"BEARING - APPLICATIONS","LB","THIRAM",20100
"BEARING - APPLICATIONS","LB","TOTAL)",466900
"BEARING - APPLICATIONS","LB","TRIFLOXYSTROBIN",2000
"BEARING - APPLICATIONS","LB","TRIFLUMIZOLE",1900
"BEARING - APPLICATIONS","LB","FLUMIOXAZIN",100
"BEARING - APPLICATIONS","LB","OXYFLUORFEN",800
"BEARING - APPLICATIONS","LB","PENDIMETHALIN",2700
"BEARING - APPLICATIONS","LB","TOTAL)",7200
"BEARING - APPLICATIONS","LB","ACEQUINOCYL",1400
"BEARING - APPLICATIONS","LB","ACETAMIPRID",1200
"BEARING - APPLICATIONS","LB","BIFENAZATE",5100
"BEARING - APPLICATIONS","LB","BIFENTHRIN",1100
"BEARING - APPLICATIONS","LB","CHLORANTRANILIPROLE",600
"BEARING - APPLICATIONS","LB","CYFLUMETOFEN = 138831)",1800
"BEARING - APPLICATIONS","LB","EMAMECTIN BENZOATE",NA
"BEARING - APPLICATIONS","LB","FENPROPATHRIN",1100
"BEARING - APPLICATIONS","LB","FENPYROXIMATE",100
"BEARING - APPLICATIONS","LB","FLONICAMID",1300
"BEARING - APPLICATIONS","LB","FLUPYRADIFURONE",700
"BEARING - APPLICATIONS","LB","HEXYTHIAZOX",800
"BEARING - APPLICATIONS","LB","IMIDACLOPRID",4100
"BEARING - APPLICATIONS","LB","MALATHION",8000
"BEARING - APPLICATIONS","LB","METHOXYFENOZIDE",1000
"BEARING - APPLICATIONS","LB","NALED",5000
"BEARING - APPLICATIONS","LB","NEEM OIL, CLAR. HYD.",90500
"BEARING - APPLICATIONS","LB","NOVALURON",1700
"BEARING - APPLICATIONS","LB","PYRETHRINS",400
"BEARING - APPLICATIONS","LB","SPINETORAM",800
"BEARING - APPLICATIONS","LB","SPINOSAD",700
"BEARING - APPLICATIONS","LB","SPIROMESIFEN",1000
"BEARING - APPLICATIONS","LB","SPIROTETRAMAT",NA
"BEARING - APPLICATIONS","LB","TOTAL)",134400
"BEARING - APPLICATIONS","LB","CHLOROPICRIN",2749500
"BEARING - APPLICATIONS","LB","DICHLOROPROPENE",668000
"BEARING - APPLICATIONS","LB","FLUTRIAFOL",400
"BEARING - APPLICATIONS","LB","REYNOUTRIA SACHALINE",1700
"BEARING - APPLICATIONS","LB","TOTAL)",3586800
"BEARING - APPLICATIONS","LB / ACRE / APPLICATION","AZOXYSTROBIN",0.213
"BEARING - APPLICATIONS","LB / ACRE / APPLICATION","BOSCALID",0.358
"BEARING - APPLICATIONS","LB / ACRE / APPLICATION","CAPTAN",1.878
"BEARING - APPLICATIONS","LB / ACRE / APPLICATION","CYFLUFENAMID",0.022
"BEARING - APPLICATIONS","LB / ACRE / APPLICATION","FENHEXAMID",0.59
"BEARING - APPLICATIONS","LB / ACRE / APPLICATION","FLUDIOXONIL",0.214
"BEARING - APPLICATIONS","LB / ACRE / APPLICATION","FLUXAPYROXAD",0.17
"BEARING - APPLICATIONS","LB / ACRE / APPLICATION","MEFENOXAM",0.488
"BEARING - APPLICATIONS","LB / ACRE / APPLICATION","MYCLOBUTANIL",0.104
"BEARING - APPLICATIONS","LB / ACRE / APPLICATION","PENTHIOPYRAD",0.301
"BEARING - APPLICATIONS","LB / ACRE / APPLICATION","POLYOXIN D ZINC SALT",0.044
"BEARING - APPLICATIONS","LB / ACRE / APPLICATION","POTASSIUM BICARBON.",2.425
"BEARING - APPLICATIONS","LB / ACRE / APPLICATION","PYRACLOSTROBIN",0.171
"BEARING - APPLICATIONS","LB / ACRE / APPLICATION","PYRIMETHANIL",0.628
"BEARING - APPLICATIONS","LB / ACRE / APPLICATION","QUINOLINE",0.096
"BEARING - APPLICATIONS","LB / ACRE / APPLICATION","SULFUR",4.865
"BEARING - APPLICATIONS","LB / ACRE / APPLICATION","THIOPHANATE-METHYL",0.636
"BEARING - APPLICATIONS","LB / ACRE / APPLICATION","THIRAM",2.078
"BEARING - APPLICATIONS","LB / ACRE / APPLICATION","TRIFLOXYSTROBIN",0.114
"BEARING - APPLICATIONS","LB / ACRE / APPLICATION","TRIFLUMIZOLE",0.241
"BEARING - APPLICATIONS","LB / ACRE / APPLICATION","FLUMIOXAZIN",0.096
"BEARING - APPLICATIONS","LB / ACRE / APPLICATION","OXYFLUORFEN",0.353
"BEARING - APPLICATIONS","LB / ACRE / APPLICATION","PENDIMETHALIN",1.364
"BEARING - APPLICATIONS","LB / ACRE / APPLICATION","ACETAMIPRID",0.118
"BEARING - APPLICATIONS","LB / ACRE / APPLICATION","AZADIRACHTIN",0.032
"BEARING - APPLICATIONS","LB / ACRE / APPLICATION","BIFENAZATE",0.49
"BEARING - APPLICATIONS","LB / ACRE / APPLICATION","BIFENTHRIN",0.098
"BEARING - APPLICATIONS","LB / ACRE / APPLICATION","CHLORANTRANILIPROLE",0.071
"BEARING - APPLICATIONS","LB / ACRE / APPLICATION","CYFLUMETOFEN = 138831)",0.179
"BEARING - APPLICATIONS","LB / ACRE / APPLICATION","EMAMECTIN BENZOATE",NA
"BEARING - APPLICATIONS","LB / ACRE / APPLICATION","FENPYROXIMATE",0.105
"BEARING - APPLICATIONS","LB / ACRE / APPLICATION","FLONICAMID",0.082
"BEARING - APPLICATIONS","LB / ACRE / APPLICATION","FLUPYRADIFURONE",0.172
"BEARING - APPLICATIONS","LB / ACRE / APPLICATION","HEXYTHIAZOX",0.181
"BEARING - APPLICATIONS","LB / ACRE / APPLICATION","IMIDACLOPRID",0.5
"BEARING - APPLICATIONS","LB / ACRE / APPLICATION","MALATHION",1.799
"BEARING - APPLICATIONS","LB / ACRE / APPLICATION","METHOXYFENOZIDE",0.176
"BEARING - APPLICATIONS","LB / ACRE / APPLICATION","NALED",0.891
"BEARING - APPLICATIONS","LB / ACRE / APPLICATION","NEEM OIL, CLAR. HYD.",6.34
"BEARING - APPLICATIONS","LB / ACRE / APPLICATION","NOVALURON",0.073
"BEARING - APPLICATIONS","LB / ACRE / APPLICATION","PYRETHRINS",0.054
"BEARING - APPLICATIONS","LB / ACRE / APPLICATION","SPINOSAD",0.091
"BEARING - APPLICATIONS","LB / ACRE / APPLICATION","SPIROMESIFEN",0.25
"BEARING - APPLICATIONS","LB / ACRE / APPLICATION","SPIROTETRAMAT",NA
"BEARING - APPLICATIONS","LB / ACRE / APPLICATION","THIAMETHOXAM",0.06
"BEARING - APPLICATIONS","LB / ACRE / APPLICATION","CHLOROPICRIN",236.901
"BEARING - APPLICATIONS","LB / ACRE / APPLICATION","DICHLOROPROPENE",83.195
"BEARING - APPLICATIONS","LB / ACRE / APPLICATION","REYNOUTRIA SACHALINE",0.226
"BEARING - APPLICATIONS","LB / ACRE / YEAR","AZOXYSTROBIN",0.298
"BEARING - APPLICATIONS","LB / ACRE / YEAR","BOSCALID",0.565
"BEARING - APPLICATIONS","LB / ACRE / YEAR","CAPTAN",6.452
"BEARING - APPLICATIONS","LB / ACRE / YEAR","CYFLUFENAMID",0.026
"BEARING - APPLICATIONS","LB / ACRE / YEAR","CYPRODINIL",0.461
"BEARING - APPLICATIONS","LB / ACRE / YEAR","FENHEXAMID",1.005
"BEARING - APPLICATIONS","LB / ACRE / YEAR","FLUDIOXONIL",0.307
"BEARING - APPLICATIONS","LB / ACRE / YEAR","FLUOPYRAM",0.143
"BEARING - APPLICATIONS","LB / ACRE / YEAR","FLUXAPYROXAD",0.217
"BEARING - APPLICATIONS","LB / ACRE / YEAR","MEFENOXAM",0.711
"BEARING - APPLICATIONS","LB / ACRE / YEAR","MYCLOBUTANIL",0.167
"BEARING - APPLICATIONS","LB / ACRE / YEAR","PENTHIOPYRAD",0.402
"BEARING - APPLICATIONS","LB / ACRE / YEAR","POLYOXIN D ZINC SALT",0.05
"BEARING - APPLICATIONS","LB / ACRE / YEAR","POTASSIUM BICARBON.",3.52
"BEARING - APPLICATIONS","LB / ACRE / YEAR","PROPICONAZOLE",0.221
"BEARING - APPLICATIONS","LB / ACRE / YEAR","PYRACLOSTROBIN",0.305
"BEARING - APPLICATIONS","LB / ACRE / YEAR","PYRIMETHANIL",0.762
"BEARING - APPLICATIONS","LB / ACRE / YEAR","QUINOLINE",0.113
"BEARING - APPLICATIONS","LB / ACRE / YEAR","SULFUR",12.88
"BEARING - APPLICATIONS","LB / ACRE / YEAR","TETRACONAZOLE",0.055
"BEARING - APPLICATIONS","LB / ACRE / YEAR","THIOPHANATE-METHYL",0.827
"BEARING - APPLICATIONS","LB / ACRE / YEAR","THIRAM",4.285
"BEARING - APPLICATIONS","LB / ACRE / YEAR","TRIFLOXYSTROBIN",0.148
"BEARING - APPLICATIONS","LB / ACRE / YEAR","TRIFLUMIZOLE",0.396
"BEARING - APPLICATIONS","LB / ACRE / YEAR","FLUMIOXAZIN",0.105
"BEARING - APPLICATIONS","LB / ACRE / YEAR","OXYFLUORFEN",0.355
"BEARING - APPLICATIONS","LB / ACRE / YEAR","PENDIMETHALIN",1.944
"BEARING - APPLICATIONS","LB / ACRE / YEAR","ABAMECTIN",0.027
"BEARING - APPLICATIONS","LB / ACRE / YEAR","ACEQUINOCYL",0.364
"BEARING - APPLICATIONS","LB / ACRE / YEAR","ACETAMIPRID",0.165
"BEARING - APPLICATIONS","LB / ACRE / YEAR","AZADIRACHTIN",0.06
"BEARING - APPLICATIONS","LB / ACRE / YEAR","BIFENAZATE",0.645
"BEARING - APPLICATIONS","LB / ACRE / YEAR","BIFENTHRIN",0.163
"BEARING - APPLICATIONS","LB / ACRE / YEAR","CHLORANTRANILIPROLE",0.084
"BEARING - APPLICATIONS","LB / ACRE / YEAR","CYFLUMETOFEN = 138831)",0.24
"BEARING - APPLICATIONS","LB / ACRE / YEAR","EMAMECTIN BENZOATE",NA
"BEARING - APPLICATIONS","LB / ACRE / YEAR","FENPROPATHRIN",0.397
"BEARING - APPLICATIONS","LB / ACRE / YEAR","FLONICAMID",0.105
"BEARING - APPLICATIONS","LB / ACRE / YEAR","FLUPYRADIFURONE",0.234
"BEARING - APPLICATIONS","LB / ACRE / YEAR","HEXYTHIAZOX",0.212
"BEARING - APPLICATIONS","LB / ACRE / YEAR","IMIDACLOPRID",0.63
"BEARING - APPLICATIONS","LB / ACRE / YEAR","MALATHION",3.062
"BEARING - APPLICATIONS","LB / ACRE / YEAR","METHOXYFENOZIDE",0.214
"BEARING - APPLICATIONS","LB / ACRE / YEAR","NALED",1.091
"BEARING - APPLICATIONS","LB / ACRE / YEAR","NEEM OIL, CLAR. HYD.",10.762
"BEARING - APPLICATIONS","LB / ACRE / YEAR","NOVALURON",0.119
"BEARING - APPLICATIONS","LB / ACRE / YEAR","PYRETHRINS",0.137
"BEARING - APPLICATIONS","LB / ACRE / YEAR","SPINETORAM",0.083
"BEARING - APPLICATIONS","LB / ACRE / YEAR","SPINOSAD",0.104
"BEARING - APPLICATIONS","LB / ACRE / YEAR","SPIROMESIFEN",0.319
"BEARING - APPLICATIONS","LB / ACRE / YEAR","SPIROTETRAMAT",NA
"BEARING - APPLICATIONS","LB / ACRE / YEAR","THIAMETHOXAM",0.086
"BEARING - APPLICATIONS","LB / ACRE / YEAR","CHLOROPICRIN",256.687
"BEARING - APPLICATIONS","LB / ACRE / YEAR","DICHLOROPROPENE",85.17
"BEARING - APPLICATIONS","LB / ACRE / YEAR","FLUTRIAFOL",0.129
"BEARING - APPLICATIONS","LB / ACRE / YEAR","REYNOUTRIA SACHALINE",0.307
"BEARING - APPLICATIONS","NUMBER","BACILLUS AMYLOLIQUEFACIENS STRAIN D747",1.5
"BEARING - APPLICATIONS","NUMBER","BACILLUS SUBTILIS",2.4
"BEARING - APPLICATIONS","NUMBER","BOSCALID",1.6
"BEARING - APPLICATIONS","NUMBER","CAPTAN",3.4
"BEARING - APPLICATIONS","NUMBER","CYFLUFENAMID",1.2
"BEARING - APPLICATIONS","NUMBER","CYPRODINIL",1.4
"BEARING - APPLICATIONS","NUMBER","FENHEXAMID",1.7
"BEARING - APPLICATIONS","NUMBER","FLUDIOXONIL",1.4
"BEARING - APPLICATIONS","NUMBER","FLUOPYRAM",1.2
"BEARING - APPLICATIONS","NUMBER","FLUXAPYROXAD",1.3
"BEARING - APPLICATIONS","NUMBER","MYCLOBUTANIL",1.6
"BEARING - APPLICATIONS","NUMBER","POLYOXIN D ZINC SALT",1.1
"BEARING - APPLICATIONS","NUMBER","POTASSIUM BICARBON.",1.5
"BEARING - APPLICATIONS","NUMBER","PROPICONAZOLE",2
"BEARING - APPLICATIONS","NUMBER","PYRACLOSTROBIN",1.8
"BEARING - APPLICATIONS","NUMBER","PYRIMETHANIL",1.2
"BEARING - APPLICATIONS","NUMBER","QUINOLINE",1.2
"BEARING - APPLICATIONS","NUMBER","SULFUR",2.6
"BEARING - APPLICATIONS","NUMBER","THIOPHANATE-METHYL",1.3
"BEARING - APPLICATIONS","NUMBER","THIRAM",2.1
"BEARING - APPLICATIONS","NUMBER","TRIFLOXYSTROBIN",1.3
"BEARING - APPLICATIONS","NUMBER","TRIFLUMIZOLE",1.6
"BEARING - APPLICATIONS","NUMBER","FLUMIOXAZIN",1.1
"BEARING - APPLICATIONS","NUMBER","OXYFLUORFEN",1
"BEARING - APPLICATIONS","NUMBER","PENDIMETHALIN",1.4
"BEARING - APPLICATIONS","NUMBER","ACEQUINOCYL",1.2
"BEARING - APPLICATIONS","NUMBER","AZADIRACHTIN",1.9
"BEARING - APPLICATIONS","NUMBER","BIFENAZATE",1.3
"BEARING - APPLICATIONS","NUMBER","BIFENTHRIN",1.7
"BEARING - APPLICATIONS","NUMBER","BT KURSTAK ABTS-1857",1.2
"BEARING - APPLICATIONS","NUMBER","BT KURSTAKI ABTS-351",2.3
"BEARING - APPLICATIONS","NUMBER","BT KURSTAKI SA-11",1.1
"BEARING - APPLICATIONS","NUMBER","CHROMOBAC SUBTSUGAE PRAA4-1 CELLS AND SPENT MEDIA",1.1
"BEARING - APPLICATIONS","NUMBER","CYFLUMETOFEN = 138831)",1.3
"BEARING - APPLICATIONS","NUMBER","EMAMECTIN BENZOATE",NA
"BEARING - APPLICATIONS","NUMBER","FENPROPATHRIN",1.4
"BEARING - APPLICATIONS","NUMBER","FLONICAMID",1.3
"BEARING - APPLICATIONS","NUMBER","IMIDACLOPRID",1.3
"BEARING - APPLICATIONS","NUMBER","MALATHION",1.7
"BEARING - APPLICATIONS","NUMBER","METHOXYFENOZIDE",1.2
"BEARING - APPLICATIONS","NUMBER","NEEM OIL, CLAR. HYD.",1.7
"BEARING - APPLICATIONS","NUMBER","NOVALURON",1.6
"BEARING - APPLICATIONS","NUMBER","PYRETHRINS",2.5
"BEARING - APPLICATIONS","NUMBER","SPINETORAM",1.2
"BEARING - APPLICATIONS","NUMBER","SPIROTETRAMAT",NA
"BEARING - APPLICATIONS","NUMBER","DICHLOROPROPENE",1
"BEARING - APPLICATIONS","NUMBER","FLUTRIAFOL",1.1
"BEARING - APPLICATIONS","NUMBER","REYNOUTRIA SACHALINE",1.4
"BEARING - TREATED","PCT OF AREA BEARING","AZOXYSTROBIN",10
"BEARING - TREATED","PCT OF AREA BEARING","BACILLUS AMYLOLIQUEFACIENS STRAIN D747",14
"BEARING - TREATED","PCT OF AREA BEARING","BACILLUS SUBTILIS",1
"BEARING - TREATED","PCT OF AREA BEARING","BOSCALID",9
"BEARING - TREATED","PCT OF AREA BEARING","CAPTAN",41
"BEARING - TREATED","PCT OF AREA BEARING","CYFLUFENAMID",6
"BEARING - TREATED","PCT OF AREA BEARING","CYPRODINIL",30
"BEARING - TREATED","PCT OF AREA BEARING","FENHEXAMID",9
"BEARING - TREATED","PCT OF AREA BEARING","FLUDIOXONIL",30
"BEARING - TREATED","PCT OF AREA BEARING","FLUOPYRAM",32
"BEARING - TREATED","PCT OF AREA BEARING","FLUXAPYROXAD",14
"BEARING - TREATED","PCT OF AREA BEARING","MEFENOXAM",8
"BEARING - TREATED","PCT OF AREA BEARING","MYCLOBUTANIL",18
"BEARING - TREATED","PCT OF AREA BEARING","PENTHIOPYRAD",20
"BEARING - TREATED","PCT OF AREA BEARING","POLYOXIN D ZINC SALT",15
"BEARING - TREATED","PCT OF AREA BEARING","POTASSIUM BICARBON.",12
"BEARING - TREATED","PCT OF AREA BEARING","PROPICONAZOLE",12
"BEARING - TREATED","PCT OF AREA BEARING","PYRACLOSTROBIN",21
"BEARING - TREATED","PCT OF AREA BEARING","PYRIMETHANIL",10
"BEARING - TREATED","PCT OF AREA BEARING","QUINOLINE",23
"BEARING - TREATED","PCT OF AREA BEARING","SULFUR",64
"BEARING - TREATED","PCT OF AREA BEARING","TETRACONAZOLE",19
"BEARING - TREATED","PCT OF AREA BEARING","THIOPHANATE-METHYL",4
"BEARING - TREATED","PCT OF AREA BEARING","THIRAM",13
"BEARING - TREATED","PCT OF AREA BEARING","TRIFLOXYSTROBIN",37
"BEARING - TREATED","PCT OF AREA BEARING","TRIFLUMIZOLE",13
"BEARING - TREATED","PCT OF AREA BEARING","FLUMIOXAZIN",4
"BEARING - TREATED","PCT OF AREA BEARING","OXYFLUORFEN",6
"BEARING - TREATED","PCT OF AREA BEARING","PENDIMETHALIN",4
"BEARING - TREATED","PCT OF AREA BEARING","TOTAL)",7
"BEARING - TREATED","PCT OF AREA BEARING","ABAMECTIN",22
"BEARING - TREATED","PCT OF AREA BEARING","ACEQUINOCYL",10
"BEARING - TREATED","PCT OF AREA BEARING","AZADIRACHTIN",29
"BEARING - TREATED","PCT OF AREA BEARING","BIFENAZATE",22
"BEARING - TREATED","PCT OF AREA BEARING","BIFENTHRIN",19
"BEARING - TREATED","PCT OF AREA BEARING","BT KURSTAK ABTS-1857",16
"BEARING - TREATED","PCT OF AREA BEARING","BT KURSTAKI SA-11",23
"BEARING - TREATED","PCT OF AREA BEARING","CHLORANTRANILIPROLE",21
"BEARING - TREATED","PCT OF AREA BEARING","CHROMOBAC SUBTSUGAE PRAA4-1 CELLS AND SPENT MEDIA",4
"BEARING - TREATED","PCT OF AREA BEARING","CYFLUMETOFEN = 138831)",21
"BEARING - TREATED","PCT OF AREA BEARING","EMAMECTIN BENZOATE",NA
"BEARING - TREATED","PCT OF AREA BEARING","FENPROPATHRIN",8
"BEARING - TREATED","PCT OF AREA BEARING","FENPYROXIMATE",2
"BEARING - TREATED","PCT OF AREA BEARING","FLONICAMID",35
"BEARING - TREATED","PCT OF AREA BEARING","FLUPYRADIFURONE",9
"BEARING - TREATED","PCT OF AREA BEARING","HEXYTHIAZOX",11
"BEARING - TREATED","PCT OF AREA BEARING","IMIDACLOPRID",18
"BEARING - TREATED","PCT OF AREA BEARING","MALATHION",7
"BEARING - TREATED","PCT OF AREA BEARING","METHOXYFENOZIDE",13
"BEARING - TREATED","PCT OF AREA BEARING","NALED",13
"BEARING - TREATED","PCT OF AREA BEARING","NEEM OIL, CLAR. HYD.",23
"BEARING - TREATED","PCT OF AREA BEARING","NOVALURON",39
"BEARING - TREATED","PCT OF AREA BEARING","SPINETORAM",26
"BEARING - TREATED","PCT OF AREA BEARING","SPINOSAD",18
"BEARING - TREATED","PCT OF AREA BEARING","SPIROMESIFEN",9
"BEARING - TREATED","PCT OF AREA BEARING","SPIROTETRAMAT",NA
"BEARING - TREATED","PCT OF AREA BEARING","THIAMETHOXAM",12
"BEARING - TREATED","PCT OF AREA BEARING","CHLOROPICRIN",30
"BEARING - TREATED","PCT OF AREA BEARING","DICHLOROPROPENE",22
"BEARING - TREATED","PCT OF AREA BEARING","FLUTRIAFOL",9
"BEARING - TREATED","PCT OF AREA BEARING","REYNOUTRIA SACHALINE",15
"BEARING - TREATED","PCT OF AREA BEARING","TOTAL)",45
"BEARING - APPLICATIONS","LB","CAPTAN",87400
"BEARING - APPLICATIONS","LB","CYPRODINIL",3300
"BEARING - APPLICATIONS","LB","FLUDIOXONIL",1700
"BEARING - APPLICATIONS","LB","THIRAM",22500
"BEARING - APPLICATIONS","LB","TOTAL)",128400
"BEARING - APPLICATIONS","LB","TOTAL)",NA
"BEARING - APPLICATIONS","LB","FLONICAMID",NA
"BEARING - APPLICATIONS","LB","MUSTARD OIL",NA
"BEARING - APPLICATIONS","LB","NOVALURON",NA
"BEARING - APPLICATIONS","LB","TOTAL)",102700
"BEARING - APPLICATIONS","LB","DIMETHYL DISULFIDE DMDS)",NA
"BEARING - APPLICATIONS","LB / ACRE / APPLICATION","CAPTAN",1.858
"BEARING - APPLICATIONS","LB / ACRE / APPLICATION","CYPRODINIL",0.33
"BEARING - APPLICATIONS","LB / ACRE / APPLICATION","FLUDIOXONIL",0.221
"BEARING - APPLICATIONS","LB / ACRE / APPLICATION","THIRAM",1.632
"BEARING - APPLICATIONS","LB / ACRE / APPLICATION","ABAMECTIN",NA
"BEARING - APPLICATIONS","LB / ACRE / APPLICATION","FLONICAMID",NA
"BEARING - APPLICATIONS","LB / ACRE / APPLICATION","MUSTARD OIL",NA
"BEARING - APPLICATIONS","LB / ACRE / APPLICATION","NOVALURON",NA
"BEARING - APPLICATIONS","LB / ACRE / APPLICATION","DIMETHYL DISULFIDE DMDS)",NA
"BEARING - APPLICATIONS","LB / ACRE / YEAR","CAPTAN",9.193
"BEARING - APPLICATIONS","LB / ACRE / YEAR","CYPRODINIL",0.997
"BEARING - APPLICATIONS","LB / ACRE / YEAR","FLUDIOXONIL",0.501
"BEARING - APPLICATIONS","LB / ACRE / YEAR","THIRAM",6.049
"BEARING - APPLICATIONS","LB / ACRE / YEAR","ABAMECTIN",NA
"BEARING - APPLICATIONS","LB / ACRE / YEAR","FLONICAMID",NA
"BEARING - APPLICATIONS","LB / ACRE / YEAR","MUSTARD OIL",NA
"BEARING - APPLICATIONS","LB / ACRE / YEAR","NOVALURON",NA
"BEARING - APPLICATIONS","LB / ACRE / YEAR","DIMETHYL DISULFIDE DMDS)",NA
"BEARING - APPLICATIONS","NUMBER","CAPTAN",4.9
"BEARING - APPLICATIONS","NUMBER","CYPRODINIL",3
"BEARING - APPLICATIONS","NUMBER","FLUDIOXONIL",2.3
"BEARING - APPLICATIONS","NUMBER","THIRAM",3.7
"BEARING - APPLICATIONS","NUMBER","ABAMECTIN",NA
"BEARING - APPLICATIONS","NUMBER","FLONICAMID",NA
"BEARING - APPLICATIONS","NUMBER","MUSTARD OIL",NA
"BEARING - APPLICATIONS","NUMBER","NOVALURON",NA
"BEARING - APPLICATIONS","NUMBER","DIMETHYL DISULFIDE DMDS)",NA
"BEARING - TREATED","PCT OF AREA BEARING","CYPRODINIL",33
"BEARING - TREATED","PCT OF AREA BEARING","FLUDIOXONIL",33
"BEARING - TREATED","PCT OF AREA BEARING","THIRAM",37
"BEARING - TREATED","PCT OF AREA BEARING","TOTAL)",NA
"BEARING - TREATED","PCT OF AREA BEARING","ABAMECTIN",NA
"BEARING - TREATED","PCT OF AREA BEARING","FLONICAMID",NA
"BEARING - TREATED","PCT OF AREA BEARING","MUSTARD OIL",NA
"BEARING - TREATED","PCT OF AREA BEARING","NOVALURON",NA
"BEARING - TREATED","PCT OF AREA BEARING","TOTAL)",37
"BEARING - TREATED","PCT OF AREA BEARING","DIMETHYL DISULFIDE DMDS)",NA
