"State","Year","mkt","measure","type","use","name","code","Value"
"CALIFORNIA",2023,NA,"LB","CHEMICAL","FUNGICIDE","OXATHIAPIPROLIN",128111,NA
"CALIFORNIA",2023,NA,"LB","CHEMICAL","INSECTICIDE","CYCLANILIPROLE",26202,NA
"CALIFORNIA",2023,NA,"LB","CHEMICAL","INSECTICIDE","PERMETHRIN",109701,NA
"CALIFORNIA",2023,NA,"LB","CHEMICAL","OTHER","ISARIA FUMOSOROSEA STRAIN FE 9901",115003,NA
"CALIFORNIA",2023,NA,"LB / ACRE / APPLICATION","CHEMICAL","FUNGICIDE","OXATHIAPIPROLIN",128111,NA
"CALIFORNIA",2023,NA,"LB / ACRE / APPLICATION","CHEMICAL","INSECTICIDE","CYCLANILIPROLE",26202,NA
"CALIFORNIA",2023,NA,"LB / ACRE / APPLICATION","CHEMICAL","INSECTICIDE","PERMETHRIN",109701,NA
"CALIFORNIA",2023,NA,"LB / ACRE / APPLICATION","CHEMICAL","OTHER","ISARIA FUMOSOROSEA STRAIN FE 9901",115003,NA
"CALIFORNIA",2023,NA,"LB / ACRE / YEAR","CHEMICAL","FUNGICIDE","OXATHIAPIPROLIN",128111,NA
"CALIFORNIA",2023,NA,"LB / ACRE / YEAR","CHEMICAL","INSECTICIDE","CYCLANILIPROLE",26202,NA
"CALIFORNIA",2023,NA,"LB / ACRE / YEAR","CHEMICAL","INSECTICIDE","PERMETHRIN",109701,NA
"CALIFORNIA",2023,NA,"LB / ACRE / YEAR","CHEMICAL","OTHER","ISARIA FUMOSOROSEA STRAIN FE 9901",115003,NA
"CALIFORNIA",2023,NA,"NUMBER","CHEMICAL","FUNGICIDE","OXATHIAPIPROLIN",128111,NA
"CALIFORNIA",2023,NA,"NUMBER","CHEMICAL","INSECTICIDE","CYCLANILIPROLE",26202,NA
"CALIFORNIA",2023,NA,"NUMBER","CHEMICAL","INSECTICIDE","PERMETHRIN",109701,NA
"CALIFORNIA",2023,NA,"NUMBER","CHEMICAL","OTHER","ISARIA FUMOSOROSEA STRAIN FE 9901",115003,NA
"CALIFORNIA",2023,NA,"PCT OF AREA BEARING","CHEMICAL","FUNGICIDE","OXATHIAPIPROLIN",128111,NA
"CALIFORNIA",2023,NA,"PCT OF AREA BEARING","CHEMICAL","INSECTICIDE","CYCLANILIPROLE",26202,NA
"CALIFORNIA",2023,NA,"PCT OF AREA BEARING","CHEMICAL","INSECTICIDE","PERMETHRIN",109701,NA
"CALIFORNIA",2023,NA,"PCT OF AREA BEARING","CHEMICAL","OTHER","ISARIA FUMOSOROSEA STRAIN FE 9901",115003,NA
"CALIFORNIA",2023,"BEARING - APPLICATIONS","LB","CHEMICAL","FUNGICIDE","AZOXYSTROBIN",128810,3300
"CALIFORNIA",2023,"BEARING - APPLICATIONS","LB","CHEMICAL","FUNGICIDE","BACILLUS AMYLOLIQUEFACIENS STRAIN D747",16482,NA
"CALIFORNIA",2023,"BEARING - APPLICATIONS","LB","CHEMICAL","FUNGICIDE","BACILLUS SUBTILIS",6479,NA
"CALIFORNIA",2023,"BEARING - APPLICATIONS","LB","CHEMICAL","FUNGICIDE","BLAD",30006,NA
"CALIFORNIA",2023,"BEARING - APPLICATIONS","LB","CHEMICAL","FUNGICIDE","BORAX DECAHYDRATE",11102,2800
"CALIFORNIA",2023,"BEARING - APPLICATIONS","LB","CHEMICAL","FUNGICIDE","BOSCALID",128008,6600
"CALIFORNIA",2023,"BEARING - APPLICATIONS","LB","CHEMICAL","FUNGICIDE","BT SUBSP KURSTAKI EVB-113-19",6544,NA
"CALIFORNIA",2023,"BEARING - APPLICATIONS","LB","CHEMICAL","FUNGICIDE","CAPTAN",81301,603100
"CALIFORNIA",2023,"BEARING - APPLICATIONS","LB","CHEMICAL","FUNGICIDE","CYFLUFENAMID",555550,NA
"CALIFORNIA",2023,"BEARING - APPLICATIONS","LB","CHEMICAL","FUNGICIDE","CYPRODINIL",288202,30300
"CALIFORNIA",2023,"BEARING - APPLICATIONS","LB","CHEMICAL","FUNGICIDE","DIFENOCONAZOLE",128847,NA
"CALIFORNIA",2023,"BEARING - APPLICATIONS","LB","CHEMICAL","FUNGICIDE","FENHEXAMID",90209,8600
"CALIFORNIA",2023,"BEARING - APPLICATIONS","LB","CHEMICAL","FUNGICIDE","FLUDIOXONIL",71503,22400
"CALIFORNIA",2023,"BEARING - APPLICATIONS","LB","CHEMICAL","FUNGICIDE","FLUOPYRAM",80302,14600
"CALIFORNIA",2023,"BEARING - APPLICATIONS","LB","CHEMICAL","FUNGICIDE","FLUXAPYROXAD",138009,7100
"CALIFORNIA",2023,"BEARING - APPLICATIONS","LB","CHEMICAL","FUNGICIDE","FOSETYL-AL",123301,NA
"CALIFORNIA",2023,"BEARING - APPLICATIONS","LB","CHEMICAL","FUNGICIDE","ISOFETAMID",270000,NA
"CALIFORNIA",2023,"BEARING - APPLICATIONS","LB","CHEMICAL","FUNGICIDE","MEFENOXAM",113502,7200
"CALIFORNIA",2023,"BEARING - APPLICATIONS","LB","CHEMICAL","FUNGICIDE","MONO-POTASSIUM SALT",76416,NA
"CALIFORNIA",2023,"BEARING - APPLICATIONS","LB","CHEMICAL","FUNGICIDE","MYCLOBUTANIL",128857,10800
"CALIFORNIA",2023,"BEARING - APPLICATIONS","LB","CHEMICAL","FUNGICIDE","PENTHIOPYRAD",90112,4000
"CALIFORNIA",2023,"BEARING - APPLICATIONS","LB","CHEMICAL","FUNGICIDE","POLYOXIN D ZINC SALT",230000,3300
"CALIFORNIA",2023,"BEARING - APPLICATIONS","LB","CHEMICAL","FUNGICIDE","PROPICONAZOLE",122101,2300
"CALIFORNIA",2023,"BEARING - APPLICATIONS","LB","CHEMICAL","FUNGICIDE","PYDIFLUMETOFEN",90110,NA
"CALIFORNIA",2023,"BEARING - APPLICATIONS","LB","CHEMICAL","FUNGICIDE","PYRACLOSTROBIN",99100,10600
"CALIFORNIA",2023,"BEARING - APPLICATIONS","LB","CHEMICAL","FUNGICIDE","PYRIMETHANIL",288201,8300
"CALIFORNIA",2023,"BEARING - APPLICATIONS","LB","CHEMICAL","FUNGICIDE","QUINOLINE",55459,3600
"CALIFORNIA",2023,"BEARING - APPLICATIONS","LB","CHEMICAL","FUNGICIDE","SULFUR",77501,1258100
"CALIFORNIA",2023,"BEARING - APPLICATIONS","LB","CHEMICAL","FUNGICIDE","TETRACONAZOLE",120603,1300
"CALIFORNIA",2023,"BEARING - APPLICATIONS","LB","CHEMICAL","FUNGICIDE","THIOPHANATE-METHYL",102001,10600
"CALIFORNIA",2023,"BEARING - APPLICATIONS","LB","CHEMICAL","FUNGICIDE","THIRAM",79801,269500
"CALIFORNIA",2023,"BEARING - APPLICATIONS","LB","CHEMICAL","FUNGICIDE","TOTAL)",NA,2338800
"CALIFORNIA",2023,"BEARING - APPLICATIONS","LB","CHEMICAL","FUNGICIDE","TRIFLOXYSTROBIN",129112,14600
"CALIFORNIA",2023,"BEARING - APPLICATIONS","LB","CHEMICAL","FUNGICIDE","TRIFLUMIZOLE",128879,NA
"CALIFORNIA",2023,"BEARING - APPLICATIONS","LB","CHEMICAL","HERBICIDE","CARFENTRAZONE-ETHYL",128712,NA
"CALIFORNIA",2023,"BEARING - APPLICATIONS","LB","CHEMICAL","HERBICIDE","FLUMIOXAZIN",129034,3900
"CALIFORNIA",2023,"BEARING - APPLICATIONS","LB","CHEMICAL","HERBICIDE","OXYFLUORFEN",111601,NA
"CALIFORNIA",2023,"BEARING - APPLICATIONS","LB","CHEMICAL","HERBICIDE","PENDIMETHALIN",108501,71400
"CALIFORNIA",2023,"BEARING - APPLICATIONS","LB","CHEMICAL","HERBICIDE","TOTAL)",NA,89700
"CALIFORNIA",2023,"BEARING - APPLICATIONS","LB","CHEMICAL","INSECTICIDE","ABAMECTIN",122804,300
"CALIFORNIA",2023,"BEARING - APPLICATIONS","LB","CHEMICAL","INSECTICIDE","ACEQUINOCYL",6329,12800
"CALIFORNIA",2023,"BEARING - APPLICATIONS","LB","CHEMICAL","INSECTICIDE","ACETAMIPRID",99050,3300
"CALIFORNIA",2023,"BEARING - APPLICATIONS","LB","CHEMICAL","INSECTICIDE","AZADIRACHTIN",121701,2800
"CALIFORNIA",2023,"BEARING - APPLICATIONS","LB","CHEMICAL","INSECTICIDE","BEAUVERIA BASSIANA",128924,NA
"CALIFORNIA",2023,"BEARING - APPLICATIONS","LB","CHEMICAL","INSECTICIDE","BIFENAZATE",586,28700
"CALIFORNIA",2023,"BEARING - APPLICATIONS","LB","CHEMICAL","INSECTICIDE","BIFENTHRIN",128825,4600
"CALIFORNIA",2023,"BEARING - APPLICATIONS","LB","CHEMICAL","INSECTICIDE","BT KURSTAK ABTS-1857",6523,NA
"CALIFORNIA",2023,"BEARING - APPLICATIONS","LB","CHEMICAL","INSECTICIDE","BT KURSTAKI ABTS-351",6522,NA
"CALIFORNIA",2023,"BEARING - APPLICATIONS","LB","CHEMICAL","INSECTICIDE","BT KURSTAKI SA-11",6519,NA
"CALIFORNIA",2023,"BEARING - APPLICATIONS","LB","CHEMICAL","INSECTICIDE","CANOLA OIL",11332,NA
"CALIFORNIA",2023,"BEARING - APPLICATIONS","LB","CHEMICAL","INSECTICIDE","CHLORANTRANILIPROLE",90100,2000
"CALIFORNIA",2023,"BEARING - APPLICATIONS","LB","CHEMICAL","INSECTICIDE","CHROMOBAC SUBTSUGAE PRAA4-1 CELLS AND SPENT MEDIA",16329,NA
"CALIFORNIA",2023,"BEARING - APPLICATIONS","LB","CHEMICAL","INSECTICIDE","CYANTRANILIPROLE",90098,1700
"CALIFORNIA",2023,"BEARING - APPLICATIONS","LB","CHEMICAL","INSECTICIDE","CYFLUMETOFEN",138831,7600
"CALIFORNIA",2023,"BEARING - APPLICATIONS","LB","CHEMICAL","INSECTICIDE","ETOXAZOLE",107091,NA
"CALIFORNIA",2023,"BEARING - APPLICATIONS","LB","CHEMICAL","INSECTICIDE","FENBUTATIN-OXIDE",104601,NA
"CALIFORNIA",2023,"BEARING - APPLICATIONS","LB","CHEMICAL","INSECTICIDE","FENPROPATHRIN",127901,6600
"CALIFORNIA",2023,"BEARING - APPLICATIONS","LB","CHEMICAL","INSECTICIDE","FENPYROXIMATE",129131,NA
"CALIFORNIA",2023,"BEARING - APPLICATIONS","LB","CHEMICAL","INSECTICIDE","FLONICAMID",128016,6200
"CALIFORNIA",2023,"BEARING - APPLICATIONS","LB","CHEMICAL","INSECTICIDE","FLUPYRADIFURONE",122304,5000
"CALIFORNIA",2023,"BEARING - APPLICATIONS","LB","CHEMICAL","INSECTICIDE","HEXYTHIAZOX",128849,5400
"CALIFORNIA",2023,"BEARING - APPLICATIONS","LB","CHEMICAL","INSECTICIDE","IMIDACLOPRID",129099,3100
"CALIFORNIA",2023,"BEARING - APPLICATIONS","LB","CHEMICAL","INSECTICIDE","LAMBDA-CYHALOTHRIN",128897,NA
"CALIFORNIA",2023,"BEARING - APPLICATIONS","LB","CHEMICAL","INSECTICIDE","MALATHION",57701,19400
"CALIFORNIA",2023,"BEARING - APPLICATIONS","LB","CHEMICAL","INSECTICIDE","METHOXYFENOZIDE",121027,7900
"CALIFORNIA",2023,"BEARING - APPLICATIONS","LB","CHEMICAL","INSECTICIDE","NALED",34401,NA
"CALIFORNIA",2023,"BEARING - APPLICATIONS","LB","CHEMICAL","INSECTICIDE","NEEM OIL",25006,NA
"CALIFORNIA",2023,"BEARING - APPLICATIONS","LB","CHEMICAL","INSECTICIDE","NEEM OIL, CLAR. HYD.",25007,NA
"CALIFORNIA",2023,"BEARING - APPLICATIONS","LB","CHEMICAL","INSECTICIDE","NOVALURON",124002,5600
"CALIFORNIA",2023,"BEARING - APPLICATIONS","LB","CHEMICAL","INSECTICIDE","PIPERONYL BUTOXIDE",67501,NA
"CALIFORNIA",2023,"BEARING - APPLICATIONS","LB","CHEMICAL","INSECTICIDE","PYRETHRINS",69001,NA
"CALIFORNIA",2023,"BEARING - APPLICATIONS","LB","CHEMICAL","INSECTICIDE","PYRIDABEN",129105,NA
"CALIFORNIA",2023,"BEARING - APPLICATIONS","LB","CHEMICAL","INSECTICIDE","SPINETORAM",110007,3800
"CALIFORNIA",2023,"BEARING - APPLICATIONS","LB","CHEMICAL","INSECTICIDE","SPINOSAD",110003,2000
"CALIFORNIA",2023,"BEARING - APPLICATIONS","LB","CHEMICAL","INSECTICIDE","THIAMETHOXAM",60109,1300
"CALIFORNIA",2023,"BEARING - APPLICATIONS","LB","CHEMICAL","INSECTICIDE","TOTAL)",NA,231600
"CALIFORNIA",2023,"BEARING - APPLICATIONS","LB","CHEMICAL","OTHER","ACIBENZOLAR-S-METHYL",61402,NA
"CALIFORNIA",2023,"BEARING - APPLICATIONS","LB","CHEMICAL","OTHER","CAPSICUM OLEORESIN EXTRACT",70704,NA
"CALIFORNIA",2023,"BEARING - APPLICATIONS","LB","CHEMICAL","OTHER","CHLOROPICRIN",81501,11299000
"CALIFORNIA",2023,"BEARING - APPLICATIONS","LB","CHEMICAL","OTHER","DICHLOROPROPENE",29001,1642600
"CALIFORNIA",2023,"BEARING - APPLICATIONS","LB","CHEMICAL","OTHER","FLUTRIAFOL",128940,3900
"CALIFORNIA",2023,"BEARING - APPLICATIONS","LB","CHEMICAL","OTHER","GARLIC OIL",128827,NA
"CALIFORNIA",2023,"BEARING - APPLICATIONS","LB","CHEMICAL","OTHER","HYDROGEN PEROXIDE",595,NA
"CALIFORNIA",2023,"BEARING - APPLICATIONS","LB","CHEMICAL","OTHER","IRON PHOSPHATE",34903,NA
"CALIFORNIA",2023,"BEARING - APPLICATIONS","LB","CHEMICAL","OTHER","METALDEHYDE",53001,NA
"CALIFORNIA",2023,"BEARING - APPLICATIONS","LB","CHEMICAL","OTHER","METAM-POTASSIUM",39002,NA
"CALIFORNIA",2023,"BEARING - APPLICATIONS","LB","CHEMICAL","OTHER","METAM-SODIUM",39003,NA
"CALIFORNIA",2023,"BEARING - APPLICATIONS","LB","CHEMICAL","OTHER","PEROXYACETIC ACID",63201,NA
"CALIFORNIA",2023,"BEARING - APPLICATIONS","LB","CHEMICAL","OTHER","PSEUDOMONAS CHLORORAPHIS STRAIN AFS009",6800,NA
"CALIFORNIA",2023,"BEARING - APPLICATIONS","LB","CHEMICAL","OTHER","REYNOUTRIA SACHALINE",55809,NA
"CALIFORNIA",2023,"BEARING - APPLICATIONS","LB","CHEMICAL","OTHER","TOTAL)",NA,15611900
"CALIFORNIA",2023,"BEARING - APPLICATIONS","LB / ACRE / APPLICATION","CHEMICAL","FUNGICIDE","AZOXYSTROBIN",128810,0.234
"CALIFORNIA",2023,"BEARING - APPLICATIONS","LB / ACRE / APPLICATION","CHEMICAL","FUNGICIDE","BACILLUS AMYLOLIQUEFACIENS STRAIN D747",16482,NA
"CALIFORNIA",2023,"BEARING - APPLICATIONS","LB / ACRE / APPLICATION","CHEMICAL","FUNGICIDE","BACILLUS SUBTILIS",6479,NA
"CALIFORNIA",2023,"BEARING - APPLICATIONS","LB / ACRE / APPLICATION","CHEMICAL","FUNGICIDE","BLAD",30006,NA
"CALIFORNIA",2023,"BEARING - APPLICATIONS","LB / ACRE / APPLICATION","CHEMICAL","FUNGICIDE","BORAX DECAHYDRATE",11102,0.042
"CALIFORNIA",2023,"BEARING - APPLICATIONS","LB / ACRE / APPLICATION","CHEMICAL","FUNGICIDE","BOSCALID",128008,0.354
"CALIFORNIA",2023,"BEARING - APPLICATIONS","LB / ACRE / APPLICATION","CHEMICAL","FUNGICIDE","BT SUBSP KURSTAKI EVB-113-19",6544,NA
"CALIFORNIA",2023,"BEARING - APPLICATIONS","LB / ACRE / APPLICATION","CHEMICAL","FUNGICIDE","CAPTAN",81301,1.693
"CALIFORNIA",2023,"BEARING - APPLICATIONS","LB / ACRE / APPLICATION","CHEMICAL","FUNGICIDE","CYFLUFENAMID",555550,NA
"CALIFORNIA",2023,"BEARING - APPLICATIONS","LB / ACRE / APPLICATION","CHEMICAL","FUNGICIDE","CYPRODINIL",288202,0.316
"CALIFORNIA",2023,"BEARING - APPLICATIONS","LB / ACRE / APPLICATION","CHEMICAL","FUNGICIDE","DIFENOCONAZOLE",128847,NA
"CALIFORNIA",2023,"BEARING - APPLICATIONS","LB / ACRE / APPLICATION","CHEMICAL","FUNGICIDE","FENHEXAMID",90209,0.659
"CALIFORNIA",2023,"BEARING - APPLICATIONS","LB / ACRE / APPLICATION","CHEMICAL","FUNGICIDE","FLUDIOXONIL",71503,0.211
"CALIFORNIA",2023,"BEARING - APPLICATIONS","LB / ACRE / APPLICATION","CHEMICAL","FUNGICIDE","FLUOPYRAM",80302,0.119
"CALIFORNIA",2023,"BEARING - APPLICATIONS","LB / ACRE / APPLICATION","CHEMICAL","FUNGICIDE","FLUXAPYROXAD",138009,0.161
"CALIFORNIA",2023,"BEARING - APPLICATIONS","LB / ACRE / APPLICATION","CHEMICAL","FUNGICIDE","FOSETYL-AL",123301,NA
"CALIFORNIA",2023,"BEARING - APPLICATIONS","LB / ACRE / APPLICATION","CHEMICAL","FUNGICIDE","ISOFETAMID",270000,NA
"CALIFORNIA",2023,"BEARING - APPLICATIONS","LB / ACRE / APPLICATION","CHEMICAL","FUNGICIDE","MEFENOXAM",113502,0.5
"CALIFORNIA",2023,"BEARING - APPLICATIONS","LB / ACRE / APPLICATION","CHEMICAL","FUNGICIDE","MONO-POTASSIUM SALT",76416,NA
"CALIFORNIA",2023,"BEARING - APPLICATIONS","LB / ACRE / APPLICATION","CHEMICAL","FUNGICIDE","MYCLOBUTANIL",128857,0.105
"CALIFORNIA",2023,"BEARING - APPLICATIONS","LB / ACRE / APPLICATION","CHEMICAL","FUNGICIDE","PENTHIOPYRAD",90112,0.271
"CALIFORNIA",2023,"BEARING - APPLICATIONS","LB / ACRE / APPLICATION","CHEMICAL","FUNGICIDE","POLYOXIN D ZINC SALT",230000,0.061
"CALIFORNIA",2023,"BEARING - APPLICATIONS","LB / ACRE / APPLICATION","CHEMICAL","FUNGICIDE","PROPICONAZOLE",122101,0.112
"CALIFORNIA",2023,"BEARING - APPLICATIONS","LB / ACRE / APPLICATION","CHEMICAL","FUNGICIDE","PYDIFLUMETOFEN",90110,NA
"CALIFORNIA",2023,"BEARING - APPLICATIONS","LB / ACRE / APPLICATION","CHEMICAL","FUNGICIDE","PYRACLOSTROBIN",99100,0.167
"CALIFORNIA",2023,"BEARING - APPLICATIONS","LB / ACRE / APPLICATION","CHEMICAL","FUNGICIDE","PYRIMETHANIL",288201,0.658
"CALIFORNIA",2023,"BEARING - APPLICATIONS","LB / ACRE / APPLICATION","CHEMICAL","FUNGICIDE","QUINOLINE",55459,0.095
"CALIFORNIA",2023,"BEARING - APPLICATIONS","LB / ACRE / APPLICATION","CHEMICAL","FUNGICIDE","SULFUR",77501,5.471
"CALIFORNIA",2023,"BEARING - APPLICATIONS","LB / ACRE / APPLICATION","CHEMICAL","FUNGICIDE","TETRACONAZOLE",120603,0.036
"CALIFORNIA",2023,"BEARING - APPLICATIONS","LB / ACRE / APPLICATION","CHEMICAL","FUNGICIDE","THIOPHANATE-METHYL",102001,0.695
"CALIFORNIA",2023,"BEARING - APPLICATIONS","LB / ACRE / APPLICATION","CHEMICAL","FUNGICIDE","THIRAM",79801,2.201
"CALIFORNIA",2023,"BEARING - APPLICATIONS","LB / ACRE / APPLICATION","CHEMICAL","FUNGICIDE","TRIFLOXYSTROBIN",129112,0.119
"CALIFORNIA",2023,"BEARING - APPLICATIONS","LB / ACRE / APPLICATION","CHEMICAL","FUNGICIDE","TRIFLUMIZOLE",128879,NA
"CALIFORNIA",2023,"BEARING - APPLICATIONS","LB / ACRE / APPLICATION","CHEMICAL","HERBICIDE","CARFENTRAZONE-ETHYL",128712,NA
"CALIFORNIA",2023,"BEARING - APPLICATIONS","LB / ACRE / APPLICATION","CHEMICAL","HERBICIDE","FLUMIOXAZIN",129034,0.078
"CALIFORNIA",2023,"BEARING - APPLICATIONS","LB / ACRE / APPLICATION","CHEMICAL","HERBICIDE","OXYFLUORFEN",111601,NA
"CALIFORNIA",2023,"BEARING - APPLICATIONS","LB / ACRE / APPLICATION","CHEMICAL","HERBICIDE","PENDIMETHALIN",108501,0.923
"CALIFORNIA",2023,"BEARING - APPLICATIONS","LB / ACRE / APPLICATION","CHEMICAL","INSECTICIDE","ABAMECTIN",122804,0.019
"CALIFORNIA",2023,"BEARING - APPLICATIONS","LB / ACRE / APPLICATION","CHEMICAL","INSECTICIDE","ACEQUINOCYL",6329,0.299
"CALIFORNIA",2023,"BEARING - APPLICATIONS","LB / ACRE / APPLICATION","CHEMICAL","INSECTICIDE","ACETAMIPRID",99050,0.129
"CALIFORNIA",2023,"BEARING - APPLICATIONS","LB / ACRE / APPLICATION","CHEMICAL","INSECTICIDE","AZADIRACHTIN",121701,0.03
"CALIFORNIA",2023,"BEARING - APPLICATIONS","LB / ACRE / APPLICATION","CHEMICAL","INSECTICIDE","BEAUVERIA BASSIANA",128924,NA
"CALIFORNIA",2023,"BEARING - APPLICATIONS","LB / ACRE / APPLICATION","CHEMICAL","INSECTICIDE","BIFENAZATE",586,0.5
"CALIFORNIA",2023,"BEARING - APPLICATIONS","LB / ACRE / APPLICATION","CHEMICAL","INSECTICIDE","BIFENTHRIN",128825,0.116
"CALIFORNIA",2023,"BEARING - APPLICATIONS","LB / ACRE / APPLICATION","CHEMICAL","INSECTICIDE","BT KURSTAK ABTS-1857",6523,NA
"CALIFORNIA",2023,"BEARING - APPLICATIONS","LB / ACRE / APPLICATION","CHEMICAL","INSECTICIDE","BT KURSTAKI ABTS-351",6522,NA
"CALIFORNIA",2023,"BEARING - APPLICATIONS","LB / ACRE / APPLICATION","CHEMICAL","INSECTICIDE","BT KURSTAKI SA-11",6519,NA
"CALIFORNIA",2023,"BEARING - APPLICATIONS","LB / ACRE / APPLICATION","CHEMICAL","INSECTICIDE","CANOLA OIL",11332,NA
"CALIFORNIA",2023,"BEARING - APPLICATIONS","LB / ACRE / APPLICATION","CHEMICAL","INSECTICIDE","CHLORANTRANILIPROLE",90100,0.063
"CALIFORNIA",2023,"BEARING - APPLICATIONS","LB / ACRE / APPLICATION","CHEMICAL","INSECTICIDE","CHROMOBAC SUBTSUGAE PRAA4-1 CELLS AND SPENT MEDIA",16329,NA
"CALIFORNIA",2023,"BEARING - APPLICATIONS","LB / ACRE / APPLICATION","CHEMICAL","INSECTICIDE","CYANTRANILIPROLE",90098,0.117
"CALIFORNIA",2023,"BEARING - APPLICATIONS","LB / ACRE / APPLICATION","CHEMICAL","INSECTICIDE","CYFLUMETOFEN",138831,0.178
"CALIFORNIA",2023,"BEARING - APPLICATIONS","LB / ACRE / APPLICATION","CHEMICAL","INSECTICIDE","ETOXAZOLE",107091,NA
"CALIFORNIA",2023,"BEARING - APPLICATIONS","LB / ACRE / APPLICATION","CHEMICAL","INSECTICIDE","FENBUTATIN-OXIDE",104601,NA
"CALIFORNIA",2023,"BEARING - APPLICATIONS","LB / ACRE / APPLICATION","CHEMICAL","INSECTICIDE","FENPROPATHRIN",127901,0.26
"CALIFORNIA",2023,"BEARING - APPLICATIONS","LB / ACRE / APPLICATION","CHEMICAL","INSECTICIDE","FENPYROXIMATE",129131,NA
"CALIFORNIA",2023,"BEARING - APPLICATIONS","LB / ACRE / APPLICATION","CHEMICAL","INSECTICIDE","FLONICAMID",128016,0.087
"CALIFORNIA",2023,"BEARING - APPLICATIONS","LB / ACRE / APPLICATION","CHEMICAL","INSECTICIDE","FLUPYRADIFURONE",122304,0.182
"CALIFORNIA",2023,"BEARING - APPLICATIONS","LB / ACRE / APPLICATION","CHEMICAL","INSECTICIDE","HEXYTHIAZOX",128849,0.186
"CALIFORNIA",2023,"BEARING - APPLICATIONS","LB / ACRE / APPLICATION","CHEMICAL","INSECTICIDE","IMIDACLOPRID",129099,0.457
"CALIFORNIA",2023,"BEARING - APPLICATIONS","LB / ACRE / APPLICATION","CHEMICAL","INSECTICIDE","LAMBDA-CYHALOTHRIN",128897,NA
"CALIFORNIA",2023,"BEARING - APPLICATIONS","LB / ACRE / APPLICATION","CHEMICAL","INSECTICIDE","MALATHION",57701,1.807
"CALIFORNIA",2023,"BEARING - APPLICATIONS","LB / ACRE / APPLICATION","CHEMICAL","INSECTICIDE","METHOXYFENOZIDE",121027,0.169
"CALIFORNIA",2023,"BEARING - APPLICATIONS","LB / ACRE / APPLICATION","CHEMICAL","INSECTICIDE","NALED",34401,NA
"CALIFORNIA",2023,"BEARING - APPLICATIONS","LB / ACRE / APPLICATION","CHEMICAL","INSECTICIDE","NEEM OIL",25006,NA
"CALIFORNIA",2023,"BEARING - APPLICATIONS","LB / ACRE / APPLICATION","CHEMICAL","INSECTICIDE","NEEM OIL, CLAR. HYD.",25007,NA
"CALIFORNIA",2023,"BEARING - APPLICATIONS","LB / ACRE / APPLICATION","CHEMICAL","INSECTICIDE","NOVALURON",124002,0.077
"CALIFORNIA",2023,"BEARING - APPLICATIONS","LB / ACRE / APPLICATION","CHEMICAL","INSECTICIDE","PIPERONYL BUTOXIDE",67501,NA
"CALIFORNIA",2023,"BEARING - APPLICATIONS","LB / ACRE / APPLICATION","CHEMICAL","INSECTICIDE","PYRETHRINS",69001,NA
"CALIFORNIA",2023,"BEARING - APPLICATIONS","LB / ACRE / APPLICATION","CHEMICAL","INSECTICIDE","PYRIDABEN",129105,NA
"CALIFORNIA",2023,"BEARING - APPLICATIONS","LB / ACRE / APPLICATION","CHEMICAL","INSECTICIDE","SPINETORAM",110007,0.071
"CALIFORNIA",2023,"BEARING - APPLICATIONS","LB / ACRE / APPLICATION","CHEMICAL","INSECTICIDE","SPINOSAD",110003,0.094
"CALIFORNIA",2023,"BEARING - APPLICATIONS","LB / ACRE / APPLICATION","CHEMICAL","INSECTICIDE","THIAMETHOXAM",60109,0.062
"CALIFORNIA",2023,"BEARING - APPLICATIONS","LB / ACRE / APPLICATION","CHEMICAL","OTHER","ACIBENZOLAR-S-METHYL",61402,NA
"CALIFORNIA",2023,"BEARING - APPLICATIONS","LB / ACRE / APPLICATION","CHEMICAL","OTHER","CAPSICUM OLEORESIN EXTRACT",70704,NA
"CALIFORNIA",2023,"BEARING - APPLICATIONS","LB / ACRE / APPLICATION","CHEMICAL","OTHER","CHLOROPICRIN",81501,188.284
"CALIFORNIA",2023,"BEARING - APPLICATIONS","LB / ACRE / APPLICATION","CHEMICAL","OTHER","DICHLOROPROPENE",29001,111.391
"CALIFORNIA",2023,"BEARING - APPLICATIONS","LB / ACRE / APPLICATION","CHEMICAL","OTHER","FLUTRIAFOL",128940,0.114
"CALIFORNIA",2023,"BEARING - APPLICATIONS","LB / ACRE / APPLICATION","CHEMICAL","OTHER","GARLIC OIL",128827,NA
"CALIFORNIA",2023,"BEARING - APPLICATIONS","LB / ACRE / APPLICATION","CHEMICAL","OTHER","HYDROGEN PEROXIDE",595,NA
"CALIFORNIA",2023,"BEARING - APPLICATIONS","LB / ACRE / APPLICATION","CHEMICAL","OTHER","IRON PHOSPHATE",34903,NA
"CALIFORNIA",2023,"BEARING - APPLICATIONS","LB / ACRE / APPLICATION","CHEMICAL","OTHER","METALDEHYDE",53001,NA
"CALIFORNIA",2023,"BEARING - APPLICATIONS","LB / ACRE / APPLICATION","CHEMICAL","OTHER","METAM-POTASSIUM",39002,NA
"CALIFORNIA",2023,"BEARING - APPLICATIONS","LB / ACRE / APPLICATION","CHEMICAL","OTHER","METAM-SODIUM",39003,NA
"CALIFORNIA",2023,"BEARING - APPLICATIONS","LB / ACRE / APPLICATION","CHEMICAL","OTHER","PEROXYACETIC ACID",63201,NA
"CALIFORNIA",2023,"BEARING - APPLICATIONS","LB / ACRE / APPLICATION","CHEMICAL","OTHER","PSEUDOMONAS CHLORORAPHIS STRAIN AFS009",6800,NA
"CALIFORNIA",2023,"BEARING - APPLICATIONS","LB / ACRE / APPLICATION","CHEMICAL","OTHER","REYNOUTRIA SACHALINE",55809,NA
"CALIFORNIA",2023,"BEARING - APPLICATIONS","LB / ACRE / YEAR","CHEMICAL","FUNGICIDE","AZOXYSTROBIN",128810,0.326
"CALIFORNIA",2023,"BEARING - APPLICATIONS","LB / ACRE / YEAR","CHEMICAL","FUNGICIDE","BACILLUS AMYLOLIQUEFACIENS STRAIN D747",16482,NA
"CALIFORNIA",2023,"BEARING - APPLICATIONS","LB / ACRE / YEAR","CHEMICAL","FUNGICIDE","BACILLUS SUBTILIS",6479,NA
"CALIFORNIA",2023,"BEARING - APPLICATIONS","LB / ACRE / YEAR","CHEMICAL","FUNGICIDE","BLAD",30006,NA
"CALIFORNIA",2023,"BEARING - APPLICATIONS","LB / ACRE / YEAR","CHEMICAL","FUNGICIDE","BORAX DECAHYDRATE",11102,0.093
"CALIFORNIA",2023,"BEARING - APPLICATIONS","LB / ACRE / YEAR","CHEMICAL","FUNGICIDE","BOSCALID",128008,0.885
"CALIFORNIA",2023,"BEARING - APPLICATIONS","LB / ACRE / YEAR","CHEMICAL","FUNGICIDE","BT SUBSP KURSTAKI EVB-113-19",6544,NA
"CALIFORNIA",2023,"BEARING - APPLICATIONS","LB / ACRE / YEAR","CHEMICAL","FUNGICIDE","CAPTAN",81301,15.932
"CALIFORNIA",2023,"BEARING - APPLICATIONS","LB / ACRE / YEAR","CHEMICAL","FUNGICIDE","CYFLUFENAMID",555550,NA
"CALIFORNIA",2023,"BEARING - APPLICATIONS","LB / ACRE / YEAR","CHEMICAL","FUNGICIDE","CYPRODINIL",288202,0.872
"CALIFORNIA",2023,"BEARING - APPLICATIONS","LB / ACRE / YEAR","CHEMICAL","FUNGICIDE","DIFENOCONAZOLE",128847,NA
"CALIFORNIA",2023,"BEARING - APPLICATIONS","LB / ACRE / YEAR","CHEMICAL","FUNGICIDE","FENHEXAMID",90209,0.753
"CALIFORNIA",2023,"BEARING - APPLICATIONS","LB / ACRE / YEAR","CHEMICAL","FUNGICIDE","FLUDIOXONIL",71503,0.599
"CALIFORNIA",2023,"BEARING - APPLICATIONS","LB / ACRE / YEAR","CHEMICAL","FUNGICIDE","FLUOPYRAM",80302,0.389
"CALIFORNIA",2023,"BEARING - APPLICATIONS","LB / ACRE / YEAR","CHEMICAL","FUNGICIDE","FLUXAPYROXAD",138009,0.294
"CALIFORNIA",2023,"BEARING - APPLICATIONS","LB / ACRE / YEAR","CHEMICAL","FUNGICIDE","FOSETYL-AL",123301,NA
"CALIFORNIA",2023,"BEARING - APPLICATIONS","LB / ACRE / YEAR","CHEMICAL","FUNGICIDE","ISOFETAMID",270000,NA
"CALIFORNIA",2023,"BEARING - APPLICATIONS","LB / ACRE / YEAR","CHEMICAL","FUNGICIDE","MEFENOXAM",113502,0.727
"CALIFORNIA",2023,"BEARING - APPLICATIONS","LB / ACRE / YEAR","CHEMICAL","FUNGICIDE","MONO-POTASSIUM SALT",76416,NA
"CALIFORNIA",2023,"BEARING - APPLICATIONS","LB / ACRE / YEAR","CHEMICAL","FUNGICIDE","MYCLOBUTANIL",128857,0.546
"CALIFORNIA",2023,"BEARING - APPLICATIONS","LB / ACRE / YEAR","CHEMICAL","FUNGICIDE","PENTHIOPYRAD",90112,0.49
"CALIFORNIA",2023,"BEARING - APPLICATIONS","LB / ACRE / YEAR","CHEMICAL","FUNGICIDE","POLYOXIN D ZINC SALT",230000,0.109
"CALIFORNIA",2023,"BEARING - APPLICATIONS","LB / ACRE / YEAR","CHEMICAL","FUNGICIDE","PROPICONAZOLE",122101,0.174
"CALIFORNIA",2023,"BEARING - APPLICATIONS","LB / ACRE / YEAR","CHEMICAL","FUNGICIDE","PYDIFLUMETOFEN",90110,NA
"CALIFORNIA",2023,"BEARING - APPLICATIONS","LB / ACRE / YEAR","CHEMICAL","FUNGICIDE","PYRACLOSTROBIN",99100,0.355
"CALIFORNIA",2023,"BEARING - APPLICATIONS","LB / ACRE / YEAR","CHEMICAL","FUNGICIDE","PYRIMETHANIL",288201,1.036
"CALIFORNIA",2023,"BEARING - APPLICATIONS","LB / ACRE / YEAR","CHEMICAL","FUNGICIDE","QUINOLINE",55459,0.193
"CALIFORNIA",2023,"BEARING - APPLICATIONS","LB / ACRE / YEAR","CHEMICAL","FUNGICIDE","SULFUR",77501,38.761
"CALIFORNIA",2023,"BEARING - APPLICATIONS","LB / ACRE / YEAR","CHEMICAL","FUNGICIDE","TETRACONAZOLE",120603,0.059
"CALIFORNIA",2023,"BEARING - APPLICATIONS","LB / ACRE / YEAR","CHEMICAL","FUNGICIDE","THIOPHANATE-METHYL",102001,1.667
"CALIFORNIA",2023,"BEARING - APPLICATIONS","LB / ACRE / YEAR","CHEMICAL","FUNGICIDE","THIRAM",79801,8.873
"CALIFORNIA",2023,"BEARING - APPLICATIONS","LB / ACRE / YEAR","CHEMICAL","FUNGICIDE","TRIFLOXYSTROBIN",129112,0.39
"CALIFORNIA",2023,"BEARING - APPLICATIONS","LB / ACRE / YEAR","CHEMICAL","FUNGICIDE","TRIFLUMIZOLE",128879,NA
"CALIFORNIA",2023,"BEARING - APPLICATIONS","LB / ACRE / YEAR","CHEMICAL","HERBICIDE","CARFENTRAZONE-ETHYL",128712,NA
"CALIFORNIA",2023,"BEARING - APPLICATIONS","LB / ACRE / YEAR","CHEMICAL","HERBICIDE","FLUMIOXAZIN",129034,0.315
"CALIFORNIA",2023,"BEARING - APPLICATIONS","LB / ACRE / YEAR","CHEMICAL","HERBICIDE","OXYFLUORFEN",111601,NA
"CALIFORNIA",2023,"BEARING - APPLICATIONS","LB / ACRE / YEAR","CHEMICAL","HERBICIDE","PENDIMETHALIN",108501,5.892
"CALIFORNIA",2023,"BEARING - APPLICATIONS","LB / ACRE / YEAR","CHEMICAL","INSECTICIDE","ABAMECTIN",122804,0.025
"CALIFORNIA",2023,"BEARING - APPLICATIONS","LB / ACRE / YEAR","CHEMICAL","INSECTICIDE","ACEQUINOCYL",6329,0.65
"CALIFORNIA",2023,"BEARING - APPLICATIONS","LB / ACRE / YEAR","CHEMICAL","INSECTICIDE","ACETAMIPRID",99050,0.181
"CALIFORNIA",2023,"BEARING - APPLICATIONS","LB / ACRE / YEAR","CHEMICAL","INSECTICIDE","AZADIRACHTIN",121701,0.114
"CALIFORNIA",2023,"BEARING - APPLICATIONS","LB / ACRE / YEAR","CHEMICAL","INSECTICIDE","BEAUVERIA BASSIANA",128924,NA
"CALIFORNIA",2023,"BEARING - APPLICATIONS","LB / ACRE / YEAR","CHEMICAL","INSECTICIDE","BIFENAZATE",586,1.094
"CALIFORNIA",2023,"BEARING - APPLICATIONS","LB / ACRE / YEAR","CHEMICAL","INSECTICIDE","BIFENTHRIN",128825,0.178
"CALIFORNIA",2023,"BEARING - APPLICATIONS","LB / ACRE / YEAR","CHEMICAL","INSECTICIDE","BT KURSTAK ABTS-1857",6523,NA
"CALIFORNIA",2023,"BEARING - APPLICATIONS","LB / ACRE / YEAR","CHEMICAL","INSECTICIDE","BT KURSTAKI ABTS-351",6522,NA
"CALIFORNIA",2023,"BEARING - APPLICATIONS","LB / ACRE / YEAR","CHEMICAL","INSECTICIDE","BT KURSTAKI SA-11",6519,NA
"CALIFORNIA",2023,"BEARING - APPLICATIONS","LB / ACRE / YEAR","CHEMICAL","INSECTICIDE","CANOLA OIL",11332,NA
"CALIFORNIA",2023,"BEARING - APPLICATIONS","LB / ACRE / YEAR","CHEMICAL","INSECTICIDE","CHLORANTRANILIPROLE",90100,0.158
"CALIFORNIA",2023,"BEARING - APPLICATIONS","LB / ACRE / YEAR","CHEMICAL","INSECTICIDE","CHROMOBAC SUBTSUGAE PRAA4-1 CELLS AND SPENT MEDIA",16329,NA
"CALIFORNIA",2023,"BEARING - APPLICATIONS","LB / ACRE / YEAR","CHEMICAL","INSECTICIDE","CYANTRANILIPROLE",90098,0.241
"CALIFORNIA",2023,"BEARING - APPLICATIONS","LB / ACRE / YEAR","CHEMICAL","INSECTICIDE","CYFLUMETOFEN",138831,0.397
"CALIFORNIA",2023,"BEARING - APPLICATIONS","LB / ACRE / YEAR","CHEMICAL","INSECTICIDE","ETOXAZOLE",107091,NA
"CALIFORNIA",2023,"BEARING - APPLICATIONS","LB / ACRE / YEAR","CHEMICAL","INSECTICIDE","FENBUTATIN-OXIDE",104601,NA
"CALIFORNIA",2023,"BEARING - APPLICATIONS","LB / ACRE / YEAR","CHEMICAL","INSECTICIDE","FENPROPATHRIN",127901,0.327
"CALIFORNIA",2023,"BEARING - APPLICATIONS","LB / ACRE / YEAR","CHEMICAL","INSECTICIDE","FENPYROXIMATE",129131,NA
"CALIFORNIA",2023,"BEARING - APPLICATIONS","LB / ACRE / YEAR","CHEMICAL","INSECTICIDE","FLONICAMID",128016,0.197
"CALIFORNIA",2023,"BEARING - APPLICATIONS","LB / ACRE / YEAR","CHEMICAL","INSECTICIDE","FLUPYRADIFURONE",122304,0.317
"CALIFORNIA",2023,"BEARING - APPLICATIONS","LB / ACRE / YEAR","CHEMICAL","INSECTICIDE","HEXYTHIAZOX",128849,0.227
"CALIFORNIA",2023,"BEARING - APPLICATIONS","LB / ACRE / YEAR","CHEMICAL","INSECTICIDE","IMIDACLOPRID",129099,0.496
"CALIFORNIA",2023,"BEARING - APPLICATIONS","LB / ACRE / YEAR","CHEMICAL","INSECTICIDE","LAMBDA-CYHALOTHRIN",128897,NA
"CALIFORNIA",2023,"BEARING - APPLICATIONS","LB / ACRE / YEAR","CHEMICAL","INSECTICIDE","MALATHION",57701,2.398
"CALIFORNIA",2023,"BEARING - APPLICATIONS","LB / ACRE / YEAR","CHEMICAL","INSECTICIDE","METHOXYFENOZIDE",121027,0.276
"CALIFORNIA",2023,"BEARING - APPLICATIONS","LB / ACRE / YEAR","CHEMICAL","INSECTICIDE","NALED",34401,NA
"CALIFORNIA",2023,"BEARING - APPLICATIONS","LB / ACRE / YEAR","CHEMICAL","INSECTICIDE","NEEM OIL",25006,NA
"CALIFORNIA",2023,"BEARING - APPLICATIONS","LB / ACRE / YEAR","CHEMICAL","INSECTICIDE","NEEM OIL, CLAR. HYD.",25007,NA
"CALIFORNIA",2023,"BEARING - APPLICATIONS","LB / ACRE / YEAR","CHEMICAL","INSECTICIDE","NOVALURON",124002,0.232
"CALIFORNIA",2023,"BEARING - APPLICATIONS","LB / ACRE / YEAR","CHEMICAL","INSECTICIDE","PIPERONYL BUTOXIDE",67501,NA
"CALIFORNIA",2023,"BEARING - APPLICATIONS","LB / ACRE / YEAR","CHEMICAL","INSECTICIDE","PYRETHRINS",69001,NA
"CALIFORNIA",2023,"BEARING - APPLICATIONS","LB / ACRE / YEAR","CHEMICAL","INSECTICIDE","PYRIDABEN",129105,NA
"CALIFORNIA",2023,"BEARING - APPLICATIONS","LB / ACRE / YEAR","CHEMICAL","INSECTICIDE","SPINETORAM",110007,0.125
"CALIFORNIA",2023,"BEARING - APPLICATIONS","LB / ACRE / YEAR","CHEMICAL","INSECTICIDE","SPINOSAD",110003,0.173
"CALIFORNIA",2023,"BEARING - APPLICATIONS","LB / ACRE / YEAR","CHEMICAL","INSECTICIDE","THIAMETHOXAM",60109,0.092
"CALIFORNIA",2023,"BEARING - APPLICATIONS","LB / ACRE / YEAR","CHEMICAL","OTHER","ACIBENZOLAR-S-METHYL",61402,NA
"CALIFORNIA",2023,"BEARING - APPLICATIONS","LB / ACRE / YEAR","CHEMICAL","OTHER","CAPSICUM OLEORESIN EXTRACT",70704,NA
"CALIFORNIA",2023,"BEARING - APPLICATIONS","LB / ACRE / YEAR","CHEMICAL","OTHER","CHLOROPICRIN",81501,442.413
"CALIFORNIA",2023,"BEARING - APPLICATIONS","LB / ACRE / YEAR","CHEMICAL","OTHER","DICHLOROPROPENE",29001,131.091
"CALIFORNIA",2023,"BEARING - APPLICATIONS","LB / ACRE / YEAR","CHEMICAL","OTHER","FLUTRIAFOL",128940,0.218
"CALIFORNIA",2023,"BEARING - APPLICATIONS","LB / ACRE / YEAR","CHEMICAL","OTHER","GARLIC OIL",128827,NA
"CALIFORNIA",2023,"BEARING - APPLICATIONS","LB / ACRE / YEAR","CHEMICAL","OTHER","HYDROGEN PEROXIDE",595,NA
"CALIFORNIA",2023,"BEARING - APPLICATIONS","LB / ACRE / YEAR","CHEMICAL","OTHER","IRON PHOSPHATE",34903,NA
"CALIFORNIA",2023,"BEARING - APPLICATIONS","LB / ACRE / YEAR","CHEMICAL","OTHER","METALDEHYDE",53001,NA
"CALIFORNIA",2023,"BEARING - APPLICATIONS","LB / ACRE / YEAR","CHEMICAL","OTHER","METAM-POTASSIUM",39002,NA
"CALIFORNIA",2023,"BEARING - APPLICATIONS","LB / ACRE / YEAR","CHEMICAL","OTHER","METAM-SODIUM",39003,NA
"CALIFORNIA",2023,"BEARING - APPLICATIONS","LB / ACRE / YEAR","CHEMICAL","OTHER","PEROXYACETIC ACID",63201,NA
"CALIFORNIA",2023,"BEARING - APPLICATIONS","LB / ACRE / YEAR","CHEMICAL","OTHER","PSEUDOMONAS CHLORORAPHIS STRAIN AFS009",6800,NA
"CALIFORNIA",2023,"BEARING - APPLICATIONS","LB / ACRE / YEAR","CHEMICAL","OTHER","REYNOUTRIA SACHALINE",55809,NA
"CALIFORNIA",2023,"BEARING - APPLICATIONS","NUMBER","CHEMICAL","FUNGICIDE","AZOXYSTROBIN",128810,1.4
"CALIFORNIA",2023,"BEARING - APPLICATIONS","NUMBER","CHEMICAL","FUNGICIDE","BACILLUS AMYLOLIQUEFACIENS STRAIN D747",16482,NA
"CALIFORNIA",2023,"BEARING - APPLICATIONS","NUMBER","CHEMICAL","FUNGICIDE","BACILLUS SUBTILIS",6479,NA
"CALIFORNIA",2023,"BEARING - APPLICATIONS","NUMBER","CHEMICAL","FUNGICIDE","BLAD",30006,NA
"CALIFORNIA",2023,"BEARING - APPLICATIONS","NUMBER","CHEMICAL","FUNGICIDE","BORAX DECAHYDRATE",11102,2.2
"CALIFORNIA",2023,"BEARING - APPLICATIONS","NUMBER","CHEMICAL","FUNGICIDE","BOSCALID",128008,2.5
"CALIFORNIA",2023,"BEARING - APPLICATIONS","NUMBER","CHEMICAL","FUNGICIDE","BT SUBSP KURSTAKI EVB-113-19",6544,NA
"CALIFORNIA",2023,"BEARING - APPLICATIONS","NUMBER","CHEMICAL","FUNGICIDE","CAPTAN",81301,9.4
"CALIFORNIA",2023,"BEARING - APPLICATIONS","NUMBER","CHEMICAL","FUNGICIDE","CYFLUFENAMID",555550,NA
"CALIFORNIA",2023,"BEARING - APPLICATIONS","NUMBER","CHEMICAL","FUNGICIDE","CYPRODINIL",288202,2.8
"CALIFORNIA",2023,"BEARING - APPLICATIONS","NUMBER","CHEMICAL","FUNGICIDE","DIFENOCONAZOLE",128847,NA
"CALIFORNIA",2023,"BEARING - APPLICATIONS","NUMBER","CHEMICAL","FUNGICIDE","FENHEXAMID",90209,1.1
"CALIFORNIA",2023,"BEARING - APPLICATIONS","NUMBER","CHEMICAL","FUNGICIDE","FLUDIOXONIL",71503,2.8
"CALIFORNIA",2023,"BEARING - APPLICATIONS","NUMBER","CHEMICAL","FUNGICIDE","FLUOPYRAM",80302,3.3
"CALIFORNIA",2023,"BEARING - APPLICATIONS","NUMBER","CHEMICAL","FUNGICIDE","FLUXAPYROXAD",138009,1.8
"CALIFORNIA",2023,"BEARING - APPLICATIONS","NUMBER","CHEMICAL","FUNGICIDE","FOSETYL-AL",123301,NA
"CALIFORNIA",2023,"BEARING - APPLICATIONS","NUMBER","CHEMICAL","FUNGICIDE","ISOFETAMID",270000,NA
"CALIFORNIA",2023,"BEARING - APPLICATIONS","NUMBER","CHEMICAL","FUNGICIDE","MEFENOXAM",113502,1.5
"CALIFORNIA",2023,"BEARING - APPLICATIONS","NUMBER","CHEMICAL","FUNGICIDE","MONO-POTASSIUM SALT",76416,NA
"CALIFORNIA",2023,"BEARING - APPLICATIONS","NUMBER","CHEMICAL","FUNGICIDE","MYCLOBUTANIL",128857,5.2
"CALIFORNIA",2023,"BEARING - APPLICATIONS","NUMBER","CHEMICAL","FUNGICIDE","PENTHIOPYRAD",90112,1.8
"CALIFORNIA",2023,"BEARING - APPLICATIONS","NUMBER","CHEMICAL","FUNGICIDE","POLYOXIN D ZINC SALT",230000,1.8
"CALIFORNIA",2023,"BEARING - APPLICATIONS","NUMBER","CHEMICAL","FUNGICIDE","PROPICONAZOLE",122101,1.6
"CALIFORNIA",2023,"BEARING - APPLICATIONS","NUMBER","CHEMICAL","FUNGICIDE","PYDIFLUMETOFEN",90110,NA
"CALIFORNIA",2023,"BEARING - APPLICATIONS","NUMBER","CHEMICAL","FUNGICIDE","PYRACLOSTROBIN",99100,2.1
"CALIFORNIA",2023,"BEARING - APPLICATIONS","NUMBER","CHEMICAL","FUNGICIDE","PYRIMETHANIL",288201,1.6
"CALIFORNIA",2023,"BEARING - APPLICATIONS","NUMBER","CHEMICAL","FUNGICIDE","QUINOLINE",55459,2
"CALIFORNIA",2023,"BEARING - APPLICATIONS","NUMBER","CHEMICAL","FUNGICIDE","SULFUR",77501,7.1
"CALIFORNIA",2023,"BEARING - APPLICATIONS","NUMBER","CHEMICAL","FUNGICIDE","TETRACONAZOLE",120603,1.6
"CALIFORNIA",2023,"BEARING - APPLICATIONS","NUMBER","CHEMICAL","FUNGICIDE","THIOPHANATE-METHYL",102001,2.4
"CALIFORNIA",2023,"BEARING - APPLICATIONS","NUMBER","CHEMICAL","FUNGICIDE","THIRAM",79801,4
"CALIFORNIA",2023,"BEARING - APPLICATIONS","NUMBER","CHEMICAL","FUNGICIDE","TRIFLOXYSTROBIN",129112,3.3
"CALIFORNIA",2023,"BEARING - APPLICATIONS","NUMBER","CHEMICAL","FUNGICIDE","TRIFLUMIZOLE",128879,NA
"CALIFORNIA",2023,"BEARING - APPLICATIONS","NUMBER","CHEMICAL","HERBICIDE","CARFENTRAZONE-ETHYL",128712,NA
"CALIFORNIA",2023,"BEARING - APPLICATIONS","NUMBER","CHEMICAL","HERBICIDE","FLUMIOXAZIN",129034,4.1
"CALIFORNIA",2023,"BEARING - APPLICATIONS","NUMBER","CHEMICAL","HERBICIDE","OXYFLUORFEN",111601,NA
"CALIFORNIA",2023,"BEARING - APPLICATIONS","NUMBER","CHEMICAL","HERBICIDE","PENDIMETHALIN",108501,6.4
"CALIFORNIA",2023,"BEARING - APPLICATIONS","NUMBER","CHEMICAL","INSECTICIDE","ABAMECTIN",122804,1.3
"CALIFORNIA",2023,"BEARING - APPLICATIONS","NUMBER","CHEMICAL","INSECTICIDE","ACEQUINOCYL",6329,2.2
"CALIFORNIA",2023,"BEARING - APPLICATIONS","NUMBER","CHEMICAL","INSECTICIDE","ACETAMIPRID",99050,1.4
"CALIFORNIA",2023,"BEARING - APPLICATIONS","NUMBER","CHEMICAL","INSECTICIDE","AZADIRACHTIN",121701,3.8
"CALIFORNIA",2023,"BEARING - APPLICATIONS","NUMBER","CHEMICAL","INSECTICIDE","BEAUVERIA BASSIANA",128924,NA
"CALIFORNIA",2023,"BEARING - APPLICATIONS","NUMBER","CHEMICAL","INSECTICIDE","BIFENAZATE",586,2.2
"CALIFORNIA",2023,"BEARING - APPLICATIONS","NUMBER","CHEMICAL","INSECTICIDE","BIFENTHRIN",128825,1.5
"CALIFORNIA",2023,"BEARING - APPLICATIONS","NUMBER","CHEMICAL","INSECTICIDE","BT KURSTAK ABTS-1857",6523,NA
"CALIFORNIA",2023,"BEARING - APPLICATIONS","NUMBER","CHEMICAL","INSECTICIDE","BT KURSTAKI ABTS-351",6522,1.5
"CALIFORNIA",2023,"BEARING - APPLICATIONS","NUMBER","CHEMICAL","INSECTICIDE","BT KURSTAKI SA-11",6519,3.1
"CALIFORNIA",2023,"BEARING - APPLICATIONS","NUMBER","CHEMICAL","INSECTICIDE","CANOLA OIL",11332,NA
"CALIFORNIA",2023,"BEARING - APPLICATIONS","NUMBER","CHEMICAL","INSECTICIDE","CHLORANTRANILIPROLE",90100,2.5
"CALIFORNIA",2023,"BEARING - APPLICATIONS","NUMBER","CHEMICAL","INSECTICIDE","CHROMOBAC SUBTSUGAE PRAA4-1 CELLS AND SPENT MEDIA",16329,NA
"CALIFORNIA",2023,"BEARING - APPLICATIONS","NUMBER","CHEMICAL","INSECTICIDE","CYANTRANILIPROLE",90098,2.1
"CALIFORNIA",2023,"BEARING - APPLICATIONS","NUMBER","CHEMICAL","INSECTICIDE","CYFLUMETOFEN",138831,2.2
"CALIFORNIA",2023,"BEARING - APPLICATIONS","NUMBER","CHEMICAL","INSECTICIDE","ETOXAZOLE",107091,NA
"CALIFORNIA",2023,"BEARING - APPLICATIONS","NUMBER","CHEMICAL","INSECTICIDE","FENBUTATIN-OXIDE",104601,NA
"CALIFORNIA",2023,"BEARING - APPLICATIONS","NUMBER","CHEMICAL","INSECTICIDE","FENPROPATHRIN",127901,1.3
"CALIFORNIA",2023,"BEARING - APPLICATIONS","NUMBER","CHEMICAL","INSECTICIDE","FENPYROXIMATE",129131,NA
"CALIFORNIA",2023,"BEARING - APPLICATIONS","NUMBER","CHEMICAL","INSECTICIDE","FLONICAMID",128016,2.3
"CALIFORNIA",2023,"BEARING - APPLICATIONS","NUMBER","CHEMICAL","INSECTICIDE","FLUPYRADIFURONE",122304,1.7
"CALIFORNIA",2023,"BEARING - APPLICATIONS","NUMBER","CHEMICAL","INSECTICIDE","HEXYTHIAZOX",128849,1.2
"CALIFORNIA",2023,"BEARING - APPLICATIONS","NUMBER","CHEMICAL","INSECTICIDE","IMIDACLOPRID",129099,1.1
"CALIFORNIA",2023,"BEARING - APPLICATIONS","NUMBER","CHEMICAL","INSECTICIDE","LAMBDA-CYHALOTHRIN",128897,NA
"CALIFORNIA",2023,"BEARING - APPLICATIONS","NUMBER","CHEMICAL","INSECTICIDE","MALATHION",57701,1.3
"CALIFORNIA",2023,"BEARING - APPLICATIONS","NUMBER","CHEMICAL","INSECTICIDE","METHOXYFENOZIDE",121027,1.6
"CALIFORNIA",2023,"BEARING - APPLICATIONS","NUMBER","CHEMICAL","INSECTICIDE","NALED",34401,NA
"CALIFORNIA",2023,"BEARING - APPLICATIONS","NUMBER","CHEMICAL","INSECTICIDE","NEEM OIL",25006,NA
"CALIFORNIA",2023,"BEARING - APPLICATIONS","NUMBER","CHEMICAL","INSECTICIDE","NEEM OIL, CLAR. HYD.",25007,NA
"CALIFORNIA",2023,"BEARING - APPLICATIONS","NUMBER","CHEMICAL","INSECTICIDE","NOVALURON",124002,3
"CALIFORNIA",2023,"BEARING - APPLICATIONS","NUMBER","CHEMICAL","INSECTICIDE","PIPERONYL BUTOXIDE",67501,NA
"CALIFORNIA",2023,"BEARING - APPLICATIONS","NUMBER","CHEMICAL","INSECTICIDE","PYRETHRINS",69001,NA
"CALIFORNIA",2023,"BEARING - APPLICATIONS","NUMBER","CHEMICAL","INSECTICIDE","PYRIDABEN",129105,NA
"CALIFORNIA",2023,"BEARING - APPLICATIONS","NUMBER","CHEMICAL","INSECTICIDE","SPINETORAM",110007,1.8
"CALIFORNIA",2023,"BEARING - APPLICATIONS","NUMBER","CHEMICAL","INSECTICIDE","SPINOSAD",110003,1.8
"CALIFORNIA",2023,"BEARING - APPLICATIONS","NUMBER","CHEMICAL","INSECTICIDE","THIAMETHOXAM",60109,1.5
"CALIFORNIA",2023,"BEARING - APPLICATIONS","NUMBER","CHEMICAL","OTHER","ACIBENZOLAR-S-METHYL",61402,NA
"CALIFORNIA",2023,"BEARING - APPLICATIONS","NUMBER","CHEMICAL","OTHER","CAPSICUM OLEORESIN EXTRACT",70704,NA
"CALIFORNIA",2023,"BEARING - APPLICATIONS","NUMBER","CHEMICAL","OTHER","CHLOROPICRIN",81501,2.3
"CALIFORNIA",2023,"BEARING - APPLICATIONS","NUMBER","CHEMICAL","OTHER","DICHLOROPROPENE",29001,1.2
"CALIFORNIA",2023,"BEARING - APPLICATIONS","NUMBER","CHEMICAL","OTHER","FLUTRIAFOL",128940,1.9
"CALIFORNIA",2023,"BEARING - APPLICATIONS","NUMBER","CHEMICAL","OTHER","GARLIC OIL",128827,NA
"CALIFORNIA",2023,"BEARING - APPLICATIONS","NUMBER","CHEMICAL","OTHER","HYDROGEN PEROXIDE",595,NA
"CALIFORNIA",2023,"BEARING - APPLICATIONS","NUMBER","CHEMICAL","OTHER","IRON PHOSPHATE",34903,NA
"CALIFORNIA",2023,"BEARING - APPLICATIONS","NUMBER","CHEMICAL","OTHER","METALDEHYDE",53001,NA
"CALIFORNIA",2023,"BEARING - APPLICATIONS","NUMBER","CHEMICAL","OTHER","METAM-POTASSIUM",39002,NA
"CALIFORNIA",2023,"BEARING - APPLICATIONS","NUMBER","CHEMICAL","OTHER","METAM-SODIUM",39003,NA
"CALIFORNIA",2023,"BEARING - APPLICATIONS","NUMBER","CHEMICAL","OTHER","PEROXYACETIC ACID",63201,NA
"CALIFORNIA",2023,"BEARING - APPLICATIONS","NUMBER","CHEMICAL","OTHER","PSEUDOMONAS CHLORORAPHIS STRAIN AFS009",6800,NA
"CALIFORNIA",2023,"BEARING - APPLICATIONS","NUMBER","CHEMICAL","OTHER","REYNOUTRIA SACHALINE",55809,NA
"CALIFORNIA",2023,"BEARING - TREATED","PCT OF AREA BEARING","CHEMICAL","FUNGICIDE","AZOXYSTROBIN",128810,24
"CALIFORNIA",2023,"BEARING - TREATED","PCT OF AREA BEARING","CHEMICAL","FUNGICIDE","BACILLUS AMYLOLIQUEFACIENS STRAIN D747",16482,NA
"CALIFORNIA",2023,"BEARING - TREATED","PCT OF AREA BEARING","CHEMICAL","FUNGICIDE","BACILLUS SUBTILIS",6479,NA
"CALIFORNIA",2023,"BEARING - TREATED","PCT OF AREA BEARING","CHEMICAL","FUNGICIDE","BLAD",30006,NA
"CALIFORNIA",2023,"BEARING - TREATED","PCT OF AREA BEARING","CHEMICAL","FUNGICIDE","BORAX DECAHYDRATE",11102,70
"CALIFORNIA",2023,"BEARING - TREATED","PCT OF AREA BEARING","CHEMICAL","FUNGICIDE","BOSCALID",128008,17
"CALIFORNIA",2023,"BEARING - TREATED","PCT OF AREA BEARING","CHEMICAL","FUNGICIDE","BT SUBSP KURSTAKI EVB-113-19",6544,NA
"CALIFORNIA",2023,"BEARING - TREATED","PCT OF AREA BEARING","CHEMICAL","FUNGICIDE","CAPTAN",81301,88
"CALIFORNIA",2023,"BEARING - TREATED","PCT OF AREA BEARING","CHEMICAL","FUNGICIDE","CYFLUFENAMID",555550,NA
"CALIFORNIA",2023,"BEARING - TREATED","PCT OF AREA BEARING","CHEMICAL","FUNGICIDE","CYPRODINIL",288202,81
"CALIFORNIA",2023,"BEARING - TREATED","PCT OF AREA BEARING","CHEMICAL","FUNGICIDE","DIFENOCONAZOLE",128847,NA
"CALIFORNIA",2023,"BEARING - TREATED","PCT OF AREA BEARING","CHEMICAL","FUNGICIDE","FENHEXAMID",90209,26
"CALIFORNIA",2023,"BEARING - TREATED","PCT OF AREA BEARING","CHEMICAL","FUNGICIDE","FLUDIOXONIL",71503,87
"CALIFORNIA",2023,"BEARING - TREATED","PCT OF AREA BEARING","CHEMICAL","FUNGICIDE","FLUOPYRAM",80302,87
"CALIFORNIA",2023,"BEARING - TREATED","PCT OF AREA BEARING","CHEMICAL","FUNGICIDE","FLUXAPYROXAD",138009,56
"CALIFORNIA",2023,"BEARING - TREATED","PCT OF AREA BEARING","CHEMICAL","FUNGICIDE","FOSETYL-AL",123301,NA
"CALIFORNIA",2023,"BEARING - TREATED","PCT OF AREA BEARING","CHEMICAL","FUNGICIDE","ISOFETAMID",270000,NA
"CALIFORNIA",2023,"BEARING - TREATED","PCT OF AREA BEARING","CHEMICAL","FUNGICIDE","MEFENOXAM",113502,23
"CALIFORNIA",2023,"BEARING - TREATED","PCT OF AREA BEARING","CHEMICAL","FUNGICIDE","MONO-POTASSIUM SALT",76416,NA
"CALIFORNIA",2023,"BEARING - TREATED","PCT OF AREA BEARING","CHEMICAL","FUNGICIDE","MYCLOBUTANIL",128857,46
"CALIFORNIA",2023,"BEARING - TREATED","PCT OF AREA BEARING","CHEMICAL","FUNGICIDE","PENTHIOPYRAD",90112,19
"CALIFORNIA",2023,"BEARING - TREATED","PCT OF AREA BEARING","CHEMICAL","FUNGICIDE","POLYOXIN D ZINC SALT",230000,70
"CALIFORNIA",2023,"BEARING - TREATED","PCT OF AREA BEARING","CHEMICAL","FUNGICIDE","PROPICONAZOLE",122101,31
"CALIFORNIA",2023,"BEARING - TREATED","PCT OF AREA BEARING","CHEMICAL","FUNGICIDE","PYDIFLUMETOFEN",90110,NA
"CALIFORNIA",2023,"BEARING - TREATED","PCT OF AREA BEARING","CHEMICAL","FUNGICIDE","PYRACLOSTROBIN",99100,69
"CALIFORNIA",2023,"BEARING - TREATED","PCT OF AREA BEARING","CHEMICAL","FUNGICIDE","PYRIMETHANIL",288201,19
"CALIFORNIA",2023,"BEARING - TREATED","PCT OF AREA BEARING","CHEMICAL","FUNGICIDE","QUINOLINE",55459,44
"CALIFORNIA",2023,"BEARING - TREATED","PCT OF AREA BEARING","CHEMICAL","FUNGICIDE","SULFUR",77501,75
"CALIFORNIA",2023,"BEARING - TREATED","PCT OF AREA BEARING","CHEMICAL","FUNGICIDE","TETRACONAZOLE",120603,50
"CALIFORNIA",2023,"BEARING - TREATED","PCT OF AREA BEARING","CHEMICAL","FUNGICIDE","THIOPHANATE-METHYL",102001,15
"CALIFORNIA",2023,"BEARING - TREATED","PCT OF AREA BEARING","CHEMICAL","FUNGICIDE","THIRAM",79801,70
"CALIFORNIA",2023,"BEARING - TREATED","PCT OF AREA BEARING","CHEMICAL","FUNGICIDE","TOTAL)",NA,92
"CALIFORNIA",2023,"BEARING - TREATED","PCT OF AREA BEARING","CHEMICAL","FUNGICIDE","TRIFLOXYSTROBIN",129112,87
"CALIFORNIA",2023,"BEARING - TREATED","PCT OF AREA BEARING","CHEMICAL","FUNGICIDE","TRIFLUMIZOLE",128879,NA
"CALIFORNIA",2023,"BEARING - TREATED","PCT OF AREA BEARING","CHEMICAL","HERBICIDE","CARFENTRAZONE-ETHYL",128712,NA
"CALIFORNIA",2023,"BEARING - TREATED","PCT OF AREA BEARING","CHEMICAL","HERBICIDE","FLUMIOXAZIN",129034,29
"CALIFORNIA",2023,"BEARING - TREATED","PCT OF AREA BEARING","CHEMICAL","HERBICIDE","OXYFLUORFEN",111601,NA
"CALIFORNIA",2023,"BEARING - TREATED","PCT OF AREA BEARING","CHEMICAL","HERBICIDE","PENDIMETHALIN",108501,28
"CALIFORNIA",2023,"BEARING - TREATED","PCT OF AREA BEARING","CHEMICAL","HERBICIDE","TOTAL)",NA,29
"CALIFORNIA",2023,"BEARING - TREATED","PCT OF AREA BEARING","CHEMICAL","INSECTICIDE","ABAMECTIN",122804,30
"CALIFORNIA",2023,"BEARING - TREATED","PCT OF AREA BEARING","CHEMICAL","INSECTICIDE","ACEQUINOCYL",6329,46
"CALIFORNIA",2023,"BEARING - TREATED","PCT OF AREA BEARING","CHEMICAL","INSECTICIDE","ACETAMIPRID",99050,43
"CALIFORNIA",2023,"BEARING - TREATED","PCT OF AREA BEARING","CHEMICAL","INSECTICIDE","AZADIRACHTIN",121701,57
"CALIFORNIA",2023,"BEARING - TREATED","PCT OF AREA BEARING","CHEMICAL","INSECTICIDE","BEAUVERIA BASSIANA",128924,NA
"CALIFORNIA",2023,"BEARING - TREATED","PCT OF AREA BEARING","CHEMICAL","INSECTICIDE","BIFENAZATE",586,61
"CALIFORNIA",2023,"BEARING - TREATED","PCT OF AREA BEARING","CHEMICAL","INSECTICIDE","BIFENTHRIN",128825,60
"CALIFORNIA",2023,"BEARING - TREATED","PCT OF AREA BEARING","CHEMICAL","INSECTICIDE","BT KURSTAK ABTS-1857",6523,NA
"CALIFORNIA",2023,"BEARING - TREATED","PCT OF AREA BEARING","CHEMICAL","INSECTICIDE","BT KURSTAKI ABTS-351",6522,7
"CALIFORNIA",2023,"BEARING - TREATED","PCT OF AREA BEARING","CHEMICAL","INSECTICIDE","BT KURSTAKI SA-11",6519,34
"CALIFORNIA",2023,"BEARING - TREATED","PCT OF AREA BEARING","CHEMICAL","INSECTICIDE","CANOLA OIL",11332,NA
"CALIFORNIA",2023,"BEARING - TREATED","PCT OF AREA BEARING","CHEMICAL","INSECTICIDE","CHLORANTRANILIPROLE",90100,29
"CALIFORNIA",2023,"BEARING - TREATED","PCT OF AREA BEARING","CHEMICAL","INSECTICIDE","CHROMOBAC SUBTSUGAE PRAA4-1 CELLS AND SPENT MEDIA",16329,NA
"CALIFORNIA",2023,"BEARING - TREATED","PCT OF AREA BEARING","CHEMICAL","INSECTICIDE","CYANTRANILIPROLE",90098,16
"CALIFORNIA",2023,"BEARING - TREATED","PCT OF AREA BEARING","CHEMICAL","INSECTICIDE","CYFLUMETOFEN",138831,44
"CALIFORNIA",2023,"BEARING - TREATED","PCT OF AREA BEARING","CHEMICAL","INSECTICIDE","ETOXAZOLE",107091,NA
"CALIFORNIA",2023,"BEARING - TREATED","PCT OF AREA BEARING","CHEMICAL","INSECTICIDE","FENBUTATIN-OXIDE",104601,NA
"CALIFORNIA",2023,"BEARING - TREATED","PCT OF AREA BEARING","CHEMICAL","INSECTICIDE","FENPROPATHRIN",127901,47
"CALIFORNIA",2023,"BEARING - TREATED","PCT OF AREA BEARING","CHEMICAL","INSECTICIDE","FENPYROXIMATE",129131,NA
"CALIFORNIA",2023,"BEARING - TREATED","PCT OF AREA BEARING","CHEMICAL","INSECTICIDE","FLONICAMID",128016,73
"CALIFORNIA",2023,"BEARING - TREATED","PCT OF AREA BEARING","CHEMICAL","INSECTICIDE","FLUPYRADIFURONE",122304,37
"CALIFORNIA",2023,"BEARING - TREATED","PCT OF AREA BEARING","CHEMICAL","INSECTICIDE","HEXYTHIAZOX",128849,55
"CALIFORNIA",2023,"BEARING - TREATED","PCT OF AREA BEARING","CHEMICAL","INSECTICIDE","IMIDACLOPRID",129099,15
"CALIFORNIA",2023,"BEARING - TREATED","PCT OF AREA BEARING","CHEMICAL","INSECTICIDE","LAMBDA-CYHALOTHRIN",128897,NA
"CALIFORNIA",2023,"BEARING - TREATED","PCT OF AREA BEARING","CHEMICAL","INSECTICIDE","MALATHION",57701,19
"CALIFORNIA",2023,"BEARING - TREATED","PCT OF AREA BEARING","CHEMICAL","INSECTICIDE","METHOXYFENOZIDE",121027,66
"CALIFORNIA",2023,"BEARING - TREATED","PCT OF AREA BEARING","CHEMICAL","INSECTICIDE","NALED",34401,NA
"CALIFORNIA",2023,"BEARING - TREATED","PCT OF AREA BEARING","CHEMICAL","INSECTICIDE","NEEM OIL",25006,NA
"CALIFORNIA",2023,"BEARING - TREATED","PCT OF AREA BEARING","CHEMICAL","INSECTICIDE","NEEM OIL, CLAR. HYD.",25007,NA
"CALIFORNIA",2023,"BEARING - TREATED","PCT OF AREA BEARING","CHEMICAL","INSECTICIDE","NOVALURON",124002,56
"CALIFORNIA",2023,"BEARING - TREATED","PCT OF AREA BEARING","CHEMICAL","INSECTICIDE","PIPERONYL BUTOXIDE",67501,NA
"CALIFORNIA",2023,"BEARING - TREATED","PCT OF AREA BEARING","CHEMICAL","INSECTICIDE","PYRETHRINS",69001,NA
"CALIFORNIA",2023,"BEARING - TREATED","PCT OF AREA BEARING","CHEMICAL","INSECTICIDE","PYRIDABEN",129105,NA
"CALIFORNIA",2023,"BEARING - TREATED","PCT OF AREA BEARING","CHEMICAL","INSECTICIDE","SPINETORAM",110007,70
"CALIFORNIA",2023,"BEARING - TREATED","PCT OF AREA BEARING","CHEMICAL","INSECTICIDE","SPINOSAD",110003,27
"CALIFORNIA",2023,"BEARING - TREATED","PCT OF AREA BEARING","CHEMICAL","INSECTICIDE","THIAMETHOXAM",60109,33
"CALIFORNIA",2023,"BEARING - TREATED","PCT OF AREA BEARING","CHEMICAL","INSECTICIDE","TOTAL)",NA,93
"CALIFORNIA",2023,"BEARING - TREATED","PCT OF AREA BEARING","CHEMICAL","OTHER","ACIBENZOLAR-S-METHYL",61402,NA
"CALIFORNIA",2023,"BEARING - TREATED","PCT OF AREA BEARING","CHEMICAL","OTHER","CAPSICUM OLEORESIN EXTRACT",70704,NA
"CALIFORNIA",2023,"BEARING - TREATED","PCT OF AREA BEARING","CHEMICAL","OTHER","CHLOROPICRIN",81501,59
"CALIFORNIA",2023,"BEARING - TREATED","PCT OF AREA BEARING","CHEMICAL","OTHER","DICHLOROPROPENE",29001,29
"CALIFORNIA",2023,"BEARING - TREATED","PCT OF AREA BEARING","CHEMICAL","OTHER","FLUTRIAFOL",128940,41
"CALIFORNIA",2023,"BEARING - TREATED","PCT OF AREA BEARING","CHEMICAL","OTHER","GARLIC OIL",128827,NA
"CALIFORNIA",2023,"BEARING - TREATED","PCT OF AREA BEARING","CHEMICAL","OTHER","HYDROGEN PEROXIDE",595,NA
"CALIFORNIA",2023,"BEARING - TREATED","PCT OF AREA BEARING","CHEMICAL","OTHER","IRON PHOSPHATE",34903,NA
"CALIFORNIA",2023,"BEARING - TREATED","PCT OF AREA BEARING","CHEMICAL","OTHER","METALDEHYDE",53001,NA
"CALIFORNIA",2023,"BEARING - TREATED","PCT OF AREA BEARING","CHEMICAL","OTHER","METAM-POTASSIUM",39002,NA
"CALIFORNIA",2023,"BEARING - TREATED","PCT OF AREA BEARING","CHEMICAL","OTHER","METAM-SODIUM",39003,NA
"CALIFORNIA",2023,"BEARING - TREATED","PCT OF AREA BEARING","CHEMICAL","OTHER","PEROXYACETIC ACID",63201,NA
"CALIFORNIA",2023,"BEARING - TREATED","PCT OF AREA BEARING","CHEMICAL","OTHER","PSEUDOMONAS CHLORORAPHIS STRAIN AFS009",6800,NA
"CALIFORNIA",2023,"BEARING - TREATED","PCT OF AREA BEARING","CHEMICAL","OTHER","REYNOUTRIA SACHALINE",55809,NA
"CALIFORNIA",2023,"BEARING - TREATED","PCT OF AREA BEARING","CHEMICAL","OTHER","TOTAL)",NA,71
"FLORIDA",2023,NA,"LB","CHEMICAL","FUNGICIDE","OXATHIAPIPROLIN",128111,NA
"FLORIDA",2023,NA,"LB","CHEMICAL","FUNGICIDE","PYRIOFENONE",28828,NA
"FLORIDA",2023,NA,"LB","CHEMICAL","FUNGICIDE","ZOXAMIDE",101702,NA
"FLORIDA",2023,NA,"LB","CHEMICAL","HERBICIDE","METSULFURON-METHYL",122010,NA
"FLORIDA",2023,NA,"LB","CHEMICAL","HERBICIDE","PENOXSULAM",119031,NA
"FLORIDA",2023,NA,"LB","CHEMICAL","HERBICIDE","S-METOLACHLOR",108800,NA
"FLORIDA",2023,NA,"LB","CHEMICAL","INSECTICIDE","BETA-CYFLUTHRIN",118831,NA
"FLORIDA",2023,NA,"LB","CHEMICAL","INSECTICIDE","ETHYL 2E;4Z)-DECADIENOATE",144022,NA
"FLORIDA",2023,NA,"LB","CHEMICAL","INSECTICIDE","OXAMYL",103801,NA
"FLORIDA",2023,NA,"LB","CHEMICAL","OTHER","CUPRAMMONIUM ACETATE",36011,NA
"FLORIDA",2023,NA,"LB","CHEMICAL","OTHER","DODECADIEN-1-OL",129028,NA
"FLORIDA",2023,NA,"LB","CHEMICAL","OTHER","FLUENSULFONE",50410,NA
"FLORIDA",2023,NA,"LB","CHEMICAL","OTHER","GIBBERELLIC ACID",43801,NA
"FLORIDA",2023,NA,"LB / ACRE / APPLICATION","CHEMICAL","FUNGICIDE","OXATHIAPIPROLIN",128111,NA
"FLORIDA",2023,NA,"LB / ACRE / APPLICATION","CHEMICAL","FUNGICIDE","PYRIOFENONE",28828,NA
"FLORIDA",2023,NA,"LB / ACRE / APPLICATION","CHEMICAL","FUNGICIDE","ZOXAMIDE",101702,NA
"FLORIDA",2023,NA,"LB / ACRE / APPLICATION","CHEMICAL","HERBICIDE","METSULFURON-METHYL",122010,NA
"FLORIDA",2023,NA,"LB / ACRE / APPLICATION","CHEMICAL","HERBICIDE","PENOXSULAM",119031,NA
"FLORIDA",2023,NA,"LB / ACRE / APPLICATION","CHEMICAL","HERBICIDE","S-METOLACHLOR",108800,NA
"FLORIDA",2023,NA,"LB / ACRE / APPLICATION","CHEMICAL","INSECTICIDE","BETA-CYFLUTHRIN",118831,NA
"FLORIDA",2023,NA,"LB / ACRE / APPLICATION","CHEMICAL","INSECTICIDE","ETHYL 2E;4Z)-DECADIENOATE",144022,NA
"FLORIDA",2023,NA,"LB / ACRE / APPLICATION","CHEMICAL","INSECTICIDE","OXAMYL",103801,NA
"FLORIDA",2023,NA,"LB / ACRE / APPLICATION","CHEMICAL","OTHER","CUPRAMMONIUM ACETATE",36011,NA
"FLORIDA",2023,NA,"LB / ACRE / APPLICATION","CHEMICAL","OTHER","DODECADIEN-1-OL",129028,NA
"FLORIDA",2023,NA,"LB / ACRE / APPLICATION","CHEMICAL","OTHER","FLUENSULFONE",50410,NA
"FLORIDA",2023,NA,"LB / ACRE / APPLICATION","CHEMICAL","OTHER","GIBBERELLIC ACID",43801,NA
"FLORIDA",2023,NA,"LB / ACRE / YEAR","CHEMICAL","FUNGICIDE","OXATHIAPIPROLIN",128111,NA
"FLORIDA",2023,NA,"LB / ACRE / YEAR","CHEMICAL","FUNGICIDE","PYRIOFENONE",28828,NA
"FLORIDA",2023,NA,"LB / ACRE / YEAR","CHEMICAL","FUNGICIDE","ZOXAMIDE",101702,NA
"FLORIDA",2023,NA,"LB / ACRE / YEAR","CHEMICAL","HERBICIDE","METSULFURON-METHYL",122010,NA
"FLORIDA",2023,NA,"LB / ACRE / YEAR","CHEMICAL","HERBICIDE","PENOXSULAM",119031,NA
"FLORIDA",2023,NA,"LB / ACRE / YEAR","CHEMICAL","HERBICIDE","S-METOLACHLOR",108800,NA
"FLORIDA",2023,NA,"LB / ACRE / YEAR","CHEMICAL","INSECTICIDE","BETA-CYFLUTHRIN",118831,NA
"FLORIDA",2023,NA,"LB / ACRE / YEAR","CHEMICAL","INSECTICIDE","ETHYL 2E;4Z)-DECADIENOATE",144022,NA
"FLORIDA",2023,NA,"LB / ACRE / YEAR","CHEMICAL","INSECTICIDE","OXAMYL",103801,NA
"FLORIDA",2023,NA,"LB / ACRE / YEAR","CHEMICAL","OTHER","CUPRAMMONIUM ACETATE",36011,NA
"FLORIDA",2023,NA,"LB / ACRE / YEAR","CHEMICAL","OTHER","DODECADIEN-1-OL",129028,NA
"FLORIDA",2023,NA,"LB / ACRE / YEAR","CHEMICAL","OTHER","FLUENSULFONE",50410,NA
"FLORIDA",2023,NA,"LB / ACRE / YEAR","CHEMICAL","OTHER","GIBBERELLIC ACID",43801,NA
"FLORIDA",2023,NA,"NUMBER","CHEMICAL","FUNGICIDE","OXATHIAPIPROLIN",128111,NA
"FLORIDA",2023,NA,"NUMBER","CHEMICAL","FUNGICIDE","PYRIOFENONE",28828,NA
"FLORIDA",2023,NA,"NUMBER","CHEMICAL","FUNGICIDE","ZOXAMIDE",101702,NA
"FLORIDA",2023,NA,"NUMBER","CHEMICAL","HERBICIDE","METSULFURON-METHYL",122010,NA
"FLORIDA",2023,NA,"NUMBER","CHEMICAL","HERBICIDE","PENOXSULAM",119031,NA
"FLORIDA",2023,NA,"NUMBER","CHEMICAL","HERBICIDE","S-METOLACHLOR",108800,NA
"FLORIDA",2023,NA,"NUMBER","CHEMICAL","INSECTICIDE","BETA-CYFLUTHRIN",118831,NA
"FLORIDA",2023,NA,"NUMBER","CHEMICAL","INSECTICIDE","ETHYL 2E;4Z)-DECADIENOATE",144022,NA
"FLORIDA",2023,NA,"NUMBER","CHEMICAL","INSECTICIDE","OXAMYL",103801,NA
"FLORIDA",2023,NA,"NUMBER","CHEMICAL","OTHER","CUPRAMMONIUM ACETATE",36011,NA
"FLORIDA",2023,NA,"NUMBER","CHEMICAL","OTHER","DODECADIEN-1-OL",129028,NA
"FLORIDA",2023,NA,"NUMBER","CHEMICAL","OTHER","FLUENSULFONE",50410,NA
"FLORIDA",2023,NA,"NUMBER","CHEMICAL","OTHER","GIBBERELLIC ACID",43801,NA
"FLORIDA",2023,NA,"PCT OF AREA BEARING","CHEMICAL","FUNGICIDE","OXATHIAPIPROLIN",128111,NA
"FLORIDA",2023,NA,"PCT OF AREA BEARING","CHEMICAL","FUNGICIDE","PYRIOFENONE",28828,NA
"FLORIDA",2023,NA,"PCT OF AREA BEARING","CHEMICAL","FUNGICIDE","ZOXAMIDE",101702,NA
"FLORIDA",2023,NA,"PCT OF AREA BEARING","CHEMICAL","HERBICIDE","METSULFURON-METHYL",122010,NA
"FLORIDA",2023,NA,"PCT OF AREA BEARING","CHEMICAL","HERBICIDE","PENOXSULAM",119031,NA
"FLORIDA",2023,NA,"PCT OF AREA BEARING","CHEMICAL","HERBICIDE","S-METOLACHLOR",108800,NA
"FLORIDA",2023,NA,"PCT OF AREA BEARING","CHEMICAL","INSECTICIDE","BETA-CYFLUTHRIN",118831,NA
"FLORIDA",2023,NA,"PCT OF AREA BEARING","CHEMICAL","INSECTICIDE","ETHYL 2E;4Z)-DECADIENOATE",144022,NA
"FLORIDA",2023,NA,"PCT OF AREA BEARING","CHEMICAL","INSECTICIDE","OXAMYL",103801,NA
"FLORIDA",2023,NA,"PCT OF AREA BEARING","CHEMICAL","OTHER","CUPRAMMONIUM ACETATE",36011,NA
"FLORIDA",2023,NA,"PCT OF AREA BEARING","CHEMICAL","OTHER","DODECADIEN-1-OL",129028,NA
"FLORIDA",2023,NA,"PCT OF AREA BEARING","CHEMICAL","OTHER","FLUENSULFONE",50410,NA
"FLORIDA",2023,NA,"PCT OF AREA BEARING","CHEMICAL","OTHER","GIBBERELLIC ACID",43801,NA
"FLORIDA",2023,"BEARING - APPLICATIONS","LB","CHEMICAL","FUNGICIDE","AZOXYSTROBIN",128810,100
"FLORIDA",2023,"BEARING - APPLICATIONS","LB","CHEMICAL","FUNGICIDE","BACILLUS AMYLOLIQUEFAC F727",16489,NA
"FLORIDA",2023,"BEARING - APPLICATIONS","LB","CHEMICAL","FUNGICIDE","BOSCALID",128008,NA
"FLORIDA",2023,"BEARING - APPLICATIONS","LB","CHEMICAL","FUNGICIDE","CAPTAN",81301,144000
"FLORIDA",2023,"BEARING - APPLICATIONS","LB","CHEMICAL","FUNGICIDE","CHLOROTHALONIL",81901,NA
"FLORIDA",2023,"BEARING - APPLICATIONS","LB","CHEMICAL","FUNGICIDE","COPPER CHLORIDE HYD.",23501,NA
"FLORIDA",2023,"BEARING - APPLICATIONS","LB","CHEMICAL","FUNGICIDE","COPPER HYDROXIDE",23401,NA
"FLORIDA",2023,"BEARING - APPLICATIONS","LB","CHEMICAL","FUNGICIDE","CYFLUFENAMID",555550,NA
"FLORIDA",2023,"BEARING - APPLICATIONS","LB","CHEMICAL","FUNGICIDE","CYMOXANIL",129106,NA
"FLORIDA",2023,"BEARING - APPLICATIONS","LB","CHEMICAL","FUNGICIDE","CYPRODINIL",288202,9700
"FLORIDA",2023,"BEARING - APPLICATIONS","LB","CHEMICAL","FUNGICIDE","DIFENOCONAZOLE",128847,NA
"FLORIDA",2023,"BEARING - APPLICATIONS","LB","CHEMICAL","FUNGICIDE","FAMOXADONE",113202,NA
"FLORIDA",2023,"BEARING - APPLICATIONS","LB","CHEMICAL","FUNGICIDE","FENHEXAMID",90209,NA
"FLORIDA",2023,"BEARING - APPLICATIONS","LB","CHEMICAL","FUNGICIDE","FLUDIOXONIL",71503,6100
"FLORIDA",2023,"BEARING - APPLICATIONS","LB","CHEMICAL","FUNGICIDE","FLUOPYRAM",80302,NA
"FLORIDA",2023,"BEARING - APPLICATIONS","LB","CHEMICAL","FUNGICIDE","FLUXAPYROXAD",138009,NA
"FLORIDA",2023,"BEARING - APPLICATIONS","LB","CHEMICAL","FUNGICIDE","FOSETYL-AL",123301,NA
"FLORIDA",2023,"BEARING - APPLICATIONS","LB","CHEMICAL","FUNGICIDE","IPRODIONE",109801,NA
"FLORIDA",2023,"BEARING - APPLICATIONS","LB","CHEMICAL","FUNGICIDE","ISOFETAMID",270000,NA
"FLORIDA",2023,"BEARING - APPLICATIONS","LB","CHEMICAL","FUNGICIDE","MANCOZEB",14504,NA
"FLORIDA",2023,"BEARING - APPLICATIONS","LB","CHEMICAL","FUNGICIDE","MEFENOXAM",113502,NA
"FLORIDA",2023,"BEARING - APPLICATIONS","LB","CHEMICAL","FUNGICIDE","MONO-POTASSIUM SALT",76416,NA
"FLORIDA",2023,"BEARING - APPLICATIONS","LB","CHEMICAL","FUNGICIDE","PENTHIOPYRAD",90112,NA
"FLORIDA",2023,"BEARING - APPLICATIONS","LB","CHEMICAL","FUNGICIDE","PROPICONAZOLE",122101,NA
"FLORIDA",2023,"BEARING - APPLICATIONS","LB","CHEMICAL","FUNGICIDE","PYDIFLUMETOFEN",90110,NA
"FLORIDA",2023,"BEARING - APPLICATIONS","LB","CHEMICAL","FUNGICIDE","PYRACLOSTROBIN",99100,NA
"FLORIDA",2023,"BEARING - APPLICATIONS","LB","CHEMICAL","FUNGICIDE","PYRIMETHANIL",288201,NA
"FLORIDA",2023,"BEARING - APPLICATIONS","LB","CHEMICAL","FUNGICIDE","SULFUR",77501,NA
"FLORIDA",2023,"BEARING - APPLICATIONS","LB","CHEMICAL","FUNGICIDE","TETRACONAZOLE",120603,NA
"FLORIDA",2023,"BEARING - APPLICATIONS","LB","CHEMICAL","FUNGICIDE","THIOPHANATE-METHYL",102001,NA
"FLORIDA",2023,"BEARING - APPLICATIONS","LB","CHEMICAL","FUNGICIDE","THIRAM",79801,112100
"FLORIDA",2023,"BEARING - APPLICATIONS","LB","CHEMICAL","FUNGICIDE","TOTAL)",NA,302700
"FLORIDA",2023,"BEARING - APPLICATIONS","LB","CHEMICAL","FUNGICIDE","TRIFLUMIZOLE",128879,NA
"FLORIDA",2023,"BEARING - APPLICATIONS","LB","CHEMICAL","HERBICIDE","2,4-D, DIMETH. SALT",30019,NA
"FLORIDA",2023,"BEARING - APPLICATIONS","LB","CHEMICAL","HERBICIDE","CLETHODIM",121011,NA
"FLORIDA",2023,"BEARING - APPLICATIONS","LB","CHEMICAL","HERBICIDE","FLUMIOXAZIN",129034,NA
"FLORIDA",2023,"BEARING - APPLICATIONS","LB","CHEMICAL","HERBICIDE","GLYPHOSATE ISO. SALT",103601,NA
"FLORIDA",2023,"BEARING - APPLICATIONS","LB","CHEMICAL","HERBICIDE","PARAQUAT",61601,NA
"FLORIDA",2023,"BEARING - APPLICATIONS","LB","CHEMICAL","HERBICIDE","TOTAL)",NA,9900
"FLORIDA",2023,"BEARING - APPLICATIONS","LB","CHEMICAL","INSECTICIDE","ABAMECTIN",122804,100
"FLORIDA",2023,"BEARING - APPLICATIONS","LB","CHEMICAL","INSECTICIDE","ACETAMIPRID",99050,500
"FLORIDA",2023,"BEARING - APPLICATIONS","LB","CHEMICAL","INSECTICIDE","BIFENAZATE",586,NA
"FLORIDA",2023,"BEARING - APPLICATIONS","LB","CHEMICAL","INSECTICIDE","BIFENTHRIN",128825,100
"FLORIDA",2023,"BEARING - APPLICATIONS","LB","CHEMICAL","INSECTICIDE","BT KURSTAKI ABTS-351",6522,NA
"FLORIDA",2023,"BEARING - APPLICATIONS","LB","CHEMICAL","INSECTICIDE","CHLORANTRANILIPROLE",90100,400
"FLORIDA",2023,"BEARING - APPLICATIONS","LB","CHEMICAL","INSECTICIDE","CYANTRANILIPROLE",90098,NA
"FLORIDA",2023,"BEARING - APPLICATIONS","LB","CHEMICAL","INSECTICIDE","DIAZINON",57801,NA
"FLORIDA",2023,"BEARING - APPLICATIONS","LB","CHEMICAL","INSECTICIDE","FENPROPATHRIN",127901,NA
"FLORIDA",2023,"BEARING - APPLICATIONS","LB","CHEMICAL","INSECTICIDE","FLUPYRADIFURONE",122304,NA
"FLORIDA",2023,"BEARING - APPLICATIONS","LB","CHEMICAL","INSECTICIDE","HEXYTHIAZOX",128849,NA
"FLORIDA",2023,"BEARING - APPLICATIONS","LB","CHEMICAL","INSECTICIDE","IMIDACLOPRID",129099,NA
"FLORIDA",2023,"BEARING - APPLICATIONS","LB","CHEMICAL","INSECTICIDE","LAMBDA-CYHALOTHRIN",128897,NA
"FLORIDA",2023,"BEARING - APPLICATIONS","LB","CHEMICAL","INSECTICIDE","MALATHION",57701,NA
"FLORIDA",2023,"BEARING - APPLICATIONS","LB","CHEMICAL","INSECTICIDE","METHOMYL",90301,NA
"FLORIDA",2023,"BEARING - APPLICATIONS","LB","CHEMICAL","INSECTICIDE","NALED",34401,NA
"FLORIDA",2023,"BEARING - APPLICATIONS","LB","CHEMICAL","INSECTICIDE","NOVALURON",124002,1500
"FLORIDA",2023,"BEARING - APPLICATIONS","LB","CHEMICAL","INSECTICIDE","PIPERONYL BUTOXIDE",67501,NA
"FLORIDA",2023,"BEARING - APPLICATIONS","LB","CHEMICAL","INSECTICIDE","PYRETHRINS",69001,NA
"FLORIDA",2023,"BEARING - APPLICATIONS","LB","CHEMICAL","INSECTICIDE","SPINETORAM",110007,NA
"FLORIDA",2023,"BEARING - APPLICATIONS","LB","CHEMICAL","INSECTICIDE","SPINOSAD",110003,NA
"FLORIDA",2023,"BEARING - APPLICATIONS","LB","CHEMICAL","INSECTICIDE","SULFOXAFLOR",5210,NA
"FLORIDA",2023,"BEARING - APPLICATIONS","LB","CHEMICAL","INSECTICIDE","THIAMETHOXAM",60109,400
"FLORIDA",2023,"BEARING - APPLICATIONS","LB","CHEMICAL","INSECTICIDE","TOTAL)",NA,12300
"FLORIDA",2023,"BEARING - APPLICATIONS","LB","CHEMICAL","OTHER","CYTOKININS",116801,NA
"FLORIDA",2023,"BEARING - APPLICATIONS","LB","CHEMICAL","OTHER","FLUTRIAFOL",128940,NA
"FLORIDA",2023,"BEARING - APPLICATIONS","LB","CHEMICAL","OTHER","INDOLEBUTYRIC ACID",46701,NA
"FLORIDA",2023,"BEARING - APPLICATIONS","LB","CHEMICAL","OTHER","METAM-POTASSIUM",39002,NA
"FLORIDA",2023,"BEARING - APPLICATIONS","LB","CHEMICAL","OTHER","PSEUDOMONAS CHLORORAPHIS STRAIN AFS009",6800,NA
"FLORIDA",2023,"BEARING - APPLICATIONS","LB","CHEMICAL","OTHER","TOTAL)",NA,5100
"FLORIDA",2023,"BEARING - APPLICATIONS","LB / ACRE / APPLICATION","CHEMICAL","FUNGICIDE","AZOXYSTROBIN",128810,0.151
"FLORIDA",2023,"BEARING - APPLICATIONS","LB / ACRE / APPLICATION","CHEMICAL","FUNGICIDE","BACILLUS AMYLOLIQUEFAC F727",16489,NA
"FLORIDA",2023,"BEARING - APPLICATIONS","LB / ACRE / APPLICATION","CHEMICAL","FUNGICIDE","BOSCALID",128008,NA
"FLORIDA",2023,"BEARING - APPLICATIONS","LB / ACRE / APPLICATION","CHEMICAL","FUNGICIDE","CAPTAN",81301,2.012
"FLORIDA",2023,"BEARING - APPLICATIONS","LB / ACRE / APPLICATION","CHEMICAL","FUNGICIDE","CHLOROTHALONIL",81901,NA
"FLORIDA",2023,"BEARING - APPLICATIONS","LB / ACRE / APPLICATION","CHEMICAL","FUNGICIDE","COPPER CHLORIDE HYD.",23501,NA
"FLORIDA",2023,"BEARING - APPLICATIONS","LB / ACRE / APPLICATION","CHEMICAL","FUNGICIDE","COPPER HYDROXIDE",23401,NA
"FLORIDA",2023,"BEARING - APPLICATIONS","LB / ACRE / APPLICATION","CHEMICAL","FUNGICIDE","CYFLUFENAMID",555550,NA
"FLORIDA",2023,"BEARING - APPLICATIONS","LB / ACRE / APPLICATION","CHEMICAL","FUNGICIDE","CYMOXANIL",129106,NA
"FLORIDA",2023,"BEARING - APPLICATIONS","LB / ACRE / APPLICATION","CHEMICAL","FUNGICIDE","CYPRODINIL",288202,0.244
"FLORIDA",2023,"BEARING - APPLICATIONS","LB / ACRE / APPLICATION","CHEMICAL","FUNGICIDE","DIFENOCONAZOLE",128847,NA
"FLORIDA",2023,"BEARING - APPLICATIONS","LB / ACRE / APPLICATION","CHEMICAL","FUNGICIDE","FAMOXADONE",113202,NA
"FLORIDA",2023,"BEARING - APPLICATIONS","LB / ACRE / APPLICATION","CHEMICAL","FUNGICIDE","FENHEXAMID",90209,NA
"FLORIDA",2023,"BEARING - APPLICATIONS","LB / ACRE / APPLICATION","CHEMICAL","FUNGICIDE","FLUDIOXONIL",71503,0.152
"FLORIDA",2023,"BEARING - APPLICATIONS","LB / ACRE / APPLICATION","CHEMICAL","FUNGICIDE","FLUOPYRAM",80302,NA
"FLORIDA",2023,"BEARING - APPLICATIONS","LB / ACRE / APPLICATION","CHEMICAL","FUNGICIDE","FLUXAPYROXAD",138009,NA
"FLORIDA",2023,"BEARING - APPLICATIONS","LB / ACRE / APPLICATION","CHEMICAL","FUNGICIDE","FOSETYL-AL",123301,NA
"FLORIDA",2023,"BEARING - APPLICATIONS","LB / ACRE / APPLICATION","CHEMICAL","FUNGICIDE","IPRODIONE",109801,NA
"FLORIDA",2023,"BEARING - APPLICATIONS","LB / ACRE / APPLICATION","CHEMICAL","FUNGICIDE","ISOFETAMID",270000,NA
"FLORIDA",2023,"BEARING - APPLICATIONS","LB / ACRE / APPLICATION","CHEMICAL","FUNGICIDE","MANCOZEB",14504,NA
"FLORIDA",2023,"BEARING - APPLICATIONS","LB / ACRE / APPLICATION","CHEMICAL","FUNGICIDE","MEFENOXAM",113502,NA
"FLORIDA",2023,"BEARING - APPLICATIONS","LB / ACRE / APPLICATION","CHEMICAL","FUNGICIDE","MONO-POTASSIUM SALT",76416,NA
"FLORIDA",2023,"BEARING - APPLICATIONS","LB / ACRE / APPLICATION","CHEMICAL","FUNGICIDE","PENTHIOPYRAD",90112,NA
"FLORIDA",2023,"BEARING - APPLICATIONS","LB / ACRE / APPLICATION","CHEMICAL","FUNGICIDE","PROPICONAZOLE",122101,NA
"FLORIDA",2023,"BEARING - APPLICATIONS","LB / ACRE / APPLICATION","CHEMICAL","FUNGICIDE","PYDIFLUMETOFEN",90110,NA
"FLORIDA",2023,"BEARING - APPLICATIONS","LB / ACRE / APPLICATION","CHEMICAL","FUNGICIDE","PYRACLOSTROBIN",99100,NA
"FLORIDA",2023,"BEARING - APPLICATIONS","LB / ACRE / APPLICATION","CHEMICAL","FUNGICIDE","PYRIMETHANIL",288201,NA
"FLORIDA",2023,"BEARING - APPLICATIONS","LB / ACRE / APPLICATION","CHEMICAL","FUNGICIDE","SULFUR",77501,NA
"FLORIDA",2023,"BEARING - APPLICATIONS","LB / ACRE / APPLICATION","CHEMICAL","FUNGICIDE","TETRACONAZOLE",120603,NA
"FLORIDA",2023,"BEARING - APPLICATIONS","LB / ACRE / APPLICATION","CHEMICAL","FUNGICIDE","THIOPHANATE-METHYL",102001,NA
"FLORIDA",2023,"BEARING - APPLICATIONS","LB / ACRE / APPLICATION","CHEMICAL","FUNGICIDE","THIRAM",79801,2.156
"FLORIDA",2023,"BEARING - APPLICATIONS","LB / ACRE / APPLICATION","CHEMICAL","FUNGICIDE","TRIFLUMIZOLE",128879,NA
"FLORIDA",2023,"BEARING - APPLICATIONS","LB / ACRE / APPLICATION","CHEMICAL","HERBICIDE","2,4-D, DIMETH. SALT",30019,NA
"FLORIDA",2023,"BEARING - APPLICATIONS","LB / ACRE / APPLICATION","CHEMICAL","HERBICIDE","CLETHODIM",121011,NA
"FLORIDA",2023,"BEARING - APPLICATIONS","LB / ACRE / APPLICATION","CHEMICAL","HERBICIDE","FLUMIOXAZIN",129034,NA
"FLORIDA",2023,"BEARING - APPLICATIONS","LB / ACRE / APPLICATION","CHEMICAL","HERBICIDE","GLYPHOSATE ISO. SALT",103601,NA
"FLORIDA",2023,"BEARING - APPLICATIONS","LB / ACRE / APPLICATION","CHEMICAL","HERBICIDE","PARAQUAT",61601,NA
"FLORIDA",2023,"BEARING - APPLICATIONS","LB / ACRE / APPLICATION","CHEMICAL","INSECTICIDE","ABAMECTIN",122804,0.031
"FLORIDA",2023,"BEARING - APPLICATIONS","LB / ACRE / APPLICATION","CHEMICAL","INSECTICIDE","ACETAMIPRID",99050,0.144
"FLORIDA",2023,"BEARING - APPLICATIONS","LB / ACRE / APPLICATION","CHEMICAL","INSECTICIDE","BIFENAZATE",586,NA
"FLORIDA",2023,"BEARING - APPLICATIONS","LB / ACRE / APPLICATION","CHEMICAL","INSECTICIDE","BIFENTHRIN",128825,0.117
"FLORIDA",2023,"BEARING - APPLICATIONS","LB / ACRE / APPLICATION","CHEMICAL","INSECTICIDE","BT KURSTAKI ABTS-351",6522,NA
"FLORIDA",2023,"BEARING - APPLICATIONS","LB / ACRE / APPLICATION","CHEMICAL","INSECTICIDE","CHLORANTRANILIPROLE",90100,0.054
"FLORIDA",2023,"BEARING - APPLICATIONS","LB / ACRE / APPLICATION","CHEMICAL","INSECTICIDE","CYANTRANILIPROLE",90098,NA
"FLORIDA",2023,"BEARING - APPLICATIONS","LB / ACRE / APPLICATION","CHEMICAL","INSECTICIDE","DIAZINON",57801,NA
"FLORIDA",2023,"BEARING - APPLICATIONS","LB / ACRE / APPLICATION","CHEMICAL","INSECTICIDE","FENPROPATHRIN",127901,NA
"FLORIDA",2023,"BEARING - APPLICATIONS","LB / ACRE / APPLICATION","CHEMICAL","INSECTICIDE","FLUPYRADIFURONE",122304,NA
"FLORIDA",2023,"BEARING - APPLICATIONS","LB / ACRE / APPLICATION","CHEMICAL","INSECTICIDE","HEXYTHIAZOX",128849,NA
"FLORIDA",2023,"BEARING - APPLICATIONS","LB / ACRE / APPLICATION","CHEMICAL","INSECTICIDE","IMIDACLOPRID",129099,NA
"FLORIDA",2023,"BEARING - APPLICATIONS","LB / ACRE / APPLICATION","CHEMICAL","INSECTICIDE","LAMBDA-CYHALOTHRIN",128897,NA
"FLORIDA",2023,"BEARING - APPLICATIONS","LB / ACRE / APPLICATION","CHEMICAL","INSECTICIDE","MALATHION",57701,NA
"FLORIDA",2023,"BEARING - APPLICATIONS","LB / ACRE / APPLICATION","CHEMICAL","INSECTICIDE","METHOMYL",90301,NA
"FLORIDA",2023,"BEARING - APPLICATIONS","LB / ACRE / APPLICATION","CHEMICAL","INSECTICIDE","NALED",34401,NA
"FLORIDA",2023,"BEARING - APPLICATIONS","LB / ACRE / APPLICATION","CHEMICAL","INSECTICIDE","NOVALURON",124002,0.077
"FLORIDA",2023,"BEARING - APPLICATIONS","LB / ACRE / APPLICATION","CHEMICAL","INSECTICIDE","PIPERONYL BUTOXIDE",67501,NA
"FLORIDA",2023,"BEARING - APPLICATIONS","LB / ACRE / APPLICATION","CHEMICAL","INSECTICIDE","PYRETHRINS",69001,NA
"FLORIDA",2023,"BEARING - APPLICATIONS","LB / ACRE / APPLICATION","CHEMICAL","INSECTICIDE","SPINETORAM",110007,NA
"FLORIDA",2023,"BEARING - APPLICATIONS","LB / ACRE / APPLICATION","CHEMICAL","INSECTICIDE","SPINOSAD",110003,NA
"FLORIDA",2023,"BEARING - APPLICATIONS","LB / ACRE / APPLICATION","CHEMICAL","INSECTICIDE","SULFOXAFLOR",5210,NA
"FLORIDA",2023,"BEARING - APPLICATIONS","LB / ACRE / APPLICATION","CHEMICAL","INSECTICIDE","THIAMETHOXAM",60109,0.058
"FLORIDA",2023,"BEARING - APPLICATIONS","LB / ACRE / APPLICATION","CHEMICAL","OTHER","CYTOKININS",116801,NA
"FLORIDA",2023,"BEARING - APPLICATIONS","LB / ACRE / APPLICATION","CHEMICAL","OTHER","FLUTRIAFOL",128940,NA
"FLORIDA",2023,"BEARING - APPLICATIONS","LB / ACRE / APPLICATION","CHEMICAL","OTHER","INDOLEBUTYRIC ACID",46701,NA
"FLORIDA",2023,"BEARING - APPLICATIONS","LB / ACRE / APPLICATION","CHEMICAL","OTHER","METAM-POTASSIUM",39002,NA
"FLORIDA",2023,"BEARING - APPLICATIONS","LB / ACRE / APPLICATION","CHEMICAL","OTHER","PSEUDOMONAS CHLORORAPHIS STRAIN AFS009",6800,NA
"FLORIDA",2023,"BEARING - APPLICATIONS","LB / ACRE / YEAR","CHEMICAL","FUNGICIDE","AZOXYSTROBIN",128810,0.214
"FLORIDA",2023,"BEARING - APPLICATIONS","LB / ACRE / YEAR","CHEMICAL","FUNGICIDE","BACILLUS AMYLOLIQUEFAC F727",16489,NA
"FLORIDA",2023,"BEARING - APPLICATIONS","LB / ACRE / YEAR","CHEMICAL","FUNGICIDE","BOSCALID",128008,NA
"FLORIDA",2023,"BEARING - APPLICATIONS","LB / ACRE / YEAR","CHEMICAL","FUNGICIDE","CAPTAN",81301,10.509
"FLORIDA",2023,"BEARING - APPLICATIONS","LB / ACRE / YEAR","CHEMICAL","FUNGICIDE","CHLOROTHALONIL",81901,NA
"FLORIDA",2023,"BEARING - APPLICATIONS","LB / ACRE / YEAR","CHEMICAL","FUNGICIDE","COPPER CHLORIDE HYD.",23501,NA
"FLORIDA",2023,"BEARING - APPLICATIONS","LB / ACRE / YEAR","CHEMICAL","FUNGICIDE","COPPER HYDROXIDE",23401,NA
"FLORIDA",2023,"BEARING - APPLICATIONS","LB / ACRE / YEAR","CHEMICAL","FUNGICIDE","CYFLUFENAMID",555550,NA
"FLORIDA",2023,"BEARING - APPLICATIONS","LB / ACRE / YEAR","CHEMICAL","FUNGICIDE","CYMOXANIL",129106,NA
"FLORIDA",2023,"BEARING - APPLICATIONS","LB / ACRE / YEAR","CHEMICAL","FUNGICIDE","CYPRODINIL",288202,0.756
"FLORIDA",2023,"BEARING - APPLICATIONS","LB / ACRE / YEAR","CHEMICAL","FUNGICIDE","DIFENOCONAZOLE",128847,NA
"FLORIDA",2023,"BEARING - APPLICATIONS","LB / ACRE / YEAR","CHEMICAL","FUNGICIDE","FAMOXADONE",113202,NA
"FLORIDA",2023,"BEARING - APPLICATIONS","LB / ACRE / YEAR","CHEMICAL","FUNGICIDE","FENHEXAMID",90209,NA
"FLORIDA",2023,"BEARING - APPLICATIONS","LB / ACRE / YEAR","CHEMICAL","FUNGICIDE","FLUDIOXONIL",71503,0.47
"FLORIDA",2023,"BEARING - APPLICATIONS","LB / ACRE / YEAR","CHEMICAL","FUNGICIDE","FLUOPYRAM",80302,NA
"FLORIDA",2023,"BEARING - APPLICATIONS","LB / ACRE / YEAR","CHEMICAL","FUNGICIDE","FLUXAPYROXAD",138009,NA
"FLORIDA",2023,"BEARING - APPLICATIONS","LB / ACRE / YEAR","CHEMICAL","FUNGICIDE","FOSETYL-AL",123301,NA
"FLORIDA",2023,"BEARING - APPLICATIONS","LB / ACRE / YEAR","CHEMICAL","FUNGICIDE","IPRODIONE",109801,NA
"FLORIDA",2023,"BEARING - APPLICATIONS","LB / ACRE / YEAR","CHEMICAL","FUNGICIDE","ISOFETAMID",270000,NA
"FLORIDA",2023,"BEARING - APPLICATIONS","LB / ACRE / YEAR","CHEMICAL","FUNGICIDE","MANCOZEB",14504,NA
"FLORIDA",2023,"BEARING - APPLICATIONS","LB / ACRE / YEAR","CHEMICAL","FUNGICIDE","MEFENOXAM",113502,NA
"FLORIDA",2023,"BEARING - APPLICATIONS","LB / ACRE / YEAR","CHEMICAL","FUNGICIDE","MONO-POTASSIUM SALT",76416,NA
"FLORIDA",2023,"BEARING - APPLICATIONS","LB / ACRE / YEAR","CHEMICAL","FUNGICIDE","PENTHIOPYRAD",90112,NA
"FLORIDA",2023,"BEARING - APPLICATIONS","LB / ACRE / YEAR","CHEMICAL","FUNGICIDE","PROPICONAZOLE",122101,NA
"FLORIDA",2023,"BEARING - APPLICATIONS","LB / ACRE / YEAR","CHEMICAL","FUNGICIDE","PYDIFLUMETOFEN",90110,NA
"FLORIDA",2023,"BEARING - APPLICATIONS","LB / ACRE / YEAR","CHEMICAL","FUNGICIDE","PYRACLOSTROBIN",99100,NA
"FLORIDA",2023,"BEARING - APPLICATIONS","LB / ACRE / YEAR","CHEMICAL","FUNGICIDE","PYRIMETHANIL",288201,NA
"FLORIDA",2023,"BEARING - APPLICATIONS","LB / ACRE / YEAR","CHEMICAL","FUNGICIDE","SULFUR",77501,NA
"FLORIDA",2023,"BEARING - APPLICATIONS","LB / ACRE / YEAR","CHEMICAL","FUNGICIDE","TETRACONAZOLE",120603,NA
"FLORIDA",2023,"BEARING - APPLICATIONS","LB / ACRE / YEAR","CHEMICAL","FUNGICIDE","THIOPHANATE-METHYL",102001,NA
"FLORIDA",2023,"BEARING - APPLICATIONS","LB / ACRE / YEAR","CHEMICAL","FUNGICIDE","THIRAM",79801,12.456
"FLORIDA",2023,"BEARING - APPLICATIONS","LB / ACRE / YEAR","CHEMICAL","FUNGICIDE","TRIFLUMIZOLE",128879,NA
"FLORIDA",2023,"BEARING - APPLICATIONS","LB / ACRE / YEAR","CHEMICAL","HERBICIDE","2,4-D, DIMETH. SALT",30019,NA
"FLORIDA",2023,"BEARING - APPLICATIONS","LB / ACRE / YEAR","CHEMICAL","HERBICIDE","CLETHODIM",121011,NA
"FLORIDA",2023,"BEARING - APPLICATIONS","LB / ACRE / YEAR","CHEMICAL","HERBICIDE","FLUMIOXAZIN",129034,NA
"FLORIDA",2023,"BEARING - APPLICATIONS","LB / ACRE / YEAR","CHEMICAL","HERBICIDE","GLYPHOSATE ISO. SALT",103601,NA
"FLORIDA",2023,"BEARING - APPLICATIONS","LB / ACRE / YEAR","CHEMICAL","HERBICIDE","PARAQUAT",61601,NA
"FLORIDA",2023,"BEARING - APPLICATIONS","LB / ACRE / YEAR","CHEMICAL","INSECTICIDE","ABAMECTIN",122804,0.033
"FLORIDA",2023,"BEARING - APPLICATIONS","LB / ACRE / YEAR","CHEMICAL","INSECTICIDE","ACETAMIPRID",99050,0.179
"FLORIDA",2023,"BEARING - APPLICATIONS","LB / ACRE / YEAR","CHEMICAL","INSECTICIDE","BIFENAZATE",586,NA
"FLORIDA",2023,"BEARING - APPLICATIONS","LB / ACRE / YEAR","CHEMICAL","INSECTICIDE","BIFENTHRIN",128825,0.136
"FLORIDA",2023,"BEARING - APPLICATIONS","LB / ACRE / YEAR","CHEMICAL","INSECTICIDE","BT KURSTAKI ABTS-351",6522,NA
"FLORIDA",2023,"BEARING - APPLICATIONS","LB / ACRE / YEAR","CHEMICAL","INSECTICIDE","CHLORANTRANILIPROLE",90100,0.06
"FLORIDA",2023,"BEARING - APPLICATIONS","LB / ACRE / YEAR","CHEMICAL","INSECTICIDE","CYANTRANILIPROLE",90098,NA
"FLORIDA",2023,"BEARING - APPLICATIONS","LB / ACRE / YEAR","CHEMICAL","INSECTICIDE","DIAZINON",57801,NA
"FLORIDA",2023,"BEARING - APPLICATIONS","LB / ACRE / YEAR","CHEMICAL","INSECTICIDE","FENPROPATHRIN",127901,NA
"FLORIDA",2023,"BEARING - APPLICATIONS","LB / ACRE / YEAR","CHEMICAL","INSECTICIDE","FLUPYRADIFURONE",122304,NA
"FLORIDA",2023,"BEARING - APPLICATIONS","LB / ACRE / YEAR","CHEMICAL","INSECTICIDE","HEXYTHIAZOX",128849,NA
"FLORIDA",2023,"BEARING - APPLICATIONS","LB / ACRE / YEAR","CHEMICAL","INSECTICIDE","IMIDACLOPRID",129099,NA
"FLORIDA",2023,"BEARING - APPLICATIONS","LB / ACRE / YEAR","CHEMICAL","INSECTICIDE","LAMBDA-CYHALOTHRIN",128897,NA
"FLORIDA",2023,"BEARING - APPLICATIONS","LB / ACRE / YEAR","CHEMICAL","INSECTICIDE","MALATHION",57701,NA
"FLORIDA",2023,"BEARING - APPLICATIONS","LB / ACRE / YEAR","CHEMICAL","INSECTICIDE","METHOMYL",90301,NA
"FLORIDA",2023,"BEARING - APPLICATIONS","LB / ACRE / YEAR","CHEMICAL","INSECTICIDE","NALED",34401,NA
"FLORIDA",2023,"BEARING - APPLICATIONS","LB / ACRE / YEAR","CHEMICAL","INSECTICIDE","NOVALURON",124002,0.18
"FLORIDA",2023,"BEARING - APPLICATIONS","LB / ACRE / YEAR","CHEMICAL","INSECTICIDE","PIPERONYL BUTOXIDE",67501,NA
"FLORIDA",2023,"BEARING - APPLICATIONS","LB / ACRE / YEAR","CHEMICAL","INSECTICIDE","PYRETHRINS",69001,NA
"FLORIDA",2023,"BEARING - APPLICATIONS","LB / ACRE / YEAR","CHEMICAL","INSECTICIDE","SPINETORAM",110007,NA
"FLORIDA",2023,"BEARING - APPLICATIONS","LB / ACRE / YEAR","CHEMICAL","INSECTICIDE","SPINOSAD",110003,NA
"FLORIDA",2023,"BEARING - APPLICATIONS","LB / ACRE / YEAR","CHEMICAL","INSECTICIDE","SULFOXAFLOR",5210,NA
"FLORIDA",2023,"BEARING - APPLICATIONS","LB / ACRE / YEAR","CHEMICAL","INSECTICIDE","THIAMETHOXAM",60109,0.064
"FLORIDA",2023,"BEARING - APPLICATIONS","LB / ACRE / YEAR","CHEMICAL","OTHER","CYTOKININS",116801,NA
"FLORIDA",2023,"BEARING - APPLICATIONS","LB / ACRE / YEAR","CHEMICAL","OTHER","FLUTRIAFOL",128940,NA
"FLORIDA",2023,"BEARING - APPLICATIONS","LB / ACRE / YEAR","CHEMICAL","OTHER","INDOLEBUTYRIC ACID",46701,NA
"FLORIDA",2023,"BEARING - APPLICATIONS","LB / ACRE / YEAR","CHEMICAL","OTHER","METAM-POTASSIUM",39002,NA
"FLORIDA",2023,"BEARING - APPLICATIONS","LB / ACRE / YEAR","CHEMICAL","OTHER","PSEUDOMONAS CHLORORAPHIS STRAIN AFS009",6800,NA
"FLORIDA",2023,"BEARING - APPLICATIONS","NUMBER","CHEMICAL","FUNGICIDE","AZOXYSTROBIN",128810,1.4
"FLORIDA",2023,"BEARING - APPLICATIONS","NUMBER","CHEMICAL","FUNGICIDE","BACILLUS AMYLOLIQUEFAC F727",16489,NA
"FLORIDA",2023,"BEARING - APPLICATIONS","NUMBER","CHEMICAL","FUNGICIDE","BOSCALID",128008,NA
"FLORIDA",2023,"BEARING - APPLICATIONS","NUMBER","CHEMICAL","FUNGICIDE","CAPTAN",81301,5.2
"FLORIDA",2023,"BEARING - APPLICATIONS","NUMBER","CHEMICAL","FUNGICIDE","CHLOROTHALONIL",81901,NA
"FLORIDA",2023,"BEARING - APPLICATIONS","NUMBER","CHEMICAL","FUNGICIDE","COPPER CHLORIDE HYD.",23501,NA
"FLORIDA",2023,"BEARING - APPLICATIONS","NUMBER","CHEMICAL","FUNGICIDE","COPPER HYDROXIDE",23401,NA
"FLORIDA",2023,"BEARING - APPLICATIONS","NUMBER","CHEMICAL","FUNGICIDE","CYFLUFENAMID",555550,NA
"FLORIDA",2023,"BEARING - APPLICATIONS","NUMBER","CHEMICAL","FUNGICIDE","CYMOXANIL",129106,NA
"FLORIDA",2023,"BEARING - APPLICATIONS","NUMBER","CHEMICAL","FUNGICIDE","CYPRODINIL",288202,3.1
"FLORIDA",2023,"BEARING - APPLICATIONS","NUMBER","CHEMICAL","FUNGICIDE","DIFENOCONAZOLE",128847,NA
"FLORIDA",2023,"BEARING - APPLICATIONS","NUMBER","CHEMICAL","FUNGICIDE","FAMOXADONE",113202,NA
"FLORIDA",2023,"BEARING - APPLICATIONS","NUMBER","CHEMICAL","FUNGICIDE","FENHEXAMID",90209,NA
"FLORIDA",2023,"BEARING - APPLICATIONS","NUMBER","CHEMICAL","FUNGICIDE","FLUDIOXONIL",71503,3.1
"FLORIDA",2023,"BEARING - APPLICATIONS","NUMBER","CHEMICAL","FUNGICIDE","FLUOPYRAM",80302,NA
"FLORIDA",2023,"BEARING - APPLICATIONS","NUMBER","CHEMICAL","FUNGICIDE","FLUXAPYROXAD",138009,NA
"FLORIDA",2023,"BEARING - APPLICATIONS","NUMBER","CHEMICAL","FUNGICIDE","FOSETYL-AL",123301,NA
"FLORIDA",2023,"BEARING - APPLICATIONS","NUMBER","CHEMICAL","FUNGICIDE","IPRODIONE",109801,NA
"FLORIDA",2023,"BEARING - APPLICATIONS","NUMBER","CHEMICAL","FUNGICIDE","ISOFETAMID",270000,NA
"FLORIDA",2023,"BEARING - APPLICATIONS","NUMBER","CHEMICAL","FUNGICIDE","MANCOZEB",14504,NA
"FLORIDA",2023,"BEARING - APPLICATIONS","NUMBER","CHEMICAL","FUNGICIDE","MEFENOXAM",113502,NA
"FLORIDA",2023,"BEARING - APPLICATIONS","NUMBER","CHEMICAL","FUNGICIDE","MONO-POTASSIUM SALT",76416,NA
"FLORIDA",2023,"BEARING - APPLICATIONS","NUMBER","CHEMICAL","FUNGICIDE","PENTHIOPYRAD",90112,NA
"FLORIDA",2023,"BEARING - APPLICATIONS","NUMBER","CHEMICAL","FUNGICIDE","PROPICONAZOLE",122101,NA
"FLORIDA",2023,"BEARING - APPLICATIONS","NUMBER","CHEMICAL","FUNGICIDE","PYDIFLUMETOFEN",90110,NA
"FLORIDA",2023,"BEARING - APPLICATIONS","NUMBER","CHEMICAL","FUNGICIDE","PYRACLOSTROBIN",99100,NA
"FLORIDA",2023,"BEARING - APPLICATIONS","NUMBER","CHEMICAL","FUNGICIDE","PYRIMETHANIL",288201,NA
"FLORIDA",2023,"BEARING - APPLICATIONS","NUMBER","CHEMICAL","FUNGICIDE","SULFUR",77501,NA
"FLORIDA",2023,"BEARING - APPLICATIONS","NUMBER","CHEMICAL","FUNGICIDE","TETRACONAZOLE",120603,NA
"FLORIDA",2023,"BEARING - APPLICATIONS","NUMBER","CHEMICAL","FUNGICIDE","THIOPHANATE-METHYL",102001,NA
"FLORIDA",2023,"BEARING - APPLICATIONS","NUMBER","CHEMICAL","FUNGICIDE","THIRAM",79801,5.8
"FLORIDA",2023,"BEARING - APPLICATIONS","NUMBER","CHEMICAL","FUNGICIDE","TRIFLUMIZOLE",128879,NA
"FLORIDA",2023,"BEARING - APPLICATIONS","NUMBER","CHEMICAL","HERBICIDE","2,4-D, DIMETH. SALT",30019,NA
"FLORIDA",2023,"BEARING - APPLICATIONS","NUMBER","CHEMICAL","HERBICIDE","CLETHODIM",121011,NA
"FLORIDA",2023,"BEARING - APPLICATIONS","NUMBER","CHEMICAL","HERBICIDE","FLUMIOXAZIN",129034,NA
"FLORIDA",2023,"BEARING - APPLICATIONS","NUMBER","CHEMICAL","HERBICIDE","GLYPHOSATE ISO. SALT",103601,NA
"FLORIDA",2023,"BEARING - APPLICATIONS","NUMBER","CHEMICAL","HERBICIDE","PARAQUAT",61601,NA
"FLORIDA",2023,"BEARING - APPLICATIONS","NUMBER","CHEMICAL","INSECTICIDE","ABAMECTIN",122804,1.1
"FLORIDA",2023,"BEARING - APPLICATIONS","NUMBER","CHEMICAL","INSECTICIDE","ACETAMIPRID",99050,1.2
"FLORIDA",2023,"BEARING - APPLICATIONS","NUMBER","CHEMICAL","INSECTICIDE","BIFENAZATE",586,NA
"FLORIDA",2023,"BEARING - APPLICATIONS","NUMBER","CHEMICAL","INSECTICIDE","BIFENTHRIN",128825,1.2
"FLORIDA",2023,"BEARING - APPLICATIONS","NUMBER","CHEMICAL","INSECTICIDE","BT KURSTAKI ABTS-351",6522,NA
"FLORIDA",2023,"BEARING - APPLICATIONS","NUMBER","CHEMICAL","INSECTICIDE","CHLORANTRANILIPROLE",90100,1.1
"FLORIDA",2023,"BEARING - APPLICATIONS","NUMBER","CHEMICAL","INSECTICIDE","CYANTRANILIPROLE",90098,NA
"FLORIDA",2023,"BEARING - APPLICATIONS","NUMBER","CHEMICAL","INSECTICIDE","DIAZINON",57801,NA
"FLORIDA",2023,"BEARING - APPLICATIONS","NUMBER","CHEMICAL","INSECTICIDE","FENPROPATHRIN",127901,NA
"FLORIDA",2023,"BEARING - APPLICATIONS","NUMBER","CHEMICAL","INSECTICIDE","FLUPYRADIFURONE",122304,NA
"FLORIDA",2023,"BEARING - APPLICATIONS","NUMBER","CHEMICAL","INSECTICIDE","HEXYTHIAZOX",128849,NA
"FLORIDA",2023,"BEARING - APPLICATIONS","NUMBER","CHEMICAL","INSECTICIDE","IMIDACLOPRID",129099,NA
"FLORIDA",2023,"BEARING - APPLICATIONS","NUMBER","CHEMICAL","INSECTICIDE","LAMBDA-CYHALOTHRIN",128897,NA
"FLORIDA",2023,"BEARING - APPLICATIONS","NUMBER","CHEMICAL","INSECTICIDE","MALATHION",57701,NA
"FLORIDA",2023,"BEARING - APPLICATIONS","NUMBER","CHEMICAL","INSECTICIDE","METHOMYL",90301,NA
"FLORIDA",2023,"BEARING - APPLICATIONS","NUMBER","CHEMICAL","INSECTICIDE","NALED",34401,NA
"FLORIDA",2023,"BEARING - APPLICATIONS","NUMBER","CHEMICAL","INSECTICIDE","NOVALURON",124002,2.3
"FLORIDA",2023,"BEARING - APPLICATIONS","NUMBER","CHEMICAL","INSECTICIDE","PIPERONYL BUTOXIDE",67501,NA
"FLORIDA",2023,"BEARING - APPLICATIONS","NUMBER","CHEMICAL","INSECTICIDE","PYRETHRINS",69001,NA
"FLORIDA",2023,"BEARING - APPLICATIONS","NUMBER","CHEMICAL","INSECTICIDE","SPINETORAM",110007,NA
"FLORIDA",2023,"BEARING - APPLICATIONS","NUMBER","CHEMICAL","INSECTICIDE","SPINOSAD",110003,NA
"FLORIDA",2023,"BEARING - APPLICATIONS","NUMBER","CHEMICAL","INSECTICIDE","SULFOXAFLOR",5210,NA
"FLORIDA",2023,"BEARING - APPLICATIONS","NUMBER","CHEMICAL","INSECTICIDE","THIAMETHOXAM",60109,1.1
"FLORIDA",2023,"BEARING - APPLICATIONS","NUMBER","CHEMICAL","OTHER","CYTOKININS",116801,NA
"FLORIDA",2023,"BEARING - APPLICATIONS","NUMBER","CHEMICAL","OTHER","FLUTRIAFOL",128940,NA
"FLORIDA",2023,"BEARING - APPLICATIONS","NUMBER","CHEMICAL","OTHER","INDOLEBUTYRIC ACID",46701,NA
"FLORIDA",2023,"BEARING - APPLICATIONS","NUMBER","CHEMICAL","OTHER","METAM-POTASSIUM",39002,NA
"FLORIDA",2023,"BEARING - APPLICATIONS","NUMBER","CHEMICAL","OTHER","PSEUDOMONAS CHLORORAPHIS STRAIN AFS009",6800,NA
"FLORIDA",2023,"BEARING - TREATED","PCT OF AREA BEARING","CHEMICAL","FUNGICIDE","AZOXYSTROBIN",128810,3
"FLORIDA",2023,"BEARING - TREATED","PCT OF AREA BEARING","CHEMICAL","FUNGICIDE","BACILLUS AMYLOLIQUEFAC F727",16489,NA
"FLORIDA",2023,"BEARING - TREATED","PCT OF AREA BEARING","CHEMICAL","FUNGICIDE","BOSCALID",128008,NA
"FLORIDA",2023,"BEARING - TREATED","PCT OF AREA BEARING","CHEMICAL","FUNGICIDE","CAPTAN",81301,96
"FLORIDA",2023,"BEARING - TREATED","PCT OF AREA BEARING","CHEMICAL","FUNGICIDE","CHLOROTHALONIL",81901,NA
"FLORIDA",2023,"BEARING - TREATED","PCT OF AREA BEARING","CHEMICAL","FUNGICIDE","COPPER CHLORIDE HYD.",23501,NA
"FLORIDA",2023,"BEARING - TREATED","PCT OF AREA BEARING","CHEMICAL","FUNGICIDE","COPPER HYDROXIDE",23401,NA
"FLORIDA",2023,"BEARING - TREATED","PCT OF AREA BEARING","CHEMICAL","FUNGICIDE","CYFLUFENAMID",555550,NA
"FLORIDA",2023,"BEARING - TREATED","PCT OF AREA BEARING","CHEMICAL","FUNGICIDE","CYMOXANIL",129106,NA
"FLORIDA",2023,"BEARING - TREATED","PCT OF AREA BEARING","CHEMICAL","FUNGICIDE","CYPRODINIL",288202,91
"FLORIDA",2023,"BEARING - TREATED","PCT OF AREA BEARING","CHEMICAL","FUNGICIDE","DIFENOCONAZOLE",128847,NA
"FLORIDA",2023,"BEARING - TREATED","PCT OF AREA BEARING","CHEMICAL","FUNGICIDE","FAMOXADONE",113202,NA
"FLORIDA",2023,"BEARING - TREATED","PCT OF AREA BEARING","CHEMICAL","FUNGICIDE","FENHEXAMID",90209,NA
"FLORIDA",2023,"BEARING - TREATED","PCT OF AREA BEARING","CHEMICAL","FUNGICIDE","FLUDIOXONIL",71503,91
"FLORIDA",2023,"BEARING - TREATED","PCT OF AREA BEARING","CHEMICAL","FUNGICIDE","FLUOPYRAM",80302,NA
"FLORIDA",2023,"BEARING - TREATED","PCT OF AREA BEARING","CHEMICAL","FUNGICIDE","FLUXAPYROXAD",138009,NA
"FLORIDA",2023,"BEARING - TREATED","PCT OF AREA BEARING","CHEMICAL","FUNGICIDE","FOSETYL-AL",123301,NA
"FLORIDA",2023,"BEARING - TREATED","PCT OF AREA BEARING","CHEMICAL","FUNGICIDE","IPRODIONE",109801,NA
"FLORIDA",2023,"BEARING - TREATED","PCT OF AREA BEARING","CHEMICAL","FUNGICIDE","ISOFETAMID",270000,NA
"FLORIDA",2023,"BEARING - TREATED","PCT OF AREA BEARING","CHEMICAL","FUNGICIDE","MANCOZEB",14504,NA
"FLORIDA",2023,"BEARING - TREATED","PCT OF AREA BEARING","CHEMICAL","FUNGICIDE","MEFENOXAM",113502,NA
"FLORIDA",2023,"BEARING - TREATED","PCT OF AREA BEARING","CHEMICAL","FUNGICIDE","MONO-POTASSIUM SALT",76416,NA
"FLORIDA",2023,"BEARING - TREATED","PCT OF AREA BEARING","CHEMICAL","FUNGICIDE","PENTHIOPYRAD",90112,NA
"FLORIDA",2023,"BEARING - TREATED","PCT OF AREA BEARING","CHEMICAL","FUNGICIDE","PROPICONAZOLE",122101,NA
"FLORIDA",2023,"BEARING - TREATED","PCT OF AREA BEARING","CHEMICAL","FUNGICIDE","PYDIFLUMETOFEN",90110,NA
"FLORIDA",2023,"BEARING - TREATED","PCT OF AREA BEARING","CHEMICAL","FUNGICIDE","PYRACLOSTROBIN",99100,NA
"FLORIDA",2023,"BEARING - TREATED","PCT OF AREA BEARING","CHEMICAL","FUNGICIDE","PYRIMETHANIL",288201,NA
"FLORIDA",2023,"BEARING - TREATED","PCT OF AREA BEARING","CHEMICAL","FUNGICIDE","SULFUR",77501,NA
"FLORIDA",2023,"BEARING - TREATED","PCT OF AREA BEARING","CHEMICAL","FUNGICIDE","TETRACONAZOLE",120603,NA
"FLORIDA",2023,"BEARING - TREATED","PCT OF AREA BEARING","CHEMICAL","FUNGICIDE","THIOPHANATE-METHYL",102001,NA
"FLORIDA",2023,"BEARING - TREATED","PCT OF AREA BEARING","CHEMICAL","FUNGICIDE","THIRAM",79801,63
"FLORIDA",2023,"BEARING - TREATED","PCT OF AREA BEARING","CHEMICAL","FUNGICIDE","TOTAL)",NA,100
"FLORIDA",2023,"BEARING - TREATED","PCT OF AREA BEARING","CHEMICAL","FUNGICIDE","TRIFLUMIZOLE",128879,NA
"FLORIDA",2023,"BEARING - TREATED","PCT OF AREA BEARING","CHEMICAL","HERBICIDE","2,4-D, DIMETH. SALT",30019,NA
"FLORIDA",2023,"BEARING - TREATED","PCT OF AREA BEARING","CHEMICAL","HERBICIDE","CLETHODIM",121011,NA
"FLORIDA",2023,"BEARING - TREATED","PCT OF AREA BEARING","CHEMICAL","HERBICIDE","FLUMIOXAZIN",129034,NA
"FLORIDA",2023,"BEARING - TREATED","PCT OF AREA BEARING","CHEMICAL","HERBICIDE","GLYPHOSATE ISO. SALT",103601,NA
"FLORIDA",2023,"BEARING - TREATED","PCT OF AREA BEARING","CHEMICAL","HERBICIDE","PARAQUAT",61601,NA
"FLORIDA",2023,"BEARING - TREATED","PCT OF AREA BEARING","CHEMICAL","HERBICIDE","TOTAL)",NA,26
"FLORIDA",2023,"BEARING - TREATED","PCT OF AREA BEARING","CHEMICAL","INSECTICIDE","ABAMECTIN",122804,14
"FLORIDA",2023,"BEARING - TREATED","PCT OF AREA BEARING","CHEMICAL","INSECTICIDE","ACETAMIPRID",99050,20
"FLORIDA",2023,"BEARING - TREATED","PCT OF AREA BEARING","CHEMICAL","INSECTICIDE","BIFENAZATE",586,NA
"FLORIDA",2023,"BEARING - TREATED","PCT OF AREA BEARING","CHEMICAL","INSECTICIDE","BIFENTHRIN",128825,6
"FLORIDA",2023,"BEARING - TREATED","PCT OF AREA BEARING","CHEMICAL","INSECTICIDE","BT KURSTAKI ABTS-351",6522,NA
"FLORIDA",2023,"BEARING - TREATED","PCT OF AREA BEARING","CHEMICAL","INSECTICIDE","CHLORANTRANILIPROLE",90100,42
"FLORIDA",2023,"BEARING - TREATED","PCT OF AREA BEARING","CHEMICAL","INSECTICIDE","CYANTRANILIPROLE",90098,NA
"FLORIDA",2023,"BEARING - TREATED","PCT OF AREA BEARING","CHEMICAL","INSECTICIDE","DIAZINON",57801,NA
"FLORIDA",2023,"BEARING - TREATED","PCT OF AREA BEARING","CHEMICAL","INSECTICIDE","FENPROPATHRIN",127901,NA
"FLORIDA",2023,"BEARING - TREATED","PCT OF AREA BEARING","CHEMICAL","INSECTICIDE","FLUPYRADIFURONE",122304,NA
"FLORIDA",2023,"BEARING - TREATED","PCT OF AREA BEARING","CHEMICAL","INSECTICIDE","HEXYTHIAZOX",128849,NA
"FLORIDA",2023,"BEARING - TREATED","PCT OF AREA BEARING","CHEMICAL","INSECTICIDE","IMIDACLOPRID",129099,NA
"FLORIDA",2023,"BEARING - TREATED","PCT OF AREA BEARING","CHEMICAL","INSECTICIDE","LAMBDA-CYHALOTHRIN",128897,NA
"FLORIDA",2023,"BEARING - TREATED","PCT OF AREA BEARING","CHEMICAL","INSECTICIDE","MALATHION",57701,NA
"FLORIDA",2023,"BEARING - TREATED","PCT OF AREA BEARING","CHEMICAL","INSECTICIDE","METHOMYL",90301,NA
"FLORIDA",2023,"BEARING - TREATED","PCT OF AREA BEARING","CHEMICAL","INSECTICIDE","NALED",34401,NA
"FLORIDA",2023,"BEARING - TREATED","PCT OF AREA BEARING","CHEMICAL","INSECTICIDE","NOVALURON",124002,59
"FLORIDA",2023,"BEARING - TREATED","PCT OF AREA BEARING","CHEMICAL","INSECTICIDE","PIPERONYL BUTOXIDE",67501,NA
"FLORIDA",2023,"BEARING - TREATED","PCT OF AREA BEARING","CHEMICAL","INSECTICIDE","PYRETHRINS",69001,NA
"FLORIDA",2023,"BEARING - TREATED","PCT OF AREA BEARING","CHEMICAL","INSECTICIDE","SPINETORAM",110007,NA
"FLORIDA",2023,"BEARING - TREATED","PCT OF AREA BEARING","CHEMICAL","INSECTICIDE","SPINOSAD",110003,NA
"FLORIDA",2023,"BEARING - TREATED","PCT OF AREA BEARING","CHEMICAL","INSECTICIDE","SULFOXAFLOR",5210,NA
"FLORIDA",2023,"BEARING - TREATED","PCT OF AREA BEARING","CHEMICAL","INSECTICIDE","THIAMETHOXAM",60109,42
"FLORIDA",2023,"BEARING - TREATED","PCT OF AREA BEARING","CHEMICAL","INSECTICIDE","TOTAL)",NA,65
"FLORIDA",2023,"BEARING - TREATED","PCT OF AREA BEARING","CHEMICAL","OTHER","CYTOKININS",116801,NA
"FLORIDA",2023,"BEARING - TREATED","PCT OF AREA BEARING","CHEMICAL","OTHER","FLUTRIAFOL",128940,NA
"FLORIDA",2023,"BEARING - TREATED","PCT OF AREA BEARING","CHEMICAL","OTHER","INDOLEBUTYRIC ACID",46701,NA
"FLORIDA",2023,"BEARING - TREATED","PCT OF AREA BEARING","CHEMICAL","OTHER","METAM-POTASSIUM",39002,NA
"FLORIDA",2023,"BEARING - TREATED","PCT OF AREA BEARING","CHEMICAL","OTHER","PSEUDOMONAS CHLORORAPHIS STRAIN AFS009",6800,NA
"FLORIDA",2023,"BEARING - TREATED","PCT OF AREA BEARING","CHEMICAL","OTHER","TOTAL)",NA,22
"CALIFORNIA",2021,"BEARING - APPLICATIONS","LB","CHEMICAL","FUNGICIDE","AZOXYSTROBIN",128810,1900
"CALIFORNIA",2021,"BEARING - APPLICATIONS","LB","CHEMICAL","FUNGICIDE","BACILLUS AMYLOLIQUEFAC F727",16489,NA
"CALIFORNIA",2021,"BEARING - APPLICATIONS","LB","CHEMICAL","FUNGICIDE","BACILLUS AMYLOLIQUEFACIENS MBI 600",129082,NA
"CALIFORNIA",2021,"BEARING - APPLICATIONS","LB","CHEMICAL","FUNGICIDE","BACILLUS AMYLOLIQUEFACIENS STRAIN D747",16482,NA
"CALIFORNIA",2021,"BEARING - APPLICATIONS","LB","CHEMICAL","FUNGICIDE","BACILLUS PUMILUS",6485,NA
"CALIFORNIA",2021,"BEARING - APPLICATIONS","LB","CHEMICAL","FUNGICIDE","BACILLUS SUBTILIS",6479,NA
"CALIFORNIA",2021,"BEARING - APPLICATIONS","LB","CHEMICAL","FUNGICIDE","BLAD",30006,NA
"CALIFORNIA",2021,"BEARING - APPLICATIONS","LB","CHEMICAL","FUNGICIDE","BORAX DECAHYDRATE",11102,100
"CALIFORNIA",2021,"BEARING - APPLICATIONS","LB","CHEMICAL","FUNGICIDE","BOSCALID",128008,2100
"CALIFORNIA",2021,"BEARING - APPLICATIONS","LB","CHEMICAL","FUNGICIDE","BT SUBSP KURSTAKI EVB-113-19",6544,NA
"CALIFORNIA",2021,"BEARING - APPLICATIONS","LB","CHEMICAL","FUNGICIDE","CAPTAN",81301,253600
"CALIFORNIA",2021,"BEARING - APPLICATIONS","LB","CHEMICAL","FUNGICIDE","COPPER OCTANOATE",23306,NA
"CALIFORNIA",2021,"BEARING - APPLICATIONS","LB","CHEMICAL","FUNGICIDE","CYFLUFENAMID",555550,500
"CALIFORNIA",2021,"BEARING - APPLICATIONS","LB","CHEMICAL","FUNGICIDE","CYPRODINIL",288202,11300
"CALIFORNIA",2021,"BEARING - APPLICATIONS","LB","CHEMICAL","FUNGICIDE","DIFENOCONAZOLE",128847,NA
"CALIFORNIA",2021,"BEARING - APPLICATIONS","LB","CHEMICAL","FUNGICIDE","FENHEXAMID",90209,16700
"CALIFORNIA",2021,"BEARING - APPLICATIONS","LB","CHEMICAL","FUNGICIDE","FLUDIOXONIL",71503,7500
"CALIFORNIA",2021,"BEARING - APPLICATIONS","LB","CHEMICAL","FUNGICIDE","FLUOPYRAM",80302,3800
"CALIFORNIA",2021,"BEARING - APPLICATIONS","LB","CHEMICAL","FUNGICIDE","FLUXAPYROXAD",138009,1800
"CALIFORNIA",2021,"BEARING - APPLICATIONS","LB","CHEMICAL","FUNGICIDE","FOSETYL-AL",123301,NA
"CALIFORNIA",2021,"BEARING - APPLICATIONS","LB","CHEMICAL","FUNGICIDE","ISOFETAMID",270000,NA
"CALIFORNIA",2021,"BEARING - APPLICATIONS","LB","CHEMICAL","FUNGICIDE","MEFENOXAM",113502,2400
"CALIFORNIA",2021,"BEARING - APPLICATIONS","LB","CHEMICAL","FUNGICIDE","MONO-POTASSIUM SALT",76416,NA
"CALIFORNIA",2021,"BEARING - APPLICATIONS","LB","CHEMICAL","FUNGICIDE","MYCLOBUTANIL",128857,4100
"CALIFORNIA",2021,"BEARING - APPLICATIONS","LB","CHEMICAL","FUNGICIDE","PENTHIOPYRAD",90112,3400
"CALIFORNIA",2021,"BEARING - APPLICATIONS","LB","CHEMICAL","FUNGICIDE","POLYOXIN D ZINC SALT",230000,2300
"CALIFORNIA",2021,"BEARING - APPLICATIONS","LB","CHEMICAL","FUNGICIDE","POTASSIUM BICARBON.",73508,10600
"CALIFORNIA",2021,"BEARING - APPLICATIONS","LB","CHEMICAL","FUNGICIDE","PROPICONAZOLE",122101,1200
"CALIFORNIA",2021,"BEARING - APPLICATIONS","LB","CHEMICAL","FUNGICIDE","PYRACLOSTROBIN",99100,3100
"CALIFORNIA",2021,"BEARING - APPLICATIONS","LB","CHEMICAL","FUNGICIDE","PYRIMETHANIL",288201,10800
"CALIFORNIA",2021,"BEARING - APPLICATIONS","LB","CHEMICAL","FUNGICIDE","QUINOLINE",55459,2000
"CALIFORNIA",2021,"BEARING - APPLICATIONS","LB","CHEMICAL","FUNGICIDE","STREPTOMYCES LYDICUS",6327,NA
"CALIFORNIA",2021,"BEARING - APPLICATIONS","LB","CHEMICAL","FUNGICIDE","SULFUR",77501,591200
"CALIFORNIA",2021,"BEARING - APPLICATIONS","LB","CHEMICAL","FUNGICIDE","TETRACONAZOLE",120603,800
"CALIFORNIA",2021,"BEARING - APPLICATIONS","LB","CHEMICAL","FUNGICIDE","THIOPHANATE-METHYL",102001,9400
"CALIFORNIA",2021,"BEARING - APPLICATIONS","LB","CHEMICAL","FUNGICIDE","THIRAM",79801,96300
"CALIFORNIA",2021,"BEARING - APPLICATIONS","LB","CHEMICAL","FUNGICIDE","TOTAL)",NA,1056400
"CALIFORNIA",2021,"BEARING - APPLICATIONS","LB","CHEMICAL","FUNGICIDE","TRIFLOXYSTROBIN",129112,3900
"CALIFORNIA",2021,"BEARING - APPLICATIONS","LB","CHEMICAL","FUNGICIDE","TRIFLUMIZOLE",128879,6300
"CALIFORNIA",2021,"BEARING - APPLICATIONS","LB","CHEMICAL","HERBICIDE","CARFENTRAZONE-ETHYL",128712,NA
"CALIFORNIA",2021,"BEARING - APPLICATIONS","LB","CHEMICAL","HERBICIDE","FLUMIOXAZIN",129034,500
"CALIFORNIA",2021,"BEARING - APPLICATIONS","LB","CHEMICAL","HERBICIDE","GLYPHOSATE ISO. SALT",103601,NA
"CALIFORNIA",2021,"BEARING - APPLICATIONS","LB","CHEMICAL","HERBICIDE","GLYPHOSATE POT. SALT",103613,NA
"CALIFORNIA",2021,"BEARING - APPLICATIONS","LB","CHEMICAL","HERBICIDE","NAPROPAMIDE",103001,NA
"CALIFORNIA",2021,"BEARING - APPLICATIONS","LB","CHEMICAL","HERBICIDE","OXYFLUORFEN",111601,1700
"CALIFORNIA",2021,"BEARING - APPLICATIONS","LB","CHEMICAL","HERBICIDE","PARAQUAT",61601,NA
"CALIFORNIA",2021,"BEARING - APPLICATIONS","LB","CHEMICAL","HERBICIDE","PENDIMETHALIN",108501,10800
"CALIFORNIA",2021,"BEARING - APPLICATIONS","LB","CHEMICAL","HERBICIDE","TOTAL)",NA,16900
"CALIFORNIA",2021,"BEARING - APPLICATIONS","LB","CHEMICAL","INSECTICIDE","ABAMECTIN",122804,200
"CALIFORNIA",2021,"BEARING - APPLICATIONS","LB","CHEMICAL","INSECTICIDE","ACEQUINOCYL",6329,7400
"CALIFORNIA",2021,"BEARING - APPLICATIONS","LB","CHEMICAL","INSECTICIDE","ACETAMIPRID",99050,2300
"CALIFORNIA",2021,"BEARING - APPLICATIONS","LB","CHEMICAL","INSECTICIDE","AZADIRACHTIN",121701,600
"CALIFORNIA",2021,"BEARING - APPLICATIONS","LB","CHEMICAL","INSECTICIDE","BEAUVERIA BASSIANA",128924,NA
"CALIFORNIA",2021,"BEARING - APPLICATIONS","LB","CHEMICAL","INSECTICIDE","BIFENAZATE",586,16700
"CALIFORNIA",2021,"BEARING - APPLICATIONS","LB","CHEMICAL","INSECTICIDE","BIFENTHRIN",128825,3400
"CALIFORNIA",2021,"BEARING - APPLICATIONS","LB","CHEMICAL","INSECTICIDE","BT KURSTAK ABTS-1857",6523,NA
"CALIFORNIA",2021,"BEARING - APPLICATIONS","LB","CHEMICAL","INSECTICIDE","BT KURSTAKI ABTS-351",6522,NA
"CALIFORNIA",2021,"BEARING - APPLICATIONS","LB","CHEMICAL","INSECTICIDE","BT KURSTAKI EG7841",6453,NA
"CALIFORNIA",2021,"BEARING - APPLICATIONS","LB","CHEMICAL","INSECTICIDE","BT KURSTAKI SA-11",6519,NA
"CALIFORNIA",2021,"BEARING - APPLICATIONS","LB","CHEMICAL","INSECTICIDE","BT SUB AIZAWAI GC-91",6426,NA
"CALIFORNIA",2021,"BEARING - APPLICATIONS","LB","CHEMICAL","INSECTICIDE","BUPROFEZIN",275100,NA
"CALIFORNIA",2021,"BEARING - APPLICATIONS","LB","CHEMICAL","INSECTICIDE","BURKHOLDERIA A396 CELLS & MEDIA",6534,NA
"CALIFORNIA",2021,"BEARING - APPLICATIONS","LB","CHEMICAL","INSECTICIDE","CANOLA OIL",11332,NA
"CALIFORNIA",2021,"BEARING - APPLICATIONS","LB","CHEMICAL","INSECTICIDE","CHLORANTRANILIPROLE",90100,1800
"CALIFORNIA",2021,"BEARING - APPLICATIONS","LB","CHEMICAL","INSECTICIDE","CHROMOBAC SUBTSUGAE PRAA4-1 CELLS AND SPENT MEDIA",16329,NA
"CALIFORNIA",2021,"BEARING - APPLICATIONS","LB","CHEMICAL","INSECTICIDE","CYANTRANILIPROLE",90098,1100
"CALIFORNIA",2021,"BEARING - APPLICATIONS","LB","CHEMICAL","INSECTICIDE","CYFLUMETOFEN",138831,5500
"CALIFORNIA",2021,"BEARING - APPLICATIONS","LB","CHEMICAL","INSECTICIDE","DIAZINON",57801,NA
"CALIFORNIA",2021,"BEARING - APPLICATIONS","LB","CHEMICAL","INSECTICIDE","ETOXAZOLE",107091,NA
"CALIFORNIA",2021,"BEARING - APPLICATIONS","LB","CHEMICAL","INSECTICIDE","FENBUTATIN-OXIDE",104601,NA
"CALIFORNIA",2021,"BEARING - APPLICATIONS","LB","CHEMICAL","INSECTICIDE","FENPROPATHRIN",127901,2500
"CALIFORNIA",2021,"BEARING - APPLICATIONS","LB","CHEMICAL","INSECTICIDE","FENPYROXIMATE",129131,200
"CALIFORNIA",2021,"BEARING - APPLICATIONS","LB","CHEMICAL","INSECTICIDE","FLONICAMID",128016,3600
"CALIFORNIA",2021,"BEARING - APPLICATIONS","LB","CHEMICAL","INSECTICIDE","FLUPYRADIFURONE",122304,3600
"CALIFORNIA",2021,"BEARING - APPLICATIONS","LB","CHEMICAL","INSECTICIDE","HELICOVERPA ZEA NPV",107300,NA
"CALIFORNIA",2021,"BEARING - APPLICATIONS","LB","CHEMICAL","INSECTICIDE","HEXYTHIAZOX",128849,2600
"CALIFORNIA",2021,"BEARING - APPLICATIONS","LB","CHEMICAL","INSECTICIDE","IMIDACLOPRID",129099,2500
"CALIFORNIA",2021,"BEARING - APPLICATIONS","LB","CHEMICAL","INSECTICIDE","MALATHION",57701,29100
"CALIFORNIA",2021,"BEARING - APPLICATIONS","LB","CHEMICAL","INSECTICIDE","METHOXYFENOZIDE",121027,2600
"CALIFORNIA",2021,"BEARING - APPLICATIONS","LB","CHEMICAL","INSECTICIDE","NALED",34401,2900
"CALIFORNIA",2021,"BEARING - APPLICATIONS","LB","CHEMICAL","INSECTICIDE","NEEM OIL",25006,3100
"CALIFORNIA",2021,"BEARING - APPLICATIONS","LB","CHEMICAL","INSECTICIDE","NEEM OIL, CLAR. HYD.",25007,5800
"CALIFORNIA",2021,"BEARING - APPLICATIONS","LB","CHEMICAL","INSECTICIDE","NOVALURON",124002,3300
"CALIFORNIA",2021,"BEARING - APPLICATIONS","LB","CHEMICAL","INSECTICIDE","PETROLEUM DISTILLATE",63503,NA
"CALIFORNIA",2021,"BEARING - APPLICATIONS","LB","CHEMICAL","INSECTICIDE","PIPERONYL BUTOXIDE",67501,NA
"CALIFORNIA",2021,"BEARING - APPLICATIONS","LB","CHEMICAL","INSECTICIDE","POTASSIUM SALTS",79021,NA
"CALIFORNIA",2021,"BEARING - APPLICATIONS","LB","CHEMICAL","INSECTICIDE","PYRETHRINS",69001,100
"CALIFORNIA",2021,"BEARING - APPLICATIONS","LB","CHEMICAL","INSECTICIDE","PYRIDABEN",129105,NA
"CALIFORNIA",2021,"BEARING - APPLICATIONS","LB","CHEMICAL","INSECTICIDE","PYRIPROXYFEN",129032,NA
"CALIFORNIA",2021,"BEARING - APPLICATIONS","LB","CHEMICAL","INSECTICIDE","SPINETORAM",110007,2200
"CALIFORNIA",2021,"BEARING - APPLICATIONS","LB","CHEMICAL","INSECTICIDE","SPINOSAD",110003,1800
"CALIFORNIA",2021,"BEARING - APPLICATIONS","LB","CHEMICAL","INSECTICIDE","SPIROMESIFEN",24875,700
"CALIFORNIA",2021,"BEARING - APPLICATIONS","LB","CHEMICAL","INSECTICIDE","THIAMETHOXAM",60109,600
"CALIFORNIA",2021,"BEARING - APPLICATIONS","LB","CHEMICAL","INSECTICIDE","TOTAL)",NA,116700
"CALIFORNIA",2021,"BEARING - APPLICATIONS","LB","CHEMICAL","OTHER","ACIBENZOLAR-S-METHYL",61402,NA
"CALIFORNIA",2021,"BEARING - APPLICATIONS","LB","CHEMICAL","OTHER","CAPRIC ACID",128955,NA
"CALIFORNIA",2021,"BEARING - APPLICATIONS","LB","CHEMICAL","OTHER","CAPRYLIC ACID",128919,NA
"CALIFORNIA",2021,"BEARING - APPLICATIONS","LB","CHEMICAL","OTHER","CAPSICUM OLEORESIN EXTRACT",70704,NA
"CALIFORNIA",2021,"BEARING - APPLICATIONS","LB","CHEMICAL","OTHER","CHLOROPICRIN",81501,5692600
"CALIFORNIA",2021,"BEARING - APPLICATIONS","LB","CHEMICAL","OTHER","DICHLOROPROPENE",29001,848600
"CALIFORNIA",2021,"BEARING - APPLICATIONS","LB","CHEMICAL","OTHER","FLUTRIAFOL",128940,2600
"CALIFORNIA",2021,"BEARING - APPLICATIONS","LB","CHEMICAL","OTHER","GARLIC OIL",128827,NA
"CALIFORNIA",2021,"BEARING - APPLICATIONS","LB","CHEMICAL","OTHER","HYDROGEN PEROXIDE",595,9400
"CALIFORNIA",2021,"BEARING - APPLICATIONS","LB","CHEMICAL","OTHER","IRON PHOSPHATE",34903,NA
"CALIFORNIA",2021,"BEARING - APPLICATIONS","LB","CHEMICAL","OTHER","METAM-POTASSIUM",39002,1040400
"CALIFORNIA",2021,"BEARING - APPLICATIONS","LB","CHEMICAL","OTHER","MINERAL OIL",63502,NA
"CALIFORNIA",2021,"BEARING - APPLICATIONS","LB","CHEMICAL","OTHER","PAECILOMYCES FUMOSOR",115002,NA
"CALIFORNIA",2021,"BEARING - APPLICATIONS","LB","CHEMICAL","OTHER","PEROXYACETIC ACID",63201,2000
"CALIFORNIA",2021,"BEARING - APPLICATIONS","LB","CHEMICAL","OTHER","POTASSIUM SILICATE",72606,NA
"CALIFORNIA",2021,"BEARING - APPLICATIONS","LB","CHEMICAL","OTHER","PSEUDOMONAS CHLORORAPHIS STRAIN AFS009",6800,NA
"CALIFORNIA",2021,"BEARING - APPLICATIONS","LB","CHEMICAL","OTHER","REYNOUTRIA SACHALINE",55809,3000
"CALIFORNIA",2021,"BEARING - APPLICATIONS","LB","CHEMICAL","OTHER","TOTAL)",NA,7602900
"CALIFORNIA",2021,"BEARING - APPLICATIONS","LB / ACRE / APPLICATION","CHEMICAL","FUNGICIDE","AZOXYSTROBIN",128810,0.237
"CALIFORNIA",2021,"BEARING - APPLICATIONS","LB / ACRE / APPLICATION","CHEMICAL","FUNGICIDE","BACILLUS AMYLOLIQUEFAC F727",16489,NA
"CALIFORNIA",2021,"BEARING - APPLICATIONS","LB / ACRE / APPLICATION","CHEMICAL","FUNGICIDE","BACILLUS AMYLOLIQUEFACIENS MBI 600",129082,NA
"CALIFORNIA",2021,"BEARING - APPLICATIONS","LB / ACRE / APPLICATION","CHEMICAL","FUNGICIDE","BACILLUS AMYLOLIQUEFACIENS STRAIN D747",16482,NA
"CALIFORNIA",2021,"BEARING - APPLICATIONS","LB / ACRE / APPLICATION","CHEMICAL","FUNGICIDE","BACILLUS PUMILUS",6485,NA
"CALIFORNIA",2021,"BEARING - APPLICATIONS","LB / ACRE / APPLICATION","CHEMICAL","FUNGICIDE","BACILLUS SUBTILIS",6479,NA
"CALIFORNIA",2021,"BEARING - APPLICATIONS","LB / ACRE / APPLICATION","CHEMICAL","FUNGICIDE","BLAD",30006,NA
"CALIFORNIA",2021,"BEARING - APPLICATIONS","LB / ACRE / APPLICATION","CHEMICAL","FUNGICIDE","BORAX DECAHYDRATE",11102,0.017
"CALIFORNIA",2021,"BEARING - APPLICATIONS","LB / ACRE / APPLICATION","CHEMICAL","FUNGICIDE","BOSCALID",128008,0.372
"CALIFORNIA",2021,"BEARING - APPLICATIONS","LB / ACRE / APPLICATION","CHEMICAL","FUNGICIDE","BT SUBSP KURSTAKI EVB-113-19",6544,NA
"CALIFORNIA",2021,"BEARING - APPLICATIONS","LB / ACRE / APPLICATION","CHEMICAL","FUNGICIDE","CAPTAN",81301,1.662
"CALIFORNIA",2021,"BEARING - APPLICATIONS","LB / ACRE / APPLICATION","CHEMICAL","FUNGICIDE","COPPER OCTANOATE",23306,NA
"CALIFORNIA",2021,"BEARING - APPLICATIONS","LB / ACRE / APPLICATION","CHEMICAL","FUNGICIDE","CYFLUFENAMID",555550,0.023
"CALIFORNIA",2021,"BEARING - APPLICATIONS","LB / ACRE / APPLICATION","CHEMICAL","FUNGICIDE","CYPRODINIL",288202,0.333
"CALIFORNIA",2021,"BEARING - APPLICATIONS","LB / ACRE / APPLICATION","CHEMICAL","FUNGICIDE","DIFENOCONAZOLE",128847,NA
"CALIFORNIA",2021,"BEARING - APPLICATIONS","LB / ACRE / APPLICATION","CHEMICAL","FUNGICIDE","FENHEXAMID",90209,0.627
"CALIFORNIA",2021,"BEARING - APPLICATIONS","LB / ACRE / APPLICATION","CHEMICAL","FUNGICIDE","FLUDIOXONIL",71503,0.222
"CALIFORNIA",2021,"BEARING - APPLICATIONS","LB / ACRE / APPLICATION","CHEMICAL","FUNGICIDE","FLUOPYRAM",80302,0.125
"CALIFORNIA",2021,"BEARING - APPLICATIONS","LB / ACRE / APPLICATION","CHEMICAL","FUNGICIDE","FLUXAPYROXAD",138009,0.174
"CALIFORNIA",2021,"BEARING - APPLICATIONS","LB / ACRE / APPLICATION","CHEMICAL","FUNGICIDE","FOSETYL-AL",123301,NA
"CALIFORNIA",2021,"BEARING - APPLICATIONS","LB / ACRE / APPLICATION","CHEMICAL","FUNGICIDE","ISOFETAMID",270000,NA
"CALIFORNIA",2021,"BEARING - APPLICATIONS","LB / ACRE / APPLICATION","CHEMICAL","FUNGICIDE","MEFENOXAM",113502,0.483
"CALIFORNIA",2021,"BEARING - APPLICATIONS","LB / ACRE / APPLICATION","CHEMICAL","FUNGICIDE","MONO-POTASSIUM SALT",76416,NA
"CALIFORNIA",2021,"BEARING - APPLICATIONS","LB / ACRE / APPLICATION","CHEMICAL","FUNGICIDE","MYCLOBUTANIL",128857,0.105
"CALIFORNIA",2021,"BEARING - APPLICATIONS","LB / ACRE / APPLICATION","CHEMICAL","FUNGICIDE","PENTHIOPYRAD",90112,0.279
"CALIFORNIA",2021,"BEARING - APPLICATIONS","LB / ACRE / APPLICATION","CHEMICAL","FUNGICIDE","POLYOXIN D ZINC SALT",230000,0.098
"CALIFORNIA",2021,"BEARING - APPLICATIONS","LB / ACRE / APPLICATION","CHEMICAL","FUNGICIDE","POTASSIUM BICARBON.",73508,2.152
"CALIFORNIA",2021,"BEARING - APPLICATIONS","LB / ACRE / APPLICATION","CHEMICAL","FUNGICIDE","PROPICONAZOLE",122101,0.113
"CALIFORNIA",2021,"BEARING - APPLICATIONS","LB / ACRE / APPLICATION","CHEMICAL","FUNGICIDE","PYRACLOSTROBIN",99100,0.179
"CALIFORNIA",2021,"BEARING - APPLICATIONS","LB / ACRE / APPLICATION","CHEMICAL","FUNGICIDE","PYRIMETHANIL",288201,0.711
"CALIFORNIA",2021,"BEARING - APPLICATIONS","LB / ACRE / APPLICATION","CHEMICAL","FUNGICIDE","QUINOLINE",55459,0.098
"CALIFORNIA",2021,"BEARING - APPLICATIONS","LB / ACRE / APPLICATION","CHEMICAL","FUNGICIDE","STREPTOMYCES LYDICUS",6327,NA
"CALIFORNIA",2021,"BEARING - APPLICATIONS","LB / ACRE / APPLICATION","CHEMICAL","FUNGICIDE","SULFUR",77501,3.779
"CALIFORNIA",2021,"BEARING - APPLICATIONS","LB / ACRE / APPLICATION","CHEMICAL","FUNGICIDE","TETRACONAZOLE",120603,0.038
"CALIFORNIA",2021,"BEARING - APPLICATIONS","LB / ACRE / APPLICATION","CHEMICAL","FUNGICIDE","THIOPHANATE-METHYL",102001,0.707
"CALIFORNIA",2021,"BEARING - APPLICATIONS","LB / ACRE / APPLICATION","CHEMICAL","FUNGICIDE","THIRAM",79801,2.144
"CALIFORNIA",2021,"BEARING - APPLICATIONS","LB / ACRE / APPLICATION","CHEMICAL","FUNGICIDE","TRIFLOXYSTROBIN",129112,0.124
"CALIFORNIA",2021,"BEARING - APPLICATIONS","LB / ACRE / APPLICATION","CHEMICAL","FUNGICIDE","TRIFLUMIZOLE",128879,0.251
"CALIFORNIA",2021,"BEARING - APPLICATIONS","LB / ACRE / APPLICATION","CHEMICAL","HERBICIDE","CARFENTRAZONE-ETHYL",128712,NA
"CALIFORNIA",2021,"BEARING - APPLICATIONS","LB / ACRE / APPLICATION","CHEMICAL","HERBICIDE","FLUMIOXAZIN",129034,0.084
"CALIFORNIA",2021,"BEARING - APPLICATIONS","LB / ACRE / APPLICATION","CHEMICAL","HERBICIDE","GLYPHOSATE ISO. SALT",103601,NA
"CALIFORNIA",2021,"BEARING - APPLICATIONS","LB / ACRE / APPLICATION","CHEMICAL","HERBICIDE","GLYPHOSATE POT. SALT",103613,NA
"CALIFORNIA",2021,"BEARING - APPLICATIONS","LB / ACRE / APPLICATION","CHEMICAL","HERBICIDE","NAPROPAMIDE",103001,NA
"CALIFORNIA",2021,"BEARING - APPLICATIONS","LB / ACRE / APPLICATION","CHEMICAL","HERBICIDE","OXYFLUORFEN",111601,0.301
"CALIFORNIA",2021,"BEARING - APPLICATIONS","LB / ACRE / APPLICATION","CHEMICAL","HERBICIDE","PARAQUAT",61601,NA
"CALIFORNIA",2021,"BEARING - APPLICATIONS","LB / ACRE / APPLICATION","CHEMICAL","HERBICIDE","PENDIMETHALIN",108501,1.327
"CALIFORNIA",2021,"BEARING - APPLICATIONS","LB / ACRE / APPLICATION","CHEMICAL","INSECTICIDE","ABAMECTIN",122804,0.018
"CALIFORNIA",2021,"BEARING - APPLICATIONS","LB / ACRE / APPLICATION","CHEMICAL","INSECTICIDE","ACEQUINOCYL",6329,0.305
"CALIFORNIA",2021,"BEARING - APPLICATIONS","LB / ACRE / APPLICATION","CHEMICAL","INSECTICIDE","ACETAMIPRID",99050,0.138
"CALIFORNIA",2021,"BEARING - APPLICATIONS","LB / ACRE / APPLICATION","CHEMICAL","INSECTICIDE","AZADIRACHTIN",121701,0.029
"CALIFORNIA",2021,"BEARING - APPLICATIONS","LB / ACRE / APPLICATION","CHEMICAL","INSECTICIDE","BEAUVERIA BASSIANA",128924,NA
"CALIFORNIA",2021,"BEARING - APPLICATIONS","LB / ACRE / APPLICATION","CHEMICAL","INSECTICIDE","BIFENAZATE",586,0.505
"CALIFORNIA",2021,"BEARING - APPLICATIONS","LB / ACRE / APPLICATION","CHEMICAL","INSECTICIDE","BIFENTHRIN",128825,0.123
"CALIFORNIA",2021,"BEARING - APPLICATIONS","LB / ACRE / APPLICATION","CHEMICAL","INSECTICIDE","BT KURSTAK ABTS-1857",6523,NA
"CALIFORNIA",2021,"BEARING - APPLICATIONS","LB / ACRE / APPLICATION","CHEMICAL","INSECTICIDE","BT KURSTAKI ABTS-351",6522,NA
"CALIFORNIA",2021,"BEARING - APPLICATIONS","LB / ACRE / APPLICATION","CHEMICAL","INSECTICIDE","BT KURSTAKI EG7841",6453,NA
"CALIFORNIA",2021,"BEARING - APPLICATIONS","LB / ACRE / APPLICATION","CHEMICAL","INSECTICIDE","BT KURSTAKI SA-11",6519,NA
"CALIFORNIA",2021,"BEARING - APPLICATIONS","LB / ACRE / APPLICATION","CHEMICAL","INSECTICIDE","BT SUB AIZAWAI GC-91",6426,NA
"CALIFORNIA",2021,"BEARING - APPLICATIONS","LB / ACRE / APPLICATION","CHEMICAL","INSECTICIDE","BUPROFEZIN",275100,NA
"CALIFORNIA",2021,"BEARING - APPLICATIONS","LB / ACRE / APPLICATION","CHEMICAL","INSECTICIDE","BURKHOLDERIA A396 CELLS & MEDIA",6534,NA
"CALIFORNIA",2021,"BEARING - APPLICATIONS","LB / ACRE / APPLICATION","CHEMICAL","INSECTICIDE","CANOLA OIL",11332,NA
"CALIFORNIA",2021,"BEARING - APPLICATIONS","LB / ACRE / APPLICATION","CHEMICAL","INSECTICIDE","CHLORANTRANILIPROLE",90100,0.066
"CALIFORNIA",2021,"BEARING - APPLICATIONS","LB / ACRE / APPLICATION","CHEMICAL","INSECTICIDE","CHROMOBAC SUBTSUGAE PRAA4-1 CELLS AND SPENT MEDIA",16329,NA
"CALIFORNIA",2021,"BEARING - APPLICATIONS","LB / ACRE / APPLICATION","CHEMICAL","INSECTICIDE","CYANTRANILIPROLE",90098,0.109
"CALIFORNIA",2021,"BEARING - APPLICATIONS","LB / ACRE / APPLICATION","CHEMICAL","INSECTICIDE","CYFLUMETOFEN",138831,0.178
"CALIFORNIA",2021,"BEARING - APPLICATIONS","LB / ACRE / APPLICATION","CHEMICAL","INSECTICIDE","DIAZINON",57801,NA
"CALIFORNIA",2021,"BEARING - APPLICATIONS","LB / ACRE / APPLICATION","CHEMICAL","INSECTICIDE","ETOXAZOLE",107091,NA
"CALIFORNIA",2021,"BEARING - APPLICATIONS","LB / ACRE / APPLICATION","CHEMICAL","INSECTICIDE","FENBUTATIN-OXIDE",104601,NA
"CALIFORNIA",2021,"BEARING - APPLICATIONS","LB / ACRE / APPLICATION","CHEMICAL","INSECTICIDE","FENPROPATHRIN",127901,0.233
"CALIFORNIA",2021,"BEARING - APPLICATIONS","LB / ACRE / APPLICATION","CHEMICAL","INSECTICIDE","FENPYROXIMATE",129131,0.106
"CALIFORNIA",2021,"BEARING - APPLICATIONS","LB / ACRE / APPLICATION","CHEMICAL","INSECTICIDE","FLONICAMID",128016,0.088
"CALIFORNIA",2021,"BEARING - APPLICATIONS","LB / ACRE / APPLICATION","CHEMICAL","INSECTICIDE","FLUPYRADIFURONE",122304,0.18
"CALIFORNIA",2021,"BEARING - APPLICATIONS","LB / ACRE / APPLICATION","CHEMICAL","INSECTICIDE","HELICOVERPA ZEA NPV",107300,NA
"CALIFORNIA",2021,"BEARING - APPLICATIONS","LB / ACRE / APPLICATION","CHEMICAL","INSECTICIDE","HEXYTHIAZOX",128849,0.218
"CALIFORNIA",2021,"BEARING - APPLICATIONS","LB / ACRE / APPLICATION","CHEMICAL","INSECTICIDE","IMIDACLOPRID",129099,0.513
"CALIFORNIA",2021,"BEARING - APPLICATIONS","LB / ACRE / APPLICATION","CHEMICAL","INSECTICIDE","MALATHION",57701,2.027
"CALIFORNIA",2021,"BEARING - APPLICATIONS","LB / ACRE / APPLICATION","CHEMICAL","INSECTICIDE","METHOXYFENOZIDE",121027,0.169
"CALIFORNIA",2021,"BEARING - APPLICATIONS","LB / ACRE / APPLICATION","CHEMICAL","INSECTICIDE","NALED",34401,0.907
"CALIFORNIA",2021,"BEARING - APPLICATIONS","LB / ACRE / APPLICATION","CHEMICAL","INSECTICIDE","NEEM OIL",25006,0.779
"CALIFORNIA",2021,"BEARING - APPLICATIONS","LB / ACRE / APPLICATION","CHEMICAL","INSECTICIDE","NEEM OIL, CLAR. HYD.",25007,2.222
"CALIFORNIA",2021,"BEARING - APPLICATIONS","LB / ACRE / APPLICATION","CHEMICAL","INSECTICIDE","NOVALURON",124002,0.077
"CALIFORNIA",2021,"BEARING - APPLICATIONS","LB / ACRE / APPLICATION","CHEMICAL","INSECTICIDE","PETROLEUM DISTILLATE",63503,NA
"CALIFORNIA",2021,"BEARING - APPLICATIONS","LB / ACRE / APPLICATION","CHEMICAL","INSECTICIDE","PIPERONYL BUTOXIDE",67501,NA
"CALIFORNIA",2021,"BEARING - APPLICATIONS","LB / ACRE / APPLICATION","CHEMICAL","INSECTICIDE","POTASSIUM SALTS",79021,NA
"CALIFORNIA",2021,"BEARING - APPLICATIONS","LB / ACRE / APPLICATION","CHEMICAL","INSECTICIDE","PYRETHRINS",69001,0.041
"CALIFORNIA",2021,"BEARING - APPLICATIONS","LB / ACRE / APPLICATION","CHEMICAL","INSECTICIDE","PYRIDABEN",129105,NA
"CALIFORNIA",2021,"BEARING - APPLICATIONS","LB / ACRE / APPLICATION","CHEMICAL","INSECTICIDE","PYRIPROXYFEN",129032,NA
"CALIFORNIA",2021,"BEARING - APPLICATIONS","LB / ACRE / APPLICATION","CHEMICAL","INSECTICIDE","SPINETORAM",110007,0.076
"CALIFORNIA",2021,"BEARING - APPLICATIONS","LB / ACRE / APPLICATION","CHEMICAL","INSECTICIDE","SPINOSAD",110003,0.095
"CALIFORNIA",2021,"BEARING - APPLICATIONS","LB / ACRE / APPLICATION","CHEMICAL","INSECTICIDE","SPIROMESIFEN",24875,0.252
"CALIFORNIA",2021,"BEARING - APPLICATIONS","LB / ACRE / APPLICATION","CHEMICAL","INSECTICIDE","THIAMETHOXAM",60109,0.065
"CALIFORNIA",2021,"BEARING - APPLICATIONS","LB / ACRE / APPLICATION","CHEMICAL","OTHER","ACIBENZOLAR-S-METHYL",61402,NA
"CALIFORNIA",2021,"BEARING - APPLICATIONS","LB / ACRE / APPLICATION","CHEMICAL","OTHER","CAPRIC ACID",128955,NA
"CALIFORNIA",2021,"BEARING - APPLICATIONS","LB / ACRE / APPLICATION","CHEMICAL","OTHER","CAPRYLIC ACID",128919,NA
"CALIFORNIA",2021,"BEARING - APPLICATIONS","LB / ACRE / APPLICATION","CHEMICAL","OTHER","CAPSICUM OLEORESIN EXTRACT",70704,NA
"CALIFORNIA",2021,"BEARING - APPLICATIONS","LB / ACRE / APPLICATION","CHEMICAL","OTHER","CHLOROPICRIN",81501,196.615
"CALIFORNIA",2021,"BEARING - APPLICATIONS","LB / ACRE / APPLICATION","CHEMICAL","OTHER","DICHLOROPROPENE",29001,70.726
"CALIFORNIA",2021,"BEARING - APPLICATIONS","LB / ACRE / APPLICATION","CHEMICAL","OTHER","FLUTRIAFOL",128940,0.113
"CALIFORNIA",2021,"BEARING - APPLICATIONS","LB / ACRE / APPLICATION","CHEMICAL","OTHER","GARLIC OIL",128827,NA
"CALIFORNIA",2021,"BEARING - APPLICATIONS","LB / ACRE / APPLICATION","CHEMICAL","OTHER","HYDROGEN PEROXIDE",595,2.372
"CALIFORNIA",2021,"BEARING - APPLICATIONS","LB / ACRE / APPLICATION","CHEMICAL","OTHER","IRON PHOSPHATE",34903,NA
"CALIFORNIA",2021,"BEARING - APPLICATIONS","LB / ACRE / APPLICATION","CHEMICAL","OTHER","METAM-POTASSIUM",39002,240.829
"CALIFORNIA",2021,"BEARING - APPLICATIONS","LB / ACRE / APPLICATION","CHEMICAL","OTHER","MINERAL OIL",63502,NA
"CALIFORNIA",2021,"BEARING - APPLICATIONS","LB / ACRE / APPLICATION","CHEMICAL","OTHER","PAECILOMYCES FUMOSOR",115002,NA
"CALIFORNIA",2021,"BEARING - APPLICATIONS","LB / ACRE / APPLICATION","CHEMICAL","OTHER","PEROXYACETIC ACID",63201,0.491
"CALIFORNIA",2021,"BEARING - APPLICATIONS","LB / ACRE / APPLICATION","CHEMICAL","OTHER","POTASSIUM SILICATE",72606,NA
"CALIFORNIA",2021,"BEARING - APPLICATIONS","LB / ACRE / APPLICATION","CHEMICAL","OTHER","PSEUDOMONAS CHLORORAPHIS STRAIN AFS009",6800,NA
"CALIFORNIA",2021,"BEARING - APPLICATIONS","LB / ACRE / APPLICATION","CHEMICAL","OTHER","REYNOUTRIA SACHALINE",55809,0.199
"CALIFORNIA",2021,"BEARING - APPLICATIONS","LB / ACRE / YEAR","CHEMICAL","FUNGICIDE","AZOXYSTROBIN",128810,0.26
"CALIFORNIA",2021,"BEARING - APPLICATIONS","LB / ACRE / YEAR","CHEMICAL","FUNGICIDE","BACILLUS AMYLOLIQUEFAC F727",16489,NA
"CALIFORNIA",2021,"BEARING - APPLICATIONS","LB / ACRE / YEAR","CHEMICAL","FUNGICIDE","BACILLUS AMYLOLIQUEFACIENS MBI 600",129082,NA
"CALIFORNIA",2021,"BEARING - APPLICATIONS","LB / ACRE / YEAR","CHEMICAL","FUNGICIDE","BACILLUS AMYLOLIQUEFACIENS STRAIN D747",16482,NA
"CALIFORNIA",2021,"BEARING - APPLICATIONS","LB / ACRE / YEAR","CHEMICAL","FUNGICIDE","BACILLUS PUMILUS",6485,NA
"CALIFORNIA",2021,"BEARING - APPLICATIONS","LB / ACRE / YEAR","CHEMICAL","FUNGICIDE","BACILLUS SUBTILIS",6479,NA
"CALIFORNIA",2021,"BEARING - APPLICATIONS","LB / ACRE / YEAR","CHEMICAL","FUNGICIDE","BLAD",30006,NA
"CALIFORNIA",2021,"BEARING - APPLICATIONS","LB / ACRE / YEAR","CHEMICAL","FUNGICIDE","BORAX DECAHYDRATE",11102,0.021
"CALIFORNIA",2021,"BEARING - APPLICATIONS","LB / ACRE / YEAR","CHEMICAL","FUNGICIDE","BOSCALID",128008,0.506
"CALIFORNIA",2021,"BEARING - APPLICATIONS","LB / ACRE / YEAR","CHEMICAL","FUNGICIDE","BT SUBSP KURSTAKI EVB-113-19",6544,NA
"CALIFORNIA",2021,"BEARING - APPLICATIONS","LB / ACRE / YEAR","CHEMICAL","FUNGICIDE","CAPTAN",81301,14.256
"CALIFORNIA",2021,"BEARING - APPLICATIONS","LB / ACRE / YEAR","CHEMICAL","FUNGICIDE","COPPER OCTANOATE",23306,NA
"CALIFORNIA",2021,"BEARING - APPLICATIONS","LB / ACRE / YEAR","CHEMICAL","FUNGICIDE","CYFLUFENAMID",555550,0.031
"CALIFORNIA",2021,"BEARING - APPLICATIONS","LB / ACRE / YEAR","CHEMICAL","FUNGICIDE","CYPRODINIL",288202,0.591
"CALIFORNIA",2021,"BEARING - APPLICATIONS","LB / ACRE / YEAR","CHEMICAL","FUNGICIDE","DIFENOCONAZOLE",128847,NA
"CALIFORNIA",2021,"BEARING - APPLICATIONS","LB / ACRE / YEAR","CHEMICAL","FUNGICIDE","FENHEXAMID",90209,0.974
"CALIFORNIA",2021,"BEARING - APPLICATIONS","LB / ACRE / YEAR","CHEMICAL","FUNGICIDE","FLUDIOXONIL",71503,0.394
"CALIFORNIA",2021,"BEARING - APPLICATIONS","LB / ACRE / YEAR","CHEMICAL","FUNGICIDE","FLUOPYRAM",80302,0.254
"CALIFORNIA",2021,"BEARING - APPLICATIONS","LB / ACRE / YEAR","CHEMICAL","FUNGICIDE","FLUXAPYROXAD",138009,0.202
"CALIFORNIA",2021,"BEARING - APPLICATIONS","LB / ACRE / YEAR","CHEMICAL","FUNGICIDE","FOSETYL-AL",123301,NA
"CALIFORNIA",2021,"BEARING - APPLICATIONS","LB / ACRE / YEAR","CHEMICAL","FUNGICIDE","ISOFETAMID",270000,NA
"CALIFORNIA",2021,"BEARING - APPLICATIONS","LB / ACRE / YEAR","CHEMICAL","FUNGICIDE","MEFENOXAM",113502,0.566
"CALIFORNIA",2021,"BEARING - APPLICATIONS","LB / ACRE / YEAR","CHEMICAL","FUNGICIDE","MONO-POTASSIUM SALT",76416,NA
"CALIFORNIA",2021,"BEARING - APPLICATIONS","LB / ACRE / YEAR","CHEMICAL","FUNGICIDE","MYCLOBUTANIL",128857,0.237
"CALIFORNIA",2021,"BEARING - APPLICATIONS","LB / ACRE / YEAR","CHEMICAL","FUNGICIDE","PENTHIOPYRAD",90112,0.35
"CALIFORNIA",2021,"BEARING - APPLICATIONS","LB / ACRE / YEAR","CHEMICAL","FUNGICIDE","POLYOXIN D ZINC SALT",230000,0.183
"CALIFORNIA",2021,"BEARING - APPLICATIONS","LB / ACRE / YEAR","CHEMICAL","FUNGICIDE","POTASSIUM BICARBON.",73508,10.775
"CALIFORNIA",2021,"BEARING - APPLICATIONS","LB / ACRE / YEAR","CHEMICAL","FUNGICIDE","PROPICONAZOLE",122101,0.14
"CALIFORNIA",2021,"BEARING - APPLICATIONS","LB / ACRE / YEAR","CHEMICAL","FUNGICIDE","PYRACLOSTROBIN",99100,0.23
"CALIFORNIA",2021,"BEARING - APPLICATIONS","LB / ACRE / YEAR","CHEMICAL","FUNGICIDE","PYRIMETHANIL",288201,0.989
"CALIFORNIA",2021,"BEARING - APPLICATIONS","LB / ACRE / YEAR","CHEMICAL","FUNGICIDE","QUINOLINE",55459,0.139
"CALIFORNIA",2021,"BEARING - APPLICATIONS","LB / ACRE / YEAR","CHEMICAL","FUNGICIDE","STREPTOMYCES LYDICUS",6327,NA
"CALIFORNIA",2021,"BEARING - APPLICATIONS","LB / ACRE / YEAR","CHEMICAL","FUNGICIDE","SULFUR",77501,17.216
"CALIFORNIA",2021,"BEARING - APPLICATIONS","LB / ACRE / YEAR","CHEMICAL","FUNGICIDE","TETRACONAZOLE",120603,0.056
"CALIFORNIA",2021,"BEARING - APPLICATIONS","LB / ACRE / YEAR","CHEMICAL","FUNGICIDE","THIOPHANATE-METHYL",102001,0.815
"CALIFORNIA",2021,"BEARING - APPLICATIONS","LB / ACRE / YEAR","CHEMICAL","FUNGICIDE","THIRAM",79801,5.029
"CALIFORNIA",2021,"BEARING - APPLICATIONS","LB / ACRE / YEAR","CHEMICAL","FUNGICIDE","TRIFLOXYSTROBIN",129112,0.249
"CALIFORNIA",2021,"BEARING - APPLICATIONS","LB / ACRE / YEAR","CHEMICAL","FUNGICIDE","TRIFLUMIZOLE",128879,0.461
"CALIFORNIA",2021,"BEARING - APPLICATIONS","LB / ACRE / YEAR","CHEMICAL","HERBICIDE","CARFENTRAZONE-ETHYL",128712,NA
"CALIFORNIA",2021,"BEARING - APPLICATIONS","LB / ACRE / YEAR","CHEMICAL","HERBICIDE","FLUMIOXAZIN",129034,0.099
"CALIFORNIA",2021,"BEARING - APPLICATIONS","LB / ACRE / YEAR","CHEMICAL","HERBICIDE","GLYPHOSATE ISO. SALT",103601,NA
"CALIFORNIA",2021,"BEARING - APPLICATIONS","LB / ACRE / YEAR","CHEMICAL","HERBICIDE","GLYPHOSATE POT. SALT",103613,NA
"CALIFORNIA",2021,"BEARING - APPLICATIONS","LB / ACRE / YEAR","CHEMICAL","HERBICIDE","NAPROPAMIDE",103001,NA
"CALIFORNIA",2021,"BEARING - APPLICATIONS","LB / ACRE / YEAR","CHEMICAL","HERBICIDE","OXYFLUORFEN",111601,0.388
"CALIFORNIA",2021,"BEARING - APPLICATIONS","LB / ACRE / YEAR","CHEMICAL","HERBICIDE","PARAQUAT",61601,NA
"CALIFORNIA",2021,"BEARING - APPLICATIONS","LB / ACRE / YEAR","CHEMICAL","HERBICIDE","PENDIMETHALIN",108501,1.357
"CALIFORNIA",2021,"BEARING - APPLICATIONS","LB / ACRE / YEAR","CHEMICAL","INSECTICIDE","ABAMECTIN",122804,0.025
"CALIFORNIA",2021,"BEARING - APPLICATIONS","LB / ACRE / YEAR","CHEMICAL","INSECTICIDE","ACEQUINOCYL",6329,0.453
"CALIFORNIA",2021,"BEARING - APPLICATIONS","LB / ACRE / YEAR","CHEMICAL","INSECTICIDE","ACETAMIPRID",99050,0.184
"CALIFORNIA",2021,"BEARING - APPLICATIONS","LB / ACRE / YEAR","CHEMICAL","INSECTICIDE","AZADIRACHTIN",121701,0.048
"CALIFORNIA",2021,"BEARING - APPLICATIONS","LB / ACRE / YEAR","CHEMICAL","INSECTICIDE","BEAUVERIA BASSIANA",128924,NA
"CALIFORNIA",2021,"BEARING - APPLICATIONS","LB / ACRE / YEAR","CHEMICAL","INSECTICIDE","BIFENAZATE",586,0.872
"CALIFORNIA",2021,"BEARING - APPLICATIONS","LB / ACRE / YEAR","CHEMICAL","INSECTICIDE","BIFENTHRIN",128825,0.191
"CALIFORNIA",2021,"BEARING - APPLICATIONS","LB / ACRE / YEAR","CHEMICAL","INSECTICIDE","BT KURSTAK ABTS-1857",6523,NA
"CALIFORNIA",2021,"BEARING - APPLICATIONS","LB / ACRE / YEAR","CHEMICAL","INSECTICIDE","BT KURSTAKI ABTS-351",6522,NA
"CALIFORNIA",2021,"BEARING - APPLICATIONS","LB / ACRE / YEAR","CHEMICAL","INSECTICIDE","BT KURSTAKI EG7841",6453,NA
"CALIFORNIA",2021,"BEARING - APPLICATIONS","LB / ACRE / YEAR","CHEMICAL","INSECTICIDE","BT KURSTAKI SA-11",6519,NA
"CALIFORNIA",2021,"BEARING - APPLICATIONS","LB / ACRE / YEAR","CHEMICAL","INSECTICIDE","BT SUB AIZAWAI GC-91",6426,NA
"CALIFORNIA",2021,"BEARING - APPLICATIONS","LB / ACRE / YEAR","CHEMICAL","INSECTICIDE","BUPROFEZIN",275100,NA
"CALIFORNIA",2021,"BEARING - APPLICATIONS","LB / ACRE / YEAR","CHEMICAL","INSECTICIDE","BURKHOLDERIA A396 CELLS & MEDIA",6534,NA
"CALIFORNIA",2021,"BEARING - APPLICATIONS","LB / ACRE / YEAR","CHEMICAL","INSECTICIDE","CANOLA OIL",11332,NA
"CALIFORNIA",2021,"BEARING - APPLICATIONS","LB / ACRE / YEAR","CHEMICAL","INSECTICIDE","CHLORANTRANILIPROLE",90100,0.107
"CALIFORNIA",2021,"BEARING - APPLICATIONS","LB / ACRE / YEAR","CHEMICAL","INSECTICIDE","CHROMOBAC SUBTSUGAE PRAA4-1 CELLS AND SPENT MEDIA",16329,NA
"CALIFORNIA",2021,"BEARING - APPLICATIONS","LB / ACRE / YEAR","CHEMICAL","INSECTICIDE","CYANTRANILIPROLE",90098,0.145
"CALIFORNIA",2021,"BEARING - APPLICATIONS","LB / ACRE / YEAR","CHEMICAL","INSECTICIDE","CYFLUMETOFEN",138831,0.283
"CALIFORNIA",2021,"BEARING - APPLICATIONS","LB / ACRE / YEAR","CHEMICAL","INSECTICIDE","DIAZINON",57801,NA
"CALIFORNIA",2021,"BEARING - APPLICATIONS","LB / ACRE / YEAR","CHEMICAL","INSECTICIDE","ETOXAZOLE",107091,NA
"CALIFORNIA",2021,"BEARING - APPLICATIONS","LB / ACRE / YEAR","CHEMICAL","INSECTICIDE","FENBUTATIN-OXIDE",104601,NA
"CALIFORNIA",2021,"BEARING - APPLICATIONS","LB / ACRE / YEAR","CHEMICAL","INSECTICIDE","FENPROPATHRIN",127901,0.251
"CALIFORNIA",2021,"BEARING - APPLICATIONS","LB / ACRE / YEAR","CHEMICAL","INSECTICIDE","FENPYROXIMATE",129131,0.121
"CALIFORNIA",2021,"BEARING - APPLICATIONS","LB / ACRE / YEAR","CHEMICAL","INSECTICIDE","FLONICAMID",128016,0.16
"CALIFORNIA",2021,"BEARING - APPLICATIONS","LB / ACRE / YEAR","CHEMICAL","INSECTICIDE","FLUPYRADIFURONE",122304,0.245
"CALIFORNIA",2021,"BEARING - APPLICATIONS","LB / ACRE / YEAR","CHEMICAL","INSECTICIDE","HELICOVERPA ZEA NPV",107300,NA
"CALIFORNIA",2021,"BEARING - APPLICATIONS","LB / ACRE / YEAR","CHEMICAL","INSECTICIDE","HEXYTHIAZOX",128849,0.253
"CALIFORNIA",2021,"BEARING - APPLICATIONS","LB / ACRE / YEAR","CHEMICAL","INSECTICIDE","IMIDACLOPRID",129099,0.602
"CALIFORNIA",2021,"BEARING - APPLICATIONS","LB / ACRE / YEAR","CHEMICAL","INSECTICIDE","MALATHION",57701,2.443
"CALIFORNIA",2021,"BEARING - APPLICATIONS","LB / ACRE / YEAR","CHEMICAL","INSECTICIDE","METHOXYFENOZIDE",121027,0.219
"CALIFORNIA",2021,"BEARING - APPLICATIONS","LB / ACRE / YEAR","CHEMICAL","INSECTICIDE","NALED",34401,1.076
"CALIFORNIA",2021,"BEARING - APPLICATIONS","LB / ACRE / YEAR","CHEMICAL","INSECTICIDE","NEEM OIL",25006,1.159
"CALIFORNIA",2021,"BEARING - APPLICATIONS","LB / ACRE / YEAR","CHEMICAL","INSECTICIDE","NEEM OIL, CLAR. HYD.",25007,2.57
"CALIFORNIA",2021,"BEARING - APPLICATIONS","LB / ACRE / YEAR","CHEMICAL","INSECTICIDE","NOVALURON",124002,0.168
"CALIFORNIA",2021,"BEARING - APPLICATIONS","LB / ACRE / YEAR","CHEMICAL","INSECTICIDE","PETROLEUM DISTILLATE",63503,NA
"CALIFORNIA",2021,"BEARING - APPLICATIONS","LB / ACRE / YEAR","CHEMICAL","INSECTICIDE","PIPERONYL BUTOXIDE",67501,NA
"CALIFORNIA",2021,"BEARING - APPLICATIONS","LB / ACRE / YEAR","CHEMICAL","INSECTICIDE","POTASSIUM SALTS",79021,NA
"CALIFORNIA",2021,"BEARING - APPLICATIONS","LB / ACRE / YEAR","CHEMICAL","INSECTICIDE","PYRETHRINS",69001,0.067
"CALIFORNIA",2021,"BEARING - APPLICATIONS","LB / ACRE / YEAR","CHEMICAL","INSECTICIDE","PYRIDABEN",129105,NA
"CALIFORNIA",2021,"BEARING - APPLICATIONS","LB / ACRE / YEAR","CHEMICAL","INSECTICIDE","PYRIPROXYFEN",129032,NA
"CALIFORNIA",2021,"BEARING - APPLICATIONS","LB / ACRE / YEAR","CHEMICAL","INSECTICIDE","SPINETORAM",110007,0.117
"CALIFORNIA",2021,"BEARING - APPLICATIONS","LB / ACRE / YEAR","CHEMICAL","INSECTICIDE","SPINOSAD",110003,0.126
"CALIFORNIA",2021,"BEARING - APPLICATIONS","LB / ACRE / YEAR","CHEMICAL","INSECTICIDE","SPIROMESIFEN",24875,0.274
"CALIFORNIA",2021,"BEARING - APPLICATIONS","LB / ACRE / YEAR","CHEMICAL","INSECTICIDE","THIAMETHOXAM",60109,0.088
"CALIFORNIA",2021,"BEARING - APPLICATIONS","LB / ACRE / YEAR","CHEMICAL","OTHER","ACIBENZOLAR-S-METHYL",61402,NA
"CALIFORNIA",2021,"BEARING - APPLICATIONS","LB / ACRE / YEAR","CHEMICAL","OTHER","CAPRIC ACID",128955,NA
"CALIFORNIA",2021,"BEARING - APPLICATIONS","LB / ACRE / YEAR","CHEMICAL","OTHER","CAPRYLIC ACID",128919,NA
"CALIFORNIA",2021,"BEARING - APPLICATIONS","LB / ACRE / YEAR","CHEMICAL","OTHER","CAPSICUM OLEORESIN EXTRACT",70704,NA
"CALIFORNIA",2021,"BEARING - APPLICATIONS","LB / ACRE / YEAR","CHEMICAL","OTHER","CHLOROPICRIN",81501,221.399
"CALIFORNIA",2021,"BEARING - APPLICATIONS","LB / ACRE / YEAR","CHEMICAL","OTHER","DICHLOROPROPENE",29001,77.467
"CALIFORNIA",2021,"BEARING - APPLICATIONS","LB / ACRE / YEAR","CHEMICAL","OTHER","FLUTRIAFOL",128940,0.186
"CALIFORNIA",2021,"BEARING - APPLICATIONS","LB / ACRE / YEAR","CHEMICAL","OTHER","GARLIC OIL",128827,NA
"CALIFORNIA",2021,"BEARING - APPLICATIONS","LB / ACRE / YEAR","CHEMICAL","OTHER","HYDROGEN PEROXIDE",595,4.631
"CALIFORNIA",2021,"BEARING - APPLICATIONS","LB / ACRE / YEAR","CHEMICAL","OTHER","IRON PHOSPHATE",34903,NA
"CALIFORNIA",2021,"BEARING - APPLICATIONS","LB / ACRE / YEAR","CHEMICAL","OTHER","METAM-POTASSIUM",39002,281.989
"CALIFORNIA",2021,"BEARING - APPLICATIONS","LB / ACRE / YEAR","CHEMICAL","OTHER","MINERAL OIL",63502,NA
"CALIFORNIA",2021,"BEARING - APPLICATIONS","LB / ACRE / YEAR","CHEMICAL","OTHER","PAECILOMYCES FUMOSOR",115002,NA
"CALIFORNIA",2021,"BEARING - APPLICATIONS","LB / ACRE / YEAR","CHEMICAL","OTHER","PEROXYACETIC ACID",63201,0.958
"CALIFORNIA",2021,"BEARING - APPLICATIONS","LB / ACRE / YEAR","CHEMICAL","OTHER","POTASSIUM SILICATE",72606,NA
"CALIFORNIA",2021,"BEARING - APPLICATIONS","LB / ACRE / YEAR","CHEMICAL","OTHER","PSEUDOMONAS CHLORORAPHIS STRAIN AFS009",6800,NA
"CALIFORNIA",2021,"BEARING - APPLICATIONS","LB / ACRE / YEAR","CHEMICAL","OTHER","REYNOUTRIA SACHALINE",55809,0.266
"CALIFORNIA",2021,"BEARING - APPLICATIONS","NUMBER","CHEMICAL","FUNGICIDE","AZOXYSTROBIN",128810,1.1
"CALIFORNIA",2021,"BEARING - APPLICATIONS","NUMBER","CHEMICAL","FUNGICIDE","BACILLUS AMYLOLIQUEFAC F727",16489,NA
"CALIFORNIA",2021,"BEARING - APPLICATIONS","NUMBER","CHEMICAL","FUNGICIDE","BACILLUS AMYLOLIQUEFACIENS MBI 600",129082,NA
"CALIFORNIA",2021,"BEARING - APPLICATIONS","NUMBER","CHEMICAL","FUNGICIDE","BACILLUS AMYLOLIQUEFACIENS STRAIN D747",16482,1.6
"CALIFORNIA",2021,"BEARING - APPLICATIONS","NUMBER","CHEMICAL","FUNGICIDE","BACILLUS PUMILUS",6485,NA
"CALIFORNIA",2021,"BEARING - APPLICATIONS","NUMBER","CHEMICAL","FUNGICIDE","BACILLUS SUBTILIS",6479,1.3
"CALIFORNIA",2021,"BEARING - APPLICATIONS","NUMBER","CHEMICAL","FUNGICIDE","BLAD",30006,NA
"CALIFORNIA",2021,"BEARING - APPLICATIONS","NUMBER","CHEMICAL","FUNGICIDE","BORAX DECAHYDRATE",11102,1.3
"CALIFORNIA",2021,"BEARING - APPLICATIONS","NUMBER","CHEMICAL","FUNGICIDE","BOSCALID",128008,1.4
"CALIFORNIA",2021,"BEARING - APPLICATIONS","NUMBER","CHEMICAL","FUNGICIDE","BT SUBSP KURSTAKI EVB-113-19",6544,NA
"CALIFORNIA",2021,"BEARING - APPLICATIONS","NUMBER","CHEMICAL","FUNGICIDE","CAPTAN",81301,8.6
"CALIFORNIA",2021,"BEARING - APPLICATIONS","NUMBER","CHEMICAL","FUNGICIDE","COPPER OCTANOATE",23306,NA
"CALIFORNIA",2021,"BEARING - APPLICATIONS","NUMBER","CHEMICAL","FUNGICIDE","CYFLUFENAMID",555550,1.3
"CALIFORNIA",2021,"BEARING - APPLICATIONS","NUMBER","CHEMICAL","FUNGICIDE","CYPRODINIL",288202,1.8
"CALIFORNIA",2021,"BEARING - APPLICATIONS","NUMBER","CHEMICAL","FUNGICIDE","DIFENOCONAZOLE",128847,NA
"CALIFORNIA",2021,"BEARING - APPLICATIONS","NUMBER","CHEMICAL","FUNGICIDE","FENHEXAMID",90209,1.6
"CALIFORNIA",2021,"BEARING - APPLICATIONS","NUMBER","CHEMICAL","FUNGICIDE","FLUDIOXONIL",71503,1.8
"CALIFORNIA",2021,"BEARING - APPLICATIONS","NUMBER","CHEMICAL","FUNGICIDE","FLUOPYRAM",80302,2
"CALIFORNIA",2021,"BEARING - APPLICATIONS","NUMBER","CHEMICAL","FUNGICIDE","FLUXAPYROXAD",138009,1.2
"CALIFORNIA",2021,"BEARING - APPLICATIONS","NUMBER","CHEMICAL","FUNGICIDE","FOSETYL-AL",123301,NA
"CALIFORNIA",2021,"BEARING - APPLICATIONS","NUMBER","CHEMICAL","FUNGICIDE","ISOFETAMID",270000,NA
"CALIFORNIA",2021,"BEARING - APPLICATIONS","NUMBER","CHEMICAL","FUNGICIDE","MEFENOXAM",113502,1.2
"CALIFORNIA",2021,"BEARING - APPLICATIONS","NUMBER","CHEMICAL","FUNGICIDE","MONO-POTASSIUM SALT",76416,NA
"CALIFORNIA",2021,"BEARING - APPLICATIONS","NUMBER","CHEMICAL","FUNGICIDE","MYCLOBUTANIL",128857,2.3
"CALIFORNIA",2021,"BEARING - APPLICATIONS","NUMBER","CHEMICAL","FUNGICIDE","PENTHIOPYRAD",90112,1.3
"CALIFORNIA",2021,"BEARING - APPLICATIONS","NUMBER","CHEMICAL","FUNGICIDE","POLYOXIN D ZINC SALT",230000,1.9
"CALIFORNIA",2021,"BEARING - APPLICATIONS","NUMBER","CHEMICAL","FUNGICIDE","POTASSIUM BICARBON.",73508,5
"CALIFORNIA",2021,"BEARING - APPLICATIONS","NUMBER","CHEMICAL","FUNGICIDE","PROPICONAZOLE",122101,1.2
"CALIFORNIA",2021,"BEARING - APPLICATIONS","NUMBER","CHEMICAL","FUNGICIDE","PYRACLOSTROBIN",99100,1.3
"CALIFORNIA",2021,"BEARING - APPLICATIONS","NUMBER","CHEMICAL","FUNGICIDE","PYRIMETHANIL",288201,1.4
"CALIFORNIA",2021,"BEARING - APPLICATIONS","NUMBER","CHEMICAL","FUNGICIDE","QUINOLINE",55459,1.4
"CALIFORNIA",2021,"BEARING - APPLICATIONS","NUMBER","CHEMICAL","FUNGICIDE","STREPTOMYCES LYDICUS",6327,NA
"CALIFORNIA",2021,"BEARING - APPLICATIONS","NUMBER","CHEMICAL","FUNGICIDE","SULFUR",77501,4.6
"CALIFORNIA",2021,"BEARING - APPLICATIONS","NUMBER","CHEMICAL","FUNGICIDE","TETRACONAZOLE",120603,1.5
"CALIFORNIA",2021,"BEARING - APPLICATIONS","NUMBER","CHEMICAL","FUNGICIDE","THIOPHANATE-METHYL",102001,1.2
"CALIFORNIA",2021,"BEARING - APPLICATIONS","NUMBER","CHEMICAL","FUNGICIDE","THIRAM",79801,2.3
"CALIFORNIA",2021,"BEARING - APPLICATIONS","NUMBER","CHEMICAL","FUNGICIDE","TRIFLOXYSTROBIN",129112,2
"CALIFORNIA",2021,"BEARING - APPLICATIONS","NUMBER","CHEMICAL","FUNGICIDE","TRIFLUMIZOLE",128879,1.8
"CALIFORNIA",2021,"BEARING - APPLICATIONS","NUMBER","CHEMICAL","HERBICIDE","CARFENTRAZONE-ETHYL",128712,NA
"CALIFORNIA",2021,"BEARING - APPLICATIONS","NUMBER","CHEMICAL","HERBICIDE","FLUMIOXAZIN",129034,1.2
"CALIFORNIA",2021,"BEARING - APPLICATIONS","NUMBER","CHEMICAL","HERBICIDE","GLYPHOSATE ISO. SALT",103601,NA
"CALIFORNIA",2021,"BEARING - APPLICATIONS","NUMBER","CHEMICAL","HERBICIDE","GLYPHOSATE POT. SALT",103613,NA
"CALIFORNIA",2021,"BEARING - APPLICATIONS","NUMBER","CHEMICAL","HERBICIDE","NAPROPAMIDE",103001,NA
"CALIFORNIA",2021,"BEARING - APPLICATIONS","NUMBER","CHEMICAL","HERBICIDE","OXYFLUORFEN",111601,1.3
"CALIFORNIA",2021,"BEARING - APPLICATIONS","NUMBER","CHEMICAL","HERBICIDE","PARAQUAT",61601,NA
"CALIFORNIA",2021,"BEARING - APPLICATIONS","NUMBER","CHEMICAL","HERBICIDE","PENDIMETHALIN",108501,1
"CALIFORNIA",2021,"BEARING - APPLICATIONS","NUMBER","CHEMICAL","INSECTICIDE","ABAMECTIN",122804,1.4
"CALIFORNIA",2021,"BEARING - APPLICATIONS","NUMBER","CHEMICAL","INSECTICIDE","ACEQUINOCYL",6329,1.5
"CALIFORNIA",2021,"BEARING - APPLICATIONS","NUMBER","CHEMICAL","INSECTICIDE","ACETAMIPRID",99050,1.3
"CALIFORNIA",2021,"BEARING - APPLICATIONS","NUMBER","CHEMICAL","INSECTICIDE","AZADIRACHTIN",121701,1.6
"CALIFORNIA",2021,"BEARING - APPLICATIONS","NUMBER","CHEMICAL","INSECTICIDE","BEAUVERIA BASSIANA",128924,NA
"CALIFORNIA",2021,"BEARING - APPLICATIONS","NUMBER","CHEMICAL","INSECTICIDE","BIFENAZATE",586,1.7
"CALIFORNIA",2021,"BEARING - APPLICATIONS","NUMBER","CHEMICAL","INSECTICIDE","BIFENTHRIN",128825,1.6
"CALIFORNIA",2021,"BEARING - APPLICATIONS","NUMBER","CHEMICAL","INSECTICIDE","BT KURSTAK ABTS-1857",6523,1.5
"CALIFORNIA",2021,"BEARING - APPLICATIONS","NUMBER","CHEMICAL","INSECTICIDE","BT KURSTAKI ABTS-351",6522,2
"CALIFORNIA",2021,"BEARING - APPLICATIONS","NUMBER","CHEMICAL","INSECTICIDE","BT KURSTAKI EG7841",6453,NA
"CALIFORNIA",2021,"BEARING - APPLICATIONS","NUMBER","CHEMICAL","INSECTICIDE","BT KURSTAKI SA-11",6519,1.7
"CALIFORNIA",2021,"BEARING - APPLICATIONS","NUMBER","CHEMICAL","INSECTICIDE","BT SUB AIZAWAI GC-91",6426,NA
"CALIFORNIA",2021,"BEARING - APPLICATIONS","NUMBER","CHEMICAL","INSECTICIDE","BUPROFEZIN",275100,NA
"CALIFORNIA",2021,"BEARING - APPLICATIONS","NUMBER","CHEMICAL","INSECTICIDE","BURKHOLDERIA A396 CELLS & MEDIA",6534,NA
"CALIFORNIA",2021,"BEARING - APPLICATIONS","NUMBER","CHEMICAL","INSECTICIDE","CANOLA OIL",11332,NA
"CALIFORNIA",2021,"BEARING - APPLICATIONS","NUMBER","CHEMICAL","INSECTICIDE","CHLORANTRANILIPROLE",90100,1.6
"CALIFORNIA",2021,"BEARING - APPLICATIONS","NUMBER","CHEMICAL","INSECTICIDE","CHROMOBAC SUBTSUGAE PRAA4-1 CELLS AND SPENT MEDIA",16329,1.9
"CALIFORNIA",2021,"BEARING - APPLICATIONS","NUMBER","CHEMICAL","INSECTICIDE","CYANTRANILIPROLE",90098,1.3
"CALIFORNIA",2021,"BEARING - APPLICATIONS","NUMBER","CHEMICAL","INSECTICIDE","CYFLUMETOFEN",138831,1.6
"CALIFORNIA",2021,"BEARING - APPLICATIONS","NUMBER","CHEMICAL","INSECTICIDE","DIAZINON",57801,NA
"CALIFORNIA",2021,"BEARING - APPLICATIONS","NUMBER","CHEMICAL","INSECTICIDE","ETOXAZOLE",107091,NA
"CALIFORNIA",2021,"BEARING - APPLICATIONS","NUMBER","CHEMICAL","INSECTICIDE","FENBUTATIN-OXIDE",104601,NA
"CALIFORNIA",2021,"BEARING - APPLICATIONS","NUMBER","CHEMICAL","INSECTICIDE","FENPROPATHRIN",127901,1.1
"CALIFORNIA",2021,"BEARING - APPLICATIONS","NUMBER","CHEMICAL","INSECTICIDE","FENPYROXIMATE",129131,1.1
"CALIFORNIA",2021,"BEARING - APPLICATIONS","NUMBER","CHEMICAL","INSECTICIDE","FLONICAMID",128016,1.8
"CALIFORNIA",2021,"BEARING - APPLICATIONS","NUMBER","CHEMICAL","INSECTICIDE","FLUPYRADIFURONE",122304,1.4
"CALIFORNIA",2021,"BEARING - APPLICATIONS","NUMBER","CHEMICAL","INSECTICIDE","HELICOVERPA ZEA NPV",107300,NA
"CALIFORNIA",2021,"BEARING - APPLICATIONS","NUMBER","CHEMICAL","INSECTICIDE","HEXYTHIAZOX",128849,1.2
"CALIFORNIA",2021,"BEARING - APPLICATIONS","NUMBER","CHEMICAL","INSECTICIDE","IMIDACLOPRID",129099,1.2
"CALIFORNIA",2021,"BEARING - APPLICATIONS","NUMBER","CHEMICAL","INSECTICIDE","MALATHION",57701,1.2
"CALIFORNIA",2021,"BEARING - APPLICATIONS","NUMBER","CHEMICAL","INSECTICIDE","METHOXYFENOZIDE",121027,1.3
"CALIFORNIA",2021,"BEARING - APPLICATIONS","NUMBER","CHEMICAL","INSECTICIDE","NALED",34401,1.2
"CALIFORNIA",2021,"BEARING - APPLICATIONS","NUMBER","CHEMICAL","INSECTICIDE","NEEM OIL",25006,1.5
"CALIFORNIA",2021,"BEARING - APPLICATIONS","NUMBER","CHEMICAL","INSECTICIDE","NEEM OIL, CLAR. HYD.",25007,1.2
"CALIFORNIA",2021,"BEARING - APPLICATIONS","NUMBER","CHEMICAL","INSECTICIDE","NOVALURON",124002,2.2
"CALIFORNIA",2021,"BEARING - APPLICATIONS","NUMBER","CHEMICAL","INSECTICIDE","PETROLEUM DISTILLATE",63503,NA
"CALIFORNIA",2021,"BEARING - APPLICATIONS","NUMBER","CHEMICAL","INSECTICIDE","PIPERONYL BUTOXIDE",67501,NA
"CALIFORNIA",2021,"BEARING - APPLICATIONS","NUMBER","CHEMICAL","INSECTICIDE","POTASSIUM SALTS",79021,NA
"CALIFORNIA",2021,"BEARING - APPLICATIONS","NUMBER","CHEMICAL","INSECTICIDE","PYRETHRINS",69001,1.6
"CALIFORNIA",2021,"BEARING - APPLICATIONS","NUMBER","CHEMICAL","INSECTICIDE","PYRIDABEN",129105,NA
"CALIFORNIA",2021,"BEARING - APPLICATIONS","NUMBER","CHEMICAL","INSECTICIDE","PYRIPROXYFEN",129032,NA
"CALIFORNIA",2021,"BEARING - APPLICATIONS","NUMBER","CHEMICAL","INSECTICIDE","SPINETORAM",110007,1.5
"CALIFORNIA",2021,"BEARING - APPLICATIONS","NUMBER","CHEMICAL","INSECTICIDE","SPINOSAD",110003,1.3
"CALIFORNIA",2021,"BEARING - APPLICATIONS","NUMBER","CHEMICAL","INSECTICIDE","SPIROMESIFEN",24875,1.1
"CALIFORNIA",2021,"BEARING - APPLICATIONS","NUMBER","CHEMICAL","INSECTICIDE","THIAMETHOXAM",60109,1.4
"CALIFORNIA",2021,"BEARING - APPLICATIONS","NUMBER","CHEMICAL","OTHER","ACIBENZOLAR-S-METHYL",61402,NA
"CALIFORNIA",2021,"BEARING - APPLICATIONS","NUMBER","CHEMICAL","OTHER","CAPRIC ACID",128955,NA
"CALIFORNIA",2021,"BEARING - APPLICATIONS","NUMBER","CHEMICAL","OTHER","CAPRYLIC ACID",128919,NA
"CALIFORNIA",2021,"BEARING - APPLICATIONS","NUMBER","CHEMICAL","OTHER","CAPSICUM OLEORESIN EXTRACT",70704,NA
"CALIFORNIA",2021,"BEARING - APPLICATIONS","NUMBER","CHEMICAL","OTHER","CHLOROPICRIN",81501,1.1
"CALIFORNIA",2021,"BEARING - APPLICATIONS","NUMBER","CHEMICAL","OTHER","DICHLOROPROPENE",29001,1.1
"CALIFORNIA",2021,"BEARING - APPLICATIONS","NUMBER","CHEMICAL","OTHER","FLUTRIAFOL",128940,1.6
"CALIFORNIA",2021,"BEARING - APPLICATIONS","NUMBER","CHEMICAL","OTHER","GARLIC OIL",128827,NA
"CALIFORNIA",2021,"BEARING - APPLICATIONS","NUMBER","CHEMICAL","OTHER","HYDROGEN PEROXIDE",595,2
"CALIFORNIA",2021,"BEARING - APPLICATIONS","NUMBER","CHEMICAL","OTHER","IRON PHOSPHATE",34903,NA
"CALIFORNIA",2021,"BEARING - APPLICATIONS","NUMBER","CHEMICAL","OTHER","METAM-POTASSIUM",39002,1.2
"CALIFORNIA",2021,"BEARING - APPLICATIONS","NUMBER","CHEMICAL","OTHER","MINERAL OIL",63502,NA
"CALIFORNIA",2021,"BEARING - APPLICATIONS","NUMBER","CHEMICAL","OTHER","PAECILOMYCES FUMOSOR",115002,NA
"CALIFORNIA",2021,"BEARING - APPLICATIONS","NUMBER","CHEMICAL","OTHER","PEROXYACETIC ACID",63201,2
"CALIFORNIA",2021,"BEARING - APPLICATIONS","NUMBER","CHEMICAL","OTHER","POTASSIUM SILICATE",72606,NA
"CALIFORNIA",2021,"BEARING - APPLICATIONS","NUMBER","CHEMICAL","OTHER","PSEUDOMONAS CHLORORAPHIS STRAIN AFS009",6800,NA
"CALIFORNIA",2021,"BEARING - APPLICATIONS","NUMBER","CHEMICAL","OTHER","REYNOUTRIA SACHALINE",55809,1.3
"CALIFORNIA",2021,"BEARING - TREATED","PCT OF AREA BEARING","CHEMICAL","FUNGICIDE","AZOXYSTROBIN",128810,18
"CALIFORNIA",2021,"BEARING - TREATED","PCT OF AREA BEARING","CHEMICAL","FUNGICIDE","BACILLUS AMYLOLIQUEFAC F727",16489,NA
"CALIFORNIA",2021,"BEARING - TREATED","PCT OF AREA BEARING","CHEMICAL","FUNGICIDE","BACILLUS AMYLOLIQUEFACIENS MBI 600",129082,NA
"CALIFORNIA",2021,"BEARING - TREATED","PCT OF AREA BEARING","CHEMICAL","FUNGICIDE","BACILLUS AMYLOLIQUEFACIENS STRAIN D747",16482,48
"CALIFORNIA",2021,"BEARING - TREATED","PCT OF AREA BEARING","CHEMICAL","FUNGICIDE","BACILLUS PUMILUS",6485,NA
"CALIFORNIA",2021,"BEARING - TREATED","PCT OF AREA BEARING","CHEMICAL","FUNGICIDE","BACILLUS SUBTILIS",6479,11
"CALIFORNIA",2021,"BEARING - TREATED","PCT OF AREA BEARING","CHEMICAL","FUNGICIDE","BLAD",30006,NA
"CALIFORNIA",2021,"BEARING - TREATED","PCT OF AREA BEARING","CHEMICAL","FUNGICIDE","BORAX DECAHYDRATE",11102,7
"CALIFORNIA",2021,"BEARING - TREATED","PCT OF AREA BEARING","CHEMICAL","FUNGICIDE","BOSCALID",128008,10
"CALIFORNIA",2021,"BEARING - TREATED","PCT OF AREA BEARING","CHEMICAL","FUNGICIDE","BT SUBSP KURSTAKI EVB-113-19",6544,NA
"CALIFORNIA",2021,"BEARING - TREATED","PCT OF AREA BEARING","CHEMICAL","FUNGICIDE","CAPTAN",81301,45
"CALIFORNIA",2021,"BEARING - TREATED","PCT OF AREA BEARING","CHEMICAL","FUNGICIDE","COPPER OCTANOATE",23306,NA
"CALIFORNIA",2021,"BEARING - TREATED","PCT OF AREA BEARING","CHEMICAL","FUNGICIDE","CYFLUFENAMID",555550,41
"CALIFORNIA",2021,"BEARING - TREATED","PCT OF AREA BEARING","CHEMICAL","FUNGICIDE","CYPRODINIL",288202,49
"CALIFORNIA",2021,"BEARING - TREATED","PCT OF AREA BEARING","CHEMICAL","FUNGICIDE","DIFENOCONAZOLE",128847,NA
"CALIFORNIA",2021,"BEARING - TREATED","PCT OF AREA BEARING","CHEMICAL","FUNGICIDE","FENHEXAMID",90209,44
"CALIFORNIA",2021,"BEARING - TREATED","PCT OF AREA BEARING","CHEMICAL","FUNGICIDE","FLUDIOXONIL",71503,49
"CALIFORNIA",2021,"BEARING - TREATED","PCT OF AREA BEARING","CHEMICAL","FUNGICIDE","FLUOPYRAM",80302,39
"CALIFORNIA",2021,"BEARING - TREATED","PCT OF AREA BEARING","CHEMICAL","FUNGICIDE","FLUXAPYROXAD",138009,23
"CALIFORNIA",2021,"BEARING - TREATED","PCT OF AREA BEARING","CHEMICAL","FUNGICIDE","FOSETYL-AL",123301,NA
"CALIFORNIA",2021,"BEARING - TREATED","PCT OF AREA BEARING","CHEMICAL","FUNGICIDE","ISOFETAMID",270000,NA
"CALIFORNIA",2021,"BEARING - TREATED","PCT OF AREA BEARING","CHEMICAL","FUNGICIDE","MEFENOXAM",113502,11
"CALIFORNIA",2021,"BEARING - TREATED","PCT OF AREA BEARING","CHEMICAL","FUNGICIDE","MONO-POTASSIUM SALT",76416,NA
"CALIFORNIA",2021,"BEARING - TREATED","PCT OF AREA BEARING","CHEMICAL","FUNGICIDE","MYCLOBUTANIL",128857,44
"CALIFORNIA",2021,"BEARING - TREATED","PCT OF AREA BEARING","CHEMICAL","FUNGICIDE","PENTHIOPYRAD",90112,25
"CALIFORNIA",2021,"BEARING - TREATED","PCT OF AREA BEARING","CHEMICAL","FUNGICIDE","POLYOXIN D ZINC SALT",230000,32
"CALIFORNIA",2021,"BEARING - TREATED","PCT OF AREA BEARING","CHEMICAL","FUNGICIDE","POTASSIUM BICARBON.",73508,3
"CALIFORNIA",2021,"BEARING - TREATED","PCT OF AREA BEARING","CHEMICAL","FUNGICIDE","PROPICONAZOLE",122101,21
"CALIFORNIA",2021,"BEARING - TREATED","PCT OF AREA BEARING","CHEMICAL","FUNGICIDE","PYRACLOSTROBIN",99100,35
"CALIFORNIA",2021,"BEARING - TREATED","PCT OF AREA BEARING","CHEMICAL","FUNGICIDE","PYRIMETHANIL",288201,28
"CALIFORNIA",2021,"BEARING - TREATED","PCT OF AREA BEARING","CHEMICAL","FUNGICIDE","QUINOLINE",55459,37
"CALIFORNIA",2021,"BEARING - TREATED","PCT OF AREA BEARING","CHEMICAL","FUNGICIDE","STREPTOMYCES LYDICUS",6327,NA
"CALIFORNIA",2021,"BEARING - TREATED","PCT OF AREA BEARING","CHEMICAL","FUNGICIDE","SULFUR",77501,88
"CALIFORNIA",2021,"BEARING - TREATED","PCT OF AREA BEARING","CHEMICAL","FUNGICIDE","TETRACONAZOLE",120603,38
"CALIFORNIA",2021,"BEARING - TREATED","PCT OF AREA BEARING","CHEMICAL","FUNGICIDE","THIOPHANATE-METHYL",102001,29
"CALIFORNIA",2021,"BEARING - TREATED","PCT OF AREA BEARING","CHEMICAL","FUNGICIDE","THIRAM",79801,49
"CALIFORNIA",2021,"BEARING - TREATED","PCT OF AREA BEARING","CHEMICAL","FUNGICIDE","TOTAL)",NA,99
"CALIFORNIA",2021,"BEARING - TREATED","PCT OF AREA BEARING","CHEMICAL","FUNGICIDE","TRIFLOXYSTROBIN",129112,40
"CALIFORNIA",2021,"BEARING - TREATED","PCT OF AREA BEARING","CHEMICAL","FUNGICIDE","TRIFLUMIZOLE",128879,35
"CALIFORNIA",2021,"BEARING - TREATED","PCT OF AREA BEARING","CHEMICAL","HERBICIDE","CARFENTRAZONE-ETHYL",128712,NA
"CALIFORNIA",2021,"BEARING - TREATED","PCT OF AREA BEARING","CHEMICAL","HERBICIDE","FLUMIOXAZIN",129034,12
"CALIFORNIA",2021,"BEARING - TREATED","PCT OF AREA BEARING","CHEMICAL","HERBICIDE","GLYPHOSATE ISO. SALT",103601,NA
"CALIFORNIA",2021,"BEARING - TREATED","PCT OF AREA BEARING","CHEMICAL","HERBICIDE","GLYPHOSATE POT. SALT",103613,NA
"CALIFORNIA",2021,"BEARING - TREATED","PCT OF AREA BEARING","CHEMICAL","HERBICIDE","NAPROPAMIDE",103001,NA
"CALIFORNIA",2021,"BEARING - TREATED","PCT OF AREA BEARING","CHEMICAL","HERBICIDE","OXYFLUORFEN",111601,11
"CALIFORNIA",2021,"BEARING - TREATED","PCT OF AREA BEARING","CHEMICAL","HERBICIDE","PARAQUAT",61601,NA
"CALIFORNIA",2021,"BEARING - TREATED","PCT OF AREA BEARING","CHEMICAL","HERBICIDE","PENDIMETHALIN",108501,20
"CALIFORNIA",2021,"BEARING - TREATED","PCT OF AREA BEARING","CHEMICAL","HERBICIDE","TOTAL)",NA,27
"CALIFORNIA",2021,"BEARING - TREATED","PCT OF AREA BEARING","CHEMICAL","INSECTICIDE","ABAMECTIN",122804,20
"CALIFORNIA",2021,"BEARING - TREATED","PCT OF AREA BEARING","CHEMICAL","INSECTICIDE","ACEQUINOCYL",6329,42
"CALIFORNIA",2021,"BEARING - TREATED","PCT OF AREA BEARING","CHEMICAL","INSECTICIDE","ACETAMIPRID",99050,32
"CALIFORNIA",2021,"BEARING - TREATED","PCT OF AREA BEARING","CHEMICAL","INSECTICIDE","AZADIRACHTIN",121701,30
"CALIFORNIA",2021,"BEARING - TREATED","PCT OF AREA BEARING","CHEMICAL","INSECTICIDE","BEAUVERIA BASSIANA",128924,NA
"CALIFORNIA",2021,"BEARING - TREATED","PCT OF AREA BEARING","CHEMICAL","INSECTICIDE","BIFENAZATE",586,49
"CALIFORNIA",2021,"BEARING - TREATED","PCT OF AREA BEARING","CHEMICAL","INSECTICIDE","BIFENTHRIN",128825,45
"CALIFORNIA",2021,"BEARING - TREATED","PCT OF AREA BEARING","CHEMICAL","INSECTICIDE","BT KURSTAK ABTS-1857",6523,61
"CALIFORNIA",2021,"BEARING - TREATED","PCT OF AREA BEARING","CHEMICAL","INSECTICIDE","BT KURSTAKI ABTS-351",6522,5
"CALIFORNIA",2021,"BEARING - TREATED","PCT OF AREA BEARING","CHEMICAL","INSECTICIDE","BT KURSTAKI EG7841",6453,NA
"CALIFORNIA",2021,"BEARING - TREATED","PCT OF AREA BEARING","CHEMICAL","INSECTICIDE","BT KURSTAKI SA-11",6519,17
"CALIFORNIA",2021,"BEARING - TREATED","PCT OF AREA BEARING","CHEMICAL","INSECTICIDE","BT SUB AIZAWAI GC-91",6426,NA
"CALIFORNIA",2021,"BEARING - TREATED","PCT OF AREA BEARING","CHEMICAL","INSECTICIDE","BUPROFEZIN",275100,NA
"CALIFORNIA",2021,"BEARING - TREATED","PCT OF AREA BEARING","CHEMICAL","INSECTICIDE","BURKHOLDERIA A396 CELLS & MEDIA",6534,NA
"CALIFORNIA",2021,"BEARING - TREATED","PCT OF AREA BEARING","CHEMICAL","INSECTICIDE","CANOLA OIL",11332,NA
"CALIFORNIA",2021,"BEARING - TREATED","PCT OF AREA BEARING","CHEMICAL","INSECTICIDE","CHLORANTRANILIPROLE",90100,43
"CALIFORNIA",2021,"BEARING - TREATED","PCT OF AREA BEARING","CHEMICAL","INSECTICIDE","CHROMOBAC SUBTSUGAE PRAA4-1 CELLS AND SPENT MEDIA",16329,7
"CALIFORNIA",2021,"BEARING - TREATED","PCT OF AREA BEARING","CHEMICAL","INSECTICIDE","CYANTRANILIPROLE",90098,19
"CALIFORNIA",2021,"BEARING - TREATED","PCT OF AREA BEARING","CHEMICAL","INSECTICIDE","CYFLUMETOFEN",138831,49
"CALIFORNIA",2021,"BEARING - TREATED","PCT OF AREA BEARING","CHEMICAL","INSECTICIDE","DIAZINON",57801,NA
"CALIFORNIA",2021,"BEARING - TREATED","PCT OF AREA BEARING","CHEMICAL","INSECTICIDE","ETOXAZOLE",107091,NA
"CALIFORNIA",2021,"BEARING - TREATED","PCT OF AREA BEARING","CHEMICAL","INSECTICIDE","FENBUTATIN-OXIDE",104601,NA
"CALIFORNIA",2021,"BEARING - TREATED","PCT OF AREA BEARING","CHEMICAL","INSECTICIDE","FENPROPATHRIN",127901,25
"CALIFORNIA",2021,"BEARING - TREATED","PCT OF AREA BEARING","CHEMICAL","INSECTICIDE","FENPYROXIMATE",129131,4
"CALIFORNIA",2021,"BEARING - TREATED","PCT OF AREA BEARING","CHEMICAL","INSECTICIDE","FLONICAMID",128016,57
"CALIFORNIA",2021,"BEARING - TREATED","PCT OF AREA BEARING","CHEMICAL","INSECTICIDE","FLUPYRADIFURONE",122304,38
"CALIFORNIA",2021,"BEARING - TREATED","PCT OF AREA BEARING","CHEMICAL","INSECTICIDE","HELICOVERPA ZEA NPV",107300,NA
"CALIFORNIA",2021,"BEARING - TREATED","PCT OF AREA BEARING","CHEMICAL","INSECTICIDE","HEXYTHIAZOX",128849,26
"CALIFORNIA",2021,"BEARING - TREATED","PCT OF AREA BEARING","CHEMICAL","INSECTICIDE","IMIDACLOPRID",129099,10
"CALIFORNIA",2021,"BEARING - TREATED","PCT OF AREA BEARING","CHEMICAL","INSECTICIDE","MALATHION",57701,30
"CALIFORNIA",2021,"BEARING - TREATED","PCT OF AREA BEARING","CHEMICAL","INSECTICIDE","METHOXYFENOZIDE",121027,30
"CALIFORNIA",2021,"BEARING - TREATED","PCT OF AREA BEARING","CHEMICAL","INSECTICIDE","NALED",34401,7
"CALIFORNIA",2021,"BEARING - TREATED","PCT OF AREA BEARING","CHEMICAL","INSECTICIDE","NEEM OIL",25006,7
"CALIFORNIA",2021,"BEARING - TREATED","PCT OF AREA BEARING","CHEMICAL","INSECTICIDE","NEEM OIL, CLAR. HYD.",25007,6
"CALIFORNIA",2021,"BEARING - TREATED","PCT OF AREA BEARING","CHEMICAL","INSECTICIDE","NOVALURON",124002,49
"CALIFORNIA",2021,"BEARING - TREATED","PCT OF AREA BEARING","CHEMICAL","INSECTICIDE","PETROLEUM DISTILLATE",63503,NA
"CALIFORNIA",2021,"BEARING - TREATED","PCT OF AREA BEARING","CHEMICAL","INSECTICIDE","PIPERONYL BUTOXIDE",67501,NA
"CALIFORNIA",2021,"BEARING - TREATED","PCT OF AREA BEARING","CHEMICAL","INSECTICIDE","POTASSIUM SALTS",79021,NA
"CALIFORNIA",2021,"BEARING - TREATED","PCT OF AREA BEARING","CHEMICAL","INSECTICIDE","PYRETHRINS",69001,3
"CALIFORNIA",2021,"BEARING - TREATED","PCT OF AREA BEARING","CHEMICAL","INSECTICIDE","PYRIDABEN",129105,NA
"CALIFORNIA",2021,"BEARING - TREATED","PCT OF AREA BEARING","CHEMICAL","INSECTICIDE","PYRIPROXYFEN",129032,NA
"CALIFORNIA",2021,"BEARING - TREATED","PCT OF AREA BEARING","CHEMICAL","INSECTICIDE","SPINETORAM",110007,48
"CALIFORNIA",2021,"BEARING - TREATED","PCT OF AREA BEARING","CHEMICAL","INSECTICIDE","SPINOSAD",110003,36
"CALIFORNIA",2021,"BEARING - TREATED","PCT OF AREA BEARING","CHEMICAL","INSECTICIDE","SPIROMESIFEN",24875,7
"CALIFORNIA",2021,"BEARING - TREATED","PCT OF AREA BEARING","CHEMICAL","INSECTICIDE","THIAMETHOXAM",60109,17
"CALIFORNIA",2021,"BEARING - TREATED","PCT OF AREA BEARING","CHEMICAL","INSECTICIDE","TOTAL)",NA,99
"CALIFORNIA",2021,"BEARING - TREATED","PCT OF AREA BEARING","CHEMICAL","OTHER","ACIBENZOLAR-S-METHYL",61402,NA
"CALIFORNIA",2021,"BEARING - TREATED","PCT OF AREA BEARING","CHEMICAL","OTHER","CAPRIC ACID",128955,NA
"CALIFORNIA",2021,"BEARING - TREATED","PCT OF AREA BEARING","CHEMICAL","OTHER","CAPRYLIC ACID",128919,NA
"CALIFORNIA",2021,"BEARING - TREATED","PCT OF AREA BEARING","CHEMICAL","OTHER","CAPSICUM OLEORESIN EXTRACT",70704,NA
"CALIFORNIA",2021,"BEARING - TREATED","PCT OF AREA BEARING","CHEMICAL","OTHER","CHLOROPICRIN",81501,66
"CALIFORNIA",2021,"BEARING - TREATED","PCT OF AREA BEARING","CHEMICAL","OTHER","DICHLOROPROPENE",29001,28
"CALIFORNIA",2021,"BEARING - TREATED","PCT OF AREA BEARING","CHEMICAL","OTHER","FLUTRIAFOL",128940,36
"CALIFORNIA",2021,"BEARING - TREATED","PCT OF AREA BEARING","CHEMICAL","OTHER","GARLIC OIL",128827,NA
"CALIFORNIA",2021,"BEARING - TREATED","PCT OF AREA BEARING","CHEMICAL","OTHER","HYDROGEN PEROXIDE",595,5
"CALIFORNIA",2021,"BEARING - TREATED","PCT OF AREA BEARING","CHEMICAL","OTHER","IRON PHOSPHATE",34903,NA
"CALIFORNIA",2021,"BEARING - TREATED","PCT OF AREA BEARING","CHEMICAL","OTHER","METAM-POTASSIUM",39002,9
"CALIFORNIA",2021,"BEARING - TREATED","PCT OF AREA BEARING","CHEMICAL","OTHER","MINERAL OIL",63502,NA
"CALIFORNIA",2021,"BEARING - TREATED","PCT OF AREA BEARING","CHEMICAL","OTHER","PAECILOMYCES FUMOSOR",115002,NA
"CALIFORNIA",2021,"BEARING - TREATED","PCT OF AREA BEARING","CHEMICAL","OTHER","PEROXYACETIC ACID",63201,5
"CALIFORNIA",2021,"BEARING - TREATED","PCT OF AREA BEARING","CHEMICAL","OTHER","POTASSIUM SILICATE",72606,NA
"CALIFORNIA",2021,"BEARING - TREATED","PCT OF AREA BEARING","CHEMICAL","OTHER","PSEUDOMONAS CHLORORAPHIS STRAIN AFS009",6800,NA
"CALIFORNIA",2021,"BEARING - TREATED","PCT OF AREA BEARING","CHEMICAL","OTHER","REYNOUTRIA SACHALINE",55809,29
"CALIFORNIA",2021,"BEARING - TREATED","PCT OF AREA BEARING","CHEMICAL","OTHER","TOTAL)",NA,86
"FLORIDA",2021,"BEARING - APPLICATIONS","LB","CHEMICAL","FUNGICIDE","AZOXYSTROBIN",128810,NA
"FLORIDA",2021,"BEARING - APPLICATIONS","LB","CHEMICAL","FUNGICIDE","BACILLUS SUBTILIS",6479,NA
"FLORIDA",2021,"BEARING - APPLICATIONS","LB","CHEMICAL","FUNGICIDE","BORAX DECAHYDRATE",11102,NA
"FLORIDA",2021,"BEARING - APPLICATIONS","LB","CHEMICAL","FUNGICIDE","BOSCALID",128008,NA
"FLORIDA",2021,"BEARING - APPLICATIONS","LB","CHEMICAL","FUNGICIDE","CAPTAN",81301,135100
"FLORIDA",2021,"BEARING - APPLICATIONS","LB","CHEMICAL","FUNGICIDE","CYFLUFENAMID",555550,NA
"FLORIDA",2021,"BEARING - APPLICATIONS","LB","CHEMICAL","FUNGICIDE","CYPRODINIL",288202,5500
"FLORIDA",2021,"BEARING - APPLICATIONS","LB","CHEMICAL","FUNGICIDE","DIFENOCONAZOLE",128847,NA
"FLORIDA",2021,"BEARING - APPLICATIONS","LB","CHEMICAL","FUNGICIDE","FENHEXAMID",90209,NA
"FLORIDA",2021,"BEARING - APPLICATIONS","LB","CHEMICAL","FUNGICIDE","FLUDIOXONIL",71503,4500
"FLORIDA",2021,"BEARING - APPLICATIONS","LB","CHEMICAL","FUNGICIDE","FLUOPYRAM",80302,NA
"FLORIDA",2021,"BEARING - APPLICATIONS","LB","CHEMICAL","FUNGICIDE","FOSETYL-AL",123301,NA
"FLORIDA",2021,"BEARING - APPLICATIONS","LB","CHEMICAL","FUNGICIDE","MEFENOXAM",113502,NA
"FLORIDA",2021,"BEARING - APPLICATIONS","LB","CHEMICAL","FUNGICIDE","MONO-POTASSIUM SALT",76416,NA
"FLORIDA",2021,"BEARING - APPLICATIONS","LB","CHEMICAL","FUNGICIDE","PROPICONAZOLE",122101,NA
"FLORIDA",2021,"BEARING - APPLICATIONS","LB","CHEMICAL","FUNGICIDE","PYDIFLUMETOFEN",90110,NA
"FLORIDA",2021,"BEARING - APPLICATIONS","LB","CHEMICAL","FUNGICIDE","PYRACLOSTROBIN",99100,NA
"FLORIDA",2021,"BEARING - APPLICATIONS","LB","CHEMICAL","FUNGICIDE","PYRIMETHANIL",288201,NA
"FLORIDA",2021,"BEARING - APPLICATIONS","LB","CHEMICAL","FUNGICIDE","TETRACONAZOLE",120603,NA
"FLORIDA",2021,"BEARING - APPLICATIONS","LB","CHEMICAL","FUNGICIDE","THIOPHANATE-METHYL",102001,NA
"FLORIDA",2021,"BEARING - APPLICATIONS","LB","CHEMICAL","FUNGICIDE","THIRAM",79801,142400
"FLORIDA",2021,"BEARING - APPLICATIONS","LB","CHEMICAL","FUNGICIDE","TOTAL)",NA,303200
"FLORIDA",2021,"BEARING - APPLICATIONS","LB","CHEMICAL","FUNGICIDE","TRIFLUMIZOLE",128879,NA
"FLORIDA",2021,"BEARING - APPLICATIONS","LB","CHEMICAL","HERBICIDE","CARFENTRAZONE-ETHYL",128712,NA
"FLORIDA",2021,"BEARING - APPLICATIONS","LB","CHEMICAL","HERBICIDE","CLETHODIM",121011,NA
"FLORIDA",2021,"BEARING - APPLICATIONS","LB","CHEMICAL","HERBICIDE","COPPER ETHANOLAMINE",24409,NA
"FLORIDA",2021,"BEARING - APPLICATIONS","LB","CHEMICAL","HERBICIDE","DIMETHENAMID",129051,NA
"FLORIDA",2021,"BEARING - APPLICATIONS","LB","CHEMICAL","HERBICIDE","FLUMIOXAZIN",129034,NA
"FLORIDA",2021,"BEARING - APPLICATIONS","LB","CHEMICAL","HERBICIDE","FLUROXYPYR 1-MHE",128968,NA
"FLORIDA",2021,"BEARING - APPLICATIONS","LB","CHEMICAL","HERBICIDE","GLYPHOSATE ISO. SALT",103601,NA
"FLORIDA",2021,"BEARING - APPLICATIONS","LB","CHEMICAL","HERBICIDE","HALOSULFURON-METHYL",128721,NA
"FLORIDA",2021,"BEARING - APPLICATIONS","LB","CHEMICAL","HERBICIDE","KANTOR",129108,NA
"FLORIDA",2021,"BEARING - APPLICATIONS","LB","CHEMICAL","HERBICIDE","TOTAL)",NA,2600
"FLORIDA",2021,"BEARING - APPLICATIONS","LB","CHEMICAL","INSECTICIDE","ABAMECTIN",122804,NA
"FLORIDA",2021,"BEARING - APPLICATIONS","LB","CHEMICAL","INSECTICIDE","ACETAMIPRID",99050,NA
"FLORIDA",2021,"BEARING - APPLICATIONS","LB","CHEMICAL","INSECTICIDE","BIFENAZATE",586,NA
"FLORIDA",2021,"BEARING - APPLICATIONS","LB","CHEMICAL","INSECTICIDE","BIFENTHRIN",128825,NA
"FLORIDA",2021,"BEARING - APPLICATIONS","LB","CHEMICAL","INSECTICIDE","CARBARYL",56801,NA
"FLORIDA",2021,"BEARING - APPLICATIONS","LB","CHEMICAL","INSECTICIDE","CHLORANTRANILIPROLE",90100,NA
"FLORIDA",2021,"BEARING - APPLICATIONS","LB","CHEMICAL","INSECTICIDE","CYANTRANILIPROLE",90098,NA
"FLORIDA",2021,"BEARING - APPLICATIONS","LB","CHEMICAL","INSECTICIDE","CYFLUMETOFEN",138831,NA
"FLORIDA",2021,"BEARING - APPLICATIONS","LB","CHEMICAL","INSECTICIDE","DIAZINON",57801,NA
"FLORIDA",2021,"BEARING - APPLICATIONS","LB","CHEMICAL","INSECTICIDE","FENAZAQUIN",44501,NA
"FLORIDA",2021,"BEARING - APPLICATIONS","LB","CHEMICAL","INSECTICIDE","FENPYROXIMATE",129131,NA
"FLORIDA",2021,"BEARING - APPLICATIONS","LB","CHEMICAL","INSECTICIDE","IMIDACLOPRID",129099,NA
"FLORIDA",2021,"BEARING - APPLICATIONS","LB","CHEMICAL","INSECTICIDE","MALATHION",57701,NA
"FLORIDA",2021,"BEARING - APPLICATIONS","LB","CHEMICAL","INSECTICIDE","METHOXYFENOZIDE",121027,NA
"FLORIDA",2021,"BEARING - APPLICATIONS","LB","CHEMICAL","INSECTICIDE","NALED",34401,NA
"FLORIDA",2021,"BEARING - APPLICATIONS","LB","CHEMICAL","INSECTICIDE","NOVALURON",124002,1100
"FLORIDA",2021,"BEARING - APPLICATIONS","LB","CHEMICAL","INSECTICIDE","SPINETORAM",110007,700
"FLORIDA",2021,"BEARING - APPLICATIONS","LB","CHEMICAL","INSECTICIDE","SPIROMESIFEN",24875,NA
"FLORIDA",2021,"BEARING - APPLICATIONS","LB","CHEMICAL","INSECTICIDE","SULFOXAFLOR",5210,NA
"FLORIDA",2021,"BEARING - APPLICATIONS","LB","CHEMICAL","INSECTICIDE","THIAMETHOXAM",60109,NA
"FLORIDA",2021,"BEARING - APPLICATIONS","LB","CHEMICAL","INSECTICIDE","TOTAL)",NA,6200
"FLORIDA",2021,"BEARING - APPLICATIONS","LB","CHEMICAL","OTHER","ACIBENZOLAR-S-METHYL",61402,NA
"FLORIDA",2021,"BEARING - APPLICATIONS","LB","CHEMICAL","OTHER","CYTOKININS",116801,NA
"FLORIDA",2021,"BEARING - APPLICATIONS","LB","CHEMICAL","OTHER","ETHEPHON",99801,NA
"FLORIDA",2021,"BEARING - APPLICATIONS","LB","CHEMICAL","OTHER","INDOLEBUTYRIC ACID",46701,NA
"FLORIDA",2021,"BEARING - APPLICATIONS","LB","CHEMICAL","OTHER","METAM-POTASSIUM",39002,NA
"FLORIDA",2021,"BEARING - APPLICATIONS","LB","CHEMICAL","OTHER","PSEUDOMONAS CHLORORAPHIS STRAIN AFS009",6800,NA
"FLORIDA",2021,"BEARING - APPLICATIONS","LB","CHEMICAL","OTHER","TOTAL)",NA,8600
"FLORIDA",2021,"BEARING - APPLICATIONS","LB / ACRE / APPLICATION","CHEMICAL","FUNGICIDE","AZOXYSTROBIN",128810,NA
"FLORIDA",2021,"BEARING - APPLICATIONS","LB / ACRE / APPLICATION","CHEMICAL","FUNGICIDE","BACILLUS SUBTILIS",6479,NA
"FLORIDA",2021,"BEARING - APPLICATIONS","LB / ACRE / APPLICATION","CHEMICAL","FUNGICIDE","BORAX DECAHYDRATE",11102,NA
"FLORIDA",2021,"BEARING - APPLICATIONS","LB / ACRE / APPLICATION","CHEMICAL","FUNGICIDE","BOSCALID",128008,NA
"FLORIDA",2021,"BEARING - APPLICATIONS","LB / ACRE / APPLICATION","CHEMICAL","FUNGICIDE","CAPTAN",81301,2.025
"FLORIDA",2021,"BEARING - APPLICATIONS","LB / ACRE / APPLICATION","CHEMICAL","FUNGICIDE","CYFLUFENAMID",555550,NA
"FLORIDA",2021,"BEARING - APPLICATIONS","LB / ACRE / APPLICATION","CHEMICAL","FUNGICIDE","CYPRODINIL",288202,0.294
"FLORIDA",2021,"BEARING - APPLICATIONS","LB / ACRE / APPLICATION","CHEMICAL","FUNGICIDE","DIFENOCONAZOLE",128847,NA
"FLORIDA",2021,"BEARING - APPLICATIONS","LB / ACRE / APPLICATION","CHEMICAL","FUNGICIDE","FENHEXAMID",90209,NA
"FLORIDA",2021,"BEARING - APPLICATIONS","LB / ACRE / APPLICATION","CHEMICAL","FUNGICIDE","FLUDIOXONIL",71503,0.189
"FLORIDA",2021,"BEARING - APPLICATIONS","LB / ACRE / APPLICATION","CHEMICAL","FUNGICIDE","FLUOPYRAM",80302,NA
"FLORIDA",2021,"BEARING - APPLICATIONS","LB / ACRE / APPLICATION","CHEMICAL","FUNGICIDE","FOSETYL-AL",123301,NA
"FLORIDA",2021,"BEARING - APPLICATIONS","LB / ACRE / APPLICATION","CHEMICAL","FUNGICIDE","MEFENOXAM",113502,NA
"FLORIDA",2021,"BEARING - APPLICATIONS","LB / ACRE / APPLICATION","CHEMICAL","FUNGICIDE","MONO-POTASSIUM SALT",76416,NA
"FLORIDA",2021,"BEARING - APPLICATIONS","LB / ACRE / APPLICATION","CHEMICAL","FUNGICIDE","PROPICONAZOLE",122101,NA
"FLORIDA",2021,"BEARING - APPLICATIONS","LB / ACRE / APPLICATION","CHEMICAL","FUNGICIDE","PYDIFLUMETOFEN",90110,NA
"FLORIDA",2021,"BEARING - APPLICATIONS","LB / ACRE / APPLICATION","CHEMICAL","FUNGICIDE","PYRACLOSTROBIN",99100,NA
"FLORIDA",2021,"BEARING - APPLICATIONS","LB / ACRE / APPLICATION","CHEMICAL","FUNGICIDE","PYRIMETHANIL",288201,NA
"FLORIDA",2021,"BEARING - APPLICATIONS","LB / ACRE / APPLICATION","CHEMICAL","FUNGICIDE","TETRACONAZOLE",120603,NA
"FLORIDA",2021,"BEARING - APPLICATIONS","LB / ACRE / APPLICATION","CHEMICAL","FUNGICIDE","THIOPHANATE-METHYL",102001,NA
"FLORIDA",2021,"BEARING - APPLICATIONS","LB / ACRE / APPLICATION","CHEMICAL","FUNGICIDE","THIRAM",79801,2.38
"FLORIDA",2021,"BEARING - APPLICATIONS","LB / ACRE / APPLICATION","CHEMICAL","FUNGICIDE","TRIFLUMIZOLE",128879,NA
"FLORIDA",2021,"BEARING - APPLICATIONS","LB / ACRE / APPLICATION","CHEMICAL","HERBICIDE","CARFENTRAZONE-ETHYL",128712,NA
"FLORIDA",2021,"BEARING - APPLICATIONS","LB / ACRE / APPLICATION","CHEMICAL","HERBICIDE","CLETHODIM",121011,NA
"FLORIDA",2021,"BEARING - APPLICATIONS","LB / ACRE / APPLICATION","CHEMICAL","HERBICIDE","COPPER ETHANOLAMINE",24409,NA
"FLORIDA",2021,"BEARING - APPLICATIONS","LB / ACRE / APPLICATION","CHEMICAL","HERBICIDE","DIMETHENAMID",129051,NA
"FLORIDA",2021,"BEARING - APPLICATIONS","LB / ACRE / APPLICATION","CHEMICAL","HERBICIDE","FLUMIOXAZIN",129034,NA
"FLORIDA",2021,"BEARING - APPLICATIONS","LB / ACRE / APPLICATION","CHEMICAL","HERBICIDE","FLUROXYPYR 1-MHE",128968,NA
"FLORIDA",2021,"BEARING - APPLICATIONS","LB / ACRE / APPLICATION","CHEMICAL","HERBICIDE","GLYPHOSATE ISO. SALT",103601,NA
"FLORIDA",2021,"BEARING - APPLICATIONS","LB / ACRE / APPLICATION","CHEMICAL","HERBICIDE","HALOSULFURON-METHYL",128721,NA
"FLORIDA",2021,"BEARING - APPLICATIONS","LB / ACRE / APPLICATION","CHEMICAL","HERBICIDE","KANTOR",129108,NA
"FLORIDA",2021,"BEARING - APPLICATIONS","LB / ACRE / APPLICATION","CHEMICAL","INSECTICIDE","ABAMECTIN",122804,0.017
"FLORIDA",2021,"BEARING - APPLICATIONS","LB / ACRE / APPLICATION","CHEMICAL","INSECTICIDE","ACETAMIPRID",99050,NA
"FLORIDA",2021,"BEARING - APPLICATIONS","LB / ACRE / APPLICATION","CHEMICAL","INSECTICIDE","BIFENAZATE",586,NA
"FLORIDA",2021,"BEARING - APPLICATIONS","LB / ACRE / APPLICATION","CHEMICAL","INSECTICIDE","BIFENTHRIN",128825,NA
"FLORIDA",2021,"BEARING - APPLICATIONS","LB / ACRE / APPLICATION","CHEMICAL","INSECTICIDE","CARBARYL",56801,NA
"FLORIDA",2021,"BEARING - APPLICATIONS","LB / ACRE / APPLICATION","CHEMICAL","INSECTICIDE","CHLORANTRANILIPROLE",90100,NA
"FLORIDA",2021,"BEARING - APPLICATIONS","LB / ACRE / APPLICATION","CHEMICAL","INSECTICIDE","CYANTRANILIPROLE",90098,NA
"FLORIDA",2021,"BEARING - APPLICATIONS","LB / ACRE / APPLICATION","CHEMICAL","INSECTICIDE","CYFLUMETOFEN",138831,NA
"FLORIDA",2021,"BEARING - APPLICATIONS","LB / ACRE / APPLICATION","CHEMICAL","INSECTICIDE","DIAZINON",57801,NA
"FLORIDA",2021,"BEARING - APPLICATIONS","LB / ACRE / APPLICATION","CHEMICAL","INSECTICIDE","FENAZAQUIN",44501,NA
"FLORIDA",2021,"BEARING - APPLICATIONS","LB / ACRE / APPLICATION","CHEMICAL","INSECTICIDE","FENPYROXIMATE",129131,NA
"FLORIDA",2021,"BEARING - APPLICATIONS","LB / ACRE / APPLICATION","CHEMICAL","INSECTICIDE","IMIDACLOPRID",129099,NA
"FLORIDA",2021,"BEARING - APPLICATIONS","LB / ACRE / APPLICATION","CHEMICAL","INSECTICIDE","MALATHION",57701,NA
"FLORIDA",2021,"BEARING - APPLICATIONS","LB / ACRE / APPLICATION","CHEMICAL","INSECTICIDE","METHOXYFENOZIDE",121027,NA
"FLORIDA",2021,"BEARING - APPLICATIONS","LB / ACRE / APPLICATION","CHEMICAL","INSECTICIDE","NALED",34401,NA
"FLORIDA",2021,"BEARING - APPLICATIONS","LB / ACRE / APPLICATION","CHEMICAL","INSECTICIDE","NOVALURON",124002,0.072
"FLORIDA",2021,"BEARING - APPLICATIONS","LB / ACRE / APPLICATION","CHEMICAL","INSECTICIDE","SPINETORAM",110007,0.069
"FLORIDA",2021,"BEARING - APPLICATIONS","LB / ACRE / APPLICATION","CHEMICAL","INSECTICIDE","SPIROMESIFEN",24875,NA
"FLORIDA",2021,"BEARING - APPLICATIONS","LB / ACRE / APPLICATION","CHEMICAL","INSECTICIDE","SULFOXAFLOR",5210,NA
"FLORIDA",2021,"BEARING - APPLICATIONS","LB / ACRE / APPLICATION","CHEMICAL","INSECTICIDE","THIAMETHOXAM",60109,NA
"FLORIDA",2021,"BEARING - APPLICATIONS","LB / ACRE / APPLICATION","CHEMICAL","OTHER","ACIBENZOLAR-S-METHYL",61402,NA
"FLORIDA",2021,"BEARING - APPLICATIONS","LB / ACRE / APPLICATION","CHEMICAL","OTHER","CYTOKININS",116801,NA
"FLORIDA",2021,"BEARING - APPLICATIONS","LB / ACRE / APPLICATION","CHEMICAL","OTHER","ETHEPHON",99801,NA
"FLORIDA",2021,"BEARING - APPLICATIONS","LB / ACRE / APPLICATION","CHEMICAL","OTHER","INDOLEBUTYRIC ACID",46701,NA
"FLORIDA",2021,"BEARING - APPLICATIONS","LB / ACRE / APPLICATION","CHEMICAL","OTHER","METAM-POTASSIUM",39002,NA
"FLORIDA",2021,"BEARING - APPLICATIONS","LB / ACRE / APPLICATION","CHEMICAL","OTHER","PSEUDOMONAS CHLORORAPHIS STRAIN AFS009",6800,NA
"FLORIDA",2021,"BEARING - APPLICATIONS","LB / ACRE / YEAR","CHEMICAL","FUNGICIDE","AZOXYSTROBIN",128810,NA
"FLORIDA",2021,"BEARING - APPLICATIONS","LB / ACRE / YEAR","CHEMICAL","FUNGICIDE","BACILLUS SUBTILIS",6479,NA
"FLORIDA",2021,"BEARING - APPLICATIONS","LB / ACRE / YEAR","CHEMICAL","FUNGICIDE","BORAX DECAHYDRATE",11102,NA
"FLORIDA",2021,"BEARING - APPLICATIONS","LB / ACRE / YEAR","CHEMICAL","FUNGICIDE","BOSCALID",128008,NA
"FLORIDA",2021,"BEARING - APPLICATIONS","LB / ACRE / YEAR","CHEMICAL","FUNGICIDE","CAPTAN",81301,21.339
"FLORIDA",2021,"BEARING - APPLICATIONS","LB / ACRE / YEAR","CHEMICAL","FUNGICIDE","CYFLUFENAMID",555550,NA
"FLORIDA",2021,"BEARING - APPLICATIONS","LB / ACRE / YEAR","CHEMICAL","FUNGICIDE","CYPRODINIL",288202,0.816
"FLORIDA",2021,"BEARING - APPLICATIONS","LB / ACRE / YEAR","CHEMICAL","FUNGICIDE","DIFENOCONAZOLE",128847,NA
"FLORIDA",2021,"BEARING - APPLICATIONS","LB / ACRE / YEAR","CHEMICAL","FUNGICIDE","FENHEXAMID",90209,NA
"FLORIDA",2021,"BEARING - APPLICATIONS","LB / ACRE / YEAR","CHEMICAL","FUNGICIDE","FLUDIOXONIL",71503,0.652
"FLORIDA",2021,"BEARING - APPLICATIONS","LB / ACRE / YEAR","CHEMICAL","FUNGICIDE","FLUOPYRAM",80302,NA
"FLORIDA",2021,"BEARING - APPLICATIONS","LB / ACRE / YEAR","CHEMICAL","FUNGICIDE","FOSETYL-AL",123301,NA
"FLORIDA",2021,"BEARING - APPLICATIONS","LB / ACRE / YEAR","CHEMICAL","FUNGICIDE","MEFENOXAM",113502,NA
"FLORIDA",2021,"BEARING - APPLICATIONS","LB / ACRE / YEAR","CHEMICAL","FUNGICIDE","MONO-POTASSIUM SALT",76416,NA
"FLORIDA",2021,"BEARING - APPLICATIONS","LB / ACRE / YEAR","CHEMICAL","FUNGICIDE","PROPICONAZOLE",122101,NA
"FLORIDA",2021,"BEARING - APPLICATIONS","LB / ACRE / YEAR","CHEMICAL","FUNGICIDE","PYDIFLUMETOFEN",90110,NA
"FLORIDA",2021,"BEARING - APPLICATIONS","LB / ACRE / YEAR","CHEMICAL","FUNGICIDE","PYRACLOSTROBIN",99100,NA
"FLORIDA",2021,"BEARING - APPLICATIONS","LB / ACRE / YEAR","CHEMICAL","FUNGICIDE","PYRIMETHANIL",288201,NA
"FLORIDA",2021,"BEARING - APPLICATIONS","LB / ACRE / YEAR","CHEMICAL","FUNGICIDE","TETRACONAZOLE",120603,NA
"FLORIDA",2021,"BEARING - APPLICATIONS","LB / ACRE / YEAR","CHEMICAL","FUNGICIDE","THIOPHANATE-METHYL",102001,NA
"FLORIDA",2021,"BEARING - APPLICATIONS","LB / ACRE / YEAR","CHEMICAL","FUNGICIDE","THIRAM",79801,22.509
"FLORIDA",2021,"BEARING - APPLICATIONS","LB / ACRE / YEAR","CHEMICAL","FUNGICIDE","TRIFLUMIZOLE",128879,NA
"FLORIDA",2021,"BEARING - APPLICATIONS","LB / ACRE / YEAR","CHEMICAL","HERBICIDE","CARFENTRAZONE-ETHYL",128712,NA
"FLORIDA",2021,"BEARING - APPLICATIONS","LB / ACRE / YEAR","CHEMICAL","HERBICIDE","CLETHODIM",121011,NA
"FLORIDA",2021,"BEARING - APPLICATIONS","LB / ACRE / YEAR","CHEMICAL","HERBICIDE","COPPER ETHANOLAMINE",24409,NA
"FLORIDA",2021,"BEARING - APPLICATIONS","LB / ACRE / YEAR","CHEMICAL","HERBICIDE","DIMETHENAMID",129051,NA
"FLORIDA",2021,"BEARING - APPLICATIONS","LB / ACRE / YEAR","CHEMICAL","HERBICIDE","FLUMIOXAZIN",129034,NA
"FLORIDA",2021,"BEARING - APPLICATIONS","LB / ACRE / YEAR","CHEMICAL","HERBICIDE","FLUROXYPYR 1-MHE",128968,NA
"FLORIDA",2021,"BEARING - APPLICATIONS","LB / ACRE / YEAR","CHEMICAL","HERBICIDE","GLYPHOSATE ISO. SALT",103601,NA
"FLORIDA",2021,"BEARING - APPLICATIONS","LB / ACRE / YEAR","CHEMICAL","HERBICIDE","HALOSULFURON-METHYL",128721,NA
"FLORIDA",2021,"BEARING - APPLICATIONS","LB / ACRE / YEAR","CHEMICAL","HERBICIDE","KANTOR",129108,NA
"FLORIDA",2021,"BEARING - APPLICATIONS","LB / ACRE / YEAR","CHEMICAL","INSECTICIDE","ABAMECTIN",122804,0.037
"FLORIDA",2021,"BEARING - APPLICATIONS","LB / ACRE / YEAR","CHEMICAL","INSECTICIDE","ACETAMIPRID",99050,NA
"FLORIDA",2021,"BEARING - APPLICATIONS","LB / ACRE / YEAR","CHEMICAL","INSECTICIDE","BIFENAZATE",586,NA
"FLORIDA",2021,"BEARING - APPLICATIONS","LB / ACRE / YEAR","CHEMICAL","INSECTICIDE","BIFENTHRIN",128825,NA
"FLORIDA",2021,"BEARING - APPLICATIONS","LB / ACRE / YEAR","CHEMICAL","INSECTICIDE","CARBARYL",56801,NA
"FLORIDA",2021,"BEARING - APPLICATIONS","LB / ACRE / YEAR","CHEMICAL","INSECTICIDE","CHLORANTRANILIPROLE",90100,NA
"FLORIDA",2021,"BEARING - APPLICATIONS","LB / ACRE / YEAR","CHEMICAL","INSECTICIDE","CYANTRANILIPROLE",90098,NA
"FLORIDA",2021,"BEARING - APPLICATIONS","LB / ACRE / YEAR","CHEMICAL","INSECTICIDE","CYFLUMETOFEN",138831,NA
"FLORIDA",2021,"BEARING - APPLICATIONS","LB / ACRE / YEAR","CHEMICAL","INSECTICIDE","DIAZINON",57801,NA
"FLORIDA",2021,"BEARING - APPLICATIONS","LB / ACRE / YEAR","CHEMICAL","INSECTICIDE","FENAZAQUIN",44501,NA
"FLORIDA",2021,"BEARING - APPLICATIONS","LB / ACRE / YEAR","CHEMICAL","INSECTICIDE","FENPYROXIMATE",129131,NA
"FLORIDA",2021,"BEARING - APPLICATIONS","LB / ACRE / YEAR","CHEMICAL","INSECTICIDE","IMIDACLOPRID",129099,NA
"FLORIDA",2021,"BEARING - APPLICATIONS","LB / ACRE / YEAR","CHEMICAL","INSECTICIDE","MALATHION",57701,NA
"FLORIDA",2021,"BEARING - APPLICATIONS","LB / ACRE / YEAR","CHEMICAL","INSECTICIDE","METHOXYFENOZIDE",121027,NA
"FLORIDA",2021,"BEARING - APPLICATIONS","LB / ACRE / YEAR","CHEMICAL","INSECTICIDE","NALED",34401,NA
"FLORIDA",2021,"BEARING - APPLICATIONS","LB / ACRE / YEAR","CHEMICAL","INSECTICIDE","NOVALURON",124002,0.187
"FLORIDA",2021,"BEARING - APPLICATIONS","LB / ACRE / YEAR","CHEMICAL","INSECTICIDE","SPINETORAM",110007,0.124
"FLORIDA",2021,"BEARING - APPLICATIONS","LB / ACRE / YEAR","CHEMICAL","INSECTICIDE","SPIROMESIFEN",24875,NA
"FLORIDA",2021,"BEARING - APPLICATIONS","LB / ACRE / YEAR","CHEMICAL","INSECTICIDE","SULFOXAFLOR",5210,NA
"FLORIDA",2021,"BEARING - APPLICATIONS","LB / ACRE / YEAR","CHEMICAL","INSECTICIDE","THIAMETHOXAM",60109,NA
"FLORIDA",2021,"BEARING - APPLICATIONS","LB / ACRE / YEAR","CHEMICAL","OTHER","ACIBENZOLAR-S-METHYL",61402,NA
"FLORIDA",2021,"BEARING - APPLICATIONS","LB / ACRE / YEAR","CHEMICAL","OTHER","CYTOKININS",116801,NA
"FLORIDA",2021,"BEARING - APPLICATIONS","LB / ACRE / YEAR","CHEMICAL","OTHER","ETHEPHON",99801,NA
"FLORIDA",2021,"BEARING - APPLICATIONS","LB / ACRE / YEAR","CHEMICAL","OTHER","INDOLEBUTYRIC ACID",46701,NA
"FLORIDA",2021,"BEARING - APPLICATIONS","LB / ACRE / YEAR","CHEMICAL","OTHER","METAM-POTASSIUM",39002,NA
"FLORIDA",2021,"BEARING - APPLICATIONS","LB / ACRE / YEAR","CHEMICAL","OTHER","PSEUDOMONAS CHLORORAPHIS STRAIN AFS009",6800,NA
"FLORIDA",2021,"BEARING - APPLICATIONS","NUMBER","CHEMICAL","FUNGICIDE","AZOXYSTROBIN",128810,NA
"FLORIDA",2021,"BEARING - APPLICATIONS","NUMBER","CHEMICAL","FUNGICIDE","BACILLUS SUBTILIS",6479,NA
"FLORIDA",2021,"BEARING - APPLICATIONS","NUMBER","CHEMICAL","FUNGICIDE","BORAX DECAHYDRATE",11102,NA
"FLORIDA",2021,"BEARING - APPLICATIONS","NUMBER","CHEMICAL","FUNGICIDE","BOSCALID",128008,NA
"FLORIDA",2021,"BEARING - APPLICATIONS","NUMBER","CHEMICAL","FUNGICIDE","CAPTAN",81301,10.5
"FLORIDA",2021,"BEARING - APPLICATIONS","NUMBER","CHEMICAL","FUNGICIDE","CYFLUFENAMID",555550,NA
"FLORIDA",2021,"BEARING - APPLICATIONS","NUMBER","CHEMICAL","FUNGICIDE","CYPRODINIL",288202,2.8
"FLORIDA",2021,"BEARING - APPLICATIONS","NUMBER","CHEMICAL","FUNGICIDE","DIFENOCONAZOLE",128847,NA
"FLORIDA",2021,"BEARING - APPLICATIONS","NUMBER","CHEMICAL","FUNGICIDE","FENHEXAMID",90209,NA
"FLORIDA",2021,"BEARING - APPLICATIONS","NUMBER","CHEMICAL","FUNGICIDE","FLUDIOXONIL",71503,3.4
"FLORIDA",2021,"BEARING - APPLICATIONS","NUMBER","CHEMICAL","FUNGICIDE","FLUOPYRAM",80302,NA
"FLORIDA",2021,"BEARING - APPLICATIONS","NUMBER","CHEMICAL","FUNGICIDE","FOSETYL-AL",123301,NA
"FLORIDA",2021,"BEARING - APPLICATIONS","NUMBER","CHEMICAL","FUNGICIDE","MEFENOXAM",113502,NA
"FLORIDA",2021,"BEARING - APPLICATIONS","NUMBER","CHEMICAL","FUNGICIDE","MONO-POTASSIUM SALT",76416,NA
"FLORIDA",2021,"BEARING - APPLICATIONS","NUMBER","CHEMICAL","FUNGICIDE","PROPICONAZOLE",122101,NA
"FLORIDA",2021,"BEARING - APPLICATIONS","NUMBER","CHEMICAL","FUNGICIDE","PYDIFLUMETOFEN",90110,NA
"FLORIDA",2021,"BEARING - APPLICATIONS","NUMBER","CHEMICAL","FUNGICIDE","PYRACLOSTROBIN",99100,NA
"FLORIDA",2021,"BEARING - APPLICATIONS","NUMBER","CHEMICAL","FUNGICIDE","PYRIMETHANIL",288201,NA
"FLORIDA",2021,"BEARING - APPLICATIONS","NUMBER","CHEMICAL","FUNGICIDE","TETRACONAZOLE",120603,NA
"FLORIDA",2021,"BEARING - APPLICATIONS","NUMBER","CHEMICAL","FUNGICIDE","THIOPHANATE-METHYL",102001,NA
"FLORIDA",2021,"BEARING - APPLICATIONS","NUMBER","CHEMICAL","FUNGICIDE","THIRAM",79801,9.5
"FLORIDA",2021,"BEARING - APPLICATIONS","NUMBER","CHEMICAL","FUNGICIDE","TRIFLUMIZOLE",128879,NA
"FLORIDA",2021,"BEARING - APPLICATIONS","NUMBER","CHEMICAL","HERBICIDE","CARFENTRAZONE-ETHYL",128712,NA
"FLORIDA",2021,"BEARING - APPLICATIONS","NUMBER","CHEMICAL","HERBICIDE","CLETHODIM",121011,NA
"FLORIDA",2021,"BEARING - APPLICATIONS","NUMBER","CHEMICAL","HERBICIDE","COPPER ETHANOLAMINE",24409,NA
"FLORIDA",2021,"BEARING - APPLICATIONS","NUMBER","CHEMICAL","HERBICIDE","DIMETHENAMID",129051,NA
"FLORIDA",2021,"BEARING - APPLICATIONS","NUMBER","CHEMICAL","HERBICIDE","FLUMIOXAZIN",129034,NA
"FLORIDA",2021,"BEARING - APPLICATIONS","NUMBER","CHEMICAL","HERBICIDE","FLUROXYPYR 1-MHE",128968,NA
"FLORIDA",2021,"BEARING - APPLICATIONS","NUMBER","CHEMICAL","HERBICIDE","GLYPHOSATE ISO. SALT",103601,NA
"FLORIDA",2021,"BEARING - APPLICATIONS","NUMBER","CHEMICAL","HERBICIDE","HALOSULFURON-METHYL",128721,NA
"FLORIDA",2021,"BEARING - APPLICATIONS","NUMBER","CHEMICAL","HERBICIDE","KANTOR",129108,NA
"FLORIDA",2021,"BEARING - APPLICATIONS","NUMBER","CHEMICAL","INSECTICIDE","ABAMECTIN",122804,2.1
"FLORIDA",2021,"BEARING - APPLICATIONS","NUMBER","CHEMICAL","INSECTICIDE","ACETAMIPRID",99050,NA
"FLORIDA",2021,"BEARING - APPLICATIONS","NUMBER","CHEMICAL","INSECTICIDE","BIFENAZATE",586,NA
"FLORIDA",2021,"BEARING - APPLICATIONS","NUMBER","CHEMICAL","INSECTICIDE","BIFENTHRIN",128825,NA
"FLORIDA",2021,"BEARING - APPLICATIONS","NUMBER","CHEMICAL","INSECTICIDE","CARBARYL",56801,NA
"FLORIDA",2021,"BEARING - APPLICATIONS","NUMBER","CHEMICAL","INSECTICIDE","CHLORANTRANILIPROLE",90100,NA
"FLORIDA",2021,"BEARING - APPLICATIONS","NUMBER","CHEMICAL","INSECTICIDE","CYANTRANILIPROLE",90098,NA
"FLORIDA",2021,"BEARING - APPLICATIONS","NUMBER","CHEMICAL","INSECTICIDE","CYFLUMETOFEN",138831,NA
"FLORIDA",2021,"BEARING - APPLICATIONS","NUMBER","CHEMICAL","INSECTICIDE","DIAZINON",57801,NA
"FLORIDA",2021,"BEARING - APPLICATIONS","NUMBER","CHEMICAL","INSECTICIDE","FENAZAQUIN",44501,NA
"FLORIDA",2021,"BEARING - APPLICATIONS","NUMBER","CHEMICAL","INSECTICIDE","FENPYROXIMATE",129131,NA
"FLORIDA",2021,"BEARING - APPLICATIONS","NUMBER","CHEMICAL","INSECTICIDE","IMIDACLOPRID",129099,NA
"FLORIDA",2021,"BEARING - APPLICATIONS","NUMBER","CHEMICAL","INSECTICIDE","MALATHION",57701,NA
"FLORIDA",2021,"BEARING - APPLICATIONS","NUMBER","CHEMICAL","INSECTICIDE","METHOXYFENOZIDE",121027,NA
"FLORIDA",2021,"BEARING - APPLICATIONS","NUMBER","CHEMICAL","INSECTICIDE","NALED",34401,NA
"FLORIDA",2021,"BEARING - APPLICATIONS","NUMBER","CHEMICAL","INSECTICIDE","NOVALURON",124002,2.6
"FLORIDA",2021,"BEARING - APPLICATIONS","NUMBER","CHEMICAL","INSECTICIDE","SPINETORAM",110007,1.8
"FLORIDA",2021,"BEARING - APPLICATIONS","NUMBER","CHEMICAL","INSECTICIDE","SPIROMESIFEN",24875,NA
"FLORIDA",2021,"BEARING - APPLICATIONS","NUMBER","CHEMICAL","INSECTICIDE","SULFOXAFLOR",5210,NA
"FLORIDA",2021,"BEARING - APPLICATIONS","NUMBER","CHEMICAL","INSECTICIDE","THIAMETHOXAM",60109,NA
"FLORIDA",2021,"BEARING - APPLICATIONS","NUMBER","CHEMICAL","OTHER","ACIBENZOLAR-S-METHYL",61402,NA
"FLORIDA",2021,"BEARING - APPLICATIONS","NUMBER","CHEMICAL","OTHER","CYTOKININS",116801,NA
"FLORIDA",2021,"BEARING - APPLICATIONS","NUMBER","CHEMICAL","OTHER","ETHEPHON",99801,NA
"FLORIDA",2021,"BEARING - APPLICATIONS","NUMBER","CHEMICAL","OTHER","INDOLEBUTYRIC ACID",46701,NA
"FLORIDA",2021,"BEARING - APPLICATIONS","NUMBER","CHEMICAL","OTHER","METAM-POTASSIUM",39002,NA
"FLORIDA",2021,"BEARING - APPLICATIONS","NUMBER","CHEMICAL","OTHER","PSEUDOMONAS CHLORORAPHIS STRAIN AFS009",6800,NA
"FLORIDA",2021,"BEARING - TREATED","PCT OF AREA BEARING","CHEMICAL","FUNGICIDE","AZOXYSTROBIN",128810,NA
"FLORIDA",2021,"BEARING - TREATED","PCT OF AREA BEARING","CHEMICAL","FUNGICIDE","BACILLUS SUBTILIS",6479,NA
"FLORIDA",2021,"BEARING - TREATED","PCT OF AREA BEARING","CHEMICAL","FUNGICIDE","BORAX DECAHYDRATE",11102,NA
"FLORIDA",2021,"BEARING - TREATED","PCT OF AREA BEARING","CHEMICAL","FUNGICIDE","BOSCALID",128008,NA
"FLORIDA",2021,"BEARING - TREATED","PCT OF AREA BEARING","CHEMICAL","FUNGICIDE","CAPTAN",81301,61
"FLORIDA",2021,"BEARING - TREATED","PCT OF AREA BEARING","CHEMICAL","FUNGICIDE","CYFLUFENAMID",555550,NA
"FLORIDA",2021,"BEARING - TREATED","PCT OF AREA BEARING","CHEMICAL","FUNGICIDE","CYPRODINIL",288202,65
"FLORIDA",2021,"BEARING - TREATED","PCT OF AREA BEARING","CHEMICAL","FUNGICIDE","DIFENOCONAZOLE",128847,NA
"FLORIDA",2021,"BEARING - TREATED","PCT OF AREA BEARING","CHEMICAL","FUNGICIDE","FENHEXAMID",90209,NA
"FLORIDA",2021,"BEARING - TREATED","PCT OF AREA BEARING","CHEMICAL","FUNGICIDE","FLUDIOXONIL",71503,66
"FLORIDA",2021,"BEARING - TREATED","PCT OF AREA BEARING","CHEMICAL","FUNGICIDE","FLUOPYRAM",80302,NA
"FLORIDA",2021,"BEARING - TREATED","PCT OF AREA BEARING","CHEMICAL","FUNGICIDE","FOSETYL-AL",123301,NA
"FLORIDA",2021,"BEARING - TREATED","PCT OF AREA BEARING","CHEMICAL","FUNGICIDE","MEFENOXAM",113502,NA
"FLORIDA",2021,"BEARING - TREATED","PCT OF AREA BEARING","CHEMICAL","FUNGICIDE","MONO-POTASSIUM SALT",76416,NA
"FLORIDA",2021,"BEARING - TREATED","PCT OF AREA BEARING","CHEMICAL","FUNGICIDE","PROPICONAZOLE",122101,NA
"FLORIDA",2021,"BEARING - TREATED","PCT OF AREA BEARING","CHEMICAL","FUNGICIDE","PYDIFLUMETOFEN",90110,NA
"FLORIDA",2021,"BEARING - TREATED","PCT OF AREA BEARING","CHEMICAL","FUNGICIDE","PYRACLOSTROBIN",99100,NA
"FLORIDA",2021,"BEARING - TREATED","PCT OF AREA BEARING","CHEMICAL","FUNGICIDE","PYRIMETHANIL",288201,NA
"FLORIDA",2021,"BEARING - TREATED","PCT OF AREA BEARING","CHEMICAL","FUNGICIDE","TETRACONAZOLE",120603,NA
"FLORIDA",2021,"BEARING - TREATED","PCT OF AREA BEARING","CHEMICAL","FUNGICIDE","THIOPHANATE-METHYL",102001,NA
"FLORIDA",2021,"BEARING - TREATED","PCT OF AREA BEARING","CHEMICAL","FUNGICIDE","THIRAM",79801,61
"FLORIDA",2021,"BEARING - TREATED","PCT OF AREA BEARING","CHEMICAL","FUNGICIDE","TOTAL)",NA,66
"FLORIDA",2021,"BEARING - TREATED","PCT OF AREA BEARING","CHEMICAL","FUNGICIDE","TRIFLUMIZOLE",128879,NA
"FLORIDA",2021,"BEARING - TREATED","PCT OF AREA BEARING","CHEMICAL","HERBICIDE","CARFENTRAZONE-ETHYL",128712,NA
"FLORIDA",2021,"BEARING - TREATED","PCT OF AREA BEARING","CHEMICAL","HERBICIDE","CLETHODIM",121011,NA
"FLORIDA",2021,"BEARING - TREATED","PCT OF AREA BEARING","CHEMICAL","HERBICIDE","COPPER ETHANOLAMINE",24409,NA
"FLORIDA",2021,"BEARING - TREATED","PCT OF AREA BEARING","CHEMICAL","HERBICIDE","DIMETHENAMID",129051,NA
"FLORIDA",2021,"BEARING - TREATED","PCT OF AREA BEARING","CHEMICAL","HERBICIDE","FLUMIOXAZIN",129034,NA
"FLORIDA",2021,"BEARING - TREATED","PCT OF AREA BEARING","CHEMICAL","HERBICIDE","FLUROXYPYR 1-MHE",128968,NA
"FLORIDA",2021,"BEARING - TREATED","PCT OF AREA BEARING","CHEMICAL","HERBICIDE","GLYPHOSATE ISO. SALT",103601,NA
"FLORIDA",2021,"BEARING - TREATED","PCT OF AREA BEARING","CHEMICAL","HERBICIDE","HALOSULFURON-METHYL",128721,NA
"FLORIDA",2021,"BEARING - TREATED","PCT OF AREA BEARING","CHEMICAL","HERBICIDE","KANTOR",129108,NA
"FLORIDA",2021,"BEARING - TREATED","PCT OF AREA BEARING","CHEMICAL","HERBICIDE","TOTAL)",NA,9
"FLORIDA",2021,"BEARING - TREATED","PCT OF AREA BEARING","CHEMICAL","INSECTICIDE","ABAMECTIN",122804,7
"FLORIDA",2021,"BEARING - TREATED","PCT OF AREA BEARING","CHEMICAL","INSECTICIDE","ACETAMIPRID",99050,NA
"FLORIDA",2021,"BEARING - TREATED","PCT OF AREA BEARING","CHEMICAL","INSECTICIDE","BIFENAZATE",586,NA
"FLORIDA",2021,"BEARING - TREATED","PCT OF AREA BEARING","CHEMICAL","INSECTICIDE","BIFENTHRIN",128825,NA
"FLORIDA",2021,"BEARING - TREATED","PCT OF AREA BEARING","CHEMICAL","INSECTICIDE","CARBARYL",56801,NA
"FLORIDA",2021,"BEARING - TREATED","PCT OF AREA BEARING","CHEMICAL","INSECTICIDE","CHLORANTRANILIPROLE",90100,NA
"FLORIDA",2021,"BEARING - TREATED","PCT OF AREA BEARING","CHEMICAL","INSECTICIDE","CYANTRANILIPROLE",90098,NA
"FLORIDA",2021,"BEARING - TREATED","PCT OF AREA BEARING","CHEMICAL","INSECTICIDE","CYFLUMETOFEN",138831,NA
"FLORIDA",2021,"BEARING - TREATED","PCT OF AREA BEARING","CHEMICAL","INSECTICIDE","DIAZINON",57801,NA
"FLORIDA",2021,"BEARING - TREATED","PCT OF AREA BEARING","CHEMICAL","INSECTICIDE","FENAZAQUIN",44501,NA
"FLORIDA",2021,"BEARING - TREATED","PCT OF AREA BEARING","CHEMICAL","INSECTICIDE","FENPYROXIMATE",129131,NA
"FLORIDA",2021,"BEARING - TREATED","PCT OF AREA BEARING","CHEMICAL","INSECTICIDE","IMIDACLOPRID",129099,NA
"FLORIDA",2021,"BEARING - TREATED","PCT OF AREA BEARING","CHEMICAL","INSECTICIDE","MALATHION",57701,NA
"FLORIDA",2021,"BEARING - TREATED","PCT OF AREA BEARING","CHEMICAL","INSECTICIDE","METHOXYFENOZIDE",121027,NA
"FLORIDA",2021,"BEARING - TREATED","PCT OF AREA BEARING","CHEMICAL","INSECTICIDE","NALED",34401,NA
"FLORIDA",2021,"BEARING - TREATED","PCT OF AREA BEARING","CHEMICAL","INSECTICIDE","NOVALURON",124002,58
"FLORIDA",2021,"BEARING - TREATED","PCT OF AREA BEARING","CHEMICAL","INSECTICIDE","SPINETORAM",110007,57
"FLORIDA",2021,"BEARING - TREATED","PCT OF AREA BEARING","CHEMICAL","INSECTICIDE","SPIROMESIFEN",24875,NA
"FLORIDA",2021,"BEARING - TREATED","PCT OF AREA BEARING","CHEMICAL","INSECTICIDE","SULFOXAFLOR",5210,NA
"FLORIDA",2021,"BEARING - TREATED","PCT OF AREA BEARING","CHEMICAL","INSECTICIDE","THIAMETHOXAM",60109,NA
"FLORIDA",2021,"BEARING - TREATED","PCT OF AREA BEARING","CHEMICAL","INSECTICIDE","TOTAL)",NA,62
"FLORIDA",2021,"BEARING - TREATED","PCT OF AREA BEARING","CHEMICAL","OTHER","ACIBENZOLAR-S-METHYL",61402,NA
"FLORIDA",2021,"BEARING - TREATED","PCT OF AREA BEARING","CHEMICAL","OTHER","CYTOKININS",116801,NA
"FLORIDA",2021,"BEARING - TREATED","PCT OF AREA BEARING","CHEMICAL","OTHER","ETHEPHON",99801,NA
"FLORIDA",2021,"BEARING - TREATED","PCT OF AREA BEARING","CHEMICAL","OTHER","INDOLEBUTYRIC ACID",46701,NA
"FLORIDA",2021,"BEARING - TREATED","PCT OF AREA BEARING","CHEMICAL","OTHER","METAM-POTASSIUM",39002,NA
"FLORIDA",2021,"BEARING - TREATED","PCT OF AREA BEARING","CHEMICAL","OTHER","PSEUDOMONAS CHLORORAPHIS STRAIN AFS009",6800,NA
"FLORIDA",2021,"BEARING - TREATED","PCT OF AREA BEARING","CHEMICAL","OTHER","TOTAL)",NA,49
"CALIFORNIA",2019,"BEARING - APPLICATIONS","LB","CHEMICAL","FUNGICIDE","AZOXYSTROBIN",128810,5500
"CALIFORNIA",2019,"BEARING - APPLICATIONS","LB","CHEMICAL","FUNGICIDE","BACILLUS AMYLOLIQUEFACIENS MBI 600",129082,NA
"CALIFORNIA",2019,"BEARING - APPLICATIONS","LB","CHEMICAL","FUNGICIDE","BACILLUS AMYLOLIQUEFACIENS STRAIN D747",16482,NA
"CALIFORNIA",2019,"BEARING - APPLICATIONS","LB","CHEMICAL","FUNGICIDE","BACILLUS PUMILUS",6485,NA
"CALIFORNIA",2019,"BEARING - APPLICATIONS","LB","CHEMICAL","FUNGICIDE","BACILLUS SUBT. GB03",129068,NA
"CALIFORNIA",2019,"BEARING - APPLICATIONS","LB","CHEMICAL","FUNGICIDE","BACILLUS SUBTILIS",6479,NA
"CALIFORNIA",2019,"BEARING - APPLICATIONS","LB","CHEMICAL","FUNGICIDE","BLAD",30006,1200
"CALIFORNIA",2019,"BEARING - APPLICATIONS","LB","CHEMICAL","FUNGICIDE","BORAX DECAHYDRATE",11102,300
"CALIFORNIA",2019,"BEARING - APPLICATIONS","LB","CHEMICAL","FUNGICIDE","BOSCALID",128008,6200
"CALIFORNIA",2019,"BEARING - APPLICATIONS","LB","CHEMICAL","FUNGICIDE","BT SUBSP KURSTAKI EVB-113-19",6544,NA
"CALIFORNIA",2019,"BEARING - APPLICATIONS","LB","CHEMICAL","FUNGICIDE","CAPTAN",81301,283500
"CALIFORNIA",2019,"BEARING - APPLICATIONS","LB","CHEMICAL","FUNGICIDE","COPPER HYDROXIDE",23401,NA
"CALIFORNIA",2019,"BEARING - APPLICATIONS","LB","CHEMICAL","FUNGICIDE","COPPER OCTANOATE",23306,NA
"CALIFORNIA",2019,"BEARING - APPLICATIONS","LB","CHEMICAL","FUNGICIDE","CYFLUFENAMID",555550,400
"CALIFORNIA",2019,"BEARING - APPLICATIONS","LB","CHEMICAL","FUNGICIDE","CYPRODINIL",288202,16600
"CALIFORNIA",2019,"BEARING - APPLICATIONS","LB","CHEMICAL","FUNGICIDE","DIFENOCONAZOLE",128847,900
"CALIFORNIA",2019,"BEARING - APPLICATIONS","LB","CHEMICAL","FUNGICIDE","FENHEXAMID",90209,15000
"CALIFORNIA",2019,"BEARING - APPLICATIONS","LB","CHEMICAL","FUNGICIDE","FLUDIOXONIL",71503,11100
"CALIFORNIA",2019,"BEARING - APPLICATIONS","LB","CHEMICAL","FUNGICIDE","FLUOPYRAM",80302,3900
"CALIFORNIA",2019,"BEARING - APPLICATIONS","LB","CHEMICAL","FUNGICIDE","FLUXAPYROXAD",138009,3900
"CALIFORNIA",2019,"BEARING - APPLICATIONS","LB","CHEMICAL","FUNGICIDE","FOSETYL-AL",123301,34200
"CALIFORNIA",2019,"BEARING - APPLICATIONS","LB","CHEMICAL","FUNGICIDE","ISOFETAMID",270000,NA
"CALIFORNIA",2019,"BEARING - APPLICATIONS","LB","CHEMICAL","FUNGICIDE","MEFENOXAM",113502,9300
"CALIFORNIA",2019,"BEARING - APPLICATIONS","LB","CHEMICAL","FUNGICIDE","MONO-POTASSIUM SALT",76416,NA
"CALIFORNIA",2019,"BEARING - APPLICATIONS","LB","CHEMICAL","FUNGICIDE","MYCLOBUTANIL",128857,5600
"CALIFORNIA",2019,"BEARING - APPLICATIONS","LB","CHEMICAL","FUNGICIDE","PENTHIOPYRAD",90112,7000
"CALIFORNIA",2019,"BEARING - APPLICATIONS","LB","CHEMICAL","FUNGICIDE","POLYOXIN D ZINC SALT",230000,1400
"CALIFORNIA",2019,"BEARING - APPLICATIONS","LB","CHEMICAL","FUNGICIDE","POTASSIUM BICARBON.",73508,11300
"CALIFORNIA",2019,"BEARING - APPLICATIONS","LB","CHEMICAL","FUNGICIDE","PROPICONAZOLE",122101,1600
"CALIFORNIA",2019,"BEARING - APPLICATIONS","LB","CHEMICAL","FUNGICIDE","PYRACLOSTROBIN",99100,7400
"CALIFORNIA",2019,"BEARING - APPLICATIONS","LB","CHEMICAL","FUNGICIDE","PYRIMETHANIL",288201,9300
"CALIFORNIA",2019,"BEARING - APPLICATIONS","LB","CHEMICAL","FUNGICIDE","QUINOLINE",55459,4800
"CALIFORNIA",2019,"BEARING - APPLICATIONS","LB","CHEMICAL","FUNGICIDE","STREPTOMYCES LYDICUS",6327,NA
"CALIFORNIA",2019,"BEARING - APPLICATIONS","LB","CHEMICAL","FUNGICIDE","SULFUR",77501,686000
"CALIFORNIA",2019,"BEARING - APPLICATIONS","LB","CHEMICAL","FUNGICIDE","TETRACONAZOLE",120603,600
"CALIFORNIA",2019,"BEARING - APPLICATIONS","LB","CHEMICAL","FUNGICIDE","THIOPHANATE-METHYL",102001,3300
"CALIFORNIA",2019,"BEARING - APPLICATIONS","LB","CHEMICAL","FUNGICIDE","THIRAM",79801,90900
"CALIFORNIA",2019,"BEARING - APPLICATIONS","LB","CHEMICAL","FUNGICIDE","TOTAL)",NA,1233500
"CALIFORNIA",2019,"BEARING - APPLICATIONS","LB","CHEMICAL","FUNGICIDE","TRICHODERMA HARZ.",119202,NA
"CALIFORNIA",2019,"BEARING - APPLICATIONS","LB","CHEMICAL","FUNGICIDE","TRIFLOXYSTROBIN",129112,4200
"CALIFORNIA",2019,"BEARING - APPLICATIONS","LB","CHEMICAL","FUNGICIDE","TRIFLUMIZOLE",128879,7200
"CALIFORNIA",2019,"BEARING - APPLICATIONS","LB","CHEMICAL","HERBICIDE","CARFENTRAZONE-ETHYL",128712,200
"CALIFORNIA",2019,"BEARING - APPLICATIONS","LB","CHEMICAL","HERBICIDE","FLUMIOXAZIN",129034,1100
"CALIFORNIA",2019,"BEARING - APPLICATIONS","LB","CHEMICAL","HERBICIDE","GLUFOSINATE-AMMONIUM",128850,NA
"CALIFORNIA",2019,"BEARING - APPLICATIONS","LB","CHEMICAL","HERBICIDE","GLYPHOSATE ISO. SALT",103601,NA
"CALIFORNIA",2019,"BEARING - APPLICATIONS","LB","CHEMICAL","HERBICIDE","GLYPHOSATE POT. SALT",103613,NA
"CALIFORNIA",2019,"BEARING - APPLICATIONS","LB","CHEMICAL","HERBICIDE","NAPROPAMIDE",103001,NA
"CALIFORNIA",2019,"BEARING - APPLICATIONS","LB","CHEMICAL","HERBICIDE","OXYFLUORFEN",111601,1300
"CALIFORNIA",2019,"BEARING - APPLICATIONS","LB","CHEMICAL","HERBICIDE","PARAQUAT",61601,NA
"CALIFORNIA",2019,"BEARING - APPLICATIONS","LB","CHEMICAL","HERBICIDE","PENDIMETHALIN",108501,5500
"CALIFORNIA",2019,"BEARING - APPLICATIONS","LB","CHEMICAL","HERBICIDE","SULFENTRAZONE",129081,NA
"CALIFORNIA",2019,"BEARING - APPLICATIONS","LB","CHEMICAL","HERBICIDE","TOTAL)",NA,10200
"CALIFORNIA",2019,"BEARING - APPLICATIONS","LB","CHEMICAL","INSECTICIDE","ABAMECTIN",122804,500
"CALIFORNIA",2019,"BEARING - APPLICATIONS","LB","CHEMICAL","INSECTICIDE","ACEQUINOCYL",6329,5400
"CALIFORNIA",2019,"BEARING - APPLICATIONS","LB","CHEMICAL","INSECTICIDE","ACETAMIPRID",99050,2800
"CALIFORNIA",2019,"BEARING - APPLICATIONS","LB","CHEMICAL","INSECTICIDE","AZADIRACHTIN",121701,800
"CALIFORNIA",2019,"BEARING - APPLICATIONS","LB","CHEMICAL","INSECTICIDE","BEAUVERIA BASSIANA",128924,NA
"CALIFORNIA",2019,"BEARING - APPLICATIONS","LB","CHEMICAL","INSECTICIDE","BIFENAZATE",586,17900
"CALIFORNIA",2019,"BEARING - APPLICATIONS","LB","CHEMICAL","INSECTICIDE","BIFENTHRIN",128825,7300
"CALIFORNIA",2019,"BEARING - APPLICATIONS","LB","CHEMICAL","INSECTICIDE","BT KURSTAK ABTS-1857",6523,NA
"CALIFORNIA",2019,"BEARING - APPLICATIONS","LB","CHEMICAL","INSECTICIDE","BT KURSTAKI ABTS-351",6522,NA
"CALIFORNIA",2019,"BEARING - APPLICATIONS","LB","CHEMICAL","INSECTICIDE","BT KURSTAKI SA-11",6519,NA
"CALIFORNIA",2019,"BEARING - APPLICATIONS","LB","CHEMICAL","INSECTICIDE","BT SUB AIZAWAI GC-91",6426,NA
"CALIFORNIA",2019,"BEARING - APPLICATIONS","LB","CHEMICAL","INSECTICIDE","BUPROFEZIN",275100,NA
"CALIFORNIA",2019,"BEARING - APPLICATIONS","LB","CHEMICAL","INSECTICIDE","BURKHOLDERIA A396 CELLS & MEDIA",6534,NA
"CALIFORNIA",2019,"BEARING - APPLICATIONS","LB","CHEMICAL","INSECTICIDE","CARBARYL",56801,NA
"CALIFORNIA",2019,"BEARING - APPLICATIONS","LB","CHEMICAL","INSECTICIDE","CHLORANTRANILIPROLE",90100,1900
"CALIFORNIA",2019,"BEARING - APPLICATIONS","LB","CHEMICAL","INSECTICIDE","CHLORPYRIFOS",59101,NA
"CALIFORNIA",2019,"BEARING - APPLICATIONS","LB","CHEMICAL","INSECTICIDE","CHROMOBAC SUBTSUGAE PRAA4-1 CELLS AND SPENT MEDIA",16329,NA
"CALIFORNIA",2019,"BEARING - APPLICATIONS","LB","CHEMICAL","INSECTICIDE","CYANTRANILIPROLE",90098,900
"CALIFORNIA",2019,"BEARING - APPLICATIONS","LB","CHEMICAL","INSECTICIDE","CYFLUMETOFEN",138831,5200
"CALIFORNIA",2019,"BEARING - APPLICATIONS","LB","CHEMICAL","INSECTICIDE","ETOXAZOLE",107091,1200
"CALIFORNIA",2019,"BEARING - APPLICATIONS","LB","CHEMICAL","INSECTICIDE","FENBUTATIN-OXIDE",104601,NA
"CALIFORNIA",2019,"BEARING - APPLICATIONS","LB","CHEMICAL","INSECTICIDE","FENPROPATHRIN",127901,6000
"CALIFORNIA",2019,"BEARING - APPLICATIONS","LB","CHEMICAL","INSECTICIDE","FENPYROXIMATE",129131,400
"CALIFORNIA",2019,"BEARING - APPLICATIONS","LB","CHEMICAL","INSECTICIDE","FLONICAMID",128016,3300
"CALIFORNIA",2019,"BEARING - APPLICATIONS","LB","CHEMICAL","INSECTICIDE","FLUPYRADIFURONE",122304,4800
"CALIFORNIA",2019,"BEARING - APPLICATIONS","LB","CHEMICAL","INSECTICIDE","HELICOVERPA ZEA NPV",107300,NA
"CALIFORNIA",2019,"BEARING - APPLICATIONS","LB","CHEMICAL","INSECTICIDE","HEXYTHIAZOX",128849,2300
"CALIFORNIA",2019,"BEARING - APPLICATIONS","LB","CHEMICAL","INSECTICIDE","IMIDACLOPRID",129099,3500
"CALIFORNIA",2019,"BEARING - APPLICATIONS","LB","CHEMICAL","INSECTICIDE","MALATHION",57701,56700
"CALIFORNIA",2019,"BEARING - APPLICATIONS","LB","CHEMICAL","INSECTICIDE","METHOXYFENOZIDE",121027,3300
"CALIFORNIA",2019,"BEARING - APPLICATIONS","LB","CHEMICAL","INSECTICIDE","NALED",34401,12700
"CALIFORNIA",2019,"BEARING - APPLICATIONS","LB","CHEMICAL","INSECTICIDE","NEEM OIL",25006,1100
"CALIFORNIA",2019,"BEARING - APPLICATIONS","LB","CHEMICAL","INSECTICIDE","NEEM OIL, CLAR. HYD.",25007,51600
"CALIFORNIA",2019,"BEARING - APPLICATIONS","LB","CHEMICAL","INSECTICIDE","NOVALURON",124002,4600
"CALIFORNIA",2019,"BEARING - APPLICATIONS","LB","CHEMICAL","INSECTICIDE","PIPERONYL BUTOXIDE",67501,1200
"CALIFORNIA",2019,"BEARING - APPLICATIONS","LB","CHEMICAL","INSECTICIDE","POTASSIUM SALTS",79021,NA
"CALIFORNIA",2019,"BEARING - APPLICATIONS","LB","CHEMICAL","INSECTICIDE","PYRETHRINS",69001,200
"CALIFORNIA",2019,"BEARING - APPLICATIONS","LB","CHEMICAL","INSECTICIDE","PYRIDABEN",129105,NA
"CALIFORNIA",2019,"BEARING - APPLICATIONS","LB","CHEMICAL","INSECTICIDE","PYRIPROXYFEN",129032,100
"CALIFORNIA",2019,"BEARING - APPLICATIONS","LB","CHEMICAL","INSECTICIDE","SOYBEAN OIL",31605,NA
"CALIFORNIA",2019,"BEARING - APPLICATIONS","LB","CHEMICAL","INSECTICIDE","SPINETORAM",110007,2300
"CALIFORNIA",2019,"BEARING - APPLICATIONS","LB","CHEMICAL","INSECTICIDE","SPINOSAD",110003,600
"CALIFORNIA",2019,"BEARING - APPLICATIONS","LB","CHEMICAL","INSECTICIDE","SPIROMESIFEN",24875,1800
"CALIFORNIA",2019,"BEARING - APPLICATIONS","LB","CHEMICAL","INSECTICIDE","SULFOXAFLOR",5210,1000
"CALIFORNIA",2019,"BEARING - APPLICATIONS","LB","CHEMICAL","INSECTICIDE","THIAMETHOXAM",60109,1400
"CALIFORNIA",2019,"BEARING - APPLICATIONS","LB","CHEMICAL","INSECTICIDE","TOTAL)",NA,212600
"CALIFORNIA",2019,"BEARING - APPLICATIONS","LB","CHEMICAL","INSECTICIDE","ZETA-CYPERMETHRIN",129064,NA
"CALIFORNIA",2019,"BEARING - APPLICATIONS","LB","CHEMICAL","OTHER","ACIBENZOLAR-S-METHYL",61402,NA
"CALIFORNIA",2019,"BEARING - APPLICATIONS","LB","CHEMICAL","OTHER","AUREOBASIDIUM PULLULANS DSM 14940",46010,NA
"CALIFORNIA",2019,"BEARING - APPLICATIONS","LB","CHEMICAL","OTHER","AUREOBASIDIUM PULLULANS DSM 14941",36010,NA
"CALIFORNIA",2019,"BEARING - APPLICATIONS","LB","CHEMICAL","OTHER","BT KURSTAKI SA-12",6518,NA
"CALIFORNIA",2019,"BEARING - APPLICATIONS","LB","CHEMICAL","OTHER","CAPRIC ACID",128955,NA
"CALIFORNIA",2019,"BEARING - APPLICATIONS","LB","CHEMICAL","OTHER","CAPRYLIC ACID",128919,NA
"CALIFORNIA",2019,"BEARING - APPLICATIONS","LB","CHEMICAL","OTHER","CHLOROPICRIN",81501,6146600
"CALIFORNIA",2019,"BEARING - APPLICATIONS","LB","CHEMICAL","OTHER","DICHLOROPROPENE",29001,1045700
"CALIFORNIA",2019,"BEARING - APPLICATIONS","LB","CHEMICAL","OTHER","FLUTRIAFOL",128940,1700
"CALIFORNIA",2019,"BEARING - APPLICATIONS","LB","CHEMICAL","OTHER","GLIOCLADIUM VIRENS",129000,NA
"CALIFORNIA",2019,"BEARING - APPLICATIONS","LB","CHEMICAL","OTHER","HYDROGEN PEROXIDE",595,NA
"CALIFORNIA",2019,"BEARING - APPLICATIONS","LB","CHEMICAL","OTHER","IRON PHOSPHATE",34903,100
"CALIFORNIA",2019,"BEARING - APPLICATIONS","LB","CHEMICAL","OTHER","METALDEHYDE",53001,NA
"CALIFORNIA",2019,"BEARING - APPLICATIONS","LB","CHEMICAL","OTHER","METAM-POTASSIUM",39002,254000
"CALIFORNIA",2019,"BEARING - APPLICATIONS","LB","CHEMICAL","OTHER","METAM-SODIUM",39003,244000
"CALIFORNIA",2019,"BEARING - APPLICATIONS","LB","CHEMICAL","OTHER","PAECILOMYCES FUMOSOR",115002,NA
"CALIFORNIA",2019,"BEARING - APPLICATIONS","LB","CHEMICAL","OTHER","PEROXYACETIC ACID",63201,NA
"CALIFORNIA",2019,"BEARING - APPLICATIONS","LB","CHEMICAL","OTHER","POTASSIUM SILICATE",72606,NA
"CALIFORNIA",2019,"BEARING - APPLICATIONS","LB","CHEMICAL","OTHER","REYNOUTRIA SACHALINE",55809,600
"CALIFORNIA",2019,"BEARING - APPLICATIONS","LB","CHEMICAL","OTHER","TOTAL)",NA,7698900
"CALIFORNIA",2019,"BEARING - APPLICATIONS","LB","CHEMICAL","OTHER","TRICHODERMA VIRENS STRAIN G-41",176604,NA
"CALIFORNIA",2019,"BEARING - APPLICATIONS","LB / ACRE / APPLICATION","CHEMICAL","FUNGICIDE","AZOXYSTROBIN",128810,0.205
"CALIFORNIA",2019,"BEARING - APPLICATIONS","LB / ACRE / APPLICATION","CHEMICAL","FUNGICIDE","BACILLUS AMYLOLIQUEFACIENS MBI 600",129082,NA
"CALIFORNIA",2019,"BEARING - APPLICATIONS","LB / ACRE / APPLICATION","CHEMICAL","FUNGICIDE","BACILLUS AMYLOLIQUEFACIENS STRAIN D747",16482,NA
"CALIFORNIA",2019,"BEARING - APPLICATIONS","LB / ACRE / APPLICATION","CHEMICAL","FUNGICIDE","BACILLUS PUMILUS",6485,NA
"CALIFORNIA",2019,"BEARING - APPLICATIONS","LB / ACRE / APPLICATION","CHEMICAL","FUNGICIDE","BACILLUS SUBT. GB03",129068,NA
"CALIFORNIA",2019,"BEARING - APPLICATIONS","LB / ACRE / APPLICATION","CHEMICAL","FUNGICIDE","BACILLUS SUBTILIS",6479,NA
"CALIFORNIA",2019,"BEARING - APPLICATIONS","LB / ACRE / APPLICATION","CHEMICAL","FUNGICIDE","BLAD",30006,0.482
"CALIFORNIA",2019,"BEARING - APPLICATIONS","LB / ACRE / APPLICATION","CHEMICAL","FUNGICIDE","BORAX DECAHYDRATE",11102,0.023
"CALIFORNIA",2019,"BEARING - APPLICATIONS","LB / ACRE / APPLICATION","CHEMICAL","FUNGICIDE","BOSCALID",128008,0.337
"CALIFORNIA",2019,"BEARING - APPLICATIONS","LB / ACRE / APPLICATION","CHEMICAL","FUNGICIDE","BT SUBSP KURSTAKI EVB-113-19",6544,NA
"CALIFORNIA",2019,"BEARING - APPLICATIONS","LB / ACRE / APPLICATION","CHEMICAL","FUNGICIDE","CAPTAN",81301,1.739
"CALIFORNIA",2019,"BEARING - APPLICATIONS","LB / ACRE / APPLICATION","CHEMICAL","FUNGICIDE","COPPER HYDROXIDE",23401,NA
"CALIFORNIA",2019,"BEARING - APPLICATIONS","LB / ACRE / APPLICATION","CHEMICAL","FUNGICIDE","COPPER OCTANOATE",23306,NA
"CALIFORNIA",2019,"BEARING - APPLICATIONS","LB / ACRE / APPLICATION","CHEMICAL","FUNGICIDE","CYFLUFENAMID",555550,0.023
"CALIFORNIA",2019,"BEARING - APPLICATIONS","LB / ACRE / APPLICATION","CHEMICAL","FUNGICIDE","CYPRODINIL",288202,0.32
"CALIFORNIA",2019,"BEARING - APPLICATIONS","LB / ACRE / APPLICATION","CHEMICAL","FUNGICIDE","DIFENOCONAZOLE",128847,0.114
"CALIFORNIA",2019,"BEARING - APPLICATIONS","LB / ACRE / APPLICATION","CHEMICAL","FUNGICIDE","FENHEXAMID",90209,0.623
"CALIFORNIA",2019,"BEARING - APPLICATIONS","LB / ACRE / APPLICATION","CHEMICAL","FUNGICIDE","FLUDIOXONIL",71503,0.213
"CALIFORNIA",2019,"BEARING - APPLICATIONS","LB / ACRE / APPLICATION","CHEMICAL","FUNGICIDE","FLUOPYRAM",80302,0.113
"CALIFORNIA",2019,"BEARING - APPLICATIONS","LB / ACRE / APPLICATION","CHEMICAL","FUNGICIDE","FLUXAPYROXAD",138009,0.168
"CALIFORNIA",2019,"BEARING - APPLICATIONS","LB / ACRE / APPLICATION","CHEMICAL","FUNGICIDE","FOSETYL-AL",123301,3.997
"CALIFORNIA",2019,"BEARING - APPLICATIONS","LB / ACRE / APPLICATION","CHEMICAL","FUNGICIDE","ISOFETAMID",270000,NA
"CALIFORNIA",2019,"BEARING - APPLICATIONS","LB / ACRE / APPLICATION","CHEMICAL","FUNGICIDE","MEFENOXAM",113502,0.493
"CALIFORNIA",2019,"BEARING - APPLICATIONS","LB / ACRE / APPLICATION","CHEMICAL","FUNGICIDE","MONO-POTASSIUM SALT",76416,NA
"CALIFORNIA",2019,"BEARING - APPLICATIONS","LB / ACRE / APPLICATION","CHEMICAL","FUNGICIDE","MYCLOBUTANIL",128857,0.106
"CALIFORNIA",2019,"BEARING - APPLICATIONS","LB / ACRE / APPLICATION","CHEMICAL","FUNGICIDE","PENTHIOPYRAD",90112,0.303
"CALIFORNIA",2019,"BEARING - APPLICATIONS","LB / ACRE / APPLICATION","CHEMICAL","FUNGICIDE","POLYOXIN D ZINC SALT",230000,0.073
"CALIFORNIA",2019,"BEARING - APPLICATIONS","LB / ACRE / APPLICATION","CHEMICAL","FUNGICIDE","POTASSIUM BICARBON.",73508,2.381
"CALIFORNIA",2019,"BEARING - APPLICATIONS","LB / ACRE / APPLICATION","CHEMICAL","FUNGICIDE","PROPICONAZOLE",122101,0.112
"CALIFORNIA",2019,"BEARING - APPLICATIONS","LB / ACRE / APPLICATION","CHEMICAL","FUNGICIDE","PYRACLOSTROBIN",99100,0.169
"CALIFORNIA",2019,"BEARING - APPLICATIONS","LB / ACRE / APPLICATION","CHEMICAL","FUNGICIDE","PYRIMETHANIL",288201,0.51
"CALIFORNIA",2019,"BEARING - APPLICATIONS","LB / ACRE / APPLICATION","CHEMICAL","FUNGICIDE","QUINOLINE",55459,0.097
"CALIFORNIA",2019,"BEARING - APPLICATIONS","LB / ACRE / APPLICATION","CHEMICAL","FUNGICIDE","STREPTOMYCES LYDICUS",6327,NA
"CALIFORNIA",2019,"BEARING - APPLICATIONS","LB / ACRE / APPLICATION","CHEMICAL","FUNGICIDE","SULFUR",77501,3.656
"CALIFORNIA",2019,"BEARING - APPLICATIONS","LB / ACRE / APPLICATION","CHEMICAL","FUNGICIDE","TETRACONAZOLE",120603,0.039
"CALIFORNIA",2019,"BEARING - APPLICATIONS","LB / ACRE / APPLICATION","CHEMICAL","FUNGICIDE","THIOPHANATE-METHYL",102001,0.669
"CALIFORNIA",2019,"BEARING - APPLICATIONS","LB / ACRE / APPLICATION","CHEMICAL","FUNGICIDE","THIRAM",79801,2.219
"CALIFORNIA",2019,"BEARING - APPLICATIONS","LB / ACRE / APPLICATION","CHEMICAL","FUNGICIDE","TRICHODERMA HARZ.",119202,NA
"CALIFORNIA",2019,"BEARING - APPLICATIONS","LB / ACRE / APPLICATION","CHEMICAL","FUNGICIDE","TRIFLOXYSTROBIN",129112,0.113
"CALIFORNIA",2019,"BEARING - APPLICATIONS","LB / ACRE / APPLICATION","CHEMICAL","FUNGICIDE","TRIFLUMIZOLE",128879,0.23
"CALIFORNIA",2019,"BEARING - APPLICATIONS","LB / ACRE / APPLICATION","CHEMICAL","HERBICIDE","CARFENTRAZONE-ETHYL",128712,0.024
"CALIFORNIA",2019,"BEARING - APPLICATIONS","LB / ACRE / APPLICATION","CHEMICAL","HERBICIDE","FLUMIOXAZIN",129034,0.089
"CALIFORNIA",2019,"BEARING - APPLICATIONS","LB / ACRE / APPLICATION","CHEMICAL","HERBICIDE","GLUFOSINATE-AMMONIUM",128850,NA
"CALIFORNIA",2019,"BEARING - APPLICATIONS","LB / ACRE / APPLICATION","CHEMICAL","HERBICIDE","GLYPHOSATE ISO. SALT",103601,NA
"CALIFORNIA",2019,"BEARING - APPLICATIONS","LB / ACRE / APPLICATION","CHEMICAL","HERBICIDE","GLYPHOSATE POT. SALT",103613,NA
"CALIFORNIA",2019,"BEARING - APPLICATIONS","LB / ACRE / APPLICATION","CHEMICAL","HERBICIDE","NAPROPAMIDE",103001,NA
"CALIFORNIA",2019,"BEARING - APPLICATIONS","LB / ACRE / APPLICATION","CHEMICAL","HERBICIDE","OXYFLUORFEN",111601,0.313
"CALIFORNIA",2019,"BEARING - APPLICATIONS","LB / ACRE / APPLICATION","CHEMICAL","HERBICIDE","PARAQUAT",61601,NA
"CALIFORNIA",2019,"BEARING - APPLICATIONS","LB / ACRE / APPLICATION","CHEMICAL","HERBICIDE","PENDIMETHALIN",108501,1.202
"CALIFORNIA",2019,"BEARING - APPLICATIONS","LB / ACRE / APPLICATION","CHEMICAL","HERBICIDE","SULFENTRAZONE",129081,NA
"CALIFORNIA",2019,"BEARING - APPLICATIONS","LB / ACRE / APPLICATION","CHEMICAL","INSECTICIDE","ABAMECTIN",122804,0.019
"CALIFORNIA",2019,"BEARING - APPLICATIONS","LB / ACRE / APPLICATION","CHEMICAL","INSECTICIDE","ACEQUINOCYL",6329,0.297
"CALIFORNIA",2019,"BEARING - APPLICATIONS","LB / ACRE / APPLICATION","CHEMICAL","INSECTICIDE","ACETAMIPRID",99050,0.126
"CALIFORNIA",2019,"BEARING - APPLICATIONS","LB / ACRE / APPLICATION","CHEMICAL","INSECTICIDE","AZADIRACHTIN",121701,0.034
"CALIFORNIA",2019,"BEARING - APPLICATIONS","LB / ACRE / APPLICATION","CHEMICAL","INSECTICIDE","BEAUVERIA BASSIANA",128924,NA
"CALIFORNIA",2019,"BEARING - APPLICATIONS","LB / ACRE / APPLICATION","CHEMICAL","INSECTICIDE","BIFENAZATE",586,0.496
"CALIFORNIA",2019,"BEARING - APPLICATIONS","LB / ACRE / APPLICATION","CHEMICAL","INSECTICIDE","BIFENTHRIN",128825,0.109
"CALIFORNIA",2019,"BEARING - APPLICATIONS","LB / ACRE / APPLICATION","CHEMICAL","INSECTICIDE","BT KURSTAK ABTS-1857",6523,NA
"CALIFORNIA",2019,"BEARING - APPLICATIONS","LB / ACRE / APPLICATION","CHEMICAL","INSECTICIDE","BT KURSTAKI ABTS-351",6522,NA
"CALIFORNIA",2019,"BEARING - APPLICATIONS","LB / ACRE / APPLICATION","CHEMICAL","INSECTICIDE","BT KURSTAKI SA-11",6519,NA
"CALIFORNIA",2019,"BEARING - APPLICATIONS","LB / ACRE / APPLICATION","CHEMICAL","INSECTICIDE","BT SUB AIZAWAI GC-91",6426,NA
"CALIFORNIA",2019,"BEARING - APPLICATIONS","LB / ACRE / APPLICATION","CHEMICAL","INSECTICIDE","BUPROFEZIN",275100,NA
"CALIFORNIA",2019,"BEARING - APPLICATIONS","LB / ACRE / APPLICATION","CHEMICAL","INSECTICIDE","BURKHOLDERIA A396 CELLS & MEDIA",6534,NA
"CALIFORNIA",2019,"BEARING - APPLICATIONS","LB / ACRE / APPLICATION","CHEMICAL","INSECTICIDE","CARBARYL",56801,NA
"CALIFORNIA",2019,"BEARING - APPLICATIONS","LB / ACRE / APPLICATION","CHEMICAL","INSECTICIDE","CHLORANTRANILIPROLE",90100,0.067
"CALIFORNIA",2019,"BEARING - APPLICATIONS","LB / ACRE / APPLICATION","CHEMICAL","INSECTICIDE","CHLORPYRIFOS",59101,NA
"CALIFORNIA",2019,"BEARING - APPLICATIONS","LB / ACRE / APPLICATION","CHEMICAL","INSECTICIDE","CHROMOBAC SUBTSUGAE PRAA4-1 CELLS AND SPENT MEDIA",16329,NA
"CALIFORNIA",2019,"BEARING - APPLICATIONS","LB / ACRE / APPLICATION","CHEMICAL","INSECTICIDE","CYANTRANILIPROLE",90098,0.111
"CALIFORNIA",2019,"BEARING - APPLICATIONS","LB / ACRE / APPLICATION","CHEMICAL","INSECTICIDE","CYFLUMETOFEN",138831,0.178
"CALIFORNIA",2019,"BEARING - APPLICATIONS","LB / ACRE / APPLICATION","CHEMICAL","INSECTICIDE","ETOXAZOLE",107091,0.135
"CALIFORNIA",2019,"BEARING - APPLICATIONS","LB / ACRE / APPLICATION","CHEMICAL","INSECTICIDE","FENBUTATIN-OXIDE",104601,NA
"CALIFORNIA",2019,"BEARING - APPLICATIONS","LB / ACRE / APPLICATION","CHEMICAL","INSECTICIDE","FENPROPATHRIN",127901,0.286
"CALIFORNIA",2019,"BEARING - APPLICATIONS","LB / ACRE / APPLICATION","CHEMICAL","INSECTICIDE","FENPYROXIMATE",129131,0.103
"CALIFORNIA",2019,"BEARING - APPLICATIONS","LB / ACRE / APPLICATION","CHEMICAL","INSECTICIDE","FLONICAMID",128016,0.085
"CALIFORNIA",2019,"BEARING - APPLICATIONS","LB / ACRE / APPLICATION","CHEMICAL","INSECTICIDE","FLUPYRADIFURONE",122304,0.158
"CALIFORNIA",2019,"BEARING - APPLICATIONS","LB / ACRE / APPLICATION","CHEMICAL","INSECTICIDE","HELICOVERPA ZEA NPV",107300,NA
"CALIFORNIA",2019,"BEARING - APPLICATIONS","LB / ACRE / APPLICATION","CHEMICAL","INSECTICIDE","HEXYTHIAZOX",128849,0.177
"CALIFORNIA",2019,"BEARING - APPLICATIONS","LB / ACRE / APPLICATION","CHEMICAL","INSECTICIDE","IMIDACLOPRID",129099,0.515
"CALIFORNIA",2019,"BEARING - APPLICATIONS","LB / ACRE / APPLICATION","CHEMICAL","INSECTICIDE","MALATHION",57701,1.991
"CALIFORNIA",2019,"BEARING - APPLICATIONS","LB / ACRE / APPLICATION","CHEMICAL","INSECTICIDE","METHOXYFENOZIDE",121027,0.174
"CALIFORNIA",2019,"BEARING - APPLICATIONS","LB / ACRE / APPLICATION","CHEMICAL","INSECTICIDE","NALED",34401,0.904
"CALIFORNIA",2019,"BEARING - APPLICATIONS","LB / ACRE / APPLICATION","CHEMICAL","INSECTICIDE","NEEM OIL",25006,0.095
"CALIFORNIA",2019,"BEARING - APPLICATIONS","LB / ACRE / APPLICATION","CHEMICAL","INSECTICIDE","NEEM OIL, CLAR. HYD.",25007,5.151
"CALIFORNIA",2019,"BEARING - APPLICATIONS","LB / ACRE / APPLICATION","CHEMICAL","INSECTICIDE","NOVALURON",124002,0.059
"CALIFORNIA",2019,"BEARING - APPLICATIONS","LB / ACRE / APPLICATION","CHEMICAL","INSECTICIDE","PIPERONYL BUTOXIDE",67501,0.478
"CALIFORNIA",2019,"BEARING - APPLICATIONS","LB / ACRE / APPLICATION","CHEMICAL","INSECTICIDE","POTASSIUM SALTS",79021,NA
"CALIFORNIA",2019,"BEARING - APPLICATIONS","LB / ACRE / APPLICATION","CHEMICAL","INSECTICIDE","PYRETHRINS",69001,0.044
"CALIFORNIA",2019,"BEARING - APPLICATIONS","LB / ACRE / APPLICATION","CHEMICAL","INSECTICIDE","PYRIDABEN",129105,NA
"CALIFORNIA",2019,"BEARING - APPLICATIONS","LB / ACRE / APPLICATION","CHEMICAL","INSECTICIDE","PYRIPROXYFEN",129032,0.067
"CALIFORNIA",2019,"BEARING - APPLICATIONS","LB / ACRE / APPLICATION","CHEMICAL","INSECTICIDE","SOYBEAN OIL",31605,NA
"CALIFORNIA",2019,"BEARING - APPLICATIONS","LB / ACRE / APPLICATION","CHEMICAL","INSECTICIDE","SPINETORAM",110007,0.068
"CALIFORNIA",2019,"BEARING - APPLICATIONS","LB / ACRE / APPLICATION","CHEMICAL","INSECTICIDE","SPINOSAD",110003,0.093
"CALIFORNIA",2019,"BEARING - APPLICATIONS","LB / ACRE / APPLICATION","CHEMICAL","INSECTICIDE","SPIROMESIFEN",24875,0.243
"CALIFORNIA",2019,"BEARING - APPLICATIONS","LB / ACRE / APPLICATION","CHEMICAL","INSECTICIDE","SULFOXAFLOR",5210,0.069
"CALIFORNIA",2019,"BEARING - APPLICATIONS","LB / ACRE / APPLICATION","CHEMICAL","INSECTICIDE","THIAMETHOXAM",60109,0.062
"CALIFORNIA",2019,"BEARING - APPLICATIONS","LB / ACRE / APPLICATION","CHEMICAL","INSECTICIDE","ZETA-CYPERMETHRIN",129064,NA
"CALIFORNIA",2019,"BEARING - APPLICATIONS","LB / ACRE / APPLICATION","CHEMICAL","OTHER","ACIBENZOLAR-S-METHYL",61402,NA
"CALIFORNIA",2019,"BEARING - APPLICATIONS","LB / ACRE / APPLICATION","CHEMICAL","OTHER","AUREOBASIDIUM PULLULANS DSM 14940",46010,NA
"CALIFORNIA",2019,"BEARING - APPLICATIONS","LB / ACRE / APPLICATION","CHEMICAL","OTHER","AUREOBASIDIUM PULLULANS DSM 14941",36010,NA
"CALIFORNIA",2019,"BEARING - APPLICATIONS","LB / ACRE / APPLICATION","CHEMICAL","OTHER","BT KURSTAKI SA-12",6518,NA
"CALIFORNIA",2019,"BEARING - APPLICATIONS","LB / ACRE / APPLICATION","CHEMICAL","OTHER","CAPRIC ACID",128955,NA
"CALIFORNIA",2019,"BEARING - APPLICATIONS","LB / ACRE / APPLICATION","CHEMICAL","OTHER","CAPRYLIC ACID",128919,NA
"CALIFORNIA",2019,"BEARING - APPLICATIONS","LB / ACRE / APPLICATION","CHEMICAL","OTHER","CHLOROPICRIN",81501,244.066
"CALIFORNIA",2019,"BEARING - APPLICATIONS","LB / ACRE / APPLICATION","CHEMICAL","OTHER","DICHLOROPROPENE",29001,83.557
"CALIFORNIA",2019,"BEARING - APPLICATIONS","LB / ACRE / APPLICATION","CHEMICAL","OTHER","FLUTRIAFOL",128940,0.112
"CALIFORNIA",2019,"BEARING - APPLICATIONS","LB / ACRE / APPLICATION","CHEMICAL","OTHER","GLIOCLADIUM VIRENS",129000,NA
"CALIFORNIA",2019,"BEARING - APPLICATIONS","LB / ACRE / APPLICATION","CHEMICAL","OTHER","HYDROGEN PEROXIDE",595,NA
"CALIFORNIA",2019,"BEARING - APPLICATIONS","LB / ACRE / APPLICATION","CHEMICAL","OTHER","IRON PHOSPHATE",34903,0.161
"CALIFORNIA",2019,"BEARING - APPLICATIONS","LB / ACRE / APPLICATION","CHEMICAL","OTHER","METALDEHYDE",53001,NA
"CALIFORNIA",2019,"BEARING - APPLICATIONS","LB / ACRE / APPLICATION","CHEMICAL","OTHER","METAM-POTASSIUM",39002,214.011
"CALIFORNIA",2019,"BEARING - APPLICATIONS","LB / ACRE / APPLICATION","CHEMICAL","OTHER","METAM-SODIUM",39003,228.063
"CALIFORNIA",2019,"BEARING - APPLICATIONS","LB / ACRE / APPLICATION","CHEMICAL","OTHER","PAECILOMYCES FUMOSOR",115002,NA
"CALIFORNIA",2019,"BEARING - APPLICATIONS","LB / ACRE / APPLICATION","CHEMICAL","OTHER","PEROXYACETIC ACID",63201,NA
"CALIFORNIA",2019,"BEARING - APPLICATIONS","LB / ACRE / APPLICATION","CHEMICAL","OTHER","POTASSIUM SILICATE",72606,NA
"CALIFORNIA",2019,"BEARING - APPLICATIONS","LB / ACRE / APPLICATION","CHEMICAL","OTHER","REYNOUTRIA SACHALINE",55809,0.191
"CALIFORNIA",2019,"BEARING - APPLICATIONS","LB / ACRE / APPLICATION","CHEMICAL","OTHER","TRICHODERMA VIRENS STRAIN G-41",176604,NA
"CALIFORNIA",2019,"BEARING - APPLICATIONS","LB / ACRE / YEAR","CHEMICAL","FUNGICIDE","AZOXYSTROBIN",128810,0.447
"CALIFORNIA",2019,"BEARING - APPLICATIONS","LB / ACRE / YEAR","CHEMICAL","FUNGICIDE","BACILLUS AMYLOLIQUEFACIENS MBI 600",129082,NA
"CALIFORNIA",2019,"BEARING - APPLICATIONS","LB / ACRE / YEAR","CHEMICAL","FUNGICIDE","BACILLUS AMYLOLIQUEFACIENS STRAIN D747",16482,NA
"CALIFORNIA",2019,"BEARING - APPLICATIONS","LB / ACRE / YEAR","CHEMICAL","FUNGICIDE","BACILLUS PUMILUS",6485,NA
"CALIFORNIA",2019,"BEARING - APPLICATIONS","LB / ACRE / YEAR","CHEMICAL","FUNGICIDE","BACILLUS SUBT. GB03",129068,NA
"CALIFORNIA",2019,"BEARING - APPLICATIONS","LB / ACRE / YEAR","CHEMICAL","FUNGICIDE","BACILLUS SUBTILIS",6479,NA
"CALIFORNIA",2019,"BEARING - APPLICATIONS","LB / ACRE / YEAR","CHEMICAL","FUNGICIDE","BLAD",30006,0.54
"CALIFORNIA",2019,"BEARING - APPLICATIONS","LB / ACRE / YEAR","CHEMICAL","FUNGICIDE","BORAX DECAHYDRATE",11102,0.051
"CALIFORNIA",2019,"BEARING - APPLICATIONS","LB / ACRE / YEAR","CHEMICAL","FUNGICIDE","BOSCALID",128008,0.508
"CALIFORNIA",2019,"BEARING - APPLICATIONS","LB / ACRE / YEAR","CHEMICAL","FUNGICIDE","BT SUBSP KURSTAKI EVB-113-19",6544,NA
"CALIFORNIA",2019,"BEARING - APPLICATIONS","LB / ACRE / YEAR","CHEMICAL","FUNGICIDE","CAPTAN",81301,10.456
"CALIFORNIA",2019,"BEARING - APPLICATIONS","LB / ACRE / YEAR","CHEMICAL","FUNGICIDE","COPPER HYDROXIDE",23401,NA
"CALIFORNIA",2019,"BEARING - APPLICATIONS","LB / ACRE / YEAR","CHEMICAL","FUNGICIDE","COPPER OCTANOATE",23306,NA
"CALIFORNIA",2019,"BEARING - APPLICATIONS","LB / ACRE / YEAR","CHEMICAL","FUNGICIDE","CYFLUFENAMID",555550,0.034
"CALIFORNIA",2019,"BEARING - APPLICATIONS","LB / ACRE / YEAR","CHEMICAL","FUNGICIDE","CYPRODINIL",288202,0.765
"CALIFORNIA",2019,"BEARING - APPLICATIONS","LB / ACRE / YEAR","CHEMICAL","FUNGICIDE","DIFENOCONAZOLE",128847,0.25
"CALIFORNIA",2019,"BEARING - APPLICATIONS","LB / ACRE / YEAR","CHEMICAL","FUNGICIDE","FENHEXAMID",90209,1.163
"CALIFORNIA",2019,"BEARING - APPLICATIONS","LB / ACRE / YEAR","CHEMICAL","FUNGICIDE","FLUDIOXONIL",71503,0.51
"CALIFORNIA",2019,"BEARING - APPLICATIONS","LB / ACRE / YEAR","CHEMICAL","FUNGICIDE","FLUOPYRAM",80302,0.224
"CALIFORNIA",2019,"BEARING - APPLICATIONS","LB / ACRE / YEAR","CHEMICAL","FUNGICIDE","FLUXAPYROXAD",138009,0.361
"CALIFORNIA",2019,"BEARING - APPLICATIONS","LB / ACRE / YEAR","CHEMICAL","FUNGICIDE","FOSETYL-AL",123301,18.136
"CALIFORNIA",2019,"BEARING - APPLICATIONS","LB / ACRE / YEAR","CHEMICAL","FUNGICIDE","ISOFETAMID",270000,NA
"CALIFORNIA",2019,"BEARING - APPLICATIONS","LB / ACRE / YEAR","CHEMICAL","FUNGICIDE","MEFENOXAM",113502,1.215
"CALIFORNIA",2019,"BEARING - APPLICATIONS","LB / ACRE / YEAR","CHEMICAL","FUNGICIDE","MONO-POTASSIUM SALT",76416,NA
"CALIFORNIA",2019,"BEARING - APPLICATIONS","LB / ACRE / YEAR","CHEMICAL","FUNGICIDE","MYCLOBUTANIL",128857,0.281
"CALIFORNIA",2019,"BEARING - APPLICATIONS","LB / ACRE / YEAR","CHEMICAL","FUNGICIDE","PENTHIOPYRAD",90112,0.625
"CALIFORNIA",2019,"BEARING - APPLICATIONS","LB / ACRE / YEAR","CHEMICAL","FUNGICIDE","POLYOXIN D ZINC SALT",230000,0.149
"CALIFORNIA",2019,"BEARING - APPLICATIONS","LB / ACRE / YEAR","CHEMICAL","FUNGICIDE","POTASSIUM BICARBON.",73508,2.908
"CALIFORNIA",2019,"BEARING - APPLICATIONS","LB / ACRE / YEAR","CHEMICAL","FUNGICIDE","PROPICONAZOLE",122101,0.174
"CALIFORNIA",2019,"BEARING - APPLICATIONS","LB / ACRE / YEAR","CHEMICAL","FUNGICIDE","PYRACLOSTROBIN",99100,0.317
"CALIFORNIA",2019,"BEARING - APPLICATIONS","LB / ACRE / YEAR","CHEMICAL","FUNGICIDE","PYRIMETHANIL",288201,0.883
"CALIFORNIA",2019,"BEARING - APPLICATIONS","LB / ACRE / YEAR","CHEMICAL","FUNGICIDE","QUINOLINE",55459,0.264
"CALIFORNIA",2019,"BEARING - APPLICATIONS","LB / ACRE / YEAR","CHEMICAL","FUNGICIDE","STREPTOMYCES LYDICUS",6327,NA
"CALIFORNIA",2019,"BEARING - APPLICATIONS","LB / ACRE / YEAR","CHEMICAL","FUNGICIDE","SULFUR",77501,26.646
"CALIFORNIA",2019,"BEARING - APPLICATIONS","LB / ACRE / YEAR","CHEMICAL","FUNGICIDE","TETRACONAZOLE",120603,0.058
"CALIFORNIA",2019,"BEARING - APPLICATIONS","LB / ACRE / YEAR","CHEMICAL","FUNGICIDE","THIOPHANATE-METHYL",102001,1.041
"CALIFORNIA",2019,"BEARING - APPLICATIONS","LB / ACRE / YEAR","CHEMICAL","FUNGICIDE","THIRAM",79801,5.064
"CALIFORNIA",2019,"BEARING - APPLICATIONS","LB / ACRE / YEAR","CHEMICAL","FUNGICIDE","TRICHODERMA HARZ.",119202,NA
"CALIFORNIA",2019,"BEARING - APPLICATIONS","LB / ACRE / YEAR","CHEMICAL","FUNGICIDE","TRIFLOXYSTROBIN",129112,0.235
"CALIFORNIA",2019,"BEARING - APPLICATIONS","LB / ACRE / YEAR","CHEMICAL","FUNGICIDE","TRIFLUMIZOLE",128879,0.55
"CALIFORNIA",2019,"BEARING - APPLICATIONS","LB / ACRE / YEAR","CHEMICAL","HERBICIDE","CARFENTRAZONE-ETHYL",128712,0.074
"CALIFORNIA",2019,"BEARING - APPLICATIONS","LB / ACRE / YEAR","CHEMICAL","HERBICIDE","FLUMIOXAZIN",129034,0.217
"CALIFORNIA",2019,"BEARING - APPLICATIONS","LB / ACRE / YEAR","CHEMICAL","HERBICIDE","GLUFOSINATE-AMMONIUM",128850,NA
"CALIFORNIA",2019,"BEARING - APPLICATIONS","LB / ACRE / YEAR","CHEMICAL","HERBICIDE","GLYPHOSATE ISO. SALT",103601,NA
"CALIFORNIA",2019,"BEARING - APPLICATIONS","LB / ACRE / YEAR","CHEMICAL","HERBICIDE","GLYPHOSATE POT. SALT",103613,NA
"CALIFORNIA",2019,"BEARING - APPLICATIONS","LB / ACRE / YEAR","CHEMICAL","HERBICIDE","NAPROPAMIDE",103001,NA
"CALIFORNIA",2019,"BEARING - APPLICATIONS","LB / ACRE / YEAR","CHEMICAL","HERBICIDE","OXYFLUORFEN",111601,0.428
"CALIFORNIA",2019,"BEARING - APPLICATIONS","LB / ACRE / YEAR","CHEMICAL","HERBICIDE","PARAQUAT",61601,NA
"CALIFORNIA",2019,"BEARING - APPLICATIONS","LB / ACRE / YEAR","CHEMICAL","HERBICIDE","PENDIMETHALIN",108501,1.84
"CALIFORNIA",2019,"BEARING - APPLICATIONS","LB / ACRE / YEAR","CHEMICAL","HERBICIDE","SULFENTRAZONE",129081,NA
"CALIFORNIA",2019,"BEARING - APPLICATIONS","LB / ACRE / YEAR","CHEMICAL","INSECTICIDE","ABAMECTIN",122804,0.04
"CALIFORNIA",2019,"BEARING - APPLICATIONS","LB / ACRE / YEAR","CHEMICAL","INSECTICIDE","ACEQUINOCYL",6329,0.47
"CALIFORNIA",2019,"BEARING - APPLICATIONS","LB / ACRE / YEAR","CHEMICAL","INSECTICIDE","ACETAMIPRID",99050,0.182
"CALIFORNIA",2019,"BEARING - APPLICATIONS","LB / ACRE / YEAR","CHEMICAL","INSECTICIDE","AZADIRACHTIN",121701,0.091
"CALIFORNIA",2019,"BEARING - APPLICATIONS","LB / ACRE / YEAR","CHEMICAL","INSECTICIDE","BEAUVERIA BASSIANA",128924,NA
"CALIFORNIA",2019,"BEARING - APPLICATIONS","LB / ACRE / YEAR","CHEMICAL","INSECTICIDE","BIFENAZATE",586,0.978
"CALIFORNIA",2019,"BEARING - APPLICATIONS","LB / ACRE / YEAR","CHEMICAL","INSECTICIDE","BIFENTHRIN",128825,0.346
"CALIFORNIA",2019,"BEARING - APPLICATIONS","LB / ACRE / YEAR","CHEMICAL","INSECTICIDE","BT KURSTAK ABTS-1857",6523,NA
"CALIFORNIA",2019,"BEARING - APPLICATIONS","LB / ACRE / YEAR","CHEMICAL","INSECTICIDE","BT KURSTAKI ABTS-351",6522,NA
"CALIFORNIA",2019,"BEARING - APPLICATIONS","LB / ACRE / YEAR","CHEMICAL","INSECTICIDE","BT KURSTAKI SA-11",6519,NA
"CALIFORNIA",2019,"BEARING - APPLICATIONS","LB / ACRE / YEAR","CHEMICAL","INSECTICIDE","BT SUB AIZAWAI GC-91",6426,NA
"CALIFORNIA",2019,"BEARING - APPLICATIONS","LB / ACRE / YEAR","CHEMICAL","INSECTICIDE","BUPROFEZIN",275100,NA
"CALIFORNIA",2019,"BEARING - APPLICATIONS","LB / ACRE / YEAR","CHEMICAL","INSECTICIDE","BURKHOLDERIA A396 CELLS & MEDIA",6534,NA
"CALIFORNIA",2019,"BEARING - APPLICATIONS","LB / ACRE / YEAR","CHEMICAL","INSECTICIDE","CARBARYL",56801,NA
"CALIFORNIA",2019,"BEARING - APPLICATIONS","LB / ACRE / YEAR","CHEMICAL","INSECTICIDE","CHLORANTRANILIPROLE",90100,0.119
"CALIFORNIA",2019,"BEARING - APPLICATIONS","LB / ACRE / YEAR","CHEMICAL","INSECTICIDE","CHLORPYRIFOS",59101,NA
"CALIFORNIA",2019,"BEARING - APPLICATIONS","LB / ACRE / YEAR","CHEMICAL","INSECTICIDE","CHROMOBAC SUBTSUGAE PRAA4-1 CELLS AND SPENT MEDIA",16329,NA
"CALIFORNIA",2019,"BEARING - APPLICATIONS","LB / ACRE / YEAR","CHEMICAL","INSECTICIDE","CYANTRANILIPROLE",90098,0.222
"CALIFORNIA",2019,"BEARING - APPLICATIONS","LB / ACRE / YEAR","CHEMICAL","INSECTICIDE","CYFLUMETOFEN",138831,0.299
"CALIFORNIA",2019,"BEARING - APPLICATIONS","LB / ACRE / YEAR","CHEMICAL","INSECTICIDE","ETOXAZOLE",107091,0.581
"CALIFORNIA",2019,"BEARING - APPLICATIONS","LB / ACRE / YEAR","CHEMICAL","INSECTICIDE","FENBUTATIN-OXIDE",104601,NA
"CALIFORNIA",2019,"BEARING - APPLICATIONS","LB / ACRE / YEAR","CHEMICAL","INSECTICIDE","FENPROPATHRIN",127901,0.531
"CALIFORNIA",2019,"BEARING - APPLICATIONS","LB / ACRE / YEAR","CHEMICAL","INSECTICIDE","FENPYROXIMATE",129131,0.128
"CALIFORNIA",2019,"BEARING - APPLICATIONS","LB / ACRE / YEAR","CHEMICAL","INSECTICIDE","FLONICAMID",128016,0.161
"CALIFORNIA",2019,"BEARING - APPLICATIONS","LB / ACRE / YEAR","CHEMICAL","INSECTICIDE","FLUPYRADIFURONE",122304,0.399
"CALIFORNIA",2019,"BEARING - APPLICATIONS","LB / ACRE / YEAR","CHEMICAL","INSECTICIDE","HELICOVERPA ZEA NPV",107300,NA
"CALIFORNIA",2019,"BEARING - APPLICATIONS","LB / ACRE / YEAR","CHEMICAL","INSECTICIDE","HEXYTHIAZOX",128849,0.269
"CALIFORNIA",2019,"BEARING - APPLICATIONS","LB / ACRE / YEAR","CHEMICAL","INSECTICIDE","IMIDACLOPRID",129099,0.793
"CALIFORNIA",2019,"BEARING - APPLICATIONS","LB / ACRE / YEAR","CHEMICAL","INSECTICIDE","MALATHION",57701,5.571
"CALIFORNIA",2019,"BEARING - APPLICATIONS","LB / ACRE / YEAR","CHEMICAL","INSECTICIDE","METHOXYFENOZIDE",121027,0.245
"CALIFORNIA",2019,"BEARING - APPLICATIONS","LB / ACRE / YEAR","CHEMICAL","INSECTICIDE","NALED",34401,1.665
"CALIFORNIA",2019,"BEARING - APPLICATIONS","LB / ACRE / YEAR","CHEMICAL","INSECTICIDE","NEEM OIL",25006,0.334
"CALIFORNIA",2019,"BEARING - APPLICATIONS","LB / ACRE / YEAR","CHEMICAL","INSECTICIDE","NEEM OIL, CLAR. HYD.",25007,7.924
"CALIFORNIA",2019,"BEARING - APPLICATIONS","LB / ACRE / YEAR","CHEMICAL","INSECTICIDE","NOVALURON",124002,0.192
"CALIFORNIA",2019,"BEARING - APPLICATIONS","LB / ACRE / YEAR","CHEMICAL","INSECTICIDE","PIPERONYL BUTOXIDE",67501,0.884
"CALIFORNIA",2019,"BEARING - APPLICATIONS","LB / ACRE / YEAR","CHEMICAL","INSECTICIDE","POTASSIUM SALTS",79021,NA
"CALIFORNIA",2019,"BEARING - APPLICATIONS","LB / ACRE / YEAR","CHEMICAL","INSECTICIDE","PYRETHRINS",69001,0.074
"CALIFORNIA",2019,"BEARING - APPLICATIONS","LB / ACRE / YEAR","CHEMICAL","INSECTICIDE","PYRIDABEN",129105,NA
"CALIFORNIA",2019,"BEARING - APPLICATIONS","LB / ACRE / YEAR","CHEMICAL","INSECTICIDE","PYRIPROXYFEN",129032,0.074
"CALIFORNIA",2019,"BEARING - APPLICATIONS","LB / ACRE / YEAR","CHEMICAL","INSECTICIDE","SOYBEAN OIL",31605,NA
"CALIFORNIA",2019,"BEARING - APPLICATIONS","LB / ACRE / YEAR","CHEMICAL","INSECTICIDE","SPINETORAM",110007,0.108
"CALIFORNIA",2019,"BEARING - APPLICATIONS","LB / ACRE / YEAR","CHEMICAL","INSECTICIDE","SPINOSAD",110003,0.113
"CALIFORNIA",2019,"BEARING - APPLICATIONS","LB / ACRE / YEAR","CHEMICAL","INSECTICIDE","SPIROMESIFEN",24875,0.307
"CALIFORNIA",2019,"BEARING - APPLICATIONS","LB / ACRE / YEAR","CHEMICAL","INSECTICIDE","SULFOXAFLOR",5210,0.137
"CALIFORNIA",2019,"BEARING - APPLICATIONS","LB / ACRE / YEAR","CHEMICAL","INSECTICIDE","THIAMETHOXAM",60109,0.164
"CALIFORNIA",2019,"BEARING - APPLICATIONS","LB / ACRE / YEAR","CHEMICAL","INSECTICIDE","ZETA-CYPERMETHRIN",129064,NA
"CALIFORNIA",2019,"BEARING - APPLICATIONS","LB / ACRE / YEAR","CHEMICAL","OTHER","ACIBENZOLAR-S-METHYL",61402,NA
"CALIFORNIA",2019,"BEARING - APPLICATIONS","LB / ACRE / YEAR","CHEMICAL","OTHER","AUREOBASIDIUM PULLULANS DSM 14940",46010,NA
"CALIFORNIA",2019,"BEARING - APPLICATIONS","LB / ACRE / YEAR","CHEMICAL","OTHER","AUREOBASIDIUM PULLULANS DSM 14941",36010,NA
"CALIFORNIA",2019,"BEARING - APPLICATIONS","LB / ACRE / YEAR","CHEMICAL","OTHER","BT KURSTAKI SA-12",6518,NA
"CALIFORNIA",2019,"BEARING - APPLICATIONS","LB / ACRE / YEAR","CHEMICAL","OTHER","CAPRIC ACID",128955,NA
"CALIFORNIA",2019,"BEARING - APPLICATIONS","LB / ACRE / YEAR","CHEMICAL","OTHER","CAPRYLIC ACID",128919,NA
"CALIFORNIA",2019,"BEARING - APPLICATIONS","LB / ACRE / YEAR","CHEMICAL","OTHER","CHLOROPICRIN",81501,345.893
"CALIFORNIA",2019,"BEARING - APPLICATIONS","LB / ACRE / YEAR","CHEMICAL","OTHER","DICHLOROPROPENE",29001,125.71
"CALIFORNIA",2019,"BEARING - APPLICATIONS","LB / ACRE / YEAR","CHEMICAL","OTHER","FLUTRIAFOL",128940,0.188
"CALIFORNIA",2019,"BEARING - APPLICATIONS","LB / ACRE / YEAR","CHEMICAL","OTHER","GLIOCLADIUM VIRENS",129000,NA
"CALIFORNIA",2019,"BEARING - APPLICATIONS","LB / ACRE / YEAR","CHEMICAL","OTHER","HYDROGEN PEROXIDE",595,NA
"CALIFORNIA",2019,"BEARING - APPLICATIONS","LB / ACRE / YEAR","CHEMICAL","OTHER","IRON PHOSPHATE",34903,0.235
"CALIFORNIA",2019,"BEARING - APPLICATIONS","LB / ACRE / YEAR","CHEMICAL","OTHER","METALDEHYDE",53001,NA
"CALIFORNIA",2019,"BEARING - APPLICATIONS","LB / ACRE / YEAR","CHEMICAL","OTHER","METAM-POTASSIUM",39002,244.72
"CALIFORNIA",2019,"BEARING - APPLICATIONS","LB / ACRE / YEAR","CHEMICAL","OTHER","METAM-SODIUM",39003,303.425
"CALIFORNIA",2019,"BEARING - APPLICATIONS","LB / ACRE / YEAR","CHEMICAL","OTHER","PAECILOMYCES FUMOSOR",115002,NA
"CALIFORNIA",2019,"BEARING - APPLICATIONS","LB / ACRE / YEAR","CHEMICAL","OTHER","PEROXYACETIC ACID",63201,NA
"CALIFORNIA",2019,"BEARING - APPLICATIONS","LB / ACRE / YEAR","CHEMICAL","OTHER","POTASSIUM SILICATE",72606,NA
"CALIFORNIA",2019,"BEARING - APPLICATIONS","LB / ACRE / YEAR","CHEMICAL","OTHER","REYNOUTRIA SACHALINE",55809,0.231
"CALIFORNIA",2019,"BEARING - APPLICATIONS","LB / ACRE / YEAR","CHEMICAL","OTHER","TRICHODERMA VIRENS STRAIN G-41",176604,NA
"CALIFORNIA",2019,"BEARING - APPLICATIONS","NUMBER","CHEMICAL","FUNGICIDE","AZOXYSTROBIN",128810,2.2
"CALIFORNIA",2019,"BEARING - APPLICATIONS","NUMBER","CHEMICAL","FUNGICIDE","BACILLUS AMYLOLIQUEFACIENS MBI 600",129082,NA
"CALIFORNIA",2019,"BEARING - APPLICATIONS","NUMBER","CHEMICAL","FUNGICIDE","BACILLUS AMYLOLIQUEFACIENS STRAIN D747",16482,1.2
"CALIFORNIA",2019,"BEARING - APPLICATIONS","NUMBER","CHEMICAL","FUNGICIDE","BACILLUS PUMILUS",6485,NA
"CALIFORNIA",2019,"BEARING - APPLICATIONS","NUMBER","CHEMICAL","FUNGICIDE","BACILLUS SUBT. GB03",129068,NA
"CALIFORNIA",2019,"BEARING - APPLICATIONS","NUMBER","CHEMICAL","FUNGICIDE","BACILLUS SUBTILIS",6479,1.5
"CALIFORNIA",2019,"BEARING - APPLICATIONS","NUMBER","CHEMICAL","FUNGICIDE","BLAD",30006,1.1
"CALIFORNIA",2019,"BEARING - APPLICATIONS","NUMBER","CHEMICAL","FUNGICIDE","BORAX DECAHYDRATE",11102,2.3
"CALIFORNIA",2019,"BEARING - APPLICATIONS","NUMBER","CHEMICAL","FUNGICIDE","BOSCALID",128008,1.5
"CALIFORNIA",2019,"BEARING - APPLICATIONS","NUMBER","CHEMICAL","FUNGICIDE","BT SUBSP KURSTAKI EVB-113-19",6544,2.6
"CALIFORNIA",2019,"BEARING - APPLICATIONS","NUMBER","CHEMICAL","FUNGICIDE","CAPTAN",81301,6
"CALIFORNIA",2019,"BEARING - APPLICATIONS","NUMBER","CHEMICAL","FUNGICIDE","COPPER HYDROXIDE",23401,NA
"CALIFORNIA",2019,"BEARING - APPLICATIONS","NUMBER","CHEMICAL","FUNGICIDE","COPPER OCTANOATE",23306,NA
"CALIFORNIA",2019,"BEARING - APPLICATIONS","NUMBER","CHEMICAL","FUNGICIDE","CYFLUFENAMID",555550,1.5
"CALIFORNIA",2019,"BEARING - APPLICATIONS","NUMBER","CHEMICAL","FUNGICIDE","CYPRODINIL",288202,2.4
"CALIFORNIA",2019,"BEARING - APPLICATIONS","NUMBER","CHEMICAL","FUNGICIDE","DIFENOCONAZOLE",128847,2.2
"CALIFORNIA",2019,"BEARING - APPLICATIONS","NUMBER","CHEMICAL","FUNGICIDE","FENHEXAMID",90209,1.9
"CALIFORNIA",2019,"BEARING - APPLICATIONS","NUMBER","CHEMICAL","FUNGICIDE","FLUDIOXONIL",71503,2.4
"CALIFORNIA",2019,"BEARING - APPLICATIONS","NUMBER","CHEMICAL","FUNGICIDE","FLUOPYRAM",80302,2
"CALIFORNIA",2019,"BEARING - APPLICATIONS","NUMBER","CHEMICAL","FUNGICIDE","FLUXAPYROXAD",138009,2.2
"CALIFORNIA",2019,"BEARING - APPLICATIONS","NUMBER","CHEMICAL","FUNGICIDE","FOSETYL-AL",123301,4.5
"CALIFORNIA",2019,"BEARING - APPLICATIONS","NUMBER","CHEMICAL","FUNGICIDE","ISOFETAMID",270000,NA
"CALIFORNIA",2019,"BEARING - APPLICATIONS","NUMBER","CHEMICAL","FUNGICIDE","MEFENOXAM",113502,2.5
"CALIFORNIA",2019,"BEARING - APPLICATIONS","NUMBER","CHEMICAL","FUNGICIDE","MONO-POTASSIUM SALT",76416,NA
"CALIFORNIA",2019,"BEARING - APPLICATIONS","NUMBER","CHEMICAL","FUNGICIDE","MYCLOBUTANIL",128857,2.6
"CALIFORNIA",2019,"BEARING - APPLICATIONS","NUMBER","CHEMICAL","FUNGICIDE","PENTHIOPYRAD",90112,2.1
"CALIFORNIA",2019,"BEARING - APPLICATIONS","NUMBER","CHEMICAL","FUNGICIDE","POLYOXIN D ZINC SALT",230000,2.1
"CALIFORNIA",2019,"BEARING - APPLICATIONS","NUMBER","CHEMICAL","FUNGICIDE","POTASSIUM BICARBON.",73508,1.2
"CALIFORNIA",2019,"BEARING - APPLICATIONS","NUMBER","CHEMICAL","FUNGICIDE","PROPICONAZOLE",122101,1.6
"CALIFORNIA",2019,"BEARING - APPLICATIONS","NUMBER","CHEMICAL","FUNGICIDE","PYRACLOSTROBIN",99100,1.9
"CALIFORNIA",2019,"BEARING - APPLICATIONS","NUMBER","CHEMICAL","FUNGICIDE","PYRIMETHANIL",288201,1.7
"CALIFORNIA",2019,"BEARING - APPLICATIONS","NUMBER","CHEMICAL","FUNGICIDE","QUINOLINE",55459,2.7
"CALIFORNIA",2019,"BEARING - APPLICATIONS","NUMBER","CHEMICAL","FUNGICIDE","STREPTOMYCES LYDICUS",6327,NA
"CALIFORNIA",2019,"BEARING - APPLICATIONS","NUMBER","CHEMICAL","FUNGICIDE","SULFUR",77501,7.3
"CALIFORNIA",2019,"BEARING - APPLICATIONS","NUMBER","CHEMICAL","FUNGICIDE","TETRACONAZOLE",120603,1.5
"CALIFORNIA",2019,"BEARING - APPLICATIONS","NUMBER","CHEMICAL","FUNGICIDE","THIOPHANATE-METHYL",102001,1.6
"CALIFORNIA",2019,"BEARING - APPLICATIONS","NUMBER","CHEMICAL","FUNGICIDE","THIRAM",79801,2.3
"CALIFORNIA",2019,"BEARING - APPLICATIONS","NUMBER","CHEMICAL","FUNGICIDE","TRICHODERMA HARZ.",119202,NA
"CALIFORNIA",2019,"BEARING - APPLICATIONS","NUMBER","CHEMICAL","FUNGICIDE","TRIFLOXYSTROBIN",129112,2.1
"CALIFORNIA",2019,"BEARING - APPLICATIONS","NUMBER","CHEMICAL","FUNGICIDE","TRIFLUMIZOLE",128879,2.4
"CALIFORNIA",2019,"BEARING - APPLICATIONS","NUMBER","CHEMICAL","HERBICIDE","CARFENTRAZONE-ETHYL",128712,3
"CALIFORNIA",2019,"BEARING - APPLICATIONS","NUMBER","CHEMICAL","HERBICIDE","FLUMIOXAZIN",129034,2.4
"CALIFORNIA",2019,"BEARING - APPLICATIONS","NUMBER","CHEMICAL","HERBICIDE","GLUFOSINATE-AMMONIUM",128850,NA
"CALIFORNIA",2019,"BEARING - APPLICATIONS","NUMBER","CHEMICAL","HERBICIDE","GLYPHOSATE ISO. SALT",103601,NA
"CALIFORNIA",2019,"BEARING - APPLICATIONS","NUMBER","CHEMICAL","HERBICIDE","GLYPHOSATE POT. SALT",103613,NA
"CALIFORNIA",2019,"BEARING - APPLICATIONS","NUMBER","CHEMICAL","HERBICIDE","NAPROPAMIDE",103001,NA
"CALIFORNIA",2019,"BEARING - APPLICATIONS","NUMBER","CHEMICAL","HERBICIDE","OXYFLUORFEN",111601,1.4
"CALIFORNIA",2019,"BEARING - APPLICATIONS","NUMBER","CHEMICAL","HERBICIDE","PARAQUAT",61601,NA
"CALIFORNIA",2019,"BEARING - APPLICATIONS","NUMBER","CHEMICAL","HERBICIDE","PENDIMETHALIN",108501,1.5
"CALIFORNIA",2019,"BEARING - APPLICATIONS","NUMBER","CHEMICAL","HERBICIDE","SULFENTRAZONE",129081,NA
"CALIFORNIA",2019,"BEARING - APPLICATIONS","NUMBER","CHEMICAL","INSECTICIDE","ABAMECTIN",122804,2.2
"CALIFORNIA",2019,"BEARING - APPLICATIONS","NUMBER","CHEMICAL","INSECTICIDE","ACEQUINOCYL",6329,1.6
"CALIFORNIA",2019,"BEARING - APPLICATIONS","NUMBER","CHEMICAL","INSECTICIDE","ACETAMIPRID",99050,1.4
"CALIFORNIA",2019,"BEARING - APPLICATIONS","NUMBER","CHEMICAL","INSECTICIDE","AZADIRACHTIN",121701,2.7
"CALIFORNIA",2019,"BEARING - APPLICATIONS","NUMBER","CHEMICAL","INSECTICIDE","BEAUVERIA BASSIANA",128924,NA
"CALIFORNIA",2019,"BEARING - APPLICATIONS","NUMBER","CHEMICAL","INSECTICIDE","BIFENAZATE",586,2
"CALIFORNIA",2019,"BEARING - APPLICATIONS","NUMBER","CHEMICAL","INSECTICIDE","BIFENTHRIN",128825,3.2
"CALIFORNIA",2019,"BEARING - APPLICATIONS","NUMBER","CHEMICAL","INSECTICIDE","BT KURSTAK ABTS-1857",6523,1.5
"CALIFORNIA",2019,"BEARING - APPLICATIONS","NUMBER","CHEMICAL","INSECTICIDE","BT KURSTAKI ABTS-351",6522,1.6
"CALIFORNIA",2019,"BEARING - APPLICATIONS","NUMBER","CHEMICAL","INSECTICIDE","BT KURSTAKI SA-11",6519,1.3
"CALIFORNIA",2019,"BEARING - APPLICATIONS","NUMBER","CHEMICAL","INSECTICIDE","BT SUB AIZAWAI GC-91",6426,1.6
"CALIFORNIA",2019,"BEARING - APPLICATIONS","NUMBER","CHEMICAL","INSECTICIDE","BUPROFEZIN",275100,NA
"CALIFORNIA",2019,"BEARING - APPLICATIONS","NUMBER","CHEMICAL","INSECTICIDE","BURKHOLDERIA A396 CELLS & MEDIA",6534,1.7
"CALIFORNIA",2019,"BEARING - APPLICATIONS","NUMBER","CHEMICAL","INSECTICIDE","CARBARYL",56801,NA
"CALIFORNIA",2019,"BEARING - APPLICATIONS","NUMBER","CHEMICAL","INSECTICIDE","CHLORANTRANILIPROLE",90100,1.8
"CALIFORNIA",2019,"BEARING - APPLICATIONS","NUMBER","CHEMICAL","INSECTICIDE","CHLORPYRIFOS",59101,NA
"CALIFORNIA",2019,"BEARING - APPLICATIONS","NUMBER","CHEMICAL","INSECTICIDE","CHROMOBAC SUBTSUGAE PRAA4-1 CELLS AND SPENT MEDIA",16329,1.3
"CALIFORNIA",2019,"BEARING - APPLICATIONS","NUMBER","CHEMICAL","INSECTICIDE","CYANTRANILIPROLE",90098,2
"CALIFORNIA",2019,"BEARING - APPLICATIONS","NUMBER","CHEMICAL","INSECTICIDE","CYFLUMETOFEN",138831,1.7
"CALIFORNIA",2019,"BEARING - APPLICATIONS","NUMBER","CHEMICAL","INSECTICIDE","ETOXAZOLE",107091,4.3
"CALIFORNIA",2019,"BEARING - APPLICATIONS","NUMBER","CHEMICAL","INSECTICIDE","FENBUTATIN-OXIDE",104601,NA
"CALIFORNIA",2019,"BEARING - APPLICATIONS","NUMBER","CHEMICAL","INSECTICIDE","FENPROPATHRIN",127901,1.9
"CALIFORNIA",2019,"BEARING - APPLICATIONS","NUMBER","CHEMICAL","INSECTICIDE","FENPYROXIMATE",129131,1.2
"CALIFORNIA",2019,"BEARING - APPLICATIONS","NUMBER","CHEMICAL","INSECTICIDE","FLONICAMID",128016,1.9
"CALIFORNIA",2019,"BEARING - APPLICATIONS","NUMBER","CHEMICAL","INSECTICIDE","FLUPYRADIFURONE",122304,2.5
"CALIFORNIA",2019,"BEARING - APPLICATIONS","NUMBER","CHEMICAL","INSECTICIDE","HELICOVERPA ZEA NPV",107300,NA
"CALIFORNIA",2019,"BEARING - APPLICATIONS","NUMBER","CHEMICAL","INSECTICIDE","HEXYTHIAZOX",128849,1.5
"CALIFORNIA",2019,"BEARING - APPLICATIONS","NUMBER","CHEMICAL","INSECTICIDE","IMIDACLOPRID",129099,1.5
"CALIFORNIA",2019,"BEARING - APPLICATIONS","NUMBER","CHEMICAL","INSECTICIDE","MALATHION",57701,2.8
"CALIFORNIA",2019,"BEARING - APPLICATIONS","NUMBER","CHEMICAL","INSECTICIDE","METHOXYFENOZIDE",121027,1.4
"CALIFORNIA",2019,"BEARING - APPLICATIONS","NUMBER","CHEMICAL","INSECTICIDE","NALED",34401,1.8
"CALIFORNIA",2019,"BEARING - APPLICATIONS","NUMBER","CHEMICAL","INSECTICIDE","NEEM OIL",25006,3.5
"CALIFORNIA",2019,"BEARING - APPLICATIONS","NUMBER","CHEMICAL","INSECTICIDE","NEEM OIL, CLAR. HYD.",25007,1.5
"CALIFORNIA",2019,"BEARING - APPLICATIONS","NUMBER","CHEMICAL","INSECTICIDE","NOVALURON",124002,3.2
"CALIFORNIA",2019,"BEARING - APPLICATIONS","NUMBER","CHEMICAL","INSECTICIDE","PIPERONYL BUTOXIDE",67501,1.8
"CALIFORNIA",2019,"BEARING - APPLICATIONS","NUMBER","CHEMICAL","INSECTICIDE","POTASSIUM SALTS",79021,NA
"CALIFORNIA",2019,"BEARING - APPLICATIONS","NUMBER","CHEMICAL","INSECTICIDE","PYRETHRINS",69001,1.7
"CALIFORNIA",2019,"BEARING - APPLICATIONS","NUMBER","CHEMICAL","INSECTICIDE","PYRIDABEN",129105,NA
"CALIFORNIA",2019,"BEARING - APPLICATIONS","NUMBER","CHEMICAL","INSECTICIDE","PYRIPROXYFEN",129032,1.1
"CALIFORNIA",2019,"BEARING - APPLICATIONS","NUMBER","CHEMICAL","INSECTICIDE","SOYBEAN OIL",31605,NA
"CALIFORNIA",2019,"BEARING - APPLICATIONS","NUMBER","CHEMICAL","INSECTICIDE","SPINETORAM",110007,1.6
"CALIFORNIA",2019,"BEARING - APPLICATIONS","NUMBER","CHEMICAL","INSECTICIDE","SPINOSAD",110003,1.2
"CALIFORNIA",2019,"BEARING - APPLICATIONS","NUMBER","CHEMICAL","INSECTICIDE","SPIROMESIFEN",24875,1.3
"CALIFORNIA",2019,"BEARING - APPLICATIONS","NUMBER","CHEMICAL","INSECTICIDE","SULFOXAFLOR",5210,2
"CALIFORNIA",2019,"BEARING - APPLICATIONS","NUMBER","CHEMICAL","INSECTICIDE","THIAMETHOXAM",60109,2.7
"CALIFORNIA",2019,"BEARING - APPLICATIONS","NUMBER","CHEMICAL","INSECTICIDE","ZETA-CYPERMETHRIN",129064,NA
"CALIFORNIA",2019,"BEARING - APPLICATIONS","NUMBER","CHEMICAL","OTHER","ACIBENZOLAR-S-METHYL",61402,NA
"CALIFORNIA",2019,"BEARING - APPLICATIONS","NUMBER","CHEMICAL","OTHER","AUREOBASIDIUM PULLULANS DSM 14940",46010,NA
"CALIFORNIA",2019,"BEARING - APPLICATIONS","NUMBER","CHEMICAL","OTHER","AUREOBASIDIUM PULLULANS DSM 14941",36010,NA
"CALIFORNIA",2019,"BEARING - APPLICATIONS","NUMBER","CHEMICAL","OTHER","BT KURSTAKI SA-12",6518,NA
"CALIFORNIA",2019,"BEARING - APPLICATIONS","NUMBER","CHEMICAL","OTHER","CAPRIC ACID",128955,NA
"CALIFORNIA",2019,"BEARING - APPLICATIONS","NUMBER","CHEMICAL","OTHER","CAPRYLIC ACID",128919,NA
"CALIFORNIA",2019,"BEARING - APPLICATIONS","NUMBER","CHEMICAL","OTHER","CHLOROPICRIN",81501,1.4
"CALIFORNIA",2019,"BEARING - APPLICATIONS","NUMBER","CHEMICAL","OTHER","DICHLOROPROPENE",29001,1.5
"CALIFORNIA",2019,"BEARING - APPLICATIONS","NUMBER","CHEMICAL","OTHER","FLUTRIAFOL",128940,1.7
"CALIFORNIA",2019,"BEARING - APPLICATIONS","NUMBER","CHEMICAL","OTHER","GLIOCLADIUM VIRENS",129000,NA
"CALIFORNIA",2019,"BEARING - APPLICATIONS","NUMBER","CHEMICAL","OTHER","HYDROGEN PEROXIDE",595,NA
"CALIFORNIA",2019,"BEARING - APPLICATIONS","NUMBER","CHEMICAL","OTHER","IRON PHOSPHATE",34903,1.5
"CALIFORNIA",2019,"BEARING - APPLICATIONS","NUMBER","CHEMICAL","OTHER","METALDEHYDE",53001,NA
"CALIFORNIA",2019,"BEARING - APPLICATIONS","NUMBER","CHEMICAL","OTHER","METAM-POTASSIUM",39002,1.1
"CALIFORNIA",2019,"BEARING - APPLICATIONS","NUMBER","CHEMICAL","OTHER","METAM-SODIUM",39003,1.3
"CALIFORNIA",2019,"BEARING - APPLICATIONS","NUMBER","CHEMICAL","OTHER","PAECILOMYCES FUMOSOR",115002,NA
"CALIFORNIA",2019,"BEARING - APPLICATIONS","NUMBER","CHEMICAL","OTHER","PEROXYACETIC ACID",63201,NA
"CALIFORNIA",2019,"BEARING - APPLICATIONS","NUMBER","CHEMICAL","OTHER","POTASSIUM SILICATE",72606,NA
"CALIFORNIA",2019,"BEARING - APPLICATIONS","NUMBER","CHEMICAL","OTHER","REYNOUTRIA SACHALINE",55809,1.2
"CALIFORNIA",2019,"BEARING - APPLICATIONS","NUMBER","CHEMICAL","OTHER","TRICHODERMA VIRENS STRAIN G-41",176604,NA
"CALIFORNIA",2019,"BEARING - TREATED","PCT OF AREA BEARING","CHEMICAL","FUNGICIDE","AZOXYSTROBIN",128810,34
"CALIFORNIA",2019,"BEARING - TREATED","PCT OF AREA BEARING","CHEMICAL","FUNGICIDE","BACILLUS AMYLOLIQUEFACIENS MBI 600",129082,NA
"CALIFORNIA",2019,"BEARING - TREATED","PCT OF AREA BEARING","CHEMICAL","FUNGICIDE","BACILLUS AMYLOLIQUEFACIENS STRAIN D747",16482,26
"CALIFORNIA",2019,"BEARING - TREATED","PCT OF AREA BEARING","CHEMICAL","FUNGICIDE","BACILLUS PUMILUS",6485,NA
"CALIFORNIA",2019,"BEARING - TREATED","PCT OF AREA BEARING","CHEMICAL","FUNGICIDE","BACILLUS SUBT. GB03",129068,NA
"CALIFORNIA",2019,"BEARING - TREATED","PCT OF AREA BEARING","CHEMICAL","FUNGICIDE","BACILLUS SUBTILIS",6479,8
"CALIFORNIA",2019,"BEARING - TREATED","PCT OF AREA BEARING","CHEMICAL","FUNGICIDE","BLAD",30006,6
"CALIFORNIA",2019,"BEARING - TREATED","PCT OF AREA BEARING","CHEMICAL","FUNGICIDE","BORAX DECAHYDRATE",11102,18
"CALIFORNIA",2019,"BEARING - TREATED","PCT OF AREA BEARING","CHEMICAL","FUNGICIDE","BOSCALID",128008,34
"CALIFORNIA",2019,"BEARING - TREATED","PCT OF AREA BEARING","CHEMICAL","FUNGICIDE","BT SUBSP KURSTAKI EVB-113-19",6544,7
"CALIFORNIA",2019,"BEARING - TREATED","PCT OF AREA BEARING","CHEMICAL","FUNGICIDE","CAPTAN",81301,76
"CALIFORNIA",2019,"BEARING - TREATED","PCT OF AREA BEARING","CHEMICAL","FUNGICIDE","COPPER HYDROXIDE",23401,NA
"CALIFORNIA",2019,"BEARING - TREATED","PCT OF AREA BEARING","CHEMICAL","FUNGICIDE","COPPER OCTANOATE",23306,NA
"CALIFORNIA",2019,"BEARING - TREATED","PCT OF AREA BEARING","CHEMICAL","FUNGICIDE","CYFLUFENAMID",555550,30
"CALIFORNIA",2019,"BEARING - TREATED","PCT OF AREA BEARING","CHEMICAL","FUNGICIDE","CYPRODINIL",288202,61
"CALIFORNIA",2019,"BEARING - TREATED","PCT OF AREA BEARING","CHEMICAL","FUNGICIDE","DIFENOCONAZOLE",128847,10
"CALIFORNIA",2019,"BEARING - TREATED","PCT OF AREA BEARING","CHEMICAL","FUNGICIDE","FENHEXAMID",90209,36
"CALIFORNIA",2019,"BEARING - TREATED","PCT OF AREA BEARING","CHEMICAL","FUNGICIDE","FLUDIOXONIL",71503,61
"CALIFORNIA",2019,"BEARING - TREATED","PCT OF AREA BEARING","CHEMICAL","FUNGICIDE","FLUOPYRAM",80302,48
"CALIFORNIA",2019,"BEARING - TREATED","PCT OF AREA BEARING","CHEMICAL","FUNGICIDE","FLUXAPYROXAD",138009,30
"CALIFORNIA",2019,"BEARING - TREATED","PCT OF AREA BEARING","CHEMICAL","FUNGICIDE","FOSETYL-AL",123301,5
"CALIFORNIA",2019,"BEARING - TREATED","PCT OF AREA BEARING","CHEMICAL","FUNGICIDE","ISOFETAMID",270000,NA
"CALIFORNIA",2019,"BEARING - TREATED","PCT OF AREA BEARING","CHEMICAL","FUNGICIDE","MEFENOXAM",113502,21
"CALIFORNIA",2019,"BEARING - TREATED","PCT OF AREA BEARING","CHEMICAL","FUNGICIDE","MONO-POTASSIUM SALT",76416,NA
"CALIFORNIA",2019,"BEARING - TREATED","PCT OF AREA BEARING","CHEMICAL","FUNGICIDE","MYCLOBUTANIL",128857,56
"CALIFORNIA",2019,"BEARING - TREATED","PCT OF AREA BEARING","CHEMICAL","FUNGICIDE","PENTHIOPYRAD",90112,31
"CALIFORNIA",2019,"BEARING - TREATED","PCT OF AREA BEARING","CHEMICAL","FUNGICIDE","POLYOXIN D ZINC SALT",230000,26
"CALIFORNIA",2019,"BEARING - TREATED","PCT OF AREA BEARING","CHEMICAL","FUNGICIDE","POTASSIUM BICARBON.",73508,11
"CALIFORNIA",2019,"BEARING - TREATED","PCT OF AREA BEARING","CHEMICAL","FUNGICIDE","PROPICONAZOLE",122101,25
"CALIFORNIA",2019,"BEARING - TREATED","PCT OF AREA BEARING","CHEMICAL","FUNGICIDE","PYRACLOSTROBIN",99100,65
"CALIFORNIA",2019,"BEARING - TREATED","PCT OF AREA BEARING","CHEMICAL","FUNGICIDE","PYRIMETHANIL",288201,29
"CALIFORNIA",2019,"BEARING - TREATED","PCT OF AREA BEARING","CHEMICAL","FUNGICIDE","QUINOLINE",55459,51
"CALIFORNIA",2019,"BEARING - TREATED","PCT OF AREA BEARING","CHEMICAL","FUNGICIDE","STREPTOMYCES LYDICUS",6327,NA
"CALIFORNIA",2019,"BEARING - TREATED","PCT OF AREA BEARING","CHEMICAL","FUNGICIDE","SULFUR",77501,72
"CALIFORNIA",2019,"BEARING - TREATED","PCT OF AREA BEARING","CHEMICAL","FUNGICIDE","TETRACONAZOLE",120603,30
"CALIFORNIA",2019,"BEARING - TREATED","PCT OF AREA BEARING","CHEMICAL","FUNGICIDE","THIOPHANATE-METHYL",102001,9
"CALIFORNIA",2019,"BEARING - TREATED","PCT OF AREA BEARING","CHEMICAL","FUNGICIDE","THIRAM",79801,50
"CALIFORNIA",2019,"BEARING - TREATED","PCT OF AREA BEARING","CHEMICAL","FUNGICIDE","TOTAL)",NA,93
"CALIFORNIA",2019,"BEARING - TREATED","PCT OF AREA BEARING","CHEMICAL","FUNGICIDE","TRICHODERMA HARZ.",119202,NA
"CALIFORNIA",2019,"BEARING - TREATED","PCT OF AREA BEARING","CHEMICAL","FUNGICIDE","TRIFLOXYSTROBIN",129112,50
"CALIFORNIA",2019,"BEARING - TREATED","PCT OF AREA BEARING","CHEMICAL","FUNGICIDE","TRIFLUMIZOLE",128879,37
"CALIFORNIA",2019,"BEARING - TREATED","PCT OF AREA BEARING","CHEMICAL","HERBICIDE","CARFENTRAZONE-ETHYL",128712,6
"CALIFORNIA",2019,"BEARING - TREATED","PCT OF AREA BEARING","CHEMICAL","HERBICIDE","FLUMIOXAZIN",129034,14
"CALIFORNIA",2019,"BEARING - TREATED","PCT OF AREA BEARING","CHEMICAL","HERBICIDE","GLUFOSINATE-AMMONIUM",128850,NA
"CALIFORNIA",2019,"BEARING - TREATED","PCT OF AREA BEARING","CHEMICAL","HERBICIDE","GLYPHOSATE ISO. SALT",103601,NA
"CALIFORNIA",2019,"BEARING - TREATED","PCT OF AREA BEARING","CHEMICAL","HERBICIDE","GLYPHOSATE POT. SALT",103613,NA
"CALIFORNIA",2019,"BEARING - TREATED","PCT OF AREA BEARING","CHEMICAL","HERBICIDE","NAPROPAMIDE",103001,NA
"CALIFORNIA",2019,"BEARING - TREATED","PCT OF AREA BEARING","CHEMICAL","HERBICIDE","OXYFLUORFEN",111601,9
"CALIFORNIA",2019,"BEARING - TREATED","PCT OF AREA BEARING","CHEMICAL","HERBICIDE","PARAQUAT",61601,NA
"CALIFORNIA",2019,"BEARING - TREATED","PCT OF AREA BEARING","CHEMICAL","HERBICIDE","PENDIMETHALIN",108501,8
"CALIFORNIA",2019,"BEARING - TREATED","PCT OF AREA BEARING","CHEMICAL","HERBICIDE","SULFENTRAZONE",129081,NA
"CALIFORNIA",2019,"BEARING - TREATED","PCT OF AREA BEARING","CHEMICAL","HERBICIDE","TOTAL)",NA,20
"CALIFORNIA",2019,"BEARING - TREATED","PCT OF AREA BEARING","CHEMICAL","INSECTICIDE","ABAMECTIN",122804,35
"CALIFORNIA",2019,"BEARING - TREATED","PCT OF AREA BEARING","CHEMICAL","INSECTICIDE","ACEQUINOCYL",6329,32
"CALIFORNIA",2019,"BEARING - TREATED","PCT OF AREA BEARING","CHEMICAL","INSECTICIDE","ACETAMIPRID",99050,42
"CALIFORNIA",2019,"BEARING - TREATED","PCT OF AREA BEARING","CHEMICAL","INSECTICIDE","AZADIRACHTIN",121701,25
"CALIFORNIA",2019,"BEARING - TREATED","PCT OF AREA BEARING","CHEMICAL","INSECTICIDE","BEAUVERIA BASSIANA",128924,NA
"CALIFORNIA",2019,"BEARING - TREATED","PCT OF AREA BEARING","CHEMICAL","INSECTICIDE","BIFENAZATE",586,51
"CALIFORNIA",2019,"BEARING - TREATED","PCT OF AREA BEARING","CHEMICAL","INSECTICIDE","BIFENTHRIN",128825,58
"CALIFORNIA",2019,"BEARING - TREATED","PCT OF AREA BEARING","CHEMICAL","INSECTICIDE","BT KURSTAK ABTS-1857",6523,43
"CALIFORNIA",2019,"BEARING - TREATED","PCT OF AREA BEARING","CHEMICAL","INSECTICIDE","BT KURSTAKI ABTS-351",6522,24
"CALIFORNIA",2019,"BEARING - TREATED","PCT OF AREA BEARING","CHEMICAL","INSECTICIDE","BT KURSTAKI SA-11",6519,37
"CALIFORNIA",2019,"BEARING - TREATED","PCT OF AREA BEARING","CHEMICAL","INSECTICIDE","BT SUB AIZAWAI GC-91",6426,5
"CALIFORNIA",2019,"BEARING - TREATED","PCT OF AREA BEARING","CHEMICAL","INSECTICIDE","BUPROFEZIN",275100,NA
"CALIFORNIA",2019,"BEARING - TREATED","PCT OF AREA BEARING","CHEMICAL","INSECTICIDE","BURKHOLDERIA A396 CELLS & MEDIA",6534,2
"CALIFORNIA",2019,"BEARING - TREATED","PCT OF AREA BEARING","CHEMICAL","INSECTICIDE","CARBARYL",56801,NA
"CALIFORNIA",2019,"BEARING - TREATED","PCT OF AREA BEARING","CHEMICAL","INSECTICIDE","CHLORANTRANILIPROLE",90100,44
"CALIFORNIA",2019,"BEARING - TREATED","PCT OF AREA BEARING","CHEMICAL","INSECTICIDE","CHLORPYRIFOS",59101,NA
"CALIFORNIA",2019,"BEARING - TREATED","PCT OF AREA BEARING","CHEMICAL","INSECTICIDE","CHROMOBAC SUBTSUGAE PRAA4-1 CELLS AND SPENT MEDIA",16329,19
"CALIFORNIA",2019,"BEARING - TREATED","PCT OF AREA BEARING","CHEMICAL","INSECTICIDE","CYANTRANILIPROLE",90098,11
"CALIFORNIA",2019,"BEARING - TREATED","PCT OF AREA BEARING","CHEMICAL","INSECTICIDE","CYFLUMETOFEN",138831,48
"CALIFORNIA",2019,"BEARING - TREATED","PCT OF AREA BEARING","CHEMICAL","INSECTICIDE","ETOXAZOLE",107091,6
"CALIFORNIA",2019,"BEARING - TREATED","PCT OF AREA BEARING","CHEMICAL","INSECTICIDE","FENBUTATIN-OXIDE",104601,NA
"CALIFORNIA",2019,"BEARING - TREATED","PCT OF AREA BEARING","CHEMICAL","INSECTICIDE","FENPROPATHRIN",127901,31
"CALIFORNIA",2019,"BEARING - TREATED","PCT OF AREA BEARING","CHEMICAL","INSECTICIDE","FENPYROXIMATE",129131,9
"CALIFORNIA",2019,"BEARING - TREATED","PCT OF AREA BEARING","CHEMICAL","INSECTICIDE","FLONICAMID",128016,57
"CALIFORNIA",2019,"BEARING - TREATED","PCT OF AREA BEARING","CHEMICAL","INSECTICIDE","FLUPYRADIFURONE",122304,34
"CALIFORNIA",2019,"BEARING - TREATED","PCT OF AREA BEARING","CHEMICAL","INSECTICIDE","HELICOVERPA ZEA NPV",107300,NA
"CALIFORNIA",2019,"BEARING - TREATED","PCT OF AREA BEARING","CHEMICAL","INSECTICIDE","HEXYTHIAZOX",128849,24
"CALIFORNIA",2019,"BEARING - TREATED","PCT OF AREA BEARING","CHEMICAL","INSECTICIDE","IMIDACLOPRID",129099,12
"CALIFORNIA",2019,"BEARING - TREATED","PCT OF AREA BEARING","CHEMICAL","INSECTICIDE","MALATHION",57701,28
"CALIFORNIA",2019,"BEARING - TREATED","PCT OF AREA BEARING","CHEMICAL","INSECTICIDE","METHOXYFENOZIDE",121027,37
"CALIFORNIA",2019,"BEARING - TREATED","PCT OF AREA BEARING","CHEMICAL","INSECTICIDE","NALED",34401,21
"CALIFORNIA",2019,"BEARING - TREATED","PCT OF AREA BEARING","CHEMICAL","INSECTICIDE","NEEM OIL",25006,9
"CALIFORNIA",2019,"BEARING - TREATED","PCT OF AREA BEARING","CHEMICAL","INSECTICIDE","NEEM OIL, CLAR. HYD.",25007,18
"CALIFORNIA",2019,"BEARING - TREATED","PCT OF AREA BEARING","CHEMICAL","INSECTICIDE","NOVALURON",124002,66
"CALIFORNIA",2019,"BEARING - TREATED","PCT OF AREA BEARING","CHEMICAL","INSECTICIDE","PIPERONYL BUTOXIDE",67501,4
"CALIFORNIA",2019,"BEARING - TREATED","PCT OF AREA BEARING","CHEMICAL","INSECTICIDE","POTASSIUM SALTS",79021,NA
"CALIFORNIA",2019,"BEARING - TREATED","PCT OF AREA BEARING","CHEMICAL","INSECTICIDE","PYRETHRINS",69001,8
"CALIFORNIA",2019,"BEARING - TREATED","PCT OF AREA BEARING","CHEMICAL","INSECTICIDE","PYRIDABEN",129105,NA
"CALIFORNIA",2019,"BEARING - TREATED","PCT OF AREA BEARING","CHEMICAL","INSECTICIDE","PYRIPROXYFEN",129032,5
"CALIFORNIA",2019,"BEARING - TREATED","PCT OF AREA BEARING","CHEMICAL","INSECTICIDE","SOYBEAN OIL",31605,NA
"CALIFORNIA",2019,"BEARING - TREATED","PCT OF AREA BEARING","CHEMICAL","INSECTICIDE","SPINETORAM",110007,58
"CALIFORNIA",2019,"BEARING - TREATED","PCT OF AREA BEARING","CHEMICAL","INSECTICIDE","SPINOSAD",110003,15
"CALIFORNIA",2019,"BEARING - TREATED","PCT OF AREA BEARING","CHEMICAL","INSECTICIDE","SPIROMESIFEN",24875,17
"CALIFORNIA",2019,"BEARING - TREATED","PCT OF AREA BEARING","CHEMICAL","INSECTICIDE","SULFOXAFLOR",5210,20
"CALIFORNIA",2019,"BEARING - TREATED","PCT OF AREA BEARING","CHEMICAL","INSECTICIDE","THIAMETHOXAM",60109,24
"CALIFORNIA",2019,"BEARING - TREATED","PCT OF AREA BEARING","CHEMICAL","INSECTICIDE","TOTAL)",NA,91
"CALIFORNIA",2019,"BEARING - TREATED","PCT OF AREA BEARING","CHEMICAL","INSECTICIDE","ZETA-CYPERMETHRIN",129064,NA
"CALIFORNIA",2019,"BEARING - TREATED","PCT OF AREA BEARING","CHEMICAL","OTHER","ACIBENZOLAR-S-METHYL",61402,NA
"CALIFORNIA",2019,"BEARING - TREATED","PCT OF AREA BEARING","CHEMICAL","OTHER","AUREOBASIDIUM PULLULANS DSM 14940",46010,NA
"CALIFORNIA",2019,"BEARING - TREATED","PCT OF AREA BEARING","CHEMICAL","OTHER","AUREOBASIDIUM PULLULANS DSM 14941",36010,NA
"CALIFORNIA",2019,"BEARING - TREATED","PCT OF AREA BEARING","CHEMICAL","OTHER","BT KURSTAKI SA-12",6518,NA
"CALIFORNIA",2019,"BEARING - TREATED","PCT OF AREA BEARING","CHEMICAL","OTHER","CAPRIC ACID",128955,NA
"CALIFORNIA",2019,"BEARING - TREATED","PCT OF AREA BEARING","CHEMICAL","OTHER","CAPRYLIC ACID",128919,NA
"CALIFORNIA",2019,"BEARING - TREATED","PCT OF AREA BEARING","CHEMICAL","OTHER","CHLOROPICRIN",81501,49
"CALIFORNIA",2019,"BEARING - TREATED","PCT OF AREA BEARING","CHEMICAL","OTHER","DICHLOROPROPENE",29001,23
"CALIFORNIA",2019,"BEARING - TREATED","PCT OF AREA BEARING","CHEMICAL","OTHER","FLUTRIAFOL",128940,25
"CALIFORNIA",2019,"BEARING - TREATED","PCT OF AREA BEARING","CHEMICAL","OTHER","GLIOCLADIUM VIRENS",129000,NA
"CALIFORNIA",2019,"BEARING - TREATED","PCT OF AREA BEARING","CHEMICAL","OTHER","HYDROGEN PEROXIDE",595,NA
"CALIFORNIA",2019,"BEARING - TREATED","PCT OF AREA BEARING","CHEMICAL","OTHER","IRON PHOSPHATE",34903,2
"CALIFORNIA",2019,"BEARING - TREATED","PCT OF AREA BEARING","CHEMICAL","OTHER","METALDEHYDE",53001,NA
"CALIFORNIA",2019,"BEARING - TREATED","PCT OF AREA BEARING","CHEMICAL","OTHER","METAM-POTASSIUM",39002,3
"CALIFORNIA",2019,"BEARING - TREATED","PCT OF AREA BEARING","CHEMICAL","OTHER","METAM-SODIUM",39003,2
"CALIFORNIA",2019,"BEARING - TREATED","PCT OF AREA BEARING","CHEMICAL","OTHER","PAECILOMYCES FUMOSOR",115002,NA
"CALIFORNIA",2019,"BEARING - TREATED","PCT OF AREA BEARING","CHEMICAL","OTHER","PEROXYACETIC ACID",63201,NA
"CALIFORNIA",2019,"BEARING - TREATED","PCT OF AREA BEARING","CHEMICAL","OTHER","POTASSIUM SILICATE",72606,NA
"CALIFORNIA",2019,"BEARING - TREATED","PCT OF AREA BEARING","CHEMICAL","OTHER","REYNOUTRIA SACHALINE",55809,7
"CALIFORNIA",2019,"BEARING - TREATED","PCT OF AREA BEARING","CHEMICAL","OTHER","TOTAL)",NA,63
"CALIFORNIA",2019,"BEARING - TREATED","PCT OF AREA BEARING","CHEMICAL","OTHER","TRICHODERMA VIRENS STRAIN G-41",176604,NA
"FLORIDA",2019,"BEARING - APPLICATIONS","LB","CHEMICAL","FUNGICIDE","AZOXYSTROBIN",128810,12000
"FLORIDA",2019,"BEARING - APPLICATIONS","LB","CHEMICAL","FUNGICIDE","BACILLUS SUBTILIS",6479,NA
"FLORIDA",2019,"BEARING - APPLICATIONS","LB","CHEMICAL","FUNGICIDE","CAPTAN",81301,146100
"FLORIDA",2019,"BEARING - APPLICATIONS","LB","CHEMICAL","FUNGICIDE","COPPER CHLORIDE HYD.",23501,NA
"FLORIDA",2019,"BEARING - APPLICATIONS","LB","CHEMICAL","FUNGICIDE","COPPER HYDROXIDE",23401,NA
"FLORIDA",2019,"BEARING - APPLICATIONS","LB","CHEMICAL","FUNGICIDE","CYFLUFENAMID",555550,NA
"FLORIDA",2019,"BEARING - APPLICATIONS","LB","CHEMICAL","FUNGICIDE","CYPRODINIL",288202,4100
"FLORIDA",2019,"BEARING - APPLICATIONS","LB","CHEMICAL","FUNGICIDE","DIFENOCONAZOLE",128847,NA
"FLORIDA",2019,"BEARING - APPLICATIONS","LB","CHEMICAL","FUNGICIDE","DODINE",44301,NA
"FLORIDA",2019,"BEARING - APPLICATIONS","LB","CHEMICAL","FUNGICIDE","FENHEXAMID",90209,NA
"FLORIDA",2019,"BEARING - APPLICATIONS","LB","CHEMICAL","FUNGICIDE","FLUDIOXONIL",71503,2700
"FLORIDA",2019,"BEARING - APPLICATIONS","LB","CHEMICAL","FUNGICIDE","FLUTOLANIL",128975,NA
"FLORIDA",2019,"BEARING - APPLICATIONS","LB","CHEMICAL","FUNGICIDE","FLUXAPYROXAD",138009,NA
"FLORIDA",2019,"BEARING - APPLICATIONS","LB","CHEMICAL","FUNGICIDE","FOSETYL-AL",123301,NA
"FLORIDA",2019,"BEARING - APPLICATIONS","LB","CHEMICAL","FUNGICIDE","ISOFETAMID",270000,NA
"FLORIDA",2019,"BEARING - APPLICATIONS","LB","CHEMICAL","FUNGICIDE","MEFENOXAM",113502,NA
"FLORIDA",2019,"BEARING - APPLICATIONS","LB","CHEMICAL","FUNGICIDE","MONO-POTASSIUM SALT",76416,NA
"FLORIDA",2019,"BEARING - APPLICATIONS","LB","CHEMICAL","FUNGICIDE","MYCLOBUTANIL",128857,NA
"FLORIDA",2019,"BEARING - APPLICATIONS","LB","CHEMICAL","FUNGICIDE","PENTHIOPYRAD",90112,NA
"FLORIDA",2019,"BEARING - APPLICATIONS","LB","CHEMICAL","FUNGICIDE","PYRACLOSTROBIN",99100,NA
"FLORIDA",2019,"BEARING - APPLICATIONS","LB","CHEMICAL","FUNGICIDE","PYRIMETHANIL",288201,NA
"FLORIDA",2019,"BEARING - APPLICATIONS","LB","CHEMICAL","FUNGICIDE","SULFUR",77501,NA
"FLORIDA",2019,"BEARING - APPLICATIONS","LB","CHEMICAL","FUNGICIDE","TETRACONAZOLE",120603,NA
"FLORIDA",2019,"BEARING - APPLICATIONS","LB","CHEMICAL","FUNGICIDE","THIOPHANATE-METHYL",102001,10200
"FLORIDA",2019,"BEARING - APPLICATIONS","LB","CHEMICAL","FUNGICIDE","THIRAM",79801,54800
"FLORIDA",2019,"BEARING - APPLICATIONS","LB","CHEMICAL","FUNGICIDE","TOTAL)",NA,286900
"FLORIDA",2019,"BEARING - APPLICATIONS","LB","CHEMICAL","FUNGICIDE","TRIFLUMIZOLE",128879,NA
"FLORIDA",2019,"BEARING - APPLICATIONS","LB","CHEMICAL","HERBICIDE","2,4-D, DIMETH. SALT",30019,NA
"FLORIDA",2019,"BEARING - APPLICATIONS","LB","CHEMICAL","HERBICIDE","2,4-D, TRIISO. SALT",30035,NA
"FLORIDA",2019,"BEARING - APPLICATIONS","LB","CHEMICAL","HERBICIDE","GLYPHOSATE ISO. SALT",103601,NA
"FLORIDA",2019,"BEARING - APPLICATIONS","LB","CHEMICAL","HERBICIDE","GLYPHOSATE POT. SALT",103613,NA
"FLORIDA",2019,"BEARING - APPLICATIONS","LB","CHEMICAL","HERBICIDE","PARAQUAT",61601,NA
"FLORIDA",2019,"BEARING - APPLICATIONS","LB","CHEMICAL","HERBICIDE","TOTAL)",NA,300
"FLORIDA",2019,"BEARING - APPLICATIONS","LB","CHEMICAL","INSECTICIDE","ABAMECTIN",122804,300
"FLORIDA",2019,"BEARING - APPLICATIONS","LB","CHEMICAL","INSECTICIDE","ACETAMIPRID",99050,200
"FLORIDA",2019,"BEARING - APPLICATIONS","LB","CHEMICAL","INSECTICIDE","BIFENAZATE",586,700
"FLORIDA",2019,"BEARING - APPLICATIONS","LB","CHEMICAL","INSECTICIDE","BIFENTHRIN",128825,300
"FLORIDA",2019,"BEARING - APPLICATIONS","LB","CHEMICAL","INSECTICIDE","BT KURSTAKI ABTS-351",6522,NA
"FLORIDA",2019,"BEARING - APPLICATIONS","LB","CHEMICAL","INSECTICIDE","CHLORANTRANILIPROLE",90100,100
"FLORIDA",2019,"BEARING - APPLICATIONS","LB","CHEMICAL","INSECTICIDE","CYANTRANILIPROLE",90098,NA
"FLORIDA",2019,"BEARING - APPLICATIONS","LB","CHEMICAL","INSECTICIDE","CYFLUMETOFEN",138831,NA
"FLORIDA",2019,"BEARING - APPLICATIONS","LB","CHEMICAL","INSECTICIDE","CYPERMETHRIN",109702,NA
"FLORIDA",2019,"BEARING - APPLICATIONS","LB","CHEMICAL","INSECTICIDE","FENPYROXIMATE",129131,NA
"FLORIDA",2019,"BEARING - APPLICATIONS","LB","CHEMICAL","INSECTICIDE","HEXYTHIAZOX",128849,NA
"FLORIDA",2019,"BEARING - APPLICATIONS","LB","CHEMICAL","INSECTICIDE","IMIDACLOPRID",129099,NA
"FLORIDA",2019,"BEARING - APPLICATIONS","LB","CHEMICAL","INSECTICIDE","MALATHION",57701,NA
"FLORIDA",2019,"BEARING - APPLICATIONS","LB","CHEMICAL","INSECTICIDE","METHOXYFENOZIDE",121027,NA
"FLORIDA",2019,"BEARING - APPLICATIONS","LB","CHEMICAL","INSECTICIDE","NALED",34401,NA
"FLORIDA",2019,"BEARING - APPLICATIONS","LB","CHEMICAL","INSECTICIDE","NOVALURON",124002,1000
"FLORIDA",2019,"BEARING - APPLICATIONS","LB","CHEMICAL","INSECTICIDE","SPINETORAM",110007,600
"FLORIDA",2019,"BEARING - APPLICATIONS","LB","CHEMICAL","INSECTICIDE","SPIROMESIFEN",24875,NA
"FLORIDA",2019,"BEARING - APPLICATIONS","LB","CHEMICAL","INSECTICIDE","THIAMETHOXAM",60109,100
"FLORIDA",2019,"BEARING - APPLICATIONS","LB","CHEMICAL","INSECTICIDE","TOTAL)",NA,5100
"FLORIDA",2019,"BEARING - APPLICATIONS","LB","CHEMICAL","OTHER","ACIBENZOLAR-S-METHYL",61402,NA
"FLORIDA",2019,"BEARING - APPLICATIONS","LB","CHEMICAL","OTHER","ALKYL. DIM. BENZ. AM",69105,NA
"FLORIDA",2019,"BEARING - APPLICATIONS","LB","CHEMICAL","OTHER","CHLOROPICRIN",81501,NA
"FLORIDA",2019,"BEARING - APPLICATIONS","LB","CHEMICAL","OTHER","DECYLDIMETHYLOCTYL",69165,NA
"FLORIDA",2019,"BEARING - APPLICATIONS","LB","CHEMICAL","OTHER","DICHLOROPROPENE",29001,NA
"FLORIDA",2019,"BEARING - APPLICATIONS","LB","CHEMICAL","OTHER","DIDECYL DIM. AMMON.",69166,NA
"FLORIDA",2019,"BEARING - APPLICATIONS","LB","CHEMICAL","OTHER","DIMETHYLDIOCTYL",69149,NA
"FLORIDA",2019,"BEARING - APPLICATIONS","LB","CHEMICAL","OTHER","FLUTRIAFOL",128940,NA
"FLORIDA",2019,"BEARING - APPLICATIONS","LB","CHEMICAL","OTHER","HYDROGEN PEROXIDE",595,NA
"FLORIDA",2019,"BEARING - APPLICATIONS","LB","CHEMICAL","OTHER","PEROXYACETIC ACID",63201,NA
"FLORIDA",2019,"BEARING - APPLICATIONS","LB","CHEMICAL","OTHER","REYNOUTRIA SACHALINE",55809,NA
"FLORIDA",2019,"BEARING - APPLICATIONS","LB","CHEMICAL","OTHER","TOTAL)",NA,125900
"FLORIDA",2019,"BEARING - APPLICATIONS","LB / ACRE / APPLICATION","CHEMICAL","FUNGICIDE","AZOXYSTROBIN",128810,0.858
"FLORIDA",2019,"BEARING - APPLICATIONS","LB / ACRE / APPLICATION","CHEMICAL","FUNGICIDE","BACILLUS SUBTILIS",6479,NA
"FLORIDA",2019,"BEARING - APPLICATIONS","LB / ACRE / APPLICATION","CHEMICAL","FUNGICIDE","CAPTAN",81301,2.098
"FLORIDA",2019,"BEARING - APPLICATIONS","LB / ACRE / APPLICATION","CHEMICAL","FUNGICIDE","COPPER CHLORIDE HYD.",23501,NA
"FLORIDA",2019,"BEARING - APPLICATIONS","LB / ACRE / APPLICATION","CHEMICAL","FUNGICIDE","COPPER HYDROXIDE",23401,NA
"FLORIDA",2019,"BEARING - APPLICATIONS","LB / ACRE / APPLICATION","CHEMICAL","FUNGICIDE","CYFLUFENAMID",555550,NA
"FLORIDA",2019,"BEARING - APPLICATIONS","LB / ACRE / APPLICATION","CHEMICAL","FUNGICIDE","CYPRODINIL",288202,0.313
"FLORIDA",2019,"BEARING - APPLICATIONS","LB / ACRE / APPLICATION","CHEMICAL","FUNGICIDE","DIFENOCONAZOLE",128847,NA
"FLORIDA",2019,"BEARING - APPLICATIONS","LB / ACRE / APPLICATION","CHEMICAL","FUNGICIDE","DODINE",44301,NA
"FLORIDA",2019,"BEARING - APPLICATIONS","LB / ACRE / APPLICATION","CHEMICAL","FUNGICIDE","FENHEXAMID",90209,NA
"FLORIDA",2019,"BEARING - APPLICATIONS","LB / ACRE / APPLICATION","CHEMICAL","FUNGICIDE","FLUDIOXONIL",71503,0.206
"FLORIDA",2019,"BEARING - APPLICATIONS","LB / ACRE / APPLICATION","CHEMICAL","FUNGICIDE","FLUTOLANIL",128975,NA
"FLORIDA",2019,"BEARING - APPLICATIONS","LB / ACRE / APPLICATION","CHEMICAL","FUNGICIDE","FLUXAPYROXAD",138009,NA
"FLORIDA",2019,"BEARING - APPLICATIONS","LB / ACRE / APPLICATION","CHEMICAL","FUNGICIDE","FOSETYL-AL",123301,NA
"FLORIDA",2019,"BEARING - APPLICATIONS","LB / ACRE / APPLICATION","CHEMICAL","FUNGICIDE","ISOFETAMID",270000,NA
"FLORIDA",2019,"BEARING - APPLICATIONS","LB / ACRE / APPLICATION","CHEMICAL","FUNGICIDE","MEFENOXAM",113502,NA
"FLORIDA",2019,"BEARING - APPLICATIONS","LB / ACRE / APPLICATION","CHEMICAL","FUNGICIDE","MONO-POTASSIUM SALT",76416,NA
"FLORIDA",2019,"BEARING - APPLICATIONS","LB / ACRE / APPLICATION","CHEMICAL","FUNGICIDE","MYCLOBUTANIL",128857,NA
"FLORIDA",2019,"BEARING - APPLICATIONS","LB / ACRE / APPLICATION","CHEMICAL","FUNGICIDE","PENTHIOPYRAD",90112,NA
"FLORIDA",2019,"BEARING - APPLICATIONS","LB / ACRE / APPLICATION","CHEMICAL","FUNGICIDE","PYRACLOSTROBIN",99100,NA
"FLORIDA",2019,"BEARING - APPLICATIONS","LB / ACRE / APPLICATION","CHEMICAL","FUNGICIDE","PYRIMETHANIL",288201,NA
"FLORIDA",2019,"BEARING - APPLICATIONS","LB / ACRE / APPLICATION","CHEMICAL","FUNGICIDE","SULFUR",77501,NA
"FLORIDA",2019,"BEARING - APPLICATIONS","LB / ACRE / APPLICATION","CHEMICAL","FUNGICIDE","TETRACONAZOLE",120603,NA
"FLORIDA",2019,"BEARING - APPLICATIONS","LB / ACRE / APPLICATION","CHEMICAL","FUNGICIDE","THIOPHANATE-METHYL",102001,1.34
"FLORIDA",2019,"BEARING - APPLICATIONS","LB / ACRE / APPLICATION","CHEMICAL","FUNGICIDE","THIRAM",79801,2.036
"FLORIDA",2019,"BEARING - APPLICATIONS","LB / ACRE / APPLICATION","CHEMICAL","FUNGICIDE","TRIFLUMIZOLE",128879,NA
"FLORIDA",2019,"BEARING - APPLICATIONS","LB / ACRE / APPLICATION","CHEMICAL","HERBICIDE","2,4-D, DIMETH. SALT",30019,NA
"FLORIDA",2019,"BEARING - APPLICATIONS","LB / ACRE / APPLICATION","CHEMICAL","HERBICIDE","2,4-D, TRIISO. SALT",30035,NA
"FLORIDA",2019,"BEARING - APPLICATIONS","LB / ACRE / APPLICATION","CHEMICAL","HERBICIDE","GLYPHOSATE ISO. SALT",103601,NA
"FLORIDA",2019,"BEARING - APPLICATIONS","LB / ACRE / APPLICATION","CHEMICAL","HERBICIDE","GLYPHOSATE POT. SALT",103613,NA
"FLORIDA",2019,"BEARING - APPLICATIONS","LB / ACRE / APPLICATION","CHEMICAL","HERBICIDE","PARAQUAT",61601,NA
"FLORIDA",2019,"BEARING - APPLICATIONS","LB / ACRE / APPLICATION","CHEMICAL","INSECTICIDE","ABAMECTIN",122804,0.045
"FLORIDA",2019,"BEARING - APPLICATIONS","LB / ACRE / APPLICATION","CHEMICAL","INSECTICIDE","ACETAMIPRID",99050,0.099
"FLORIDA",2019,"BEARING - APPLICATIONS","LB / ACRE / APPLICATION","CHEMICAL","INSECTICIDE","BIFENAZATE",586,0.141
"FLORIDA",2019,"BEARING - APPLICATIONS","LB / ACRE / APPLICATION","CHEMICAL","INSECTICIDE","BIFENTHRIN",128825,0.05
"FLORIDA",2019,"BEARING - APPLICATIONS","LB / ACRE / APPLICATION","CHEMICAL","INSECTICIDE","BT KURSTAKI ABTS-351",6522,NA
"FLORIDA",2019,"BEARING - APPLICATIONS","LB / ACRE / APPLICATION","CHEMICAL","INSECTICIDE","CHLORANTRANILIPROLE",90100,0.058
"FLORIDA",2019,"BEARING - APPLICATIONS","LB / ACRE / APPLICATION","CHEMICAL","INSECTICIDE","CYANTRANILIPROLE",90098,NA
"FLORIDA",2019,"BEARING - APPLICATIONS","LB / ACRE / APPLICATION","CHEMICAL","INSECTICIDE","CYFLUMETOFEN",138831,NA
"FLORIDA",2019,"BEARING - APPLICATIONS","LB / ACRE / APPLICATION","CHEMICAL","INSECTICIDE","CYPERMETHRIN",109702,NA
"FLORIDA",2019,"BEARING - APPLICATIONS","LB / ACRE / APPLICATION","CHEMICAL","INSECTICIDE","FENPYROXIMATE",129131,NA
"FLORIDA",2019,"BEARING - APPLICATIONS","LB / ACRE / APPLICATION","CHEMICAL","INSECTICIDE","HEXYTHIAZOX",128849,NA
"FLORIDA",2019,"BEARING - APPLICATIONS","LB / ACRE / APPLICATION","CHEMICAL","INSECTICIDE","IMIDACLOPRID",129099,NA
"FLORIDA",2019,"BEARING - APPLICATIONS","LB / ACRE / APPLICATION","CHEMICAL","INSECTICIDE","MALATHION",57701,NA
"FLORIDA",2019,"BEARING - APPLICATIONS","LB / ACRE / APPLICATION","CHEMICAL","INSECTICIDE","METHOXYFENOZIDE",121027,NA
"FLORIDA",2019,"BEARING - APPLICATIONS","LB / ACRE / APPLICATION","CHEMICAL","INSECTICIDE","NALED",34401,NA
"FLORIDA",2019,"BEARING - APPLICATIONS","LB / ACRE / APPLICATION","CHEMICAL","INSECTICIDE","NOVALURON",124002,0.065
"FLORIDA",2019,"BEARING - APPLICATIONS","LB / ACRE / APPLICATION","CHEMICAL","INSECTICIDE","SPINETORAM",110007,0.063
"FLORIDA",2019,"BEARING - APPLICATIONS","LB / ACRE / APPLICATION","CHEMICAL","INSECTICIDE","SPIROMESIFEN",24875,NA
"FLORIDA",2019,"BEARING - APPLICATIONS","LB / ACRE / APPLICATION","CHEMICAL","INSECTICIDE","THIAMETHOXAM",60109,0.054
"FLORIDA",2019,"BEARING - APPLICATIONS","LB / ACRE / APPLICATION","CHEMICAL","OTHER","ACIBENZOLAR-S-METHYL",61402,NA
"FLORIDA",2019,"BEARING - APPLICATIONS","LB / ACRE / APPLICATION","CHEMICAL","OTHER","ALKYL. DIM. BENZ. AM",69105,NA
"FLORIDA",2019,"BEARING - APPLICATIONS","LB / ACRE / APPLICATION","CHEMICAL","OTHER","CHLOROPICRIN",81501,NA
"FLORIDA",2019,"BEARING - APPLICATIONS","LB / ACRE / APPLICATION","CHEMICAL","OTHER","DECYLDIMETHYLOCTYL",69165,NA
"FLORIDA",2019,"BEARING - APPLICATIONS","LB / ACRE / APPLICATION","CHEMICAL","OTHER","DICHLOROPROPENE",29001,NA
"FLORIDA",2019,"BEARING - APPLICATIONS","LB / ACRE / APPLICATION","CHEMICAL","OTHER","DIDECYL DIM. AMMON.",69166,NA
"FLORIDA",2019,"BEARING - APPLICATIONS","LB / ACRE / APPLICATION","CHEMICAL","OTHER","DIMETHYLDIOCTYL",69149,NA
"FLORIDA",2019,"BEARING - APPLICATIONS","LB / ACRE / APPLICATION","CHEMICAL","OTHER","FLUTRIAFOL",128940,NA
"FLORIDA",2019,"BEARING - APPLICATIONS","LB / ACRE / APPLICATION","CHEMICAL","OTHER","HYDROGEN PEROXIDE",595,NA
"FLORIDA",2019,"BEARING - APPLICATIONS","LB / ACRE / APPLICATION","CHEMICAL","OTHER","PEROXYACETIC ACID",63201,NA
"FLORIDA",2019,"BEARING - APPLICATIONS","LB / ACRE / APPLICATION","CHEMICAL","OTHER","REYNOUTRIA SACHALINE",55809,NA
"FLORIDA",2019,"BEARING - APPLICATIONS","LB / ACRE / YEAR","CHEMICAL","FUNGICIDE","AZOXYSTROBIN",128810,4.123
"FLORIDA",2019,"BEARING - APPLICATIONS","LB / ACRE / YEAR","CHEMICAL","FUNGICIDE","BACILLUS SUBTILIS",6479,NA
"FLORIDA",2019,"BEARING - APPLICATIONS","LB / ACRE / YEAR","CHEMICAL","FUNGICIDE","CAPTAN",81301,16.856
"FLORIDA",2019,"BEARING - APPLICATIONS","LB / ACRE / YEAR","CHEMICAL","FUNGICIDE","COPPER CHLORIDE HYD.",23501,NA
"FLORIDA",2019,"BEARING - APPLICATIONS","LB / ACRE / YEAR","CHEMICAL","FUNGICIDE","COPPER HYDROXIDE",23401,NA
"FLORIDA",2019,"BEARING - APPLICATIONS","LB / ACRE / YEAR","CHEMICAL","FUNGICIDE","CYFLUFENAMID",555550,NA
"FLORIDA",2019,"BEARING - APPLICATIONS","LB / ACRE / YEAR","CHEMICAL","FUNGICIDE","CYPRODINIL",288202,0.642
"FLORIDA",2019,"BEARING - APPLICATIONS","LB / ACRE / YEAR","CHEMICAL","FUNGICIDE","DIFENOCONAZOLE",128847,NA
"FLORIDA",2019,"BEARING - APPLICATIONS","LB / ACRE / YEAR","CHEMICAL","FUNGICIDE","DODINE",44301,NA
"FLORIDA",2019,"BEARING - APPLICATIONS","LB / ACRE / YEAR","CHEMICAL","FUNGICIDE","FENHEXAMID",90209,NA
"FLORIDA",2019,"BEARING - APPLICATIONS","LB / ACRE / YEAR","CHEMICAL","FUNGICIDE","FLUDIOXONIL",71503,0.428
"FLORIDA",2019,"BEARING - APPLICATIONS","LB / ACRE / YEAR","CHEMICAL","FUNGICIDE","FLUTOLANIL",128975,NA
"FLORIDA",2019,"BEARING - APPLICATIONS","LB / ACRE / YEAR","CHEMICAL","FUNGICIDE","FLUXAPYROXAD",138009,NA
"FLORIDA",2019,"BEARING - APPLICATIONS","LB / ACRE / YEAR","CHEMICAL","FUNGICIDE","FOSETYL-AL",123301,NA
"FLORIDA",2019,"BEARING - APPLICATIONS","LB / ACRE / YEAR","CHEMICAL","FUNGICIDE","ISOFETAMID",270000,NA
"FLORIDA",2019,"BEARING - APPLICATIONS","LB / ACRE / YEAR","CHEMICAL","FUNGICIDE","MEFENOXAM",113502,NA
"FLORIDA",2019,"BEARING - APPLICATIONS","LB / ACRE / YEAR","CHEMICAL","FUNGICIDE","MONO-POTASSIUM SALT",76416,NA
"FLORIDA",2019,"BEARING - APPLICATIONS","LB / ACRE / YEAR","CHEMICAL","FUNGICIDE","MYCLOBUTANIL",128857,NA
"FLORIDA",2019,"BEARING - APPLICATIONS","LB / ACRE / YEAR","CHEMICAL","FUNGICIDE","PENTHIOPYRAD",90112,NA
"FLORIDA",2019,"BEARING - APPLICATIONS","LB / ACRE / YEAR","CHEMICAL","FUNGICIDE","PYRACLOSTROBIN",99100,NA
"FLORIDA",2019,"BEARING - APPLICATIONS","LB / ACRE / YEAR","CHEMICAL","FUNGICIDE","PYRIMETHANIL",288201,NA
"FLORIDA",2019,"BEARING - APPLICATIONS","LB / ACRE / YEAR","CHEMICAL","FUNGICIDE","SULFUR",77501,NA
"FLORIDA",2019,"BEARING - APPLICATIONS","LB / ACRE / YEAR","CHEMICAL","FUNGICIDE","TETRACONAZOLE",120603,NA
"FLORIDA",2019,"BEARING - APPLICATIONS","LB / ACRE / YEAR","CHEMICAL","FUNGICIDE","THIOPHANATE-METHYL",102001,4.888
"FLORIDA",2019,"BEARING - APPLICATIONS","LB / ACRE / YEAR","CHEMICAL","FUNGICIDE","THIRAM",79801,10.166
"FLORIDA",2019,"BEARING - APPLICATIONS","LB / ACRE / YEAR","CHEMICAL","FUNGICIDE","TRIFLUMIZOLE",128879,NA
"FLORIDA",2019,"BEARING - APPLICATIONS","LB / ACRE / YEAR","CHEMICAL","HERBICIDE","2,4-D, DIMETH. SALT",30019,NA
"FLORIDA",2019,"BEARING - APPLICATIONS","LB / ACRE / YEAR","CHEMICAL","HERBICIDE","2,4-D, TRIISO. SALT",30035,NA
"FLORIDA",2019,"BEARING - APPLICATIONS","LB / ACRE / YEAR","CHEMICAL","HERBICIDE","GLYPHOSATE ISO. SALT",103601,NA
"FLORIDA",2019,"BEARING - APPLICATIONS","LB / ACRE / YEAR","CHEMICAL","HERBICIDE","GLYPHOSATE POT. SALT",103613,NA
"FLORIDA",2019,"BEARING - APPLICATIONS","LB / ACRE / YEAR","CHEMICAL","HERBICIDE","PARAQUAT",61601,NA
"FLORIDA",2019,"BEARING - APPLICATIONS","LB / ACRE / YEAR","CHEMICAL","INSECTICIDE","ABAMECTIN",122804,0.184
"FLORIDA",2019,"BEARING - APPLICATIONS","LB / ACRE / YEAR","CHEMICAL","INSECTICIDE","ACETAMIPRID",99050,0.127
"FLORIDA",2019,"BEARING - APPLICATIONS","LB / ACRE / YEAR","CHEMICAL","INSECTICIDE","BIFENAZATE",586,0.663
"FLORIDA",2019,"BEARING - APPLICATIONS","LB / ACRE / YEAR","CHEMICAL","INSECTICIDE","BIFENTHRIN",128825,0.077
"FLORIDA",2019,"BEARING - APPLICATIONS","LB / ACRE / YEAR","CHEMICAL","INSECTICIDE","BT KURSTAKI ABTS-351",6522,NA
"FLORIDA",2019,"BEARING - APPLICATIONS","LB / ACRE / YEAR","CHEMICAL","INSECTICIDE","CHLORANTRANILIPROLE",90100,0.067
"FLORIDA",2019,"BEARING - APPLICATIONS","LB / ACRE / YEAR","CHEMICAL","INSECTICIDE","CYANTRANILIPROLE",90098,NA
"FLORIDA",2019,"BEARING - APPLICATIONS","LB / ACRE / YEAR","CHEMICAL","INSECTICIDE","CYFLUMETOFEN",138831,NA
"FLORIDA",2019,"BEARING - APPLICATIONS","LB / ACRE / YEAR","CHEMICAL","INSECTICIDE","CYPERMETHRIN",109702,NA
"FLORIDA",2019,"BEARING - APPLICATIONS","LB / ACRE / YEAR","CHEMICAL","INSECTICIDE","FENPYROXIMATE",129131,NA
"FLORIDA",2019,"BEARING - APPLICATIONS","LB / ACRE / YEAR","CHEMICAL","INSECTICIDE","HEXYTHIAZOX",128849,NA
"FLORIDA",2019,"BEARING - APPLICATIONS","LB / ACRE / YEAR","CHEMICAL","INSECTICIDE","IMIDACLOPRID",129099,NA
"FLORIDA",2019,"BEARING - APPLICATIONS","LB / ACRE / YEAR","CHEMICAL","INSECTICIDE","MALATHION",57701,NA
"FLORIDA",2019,"BEARING - APPLICATIONS","LB / ACRE / YEAR","CHEMICAL","INSECTICIDE","METHOXYFENOZIDE",121027,NA
"FLORIDA",2019,"BEARING - APPLICATIONS","LB / ACRE / YEAR","CHEMICAL","INSECTICIDE","NALED",34401,NA
"FLORIDA",2019,"BEARING - APPLICATIONS","LB / ACRE / YEAR","CHEMICAL","INSECTICIDE","NOVALURON",124002,0.212
"FLORIDA",2019,"BEARING - APPLICATIONS","LB / ACRE / YEAR","CHEMICAL","INSECTICIDE","SPINETORAM",110007,0.116
"FLORIDA",2019,"BEARING - APPLICATIONS","LB / ACRE / YEAR","CHEMICAL","INSECTICIDE","SPIROMESIFEN",24875,NA
"FLORIDA",2019,"BEARING - APPLICATIONS","LB / ACRE / YEAR","CHEMICAL","INSECTICIDE","THIAMETHOXAM",60109,0.095
"FLORIDA",2019,"BEARING - APPLICATIONS","LB / ACRE / YEAR","CHEMICAL","OTHER","ACIBENZOLAR-S-METHYL",61402,NA
"FLORIDA",2019,"BEARING - APPLICATIONS","LB / ACRE / YEAR","CHEMICAL","OTHER","ALKYL. DIM. BENZ. AM",69105,NA
"FLORIDA",2019,"BEARING - APPLICATIONS","LB / ACRE / YEAR","CHEMICAL","OTHER","CHLOROPICRIN",81501,NA
"FLORIDA",2019,"BEARING - APPLICATIONS","LB / ACRE / YEAR","CHEMICAL","OTHER","DECYLDIMETHYLOCTYL",69165,NA
"FLORIDA",2019,"BEARING - APPLICATIONS","LB / ACRE / YEAR","CHEMICAL","OTHER","DICHLOROPROPENE",29001,NA
"FLORIDA",2019,"BEARING - APPLICATIONS","LB / ACRE / YEAR","CHEMICAL","OTHER","DIDECYL DIM. AMMON.",69166,NA
"FLORIDA",2019,"BEARING - APPLICATIONS","LB / ACRE / YEAR","CHEMICAL","OTHER","DIMETHYLDIOCTYL",69149,NA
"FLORIDA",2019,"BEARING - APPLICATIONS","LB / ACRE / YEAR","CHEMICAL","OTHER","FLUTRIAFOL",128940,NA
"FLORIDA",2019,"BEARING - APPLICATIONS","LB / ACRE / YEAR","CHEMICAL","OTHER","HYDROGEN PEROXIDE",595,NA
"FLORIDA",2019,"BEARING - APPLICATIONS","LB / ACRE / YEAR","CHEMICAL","OTHER","PEROXYACETIC ACID",63201,NA
"FLORIDA",2019,"BEARING - APPLICATIONS","LB / ACRE / YEAR","CHEMICAL","OTHER","REYNOUTRIA SACHALINE",55809,NA
"FLORIDA",2019,"BEARING - APPLICATIONS","NUMBER","CHEMICAL","FUNGICIDE","AZOXYSTROBIN",128810,4.8
"FLORIDA",2019,"BEARING - APPLICATIONS","NUMBER","CHEMICAL","FUNGICIDE","BACILLUS SUBTILIS",6479,NA
"FLORIDA",2019,"BEARING - APPLICATIONS","NUMBER","CHEMICAL","FUNGICIDE","CAPTAN",81301,8
"FLORIDA",2019,"BEARING - APPLICATIONS","NUMBER","CHEMICAL","FUNGICIDE","COPPER CHLORIDE HYD.",23501,NA
"FLORIDA",2019,"BEARING - APPLICATIONS","NUMBER","CHEMICAL","FUNGICIDE","COPPER HYDROXIDE",23401,NA
"FLORIDA",2019,"BEARING - APPLICATIONS","NUMBER","CHEMICAL","FUNGICIDE","CYFLUFENAMID",555550,NA
"FLORIDA",2019,"BEARING - APPLICATIONS","NUMBER","CHEMICAL","FUNGICIDE","CYPRODINIL",288202,2.1
"FLORIDA",2019,"BEARING - APPLICATIONS","NUMBER","CHEMICAL","FUNGICIDE","DIFENOCONAZOLE",128847,NA
"FLORIDA",2019,"BEARING - APPLICATIONS","NUMBER","CHEMICAL","FUNGICIDE","DODINE",44301,NA
"FLORIDA",2019,"BEARING - APPLICATIONS","NUMBER","CHEMICAL","FUNGICIDE","FENHEXAMID",90209,NA
"FLORIDA",2019,"BEARING - APPLICATIONS","NUMBER","CHEMICAL","FUNGICIDE","FLUDIOXONIL",71503,2.1
"FLORIDA",2019,"BEARING - APPLICATIONS","NUMBER","CHEMICAL","FUNGICIDE","FLUTOLANIL",128975,NA
"FLORIDA",2019,"BEARING - APPLICATIONS","NUMBER","CHEMICAL","FUNGICIDE","FLUXAPYROXAD",138009,NA
"FLORIDA",2019,"BEARING - APPLICATIONS","NUMBER","CHEMICAL","FUNGICIDE","FOSETYL-AL",123301,NA
"FLORIDA",2019,"BEARING - APPLICATIONS","NUMBER","CHEMICAL","FUNGICIDE","ISOFETAMID",270000,NA
"FLORIDA",2019,"BEARING - APPLICATIONS","NUMBER","CHEMICAL","FUNGICIDE","MEFENOXAM",113502,NA
"FLORIDA",2019,"BEARING - APPLICATIONS","NUMBER","CHEMICAL","FUNGICIDE","MONO-POTASSIUM SALT",76416,NA
"FLORIDA",2019,"BEARING - APPLICATIONS","NUMBER","CHEMICAL","FUNGICIDE","MYCLOBUTANIL",128857,NA
"FLORIDA",2019,"BEARING - APPLICATIONS","NUMBER","CHEMICAL","FUNGICIDE","PENTHIOPYRAD",90112,NA
"FLORIDA",2019,"BEARING - APPLICATIONS","NUMBER","CHEMICAL","FUNGICIDE","PYRACLOSTROBIN",99100,NA
"FLORIDA",2019,"BEARING - APPLICATIONS","NUMBER","CHEMICAL","FUNGICIDE","PYRIMETHANIL",288201,NA
"FLORIDA",2019,"BEARING - APPLICATIONS","NUMBER","CHEMICAL","FUNGICIDE","SULFUR",77501,NA
"FLORIDA",2019,"BEARING - APPLICATIONS","NUMBER","CHEMICAL","FUNGICIDE","TETRACONAZOLE",120603,NA
"FLORIDA",2019,"BEARING - APPLICATIONS","NUMBER","CHEMICAL","FUNGICIDE","THIOPHANATE-METHYL",102001,3.6
"FLORIDA",2019,"BEARING - APPLICATIONS","NUMBER","CHEMICAL","FUNGICIDE","THIRAM",79801,5
"FLORIDA",2019,"BEARING - APPLICATIONS","NUMBER","CHEMICAL","FUNGICIDE","TRIFLUMIZOLE",128879,NA
"FLORIDA",2019,"BEARING - APPLICATIONS","NUMBER","CHEMICAL","HERBICIDE","2,4-D, DIMETH. SALT",30019,NA
"FLORIDA",2019,"BEARING - APPLICATIONS","NUMBER","CHEMICAL","HERBICIDE","2,4-D, TRIISO. SALT",30035,NA
"FLORIDA",2019,"BEARING - APPLICATIONS","NUMBER","CHEMICAL","HERBICIDE","GLYPHOSATE ISO. SALT",103601,NA
"FLORIDA",2019,"BEARING - APPLICATIONS","NUMBER","CHEMICAL","HERBICIDE","GLYPHOSATE POT. SALT",103613,NA
"FLORIDA",2019,"BEARING - APPLICATIONS","NUMBER","CHEMICAL","HERBICIDE","PARAQUAT",61601,NA
"FLORIDA",2019,"BEARING - APPLICATIONS","NUMBER","CHEMICAL","INSECTICIDE","ABAMECTIN",122804,4.1
"FLORIDA",2019,"BEARING - APPLICATIONS","NUMBER","CHEMICAL","INSECTICIDE","ACETAMIPRID",99050,1.3
"FLORIDA",2019,"BEARING - APPLICATIONS","NUMBER","CHEMICAL","INSECTICIDE","BIFENAZATE",586,4.7
"FLORIDA",2019,"BEARING - APPLICATIONS","NUMBER","CHEMICAL","INSECTICIDE","BIFENTHRIN",128825,1.5
"FLORIDA",2019,"BEARING - APPLICATIONS","NUMBER","CHEMICAL","INSECTICIDE","BT KURSTAKI ABTS-351",6522,NA
"FLORIDA",2019,"BEARING - APPLICATIONS","NUMBER","CHEMICAL","INSECTICIDE","CHLORANTRANILIPROLE",90100,1.2
"FLORIDA",2019,"BEARING - APPLICATIONS","NUMBER","CHEMICAL","INSECTICIDE","CYANTRANILIPROLE",90098,NA
"FLORIDA",2019,"BEARING - APPLICATIONS","NUMBER","CHEMICAL","INSECTICIDE","CYFLUMETOFEN",138831,NA
"FLORIDA",2019,"BEARING - APPLICATIONS","NUMBER","CHEMICAL","INSECTICIDE","CYPERMETHRIN",109702,NA
"FLORIDA",2019,"BEARING - APPLICATIONS","NUMBER","CHEMICAL","INSECTICIDE","FENPYROXIMATE",129131,NA
"FLORIDA",2019,"BEARING - APPLICATIONS","NUMBER","CHEMICAL","INSECTICIDE","HEXYTHIAZOX",128849,NA
"FLORIDA",2019,"BEARING - APPLICATIONS","NUMBER","CHEMICAL","INSECTICIDE","IMIDACLOPRID",129099,NA
"FLORIDA",2019,"BEARING - APPLICATIONS","NUMBER","CHEMICAL","INSECTICIDE","MALATHION",57701,NA
"FLORIDA",2019,"BEARING - APPLICATIONS","NUMBER","CHEMICAL","INSECTICIDE","METHOXYFENOZIDE",121027,NA
"FLORIDA",2019,"BEARING - APPLICATIONS","NUMBER","CHEMICAL","INSECTICIDE","NALED",34401,NA
"FLORIDA",2019,"BEARING - APPLICATIONS","NUMBER","CHEMICAL","INSECTICIDE","NOVALURON",124002,3.2
"FLORIDA",2019,"BEARING - APPLICATIONS","NUMBER","CHEMICAL","INSECTICIDE","SPINETORAM",110007,1.8
"FLORIDA",2019,"BEARING - APPLICATIONS","NUMBER","CHEMICAL","INSECTICIDE","SPIROMESIFEN",24875,NA
"FLORIDA",2019,"BEARING - APPLICATIONS","NUMBER","CHEMICAL","INSECTICIDE","THIAMETHOXAM",60109,1.8
"FLORIDA",2019,"BEARING - APPLICATIONS","NUMBER","CHEMICAL","OTHER","ACIBENZOLAR-S-METHYL",61402,NA
"FLORIDA",2019,"BEARING - APPLICATIONS","NUMBER","CHEMICAL","OTHER","ALKYL. DIM. BENZ. AM",69105,NA
"FLORIDA",2019,"BEARING - APPLICATIONS","NUMBER","CHEMICAL","OTHER","CHLOROPICRIN",81501,NA
"FLORIDA",2019,"BEARING - APPLICATIONS","NUMBER","CHEMICAL","OTHER","DECYLDIMETHYLOCTYL",69165,NA
"FLORIDA",2019,"BEARING - APPLICATIONS","NUMBER","CHEMICAL","OTHER","DICHLOROPROPENE",29001,NA
"FLORIDA",2019,"BEARING - APPLICATIONS","NUMBER","CHEMICAL","OTHER","DIDECYL DIM. AMMON.",69166,NA
"FLORIDA",2019,"BEARING - APPLICATIONS","NUMBER","CHEMICAL","OTHER","DIMETHYLDIOCTYL",69149,NA
"FLORIDA",2019,"BEARING - APPLICATIONS","NUMBER","CHEMICAL","OTHER","FLUTRIAFOL",128940,NA
"FLORIDA",2019,"BEARING - APPLICATIONS","NUMBER","CHEMICAL","OTHER","HYDROGEN PEROXIDE",595,NA
"FLORIDA",2019,"BEARING - APPLICATIONS","NUMBER","CHEMICAL","OTHER","PEROXYACETIC ACID",63201,NA
"FLORIDA",2019,"BEARING - APPLICATIONS","NUMBER","CHEMICAL","OTHER","REYNOUTRIA SACHALINE",55809,NA
"FLORIDA",2019,"BEARING - TREATED","PCT OF AREA BEARING","CHEMICAL","FUNGICIDE","AZOXYSTROBIN",128810,29
"FLORIDA",2019,"BEARING - TREATED","PCT OF AREA BEARING","CHEMICAL","FUNGICIDE","BACILLUS SUBTILIS",6479,NA
"FLORIDA",2019,"BEARING - TREATED","PCT OF AREA BEARING","CHEMICAL","FUNGICIDE","CAPTAN",81301,88
"FLORIDA",2019,"BEARING - TREATED","PCT OF AREA BEARING","CHEMICAL","FUNGICIDE","COPPER CHLORIDE HYD.",23501,NA
"FLORIDA",2019,"BEARING - TREATED","PCT OF AREA BEARING","CHEMICAL","FUNGICIDE","COPPER HYDROXIDE",23401,NA
"FLORIDA",2019,"BEARING - TREATED","PCT OF AREA BEARING","CHEMICAL","FUNGICIDE","CYFLUFENAMID",555550,NA
"FLORIDA",2019,"BEARING - TREATED","PCT OF AREA BEARING","CHEMICAL","FUNGICIDE","CYPRODINIL",288202,64
"FLORIDA",2019,"BEARING - TREATED","PCT OF AREA BEARING","CHEMICAL","FUNGICIDE","DIFENOCONAZOLE",128847,NA
"FLORIDA",2019,"BEARING - TREATED","PCT OF AREA BEARING","CHEMICAL","FUNGICIDE","DODINE",44301,NA
"FLORIDA",2019,"BEARING - TREATED","PCT OF AREA BEARING","CHEMICAL","FUNGICIDE","FENHEXAMID",90209,NA
"FLORIDA",2019,"BEARING - TREATED","PCT OF AREA BEARING","CHEMICAL","FUNGICIDE","FLUDIOXONIL",71503,64
"FLORIDA",2019,"BEARING - TREATED","PCT OF AREA BEARING","CHEMICAL","FUNGICIDE","FLUTOLANIL",128975,NA
"FLORIDA",2019,"BEARING - TREATED","PCT OF AREA BEARING","CHEMICAL","FUNGICIDE","FLUXAPYROXAD",138009,NA
"FLORIDA",2019,"BEARING - TREATED","PCT OF AREA BEARING","CHEMICAL","FUNGICIDE","FOSETYL-AL",123301,NA
"FLORIDA",2019,"BEARING - TREATED","PCT OF AREA BEARING","CHEMICAL","FUNGICIDE","ISOFETAMID",270000,NA
"FLORIDA",2019,"BEARING - TREATED","PCT OF AREA BEARING","CHEMICAL","FUNGICIDE","MEFENOXAM",113502,NA
"FLORIDA",2019,"BEARING - TREATED","PCT OF AREA BEARING","CHEMICAL","FUNGICIDE","MONO-POTASSIUM SALT",76416,NA
"FLORIDA",2019,"BEARING - TREATED","PCT OF AREA BEARING","CHEMICAL","FUNGICIDE","MYCLOBUTANIL",128857,NA
"FLORIDA",2019,"BEARING - TREATED","PCT OF AREA BEARING","CHEMICAL","FUNGICIDE","PENTHIOPYRAD",90112,NA
"FLORIDA",2019,"BEARING - TREATED","PCT OF AREA BEARING","CHEMICAL","FUNGICIDE","PYRACLOSTROBIN",99100,NA
"FLORIDA",2019,"BEARING - TREATED","PCT OF AREA BEARING","CHEMICAL","FUNGICIDE","PYRIMETHANIL",288201,NA
"FLORIDA",2019,"BEARING - TREATED","PCT OF AREA BEARING","CHEMICAL","FUNGICIDE","SULFUR",77501,NA
"FLORIDA",2019,"BEARING - TREATED","PCT OF AREA BEARING","CHEMICAL","FUNGICIDE","TETRACONAZOLE",120603,NA
"FLORIDA",2019,"BEARING - TREATED","PCT OF AREA BEARING","CHEMICAL","FUNGICIDE","THIOPHANATE-METHYL",102001,21
"FLORIDA",2019,"BEARING - TREATED","PCT OF AREA BEARING","CHEMICAL","FUNGICIDE","THIRAM",79801,54
"FLORIDA",2019,"BEARING - TREATED","PCT OF AREA BEARING","CHEMICAL","FUNGICIDE","TOTAL)",NA,95
"FLORIDA",2019,"BEARING - TREATED","PCT OF AREA BEARING","CHEMICAL","FUNGICIDE","TRIFLUMIZOLE",128879,NA
"FLORIDA",2019,"BEARING - TREATED","PCT OF AREA BEARING","CHEMICAL","HERBICIDE","2,4-D, DIMETH. SALT",30019,NA
"FLORIDA",2019,"BEARING - TREATED","PCT OF AREA BEARING","CHEMICAL","HERBICIDE","2,4-D, TRIISO. SALT",30035,NA
"FLORIDA",2019,"BEARING - TREATED","PCT OF AREA BEARING","CHEMICAL","HERBICIDE","GLYPHOSATE ISO. SALT",103601,NA
"FLORIDA",2019,"BEARING - TREATED","PCT OF AREA BEARING","CHEMICAL","HERBICIDE","GLYPHOSATE POT. SALT",103613,NA
"FLORIDA",2019,"BEARING - TREATED","PCT OF AREA BEARING","CHEMICAL","HERBICIDE","PARAQUAT",61601,NA
"FLORIDA",2019,"BEARING - TREATED","PCT OF AREA BEARING","CHEMICAL","HERBICIDE","TOTAL)",NA,15
"FLORIDA",2019,"BEARING - TREATED","PCT OF AREA BEARING","CHEMICAL","INSECTICIDE","ABAMECTIN",122804,18
"FLORIDA",2019,"BEARING - TREATED","PCT OF AREA BEARING","CHEMICAL","INSECTICIDE","ACETAMIPRID",99050,13
"FLORIDA",2019,"BEARING - TREATED","PCT OF AREA BEARING","CHEMICAL","INSECTICIDE","BIFENAZATE",586,11
"FLORIDA",2019,"BEARING - TREATED","PCT OF AREA BEARING","CHEMICAL","INSECTICIDE","BIFENTHRIN",128825,35
"FLORIDA",2019,"BEARING - TREATED","PCT OF AREA BEARING","CHEMICAL","INSECTICIDE","BT KURSTAKI ABTS-351",6522,NA
"FLORIDA",2019,"BEARING - TREATED","PCT OF AREA BEARING","CHEMICAL","INSECTICIDE","CHLORANTRANILIPROLE",90100,16
"FLORIDA",2019,"BEARING - TREATED","PCT OF AREA BEARING","CHEMICAL","INSECTICIDE","CYANTRANILIPROLE",90098,NA
"FLORIDA",2019,"BEARING - TREATED","PCT OF AREA BEARING","CHEMICAL","INSECTICIDE","CYFLUMETOFEN",138831,NA
"FLORIDA",2019,"BEARING - TREATED","PCT OF AREA BEARING","CHEMICAL","INSECTICIDE","CYPERMETHRIN",109702,NA
"FLORIDA",2019,"BEARING - TREATED","PCT OF AREA BEARING","CHEMICAL","INSECTICIDE","FENPYROXIMATE",129131,NA
"FLORIDA",2019,"BEARING - TREATED","PCT OF AREA BEARING","CHEMICAL","INSECTICIDE","HEXYTHIAZOX",128849,NA
"FLORIDA",2019,"BEARING - TREATED","PCT OF AREA BEARING","CHEMICAL","INSECTICIDE","IMIDACLOPRID",129099,NA
"FLORIDA",2019,"BEARING - TREATED","PCT OF AREA BEARING","CHEMICAL","INSECTICIDE","MALATHION",57701,NA
"FLORIDA",2019,"BEARING - TREATED","PCT OF AREA BEARING","CHEMICAL","INSECTICIDE","METHOXYFENOZIDE",121027,NA
"FLORIDA",2019,"BEARING - TREATED","PCT OF AREA BEARING","CHEMICAL","INSECTICIDE","NALED",34401,NA
"FLORIDA",2019,"BEARING - TREATED","PCT OF AREA BEARING","CHEMICAL","INSECTICIDE","NOVALURON",124002,46
"FLORIDA",2019,"BEARING - TREATED","PCT OF AREA BEARING","CHEMICAL","INSECTICIDE","SPINETORAM",110007,55
"FLORIDA",2019,"BEARING - TREATED","PCT OF AREA BEARING","CHEMICAL","INSECTICIDE","SPIROMESIFEN",24875,NA
"FLORIDA",2019,"BEARING - TREATED","PCT OF AREA BEARING","CHEMICAL","INSECTICIDE","THIAMETHOXAM",60109,16
"FLORIDA",2019,"BEARING - TREATED","PCT OF AREA BEARING","CHEMICAL","INSECTICIDE","TOTAL)",NA,97
"FLORIDA",2019,"BEARING - TREATED","PCT OF AREA BEARING","CHEMICAL","OTHER","ACIBENZOLAR-S-METHYL",61402,NA
"FLORIDA",2019,"BEARING - TREATED","PCT OF AREA BEARING","CHEMICAL","OTHER","ALKYL. DIM. BENZ. AM",69105,NA
"FLORIDA",2019,"BEARING - TREATED","PCT OF AREA BEARING","CHEMICAL","OTHER","CHLOROPICRIN",81501,NA
"FLORIDA",2019,"BEARING - TREATED","PCT OF AREA BEARING","CHEMICAL","OTHER","DECYLDIMETHYLOCTYL",69165,NA
"FLORIDA",2019,"BEARING - TREATED","PCT OF AREA BEARING","CHEMICAL","OTHER","DICHLOROPROPENE",29001,NA
"FLORIDA",2019,"BEARING - TREATED","PCT OF AREA BEARING","CHEMICAL","OTHER","DIDECYL DIM. AMMON.",69166,NA
"FLORIDA",2019,"BEARING - TREATED","PCT OF AREA BEARING","CHEMICAL","OTHER","DIMETHYLDIOCTYL",69149,NA
"FLORIDA",2019,"BEARING - TREATED","PCT OF AREA BEARING","CHEMICAL","OTHER","FLUTRIAFOL",128940,NA
"FLORIDA",2019,"BEARING - TREATED","PCT OF AREA BEARING","CHEMICAL","OTHER","HYDROGEN PEROXIDE",595,NA
"FLORIDA",2019,"BEARING - TREATED","PCT OF AREA BEARING","CHEMICAL","OTHER","PEROXYACETIC ACID",63201,NA
"FLORIDA",2019,"BEARING - TREATED","PCT OF AREA BEARING","CHEMICAL","OTHER","REYNOUTRIA SACHALINE",55809,NA
"FLORIDA",2019,"BEARING - TREATED","PCT OF AREA BEARING","CHEMICAL","OTHER","TOTAL)",NA,17
"CALIFORNIA",2018,"BEARING - APPLICATIONS","LB","CHEMICAL","FUNGICIDE","AZOXYSTROBIN",128810,1100
"CALIFORNIA",2018,"BEARING - APPLICATIONS","LB","CHEMICAL","FUNGICIDE","BACILLUS AMYLOLIQUEFACIENS MBI 600",129082,NA
"CALIFORNIA",2018,"BEARING - APPLICATIONS","LB","CHEMICAL","FUNGICIDE","BACILLUS AMYLOLIQUEFACIENS STRAIN D747",16482,NA
"CALIFORNIA",2018,"BEARING - APPLICATIONS","LB","CHEMICAL","FUNGICIDE","BACILLUS PUMILUS",6485,NA
"CALIFORNIA",2018,"BEARING - APPLICATIONS","LB","CHEMICAL","FUNGICIDE","BACILLUS SUBTILIS",6479,NA
"CALIFORNIA",2018,"BEARING - APPLICATIONS","LB","CHEMICAL","FUNGICIDE","BLAD",30006,NA
"CALIFORNIA",2018,"BEARING - APPLICATIONS","LB","CHEMICAL","FUNGICIDE","BORAX DECAHYDRATE",11102,NA
"CALIFORNIA",2018,"BEARING - APPLICATIONS","LB","CHEMICAL","FUNGICIDE","BOSCALID",128008,1800
"CALIFORNIA",2018,"BEARING - APPLICATIONS","LB","CHEMICAL","FUNGICIDE","CAPTAN",81301,94800
"CALIFORNIA",2018,"BEARING - APPLICATIONS","LB","CHEMICAL","FUNGICIDE","COPPER HYDROXIDE",23401,NA
"CALIFORNIA",2018,"BEARING - APPLICATIONS","LB","CHEMICAL","FUNGICIDE","COPPER OCTANOATE",23306,NA
"CALIFORNIA",2018,"BEARING - APPLICATIONS","LB","CHEMICAL","FUNGICIDE","CYFLUFENAMID",555550,100
"CALIFORNIA",2018,"BEARING - APPLICATIONS","LB","CHEMICAL","FUNGICIDE","CYPRODINIL",288202,4900
"CALIFORNIA",2018,"BEARING - APPLICATIONS","LB","CHEMICAL","FUNGICIDE","DIFENOCONAZOLE",128847,NA
"CALIFORNIA",2018,"BEARING - APPLICATIONS","LB","CHEMICAL","FUNGICIDE","FENHEXAMID",90209,3100
"CALIFORNIA",2018,"BEARING - APPLICATIONS","LB","CHEMICAL","FUNGICIDE","FLUDIOXONIL",71503,3300
"CALIFORNIA",2018,"BEARING - APPLICATIONS","LB","CHEMICAL","FUNGICIDE","FLUOPYRAM",80302,1600
"CALIFORNIA",2018,"BEARING - APPLICATIONS","LB","CHEMICAL","FUNGICIDE","FLUXAPYROXAD",138009,1100
"CALIFORNIA",2018,"BEARING - APPLICATIONS","LB","CHEMICAL","FUNGICIDE","FOSETYL-AL",123301,NA
"CALIFORNIA",2018,"BEARING - APPLICATIONS","LB","CHEMICAL","FUNGICIDE","IPRODIONE",109801,NA
"CALIFORNIA",2018,"BEARING - APPLICATIONS","LB","CHEMICAL","FUNGICIDE","ISOFETAMID",270000,NA
"CALIFORNIA",2018,"BEARING - APPLICATIONS","LB","CHEMICAL","FUNGICIDE","MEFENOXAM",113502,2000
"CALIFORNIA",2018,"BEARING - APPLICATIONS","LB","CHEMICAL","FUNGICIDE","MYCLOBUTANIL",128857,1100
"CALIFORNIA",2018,"BEARING - APPLICATIONS","LB","CHEMICAL","FUNGICIDE","PENTHIOPYRAD",90112,2900
"CALIFORNIA",2018,"BEARING - APPLICATIONS","LB","CHEMICAL","FUNGICIDE","POLYOXIN D ZINC SALT",230000,300
"CALIFORNIA",2018,"BEARING - APPLICATIONS","LB","CHEMICAL","FUNGICIDE","POTASSIUM BICARBON.",73508,15200
"CALIFORNIA",2018,"BEARING - APPLICATIONS","LB","CHEMICAL","FUNGICIDE","PROPICONAZOLE",122101,1000
"CALIFORNIA",2018,"BEARING - APPLICATIONS","LB","CHEMICAL","FUNGICIDE","PYRACLOSTROBIN",99100,2300
"CALIFORNIA",2018,"BEARING - APPLICATIONS","LB","CHEMICAL","FUNGICIDE","PYRIMETHANIL",288201,2800
"CALIFORNIA",2018,"BEARING - APPLICATIONS","LB","CHEMICAL","FUNGICIDE","QUINOLINE",55459,900
"CALIFORNIA",2018,"BEARING - APPLICATIONS","LB","CHEMICAL","FUNGICIDE","STREPTOMYCES LYDICUS",6327,NA
"CALIFORNIA",2018,"BEARING - APPLICATIONS","LB","CHEMICAL","FUNGICIDE","SULFUR",77501,298200
"CALIFORNIA",2018,"BEARING - APPLICATIONS","LB","CHEMICAL","FUNGICIDE","TETRACONAZOLE",120603,400
"CALIFORNIA",2018,"BEARING - APPLICATIONS","LB","CHEMICAL","FUNGICIDE","THIOPHANATE-METHYL",102001,1100
"CALIFORNIA",2018,"BEARING - APPLICATIONS","LB","CHEMICAL","FUNGICIDE","THIRAM",79801,20100
"CALIFORNIA",2018,"BEARING - APPLICATIONS","LB","CHEMICAL","FUNGICIDE","TOTAL)",NA,466900
"CALIFORNIA",2018,"BEARING - APPLICATIONS","LB","CHEMICAL","FUNGICIDE","TRIFLOXYSTROBIN",129112,2000
"CALIFORNIA",2018,"BEARING - APPLICATIONS","LB","CHEMICAL","FUNGICIDE","TRIFLUMIZOLE",128879,1900
"CALIFORNIA",2018,"BEARING - APPLICATIONS","LB","CHEMICAL","HERBICIDE","FLUMIOXAZIN",129034,100
"CALIFORNIA",2018,"BEARING - APPLICATIONS","LB","CHEMICAL","HERBICIDE","GLYPHOSATE ISO. SALT",103601,NA
"CALIFORNIA",2018,"BEARING - APPLICATIONS","LB","CHEMICAL","HERBICIDE","GLYPHOSATE POT. SALT",103613,NA
"CALIFORNIA",2018,"BEARING - APPLICATIONS","LB","CHEMICAL","HERBICIDE","NAPROPAMIDE",103001,NA
"CALIFORNIA",2018,"BEARING - APPLICATIONS","LB","CHEMICAL","HERBICIDE","OXYFLUORFEN",111601,800
"CALIFORNIA",2018,"BEARING - APPLICATIONS","LB","CHEMICAL","HERBICIDE","PENDIMETHALIN",108501,2700
"CALIFORNIA",2018,"BEARING - APPLICATIONS","LB","CHEMICAL","HERBICIDE","SULFENTRAZONE",129081,NA
"CALIFORNIA",2018,"BEARING - APPLICATIONS","LB","CHEMICAL","HERBICIDE","TOTAL)",NA,7200
"CALIFORNIA",2018,"BEARING - APPLICATIONS","LB","CHEMICAL","INSECTICIDE","ABAMECTIN",122804,200
"CALIFORNIA",2018,"BEARING - APPLICATIONS","LB","CHEMICAL","INSECTICIDE","ACEQUINOCYL",6329,1400
"CALIFORNIA",2018,"BEARING - APPLICATIONS","LB","CHEMICAL","INSECTICIDE","ACETAMIPRID",99050,1200
"CALIFORNIA",2018,"BEARING - APPLICATIONS","LB","CHEMICAL","INSECTICIDE","AZADIRACHTIN",121701,600
"CALIFORNIA",2018,"BEARING - APPLICATIONS","LB","CHEMICAL","INSECTICIDE","BIFENAZATE",586,5100
"CALIFORNIA",2018,"BEARING - APPLICATIONS","LB","CHEMICAL","INSECTICIDE","BIFENTHRIN",128825,1100
"CALIFORNIA",2018,"BEARING - APPLICATIONS","LB","CHEMICAL","INSECTICIDE","BT KURSTAK ABTS-1857",6523,NA
"CALIFORNIA",2018,"BEARING - APPLICATIONS","LB","CHEMICAL","INSECTICIDE","BT KURSTAKI ABTS-351",6522,NA
"CALIFORNIA",2018,"BEARING - APPLICATIONS","LB","CHEMICAL","INSECTICIDE","BT KURSTAKI SA-11",6519,NA
"CALIFORNIA",2018,"BEARING - APPLICATIONS","LB","CHEMICAL","INSECTICIDE","BT SUB AIZAWAI GC-91",6426,NA
"CALIFORNIA",2018,"BEARING - APPLICATIONS","LB","CHEMICAL","INSECTICIDE","BUPROFEZIN",275100,NA
"CALIFORNIA",2018,"BEARING - APPLICATIONS","LB","CHEMICAL","INSECTICIDE","BURKHOLDERIA A396 CELLS & MEDIA",6534,NA
"CALIFORNIA",2018,"BEARING - APPLICATIONS","LB","CHEMICAL","INSECTICIDE","CARBARYL",56801,NA
"CALIFORNIA",2018,"BEARING - APPLICATIONS","LB","CHEMICAL","INSECTICIDE","CHLORANTRANILIPROLE",90100,600
"CALIFORNIA",2018,"BEARING - APPLICATIONS","LB","CHEMICAL","INSECTICIDE","CHLORPYRIFOS",59101,NA
"CALIFORNIA",2018,"BEARING - APPLICATIONS","LB","CHEMICAL","INSECTICIDE","CHROMOBAC SUBTSUGAE PRAA4-1 CELLS AND SPENT MEDIA",16329,NA
"CALIFORNIA",2018,"BEARING - APPLICATIONS","LB","CHEMICAL","INSECTICIDE","CYANTRANILIPROLE",90098,NA
"CALIFORNIA",2018,"BEARING - APPLICATIONS","LB","CHEMICAL","INSECTICIDE","CYFLUMETOFEN = 138831)",NA,1800
"CALIFORNIA",2018,"BEARING - APPLICATIONS","LB","CHEMICAL","INSECTICIDE","DIAZINON",57801,NA
"CALIFORNIA",2018,"BEARING - APPLICATIONS","LB","CHEMICAL","INSECTICIDE","EMAMECTIN BENZOATE",122806,NA
"CALIFORNIA",2018,"BEARING - APPLICATIONS","LB","CHEMICAL","INSECTICIDE","ETOXAZOLE",107091,NA
"CALIFORNIA",2018,"BEARING - APPLICATIONS","LB","CHEMICAL","INSECTICIDE","FENBUTATIN-OXIDE",104601,NA
"CALIFORNIA",2018,"BEARING - APPLICATIONS","LB","CHEMICAL","INSECTICIDE","FENPROPATHRIN",127901,1100
"CALIFORNIA",2018,"BEARING - APPLICATIONS","LB","CHEMICAL","INSECTICIDE","FENPYROXIMATE",129131,100
"CALIFORNIA",2018,"BEARING - APPLICATIONS","LB","CHEMICAL","INSECTICIDE","FLONICAMID",128016,1300
"CALIFORNIA",2018,"BEARING - APPLICATIONS","LB","CHEMICAL","INSECTICIDE","FLUPYRADIFURONE",122304,700
"CALIFORNIA",2018,"BEARING - APPLICATIONS","LB","CHEMICAL","INSECTICIDE","HEXYTHIAZOX",128849,800
"CALIFORNIA",2018,"BEARING - APPLICATIONS","LB","CHEMICAL","INSECTICIDE","IMIDACLOPRID",129099,4100
"CALIFORNIA",2018,"BEARING - APPLICATIONS","LB","CHEMICAL","INSECTICIDE","LAMBDA-CYHALOTHRIN",128897,NA
"CALIFORNIA",2018,"BEARING - APPLICATIONS","LB","CHEMICAL","INSECTICIDE","MALATHION",57701,8000
"CALIFORNIA",2018,"BEARING - APPLICATIONS","LB","CHEMICAL","INSECTICIDE","METHOXYFENOZIDE",121027,1000
"CALIFORNIA",2018,"BEARING - APPLICATIONS","LB","CHEMICAL","INSECTICIDE","NALED",34401,5000
"CALIFORNIA",2018,"BEARING - APPLICATIONS","LB","CHEMICAL","INSECTICIDE","NEEM OIL",25006,NA
"CALIFORNIA",2018,"BEARING - APPLICATIONS","LB","CHEMICAL","INSECTICIDE","NEEM OIL, CLAR. HYD.",25007,90500
"CALIFORNIA",2018,"BEARING - APPLICATIONS","LB","CHEMICAL","INSECTICIDE","NOVALURON",124002,1700
"CALIFORNIA",2018,"BEARING - APPLICATIONS","LB","CHEMICAL","INSECTICIDE","PIPERONYL BUTOXIDE",67501,NA
"CALIFORNIA",2018,"BEARING - APPLICATIONS","LB","CHEMICAL","INSECTICIDE","POTASSIUM SALTS",79021,NA
"CALIFORNIA",2018,"BEARING - APPLICATIONS","LB","CHEMICAL","INSECTICIDE","PYRETHRINS",69001,400
"CALIFORNIA",2018,"BEARING - APPLICATIONS","LB","CHEMICAL","INSECTICIDE","PYRIPROXYFEN",129032,NA
"CALIFORNIA",2018,"BEARING - APPLICATIONS","LB","CHEMICAL","INSECTICIDE","SPINETORAM",110007,800
"CALIFORNIA",2018,"BEARING - APPLICATIONS","LB","CHEMICAL","INSECTICIDE","SPINOSAD",110003,700
"CALIFORNIA",2018,"BEARING - APPLICATIONS","LB","CHEMICAL","INSECTICIDE","SPIROMESIFEN",24875,1000
"CALIFORNIA",2018,"BEARING - APPLICATIONS","LB","CHEMICAL","INSECTICIDE","SPIROTETRAMAT",392201,NA
"CALIFORNIA",2018,"BEARING - APPLICATIONS","LB","CHEMICAL","INSECTICIDE","SULFOXAFLOR",5210,NA
"CALIFORNIA",2018,"BEARING - APPLICATIONS","LB","CHEMICAL","INSECTICIDE","THIAMETHOXAM",60109,400
"CALIFORNIA",2018,"BEARING - APPLICATIONS","LB","CHEMICAL","INSECTICIDE","TOTAL)",NA,134400
"CALIFORNIA",2018,"BEARING - APPLICATIONS","LB","CHEMICAL","OTHER","ACIBENZOLAR-S-METHYL",61402,NA
"CALIFORNIA",2018,"BEARING - APPLICATIONS","LB","CHEMICAL","OTHER","AUREOBASIDIUM PULLULANS DSM 14940",46010,NA
"CALIFORNIA",2018,"BEARING - APPLICATIONS","LB","CHEMICAL","OTHER","AUREOBASIDIUM PULLULANS DSM 14941",36010,NA
"CALIFORNIA",2018,"BEARING - APPLICATIONS","LB","CHEMICAL","OTHER","BT KURSTAKI SA-12",6518,NA
"CALIFORNIA",2018,"BEARING - APPLICATIONS","LB","CHEMICAL","OTHER","CAPRIC ACID",128955,NA
"CALIFORNIA",2018,"BEARING - APPLICATIONS","LB","CHEMICAL","OTHER","CAPRYLIC ACID",128919,NA
"CALIFORNIA",2018,"BEARING - APPLICATIONS","LB","CHEMICAL","OTHER","CHLOROPICRIN",81501,2749500
"CALIFORNIA",2018,"BEARING - APPLICATIONS","LB","CHEMICAL","OTHER","DICHLOROPROPENE",29001,668000
"CALIFORNIA",2018,"BEARING - APPLICATIONS","LB","CHEMICAL","OTHER","FLUTRIAFOL",128940,400
"CALIFORNIA",2018,"BEARING - APPLICATIONS","LB","CHEMICAL","OTHER","GLIOCLADIUM VIRENS",129000,NA
"CALIFORNIA",2018,"BEARING - APPLICATIONS","LB","CHEMICAL","OTHER","IRON PHOSPHATE",34903,NA
"CALIFORNIA",2018,"BEARING - APPLICATIONS","LB","CHEMICAL","OTHER","METALDEHYDE",53001,NA
"CALIFORNIA",2018,"BEARING - APPLICATIONS","LB","CHEMICAL","OTHER","METAM-POTASSIUM",39002,NA
"CALIFORNIA",2018,"BEARING - APPLICATIONS","LB","CHEMICAL","OTHER","METAM-SODIUM",39003,NA
"CALIFORNIA",2018,"BEARING - APPLICATIONS","LB","CHEMICAL","OTHER","PAECILOMYCES FUMOSOR",115002,NA
"CALIFORNIA",2018,"BEARING - APPLICATIONS","LB","CHEMICAL","OTHER","POTASSIUM SILICATE",72606,NA
"CALIFORNIA",2018,"BEARING - APPLICATIONS","LB","CHEMICAL","OTHER","REYNOUTRIA SACHALINE",55809,1700
"CALIFORNIA",2018,"BEARING - APPLICATIONS","LB","CHEMICAL","OTHER","TOTAL)",NA,3586800
"CALIFORNIA",2018,"BEARING - APPLICATIONS","LB / ACRE / APPLICATION","CHEMICAL","FUNGICIDE","AZOXYSTROBIN",128810,0.213
"CALIFORNIA",2018,"BEARING - APPLICATIONS","LB / ACRE / APPLICATION","CHEMICAL","FUNGICIDE","BACILLUS AMYLOLIQUEFACIENS MBI 600",129082,NA
"CALIFORNIA",2018,"BEARING - APPLICATIONS","LB / ACRE / APPLICATION","CHEMICAL","FUNGICIDE","BACILLUS AMYLOLIQUEFACIENS STRAIN D747",16482,NA
"CALIFORNIA",2018,"BEARING - APPLICATIONS","LB / ACRE / APPLICATION","CHEMICAL","FUNGICIDE","BACILLUS PUMILUS",6485,NA
"CALIFORNIA",2018,"BEARING - APPLICATIONS","LB / ACRE / APPLICATION","CHEMICAL","FUNGICIDE","BACILLUS SUBTILIS",6479,NA
"CALIFORNIA",2018,"BEARING - APPLICATIONS","LB / ACRE / APPLICATION","CHEMICAL","FUNGICIDE","BLAD",30006,NA
"CALIFORNIA",2018,"BEARING - APPLICATIONS","LB / ACRE / APPLICATION","CHEMICAL","FUNGICIDE","BORAX DECAHYDRATE",11102,NA
"CALIFORNIA",2018,"BEARING - APPLICATIONS","LB / ACRE / APPLICATION","CHEMICAL","FUNGICIDE","BOSCALID",128008,0.358
"CALIFORNIA",2018,"BEARING - APPLICATIONS","LB / ACRE / APPLICATION","CHEMICAL","FUNGICIDE","CAPTAN",81301,1.878
"CALIFORNIA",2018,"BEARING - APPLICATIONS","LB / ACRE / APPLICATION","CHEMICAL","FUNGICIDE","COPPER HYDROXIDE",23401,NA
"CALIFORNIA",2018,"BEARING - APPLICATIONS","LB / ACRE / APPLICATION","CHEMICAL","FUNGICIDE","COPPER OCTANOATE",23306,NA
"CALIFORNIA",2018,"BEARING - APPLICATIONS","LB / ACRE / APPLICATION","CHEMICAL","FUNGICIDE","CYFLUFENAMID",555550,0.022
"CALIFORNIA",2018,"BEARING - APPLICATIONS","LB / ACRE / APPLICATION","CHEMICAL","FUNGICIDE","CYPRODINIL",288202,0.32
"CALIFORNIA",2018,"BEARING - APPLICATIONS","LB / ACRE / APPLICATION","CHEMICAL","FUNGICIDE","DIFENOCONAZOLE",128847,NA
"CALIFORNIA",2018,"BEARING - APPLICATIONS","LB / ACRE / APPLICATION","CHEMICAL","FUNGICIDE","FENHEXAMID",90209,0.59
"CALIFORNIA",2018,"BEARING - APPLICATIONS","LB / ACRE / APPLICATION","CHEMICAL","FUNGICIDE","FLUDIOXONIL",71503,0.214
"CALIFORNIA",2018,"BEARING - APPLICATIONS","LB / ACRE / APPLICATION","CHEMICAL","FUNGICIDE","FLUOPYRAM",80302,0.119
"CALIFORNIA",2018,"BEARING - APPLICATIONS","LB / ACRE / APPLICATION","CHEMICAL","FUNGICIDE","FLUXAPYROXAD",138009,0.17
"CALIFORNIA",2018,"BEARING - APPLICATIONS","LB / ACRE / APPLICATION","CHEMICAL","FUNGICIDE","FOSETYL-AL",123301,NA
"CALIFORNIA",2018,"BEARING - APPLICATIONS","LB / ACRE / APPLICATION","CHEMICAL","FUNGICIDE","IPRODIONE",109801,NA
"CALIFORNIA",2018,"BEARING - APPLICATIONS","LB / ACRE / APPLICATION","CHEMICAL","FUNGICIDE","ISOFETAMID",270000,NA
"CALIFORNIA",2018,"BEARING - APPLICATIONS","LB / ACRE / APPLICATION","CHEMICAL","FUNGICIDE","MEFENOXAM",113502,0.488
"CALIFORNIA",2018,"BEARING - APPLICATIONS","LB / ACRE / APPLICATION","CHEMICAL","FUNGICIDE","MYCLOBUTANIL",128857,0.104
"CALIFORNIA",2018,"BEARING - APPLICATIONS","LB / ACRE / APPLICATION","CHEMICAL","FUNGICIDE","PENTHIOPYRAD",90112,0.301
"CALIFORNIA",2018,"BEARING - APPLICATIONS","LB / ACRE / APPLICATION","CHEMICAL","FUNGICIDE","POLYOXIN D ZINC SALT",230000,0.044
"CALIFORNIA",2018,"BEARING - APPLICATIONS","LB / ACRE / APPLICATION","CHEMICAL","FUNGICIDE","POTASSIUM BICARBON.",73508,2.425
"CALIFORNIA",2018,"BEARING - APPLICATIONS","LB / ACRE / APPLICATION","CHEMICAL","FUNGICIDE","PROPICONAZOLE",122101,0.112
"CALIFORNIA",2018,"BEARING - APPLICATIONS","LB / ACRE / APPLICATION","CHEMICAL","FUNGICIDE","PYRACLOSTROBIN",99100,0.171
"CALIFORNIA",2018,"BEARING - APPLICATIONS","LB / ACRE / APPLICATION","CHEMICAL","FUNGICIDE","PYRIMETHANIL",288201,0.628
"CALIFORNIA",2018,"BEARING - APPLICATIONS","LB / ACRE / APPLICATION","CHEMICAL","FUNGICIDE","QUINOLINE",55459,0.096
"CALIFORNIA",2018,"BEARING - APPLICATIONS","LB / ACRE / APPLICATION","CHEMICAL","FUNGICIDE","STREPTOMYCES LYDICUS",6327,NA
"CALIFORNIA",2018,"BEARING - APPLICATIONS","LB / ACRE / APPLICATION","CHEMICAL","FUNGICIDE","SULFUR",77501,4.865
"CALIFORNIA",2018,"BEARING - APPLICATIONS","LB / ACRE / APPLICATION","CHEMICAL","FUNGICIDE","TETRACONAZOLE",120603,0.038
"CALIFORNIA",2018,"BEARING - APPLICATIONS","LB / ACRE / APPLICATION","CHEMICAL","FUNGICIDE","THIOPHANATE-METHYL",102001,0.636
"CALIFORNIA",2018,"BEARING - APPLICATIONS","LB / ACRE / APPLICATION","CHEMICAL","FUNGICIDE","THIRAM",79801,2.078
"CALIFORNIA",2018,"BEARING - APPLICATIONS","LB / ACRE / APPLICATION","CHEMICAL","FUNGICIDE","TRIFLOXYSTROBIN",129112,0.114
"CALIFORNIA",2018,"BEARING - APPLICATIONS","LB / ACRE / APPLICATION","CHEMICAL","FUNGICIDE","TRIFLUMIZOLE",128879,0.241
"CALIFORNIA",2018,"BEARING - APPLICATIONS","LB / ACRE / APPLICATION","CHEMICAL","HERBICIDE","FLUMIOXAZIN",129034,0.096
"CALIFORNIA",2018,"BEARING - APPLICATIONS","LB / ACRE / APPLICATION","CHEMICAL","HERBICIDE","GLYPHOSATE ISO. SALT",103601,NA
"CALIFORNIA",2018,"BEARING - APPLICATIONS","LB / ACRE / APPLICATION","CHEMICAL","HERBICIDE","GLYPHOSATE POT. SALT",103613,NA
"CALIFORNIA",2018,"BEARING - APPLICATIONS","LB / ACRE / APPLICATION","CHEMICAL","HERBICIDE","NAPROPAMIDE",103001,NA
"CALIFORNIA",2018,"BEARING - APPLICATIONS","LB / ACRE / APPLICATION","CHEMICAL","HERBICIDE","OXYFLUORFEN",111601,0.353
"CALIFORNIA",2018,"BEARING - APPLICATIONS","LB / ACRE / APPLICATION","CHEMICAL","HERBICIDE","PENDIMETHALIN",108501,1.364
"CALIFORNIA",2018,"BEARING - APPLICATIONS","LB / ACRE / APPLICATION","CHEMICAL","HERBICIDE","SULFENTRAZONE",129081,NA
"CALIFORNIA",2018,"BEARING - APPLICATIONS","LB / ACRE / APPLICATION","CHEMICAL","INSECTICIDE","ABAMECTIN",122804,0.019
"CALIFORNIA",2018,"BEARING - APPLICATIONS","LB / ACRE / APPLICATION","CHEMICAL","INSECTICIDE","ACEQUINOCYL",6329,0.297
"CALIFORNIA",2018,"BEARING - APPLICATIONS","LB / ACRE / APPLICATION","CHEMICAL","INSECTICIDE","ACETAMIPRID",99050,0.118
"CALIFORNIA",2018,"BEARING - APPLICATIONS","LB / ACRE / APPLICATION","CHEMICAL","INSECTICIDE","AZADIRACHTIN",121701,0.032
"CALIFORNIA",2018,"BEARING - APPLICATIONS","LB / ACRE / APPLICATION","CHEMICAL","INSECTICIDE","BIFENAZATE",586,0.49
"CALIFORNIA",2018,"BEARING - APPLICATIONS","LB / ACRE / APPLICATION","CHEMICAL","INSECTICIDE","BIFENTHRIN",128825,0.098
"CALIFORNIA",2018,"BEARING - APPLICATIONS","LB / ACRE / APPLICATION","CHEMICAL","INSECTICIDE","BT KURSTAK ABTS-1857",6523,NA
"CALIFORNIA",2018,"BEARING - APPLICATIONS","LB / ACRE / APPLICATION","CHEMICAL","INSECTICIDE","BT KURSTAKI ABTS-351",6522,NA
"CALIFORNIA",2018,"BEARING - APPLICATIONS","LB / ACRE / APPLICATION","CHEMICAL","INSECTICIDE","BT KURSTAKI SA-11",6519,NA
"CALIFORNIA",2018,"BEARING - APPLICATIONS","LB / ACRE / APPLICATION","CHEMICAL","INSECTICIDE","BT SUB AIZAWAI GC-91",6426,NA
"CALIFORNIA",2018,"BEARING - APPLICATIONS","LB / ACRE / APPLICATION","CHEMICAL","INSECTICIDE","BUPROFEZIN",275100,NA
"CALIFORNIA",2018,"BEARING - APPLICATIONS","LB / ACRE / APPLICATION","CHEMICAL","INSECTICIDE","BURKHOLDERIA A396 CELLS & MEDIA",6534,NA
"CALIFORNIA",2018,"BEARING - APPLICATIONS","LB / ACRE / APPLICATION","CHEMICAL","INSECTICIDE","CARBARYL",56801,NA
"CALIFORNIA",2018,"BEARING - APPLICATIONS","LB / ACRE / APPLICATION","CHEMICAL","INSECTICIDE","CHLORANTRANILIPROLE",90100,0.071
"CALIFORNIA",2018,"BEARING - APPLICATIONS","LB / ACRE / APPLICATION","CHEMICAL","INSECTICIDE","CHLORPYRIFOS",59101,NA
"CALIFORNIA",2018,"BEARING - APPLICATIONS","LB / ACRE / APPLICATION","CHEMICAL","INSECTICIDE","CHROMOBAC SUBTSUGAE PRAA4-1 CELLS AND SPENT MEDIA",16329,NA
"CALIFORNIA",2018,"BEARING - APPLICATIONS","LB / ACRE / APPLICATION","CHEMICAL","INSECTICIDE","CYANTRANILIPROLE",90098,NA
"CALIFORNIA",2018,"BEARING - APPLICATIONS","LB / ACRE / APPLICATION","CHEMICAL","INSECTICIDE","CYFLUMETOFEN = 138831)",NA,0.179
"CALIFORNIA",2018,"BEARING - APPLICATIONS","LB / ACRE / APPLICATION","CHEMICAL","INSECTICIDE","DIAZINON",57801,NA
"CALIFORNIA",2018,"BEARING - APPLICATIONS","LB / ACRE / APPLICATION","CHEMICAL","INSECTICIDE","EMAMECTIN BENZOATE",122806,NA
"CALIFORNIA",2018,"BEARING - APPLICATIONS","LB / ACRE / APPLICATION","CHEMICAL","INSECTICIDE","ETOXAZOLE",107091,NA
"CALIFORNIA",2018,"BEARING - APPLICATIONS","LB / ACRE / APPLICATION","CHEMICAL","INSECTICIDE","FENBUTATIN-OXIDE",104601,NA
"CALIFORNIA",2018,"BEARING - APPLICATIONS","LB / ACRE / APPLICATION","CHEMICAL","INSECTICIDE","FENPROPATHRIN",127901,0.286
"CALIFORNIA",2018,"BEARING - APPLICATIONS","LB / ACRE / APPLICATION","CHEMICAL","INSECTICIDE","FENPYROXIMATE",129131,0.105
"CALIFORNIA",2018,"BEARING - APPLICATIONS","LB / ACRE / APPLICATION","CHEMICAL","INSECTICIDE","FLONICAMID",128016,0.082
"CALIFORNIA",2018,"BEARING - APPLICATIONS","LB / ACRE / APPLICATION","CHEMICAL","INSECTICIDE","FLUPYRADIFURONE",122304,0.172
"CALIFORNIA",2018,"BEARING - APPLICATIONS","LB / ACRE / APPLICATION","CHEMICAL","INSECTICIDE","HEXYTHIAZOX",128849,0.181
"CALIFORNIA",2018,"BEARING - APPLICATIONS","LB / ACRE / APPLICATION","CHEMICAL","INSECTICIDE","IMIDACLOPRID",129099,0.5
"CALIFORNIA",2018,"BEARING - APPLICATIONS","LB / ACRE / APPLICATION","CHEMICAL","INSECTICIDE","LAMBDA-CYHALOTHRIN",128897,NA
"CALIFORNIA",2018,"BEARING - APPLICATIONS","LB / ACRE / APPLICATION","CHEMICAL","INSECTICIDE","MALATHION",57701,1.799
"CALIFORNIA",2018,"BEARING - APPLICATIONS","LB / ACRE / APPLICATION","CHEMICAL","INSECTICIDE","METHOXYFENOZIDE",121027,0.176
"CALIFORNIA",2018,"BEARING - APPLICATIONS","LB / ACRE / APPLICATION","CHEMICAL","INSECTICIDE","NALED",34401,0.891
"CALIFORNIA",2018,"BEARING - APPLICATIONS","LB / ACRE / APPLICATION","CHEMICAL","INSECTICIDE","NEEM OIL",25006,NA
"CALIFORNIA",2018,"BEARING - APPLICATIONS","LB / ACRE / APPLICATION","CHEMICAL","INSECTICIDE","NEEM OIL, CLAR. HYD.",25007,6.34
"CALIFORNIA",2018,"BEARING - APPLICATIONS","LB / ACRE / APPLICATION","CHEMICAL","INSECTICIDE","NOVALURON",124002,0.073
"CALIFORNIA",2018,"BEARING - APPLICATIONS","LB / ACRE / APPLICATION","CHEMICAL","INSECTICIDE","PIPERONYL BUTOXIDE",67501,NA
"CALIFORNIA",2018,"BEARING - APPLICATIONS","LB / ACRE / APPLICATION","CHEMICAL","INSECTICIDE","POTASSIUM SALTS",79021,NA
"CALIFORNIA",2018,"BEARING - APPLICATIONS","LB / ACRE / APPLICATION","CHEMICAL","INSECTICIDE","PYRETHRINS",69001,0.054
"CALIFORNIA",2018,"BEARING - APPLICATIONS","LB / ACRE / APPLICATION","CHEMICAL","INSECTICIDE","PYRIPROXYFEN",129032,NA
"CALIFORNIA",2018,"BEARING - APPLICATIONS","LB / ACRE / APPLICATION","CHEMICAL","INSECTICIDE","SPINETORAM",110007,0.069
"CALIFORNIA",2018,"BEARING - APPLICATIONS","LB / ACRE / APPLICATION","CHEMICAL","INSECTICIDE","SPINOSAD",110003,0.091
"CALIFORNIA",2018,"BEARING - APPLICATIONS","LB / ACRE / APPLICATION","CHEMICAL","INSECTICIDE","SPIROMESIFEN",24875,0.25
"CALIFORNIA",2018,"BEARING - APPLICATIONS","LB / ACRE / APPLICATION","CHEMICAL","INSECTICIDE","SPIROTETRAMAT",392201,NA
"CALIFORNIA",2018,"BEARING - APPLICATIONS","LB / ACRE / APPLICATION","CHEMICAL","INSECTICIDE","SULFOXAFLOR",5210,NA
"CALIFORNIA",2018,"BEARING - APPLICATIONS","LB / ACRE / APPLICATION","CHEMICAL","INSECTICIDE","THIAMETHOXAM",60109,0.06
"CALIFORNIA",2018,"BEARING - APPLICATIONS","LB / ACRE / APPLICATION","CHEMICAL","OTHER","ACIBENZOLAR-S-METHYL",61402,NA
"CALIFORNIA",2018,"BEARING - APPLICATIONS","LB / ACRE / APPLICATION","CHEMICAL","OTHER","AUREOBASIDIUM PULLULANS DSM 14940",46010,NA
"CALIFORNIA",2018,"BEARING - APPLICATIONS","LB / ACRE / APPLICATION","CHEMICAL","OTHER","AUREOBASIDIUM PULLULANS DSM 14941",36010,NA
"CALIFORNIA",2018,"BEARING - APPLICATIONS","LB / ACRE / APPLICATION","CHEMICAL","OTHER","BT KURSTAKI SA-12",6518,NA
"CALIFORNIA",2018,"BEARING - APPLICATIONS","LB / ACRE / APPLICATION","CHEMICAL","OTHER","CAPRIC ACID",128955,NA
"CALIFORNIA",2018,"BEARING - APPLICATIONS","LB / ACRE / APPLICATION","CHEMICAL","OTHER","CAPRYLIC ACID",128919,NA
"CALIFORNIA",2018,"BEARING - APPLICATIONS","LB / ACRE / APPLICATION","CHEMICAL","OTHER","CHLOROPICRIN",81501,236.901
"CALIFORNIA",2018,"BEARING - APPLICATIONS","LB / ACRE / APPLICATION","CHEMICAL","OTHER","DICHLOROPROPENE",29001,83.195
"CALIFORNIA",2018,"BEARING - APPLICATIONS","LB / ACRE / APPLICATION","CHEMICAL","OTHER","FLUTRIAFOL",128940,0.113
"CALIFORNIA",2018,"BEARING - APPLICATIONS","LB / ACRE / APPLICATION","CHEMICAL","OTHER","GLIOCLADIUM VIRENS",129000,NA
"CALIFORNIA",2018,"BEARING - APPLICATIONS","LB / ACRE / APPLICATION","CHEMICAL","OTHER","IRON PHOSPHATE",34903,NA
"CALIFORNIA",2018,"BEARING - APPLICATIONS","LB / ACRE / APPLICATION","CHEMICAL","OTHER","METALDEHYDE",53001,NA
"CALIFORNIA",2018,"BEARING - APPLICATIONS","LB / ACRE / APPLICATION","CHEMICAL","OTHER","METAM-POTASSIUM",39002,NA
"CALIFORNIA",2018,"BEARING - APPLICATIONS","LB / ACRE / APPLICATION","CHEMICAL","OTHER","METAM-SODIUM",39003,NA
"CALIFORNIA",2018,"BEARING - APPLICATIONS","LB / ACRE / APPLICATION","CHEMICAL","OTHER","PAECILOMYCES FUMOSOR",115002,NA
"CALIFORNIA",2018,"BEARING - APPLICATIONS","LB / ACRE / APPLICATION","CHEMICAL","OTHER","POTASSIUM SILICATE",72606,NA
"CALIFORNIA",2018,"BEARING - APPLICATIONS","LB / ACRE / APPLICATION","CHEMICAL","OTHER","REYNOUTRIA SACHALINE",55809,0.226
"CALIFORNIA",2018,"BEARING - APPLICATIONS","LB / ACRE / YEAR","CHEMICAL","FUNGICIDE","AZOXYSTROBIN",128810,0.298
"CALIFORNIA",2018,"BEARING - APPLICATIONS","LB / ACRE / YEAR","CHEMICAL","FUNGICIDE","BACILLUS AMYLOLIQUEFACIENS MBI 600",129082,NA
"CALIFORNIA",2018,"BEARING - APPLICATIONS","LB / ACRE / YEAR","CHEMICAL","FUNGICIDE","BACILLUS AMYLOLIQUEFACIENS STRAIN D747",16482,NA
"CALIFORNIA",2018,"BEARING - APPLICATIONS","LB / ACRE / YEAR","CHEMICAL","FUNGICIDE","BACILLUS PUMILUS",6485,NA
"CALIFORNIA",2018,"BEARING - APPLICATIONS","LB / ACRE / YEAR","CHEMICAL","FUNGICIDE","BACILLUS SUBTILIS",6479,NA
"CALIFORNIA",2018,"BEARING - APPLICATIONS","LB / ACRE / YEAR","CHEMICAL","FUNGICIDE","BLAD",30006,NA
"CALIFORNIA",2018,"BEARING - APPLICATIONS","LB / ACRE / YEAR","CHEMICAL","FUNGICIDE","BORAX DECAHYDRATE",11102,NA
"CALIFORNIA",2018,"BEARING - APPLICATIONS","LB / ACRE / YEAR","CHEMICAL","FUNGICIDE","BOSCALID",128008,0.565
"CALIFORNIA",2018,"BEARING - APPLICATIONS","LB / ACRE / YEAR","CHEMICAL","FUNGICIDE","CAPTAN",81301,6.452
"CALIFORNIA",2018,"BEARING - APPLICATIONS","LB / ACRE / YEAR","CHEMICAL","FUNGICIDE","COPPER HYDROXIDE",23401,NA
"CALIFORNIA",2018,"BEARING - APPLICATIONS","LB / ACRE / YEAR","CHEMICAL","FUNGICIDE","COPPER OCTANOATE",23306,NA
"CALIFORNIA",2018,"BEARING - APPLICATIONS","LB / ACRE / YEAR","CHEMICAL","FUNGICIDE","CYFLUFENAMID",555550,0.026
"CALIFORNIA",2018,"BEARING - APPLICATIONS","LB / ACRE / YEAR","CHEMICAL","FUNGICIDE","CYPRODINIL",288202,0.461
"CALIFORNIA",2018,"BEARING - APPLICATIONS","LB / ACRE / YEAR","CHEMICAL","FUNGICIDE","DIFENOCONAZOLE",128847,NA
"CALIFORNIA",2018,"BEARING - APPLICATIONS","LB / ACRE / YEAR","CHEMICAL","FUNGICIDE","FENHEXAMID",90209,1.005
"CALIFORNIA",2018,"BEARING - APPLICATIONS","LB / ACRE / YEAR","CHEMICAL","FUNGICIDE","FLUDIOXONIL",71503,0.307
"CALIFORNIA",2018,"BEARING - APPLICATIONS","LB / ACRE / YEAR","CHEMICAL","FUNGICIDE","FLUOPYRAM",80302,0.143
"CALIFORNIA",2018,"BEARING - APPLICATIONS","LB / ACRE / YEAR","CHEMICAL","FUNGICIDE","FLUXAPYROXAD",138009,0.217
"CALIFORNIA",2018,"BEARING - APPLICATIONS","LB / ACRE / YEAR","CHEMICAL","FUNGICIDE","FOSETYL-AL",123301,NA
"CALIFORNIA",2018,"BEARING - APPLICATIONS","LB / ACRE / YEAR","CHEMICAL","FUNGICIDE","IPRODIONE",109801,NA
"CALIFORNIA",2018,"BEARING - APPLICATIONS","LB / ACRE / YEAR","CHEMICAL","FUNGICIDE","ISOFETAMID",270000,NA
"CALIFORNIA",2018,"BEARING - APPLICATIONS","LB / ACRE / YEAR","CHEMICAL","FUNGICIDE","MEFENOXAM",113502,0.711
"CALIFORNIA",2018,"BEARING - APPLICATIONS","LB / ACRE / YEAR","CHEMICAL","FUNGICIDE","MYCLOBUTANIL",128857,0.167
"CALIFORNIA",2018,"BEARING - APPLICATIONS","LB / ACRE / YEAR","CHEMICAL","FUNGICIDE","PENTHIOPYRAD",90112,0.402
"CALIFORNIA",2018,"BEARING - APPLICATIONS","LB / ACRE / YEAR","CHEMICAL","FUNGICIDE","POLYOXIN D ZINC SALT",230000,0.05
"CALIFORNIA",2018,"BEARING - APPLICATIONS","LB / ACRE / YEAR","CHEMICAL","FUNGICIDE","POTASSIUM BICARBON.",73508,3.52
"CALIFORNIA",2018,"BEARING - APPLICATIONS","LB / ACRE / YEAR","CHEMICAL","FUNGICIDE","PROPICONAZOLE",122101,0.221
"CALIFORNIA",2018,"BEARING - APPLICATIONS","LB / ACRE / YEAR","CHEMICAL","FUNGICIDE","PYRACLOSTROBIN",99100,0.305
"CALIFORNIA",2018,"BEARING - APPLICATIONS","LB / ACRE / YEAR","CHEMICAL","FUNGICIDE","PYRIMETHANIL",288201,0.762
"CALIFORNIA",2018,"BEARING - APPLICATIONS","LB / ACRE / YEAR","CHEMICAL","FUNGICIDE","QUINOLINE",55459,0.113
"CALIFORNIA",2018,"BEARING - APPLICATIONS","LB / ACRE / YEAR","CHEMICAL","FUNGICIDE","STREPTOMYCES LYDICUS",6327,NA
"CALIFORNIA",2018,"BEARING - APPLICATIONS","LB / ACRE / YEAR","CHEMICAL","FUNGICIDE","SULFUR",77501,12.88
"CALIFORNIA",2018,"BEARING - APPLICATIONS","LB / ACRE / YEAR","CHEMICAL","FUNGICIDE","TETRACONAZOLE",120603,0.055
"CALIFORNIA",2018,"BEARING - APPLICATIONS","LB / ACRE / YEAR","CHEMICAL","FUNGICIDE","THIOPHANATE-METHYL",102001,0.827
"CALIFORNIA",2018,"BEARING - APPLICATIONS","LB / ACRE / YEAR","CHEMICAL","FUNGICIDE","THIRAM",79801,4.285
"CALIFORNIA",2018,"BEARING - APPLICATIONS","LB / ACRE / YEAR","CHEMICAL","FUNGICIDE","TRIFLOXYSTROBIN",129112,0.148
"CALIFORNIA",2018,"BEARING - APPLICATIONS","LB / ACRE / YEAR","CHEMICAL","FUNGICIDE","TRIFLUMIZOLE",128879,0.396
"CALIFORNIA",2018,"BEARING - APPLICATIONS","LB / ACRE / YEAR","CHEMICAL","HERBICIDE","FLUMIOXAZIN",129034,0.105
"CALIFORNIA",2018,"BEARING - APPLICATIONS","LB / ACRE / YEAR","CHEMICAL","HERBICIDE","GLYPHOSATE ISO. SALT",103601,NA
"CALIFORNIA",2018,"BEARING - APPLICATIONS","LB / ACRE / YEAR","CHEMICAL","HERBICIDE","GLYPHOSATE POT. SALT",103613,NA
"CALIFORNIA",2018,"BEARING - APPLICATIONS","LB / ACRE / YEAR","CHEMICAL","HERBICIDE","NAPROPAMIDE",103001,NA
"CALIFORNIA",2018,"BEARING - APPLICATIONS","LB / ACRE / YEAR","CHEMICAL","HERBICIDE","OXYFLUORFEN",111601,0.355
"CALIFORNIA",2018,"BEARING - APPLICATIONS","LB / ACRE / YEAR","CHEMICAL","HERBICIDE","PENDIMETHALIN",108501,1.944
"CALIFORNIA",2018,"BEARING - APPLICATIONS","LB / ACRE / YEAR","CHEMICAL","HERBICIDE","SULFENTRAZONE",129081,NA
"CALIFORNIA",2018,"BEARING - APPLICATIONS","LB / ACRE / YEAR","CHEMICAL","INSECTICIDE","ABAMECTIN",122804,0.027
"CALIFORNIA",2018,"BEARING - APPLICATIONS","LB / ACRE / YEAR","CHEMICAL","INSECTICIDE","ACEQUINOCYL",6329,0.364
"CALIFORNIA",2018,"BEARING - APPLICATIONS","LB / ACRE / YEAR","CHEMICAL","INSECTICIDE","ACETAMIPRID",99050,0.165
"CALIFORNIA",2018,"BEARING - APPLICATIONS","LB / ACRE / YEAR","CHEMICAL","INSECTICIDE","AZADIRACHTIN",121701,0.06
"CALIFORNIA",2018,"BEARING - APPLICATIONS","LB / ACRE / YEAR","CHEMICAL","INSECTICIDE","BIFENAZATE",586,0.645
"CALIFORNIA",2018,"BEARING - APPLICATIONS","LB / ACRE / YEAR","CHEMICAL","INSECTICIDE","BIFENTHRIN",128825,0.163
"CALIFORNIA",2018,"BEARING - APPLICATIONS","LB / ACRE / YEAR","CHEMICAL","INSECTICIDE","BT KURSTAK ABTS-1857",6523,NA
"CALIFORNIA",2018,"BEARING - APPLICATIONS","LB / ACRE / YEAR","CHEMICAL","INSECTICIDE","BT KURSTAKI ABTS-351",6522,NA
"CALIFORNIA",2018,"BEARING - APPLICATIONS","LB / ACRE / YEAR","CHEMICAL","INSECTICIDE","BT KURSTAKI SA-11",6519,NA
"CALIFORNIA",2018,"BEARING - APPLICATIONS","LB / ACRE / YEAR","CHEMICAL","INSECTICIDE","BT SUB AIZAWAI GC-91",6426,NA
"CALIFORNIA",2018,"BEARING - APPLICATIONS","LB / ACRE / YEAR","CHEMICAL","INSECTICIDE","BUPROFEZIN",275100,NA
"CALIFORNIA",2018,"BEARING - APPLICATIONS","LB / ACRE / YEAR","CHEMICAL","INSECTICIDE","BURKHOLDERIA A396 CELLS & MEDIA",6534,NA
"CALIFORNIA",2018,"BEARING - APPLICATIONS","LB / ACRE / YEAR","CHEMICAL","INSECTICIDE","CARBARYL",56801,NA
"CALIFORNIA",2018,"BEARING - APPLICATIONS","LB / ACRE / YEAR","CHEMICAL","INSECTICIDE","CHLORANTRANILIPROLE",90100,0.084
"CALIFORNIA",2018,"BEARING - APPLICATIONS","LB / ACRE / YEAR","CHEMICAL","INSECTICIDE","CHLORPYRIFOS",59101,NA
"CALIFORNIA",2018,"BEARING - APPLICATIONS","LB / ACRE / YEAR","CHEMICAL","INSECTICIDE","CHROMOBAC SUBTSUGAE PRAA4-1 CELLS AND SPENT MEDIA",16329,NA
"CALIFORNIA",2018,"BEARING - APPLICATIONS","LB / ACRE / YEAR","CHEMICAL","INSECTICIDE","CYANTRANILIPROLE",90098,NA
"CALIFORNIA",2018,"BEARING - APPLICATIONS","LB / ACRE / YEAR","CHEMICAL","INSECTICIDE","CYFLUMETOFEN = 138831)",NA,0.24
"CALIFORNIA",2018,"BEARING - APPLICATIONS","LB / ACRE / YEAR","CHEMICAL","INSECTICIDE","DIAZINON",57801,NA
"CALIFORNIA",2018,"BEARING - APPLICATIONS","LB / ACRE / YEAR","CHEMICAL","INSECTICIDE","EMAMECTIN BENZOATE",122806,NA
"CALIFORNIA",2018,"BEARING - APPLICATIONS","LB / ACRE / YEAR","CHEMICAL","INSECTICIDE","ETOXAZOLE",107091,NA
"CALIFORNIA",2018,"BEARING - APPLICATIONS","LB / ACRE / YEAR","CHEMICAL","INSECTICIDE","FENBUTATIN-OXIDE",104601,NA
"CALIFORNIA",2018,"BEARING - APPLICATIONS","LB / ACRE / YEAR","CHEMICAL","INSECTICIDE","FENPROPATHRIN",127901,0.397
"CALIFORNIA",2018,"BEARING - APPLICATIONS","LB / ACRE / YEAR","CHEMICAL","INSECTICIDE","FENPYROXIMATE",129131,0.128
"CALIFORNIA",2018,"BEARING - APPLICATIONS","LB / ACRE / YEAR","CHEMICAL","INSECTICIDE","FLONICAMID",128016,0.105
"CALIFORNIA",2018,"BEARING - APPLICATIONS","LB / ACRE / YEAR","CHEMICAL","INSECTICIDE","FLUPYRADIFURONE",122304,0.234
"CALIFORNIA",2018,"BEARING - APPLICATIONS","LB / ACRE / YEAR","CHEMICAL","INSECTICIDE","HEXYTHIAZOX",128849,0.212
"CALIFORNIA",2018,"BEARING - APPLICATIONS","LB / ACRE / YEAR","CHEMICAL","INSECTICIDE","IMIDACLOPRID",129099,0.63
"CALIFORNIA",2018,"BEARING - APPLICATIONS","LB / ACRE / YEAR","CHEMICAL","INSECTICIDE","LAMBDA-CYHALOTHRIN",128897,NA
"CALIFORNIA",2018,"BEARING - APPLICATIONS","LB / ACRE / YEAR","CHEMICAL","INSECTICIDE","MALATHION",57701,3.062
"CALIFORNIA",2018,"BEARING - APPLICATIONS","LB / ACRE / YEAR","CHEMICAL","INSECTICIDE","METHOXYFENOZIDE",121027,0.214
"CALIFORNIA",2018,"BEARING - APPLICATIONS","LB / ACRE / YEAR","CHEMICAL","INSECTICIDE","NALED",34401,1.091
"CALIFORNIA",2018,"BEARING - APPLICATIONS","LB / ACRE / YEAR","CHEMICAL","INSECTICIDE","NEEM OIL",25006,NA
"CALIFORNIA",2018,"BEARING - APPLICATIONS","LB / ACRE / YEAR","CHEMICAL","INSECTICIDE","NEEM OIL, CLAR. HYD.",25007,10.762
"CALIFORNIA",2018,"BEARING - APPLICATIONS","LB / ACRE / YEAR","CHEMICAL","INSECTICIDE","NOVALURON",124002,0.119
"CALIFORNIA",2018,"BEARING - APPLICATIONS","LB / ACRE / YEAR","CHEMICAL","INSECTICIDE","PIPERONYL BUTOXIDE",67501,NA
"CALIFORNIA",2018,"BEARING - APPLICATIONS","LB / ACRE / YEAR","CHEMICAL","INSECTICIDE","POTASSIUM SALTS",79021,NA
"CALIFORNIA",2018,"BEARING - APPLICATIONS","LB / ACRE / YEAR","CHEMICAL","INSECTICIDE","PYRETHRINS",69001,0.137
"CALIFORNIA",2018,"BEARING - APPLICATIONS","LB / ACRE / YEAR","CHEMICAL","INSECTICIDE","PYRIPROXYFEN",129032,NA
"CALIFORNIA",2018,"BEARING - APPLICATIONS","LB / ACRE / YEAR","CHEMICAL","INSECTICIDE","SPINETORAM",110007,0.083
"CALIFORNIA",2018,"BEARING - APPLICATIONS","LB / ACRE / YEAR","CHEMICAL","INSECTICIDE","SPINOSAD",110003,0.104
"CALIFORNIA",2018,"BEARING - APPLICATIONS","LB / ACRE / YEAR","CHEMICAL","INSECTICIDE","SPIROMESIFEN",24875,0.319
"CALIFORNIA",2018,"BEARING - APPLICATIONS","LB / ACRE / YEAR","CHEMICAL","INSECTICIDE","SPIROTETRAMAT",392201,NA
"CALIFORNIA",2018,"BEARING - APPLICATIONS","LB / ACRE / YEAR","CHEMICAL","INSECTICIDE","SULFOXAFLOR",5210,NA
"CALIFORNIA",2018,"BEARING - APPLICATIONS","LB / ACRE / YEAR","CHEMICAL","INSECTICIDE","THIAMETHOXAM",60109,0.086
"CALIFORNIA",2018,"BEARING - APPLICATIONS","LB / ACRE / YEAR","CHEMICAL","OTHER","ACIBENZOLAR-S-METHYL",61402,NA
"CALIFORNIA",2018,"BEARING - APPLICATIONS","LB / ACRE / YEAR","CHEMICAL","OTHER","AUREOBASIDIUM PULLULANS DSM 14940",46010,NA
"CALIFORNIA",2018,"BEARING - APPLICATIONS","LB / ACRE / YEAR","CHEMICAL","OTHER","AUREOBASIDIUM PULLULANS DSM 14941",36010,NA
"CALIFORNIA",2018,"BEARING - APPLICATIONS","LB / ACRE / YEAR","CHEMICAL","OTHER","BT KURSTAKI SA-12",6518,NA
"CALIFORNIA",2018,"BEARING - APPLICATIONS","LB / ACRE / YEAR","CHEMICAL","OTHER","CAPRIC ACID",128955,NA
"CALIFORNIA",2018,"BEARING - APPLICATIONS","LB / ACRE / YEAR","CHEMICAL","OTHER","CAPRYLIC ACID",128919,NA
"CALIFORNIA",2018,"BEARING - APPLICATIONS","LB / ACRE / YEAR","CHEMICAL","OTHER","CHLOROPICRIN",81501,256.687
"CALIFORNIA",2018,"BEARING - APPLICATIONS","LB / ACRE / YEAR","CHEMICAL","OTHER","DICHLOROPROPENE",29001,85.17
"CALIFORNIA",2018,"BEARING - APPLICATIONS","LB / ACRE / YEAR","CHEMICAL","OTHER","FLUTRIAFOL",128940,0.129
"CALIFORNIA",2018,"BEARING - APPLICATIONS","LB / ACRE / YEAR","CHEMICAL","OTHER","GLIOCLADIUM VIRENS",129000,NA
"CALIFORNIA",2018,"BEARING - APPLICATIONS","LB / ACRE / YEAR","CHEMICAL","OTHER","IRON PHOSPHATE",34903,NA
"CALIFORNIA",2018,"BEARING - APPLICATIONS","LB / ACRE / YEAR","CHEMICAL","OTHER","METALDEHYDE",53001,NA
"CALIFORNIA",2018,"BEARING - APPLICATIONS","LB / ACRE / YEAR","CHEMICAL","OTHER","METAM-POTASSIUM",39002,NA
"CALIFORNIA",2018,"BEARING - APPLICATIONS","LB / ACRE / YEAR","CHEMICAL","OTHER","METAM-SODIUM",39003,NA
"CALIFORNIA",2018,"BEARING - APPLICATIONS","LB / ACRE / YEAR","CHEMICAL","OTHER","PAECILOMYCES FUMOSOR",115002,NA
"CALIFORNIA",2018,"BEARING - APPLICATIONS","LB / ACRE / YEAR","CHEMICAL","OTHER","POTASSIUM SILICATE",72606,NA
"CALIFORNIA",2018,"BEARING - APPLICATIONS","LB / ACRE / YEAR","CHEMICAL","OTHER","REYNOUTRIA SACHALINE",55809,0.307
"CALIFORNIA",2018,"BEARING - APPLICATIONS","NUMBER","CHEMICAL","FUNGICIDE","AZOXYSTROBIN",128810,1.4
"CALIFORNIA",2018,"BEARING - APPLICATIONS","NUMBER","CHEMICAL","FUNGICIDE","BACILLUS AMYLOLIQUEFACIENS MBI 600",129082,NA
"CALIFORNIA",2018,"BEARING - APPLICATIONS","NUMBER","CHEMICAL","FUNGICIDE","BACILLUS AMYLOLIQUEFACIENS STRAIN D747",16482,1.5
"CALIFORNIA",2018,"BEARING - APPLICATIONS","NUMBER","CHEMICAL","FUNGICIDE","BACILLUS PUMILUS",6485,NA
"CALIFORNIA",2018,"BEARING - APPLICATIONS","NUMBER","CHEMICAL","FUNGICIDE","BACILLUS SUBTILIS",6479,2.4
"CALIFORNIA",2018,"BEARING - APPLICATIONS","NUMBER","CHEMICAL","FUNGICIDE","BLAD",30006,NA
"CALIFORNIA",2018,"BEARING - APPLICATIONS","NUMBER","CHEMICAL","FUNGICIDE","BORAX DECAHYDRATE",11102,NA
"CALIFORNIA",2018,"BEARING - APPLICATIONS","NUMBER","CHEMICAL","FUNGICIDE","BOSCALID",128008,1.6
"CALIFORNIA",2018,"BEARING - APPLICATIONS","NUMBER","CHEMICAL","FUNGICIDE","CAPTAN",81301,3.4
"CALIFORNIA",2018,"BEARING - APPLICATIONS","NUMBER","CHEMICAL","FUNGICIDE","COPPER HYDROXIDE",23401,NA
"CALIFORNIA",2018,"BEARING - APPLICATIONS","NUMBER","CHEMICAL","FUNGICIDE","COPPER OCTANOATE",23306,NA
"CALIFORNIA",2018,"BEARING - APPLICATIONS","NUMBER","CHEMICAL","FUNGICIDE","CYFLUFENAMID",555550,1.2
"CALIFORNIA",2018,"BEARING - APPLICATIONS","NUMBER","CHEMICAL","FUNGICIDE","CYPRODINIL",288202,1.4
"CALIFORNIA",2018,"BEARING - APPLICATIONS","NUMBER","CHEMICAL","FUNGICIDE","DIFENOCONAZOLE",128847,NA
"CALIFORNIA",2018,"BEARING - APPLICATIONS","NUMBER","CHEMICAL","FUNGICIDE","FENHEXAMID",90209,1.7
"CALIFORNIA",2018,"BEARING - APPLICATIONS","NUMBER","CHEMICAL","FUNGICIDE","FLUDIOXONIL",71503,1.4
"CALIFORNIA",2018,"BEARING - APPLICATIONS","NUMBER","CHEMICAL","FUNGICIDE","FLUOPYRAM",80302,1.2
"CALIFORNIA",2018,"BEARING - APPLICATIONS","NUMBER","CHEMICAL","FUNGICIDE","FLUXAPYROXAD",138009,1.3
"CALIFORNIA",2018,"BEARING - APPLICATIONS","NUMBER","CHEMICAL","FUNGICIDE","FOSETYL-AL",123301,NA
"CALIFORNIA",2018,"BEARING - APPLICATIONS","NUMBER","CHEMICAL","FUNGICIDE","IPRODIONE",109801,NA
"CALIFORNIA",2018,"BEARING - APPLICATIONS","NUMBER","CHEMICAL","FUNGICIDE","ISOFETAMID",270000,NA
"CALIFORNIA",2018,"BEARING - APPLICATIONS","NUMBER","CHEMICAL","FUNGICIDE","MEFENOXAM",113502,1.5
"CALIFORNIA",2018,"BEARING - APPLICATIONS","NUMBER","CHEMICAL","FUNGICIDE","MYCLOBUTANIL",128857,1.6
"CALIFORNIA",2018,"BEARING - APPLICATIONS","NUMBER","CHEMICAL","FUNGICIDE","PENTHIOPYRAD",90112,1.3
"CALIFORNIA",2018,"BEARING - APPLICATIONS","NUMBER","CHEMICAL","FUNGICIDE","POLYOXIN D ZINC SALT",230000,1.1
"CALIFORNIA",2018,"BEARING - APPLICATIONS","NUMBER","CHEMICAL","FUNGICIDE","POTASSIUM BICARBON.",73508,1.5
"CALIFORNIA",2018,"BEARING - APPLICATIONS","NUMBER","CHEMICAL","FUNGICIDE","PROPICONAZOLE",122101,2
"CALIFORNIA",2018,"BEARING - APPLICATIONS","NUMBER","CHEMICAL","FUNGICIDE","PYRACLOSTROBIN",99100,1.8
"CALIFORNIA",2018,"BEARING - APPLICATIONS","NUMBER","CHEMICAL","FUNGICIDE","PYRIMETHANIL",288201,1.2
"CALIFORNIA",2018,"BEARING - APPLICATIONS","NUMBER","CHEMICAL","FUNGICIDE","QUINOLINE",55459,1.2
"CALIFORNIA",2018,"BEARING - APPLICATIONS","NUMBER","CHEMICAL","FUNGICIDE","STREPTOMYCES LYDICUS",6327,NA
"CALIFORNIA",2018,"BEARING - APPLICATIONS","NUMBER","CHEMICAL","FUNGICIDE","SULFUR",77501,2.6
"CALIFORNIA",2018,"BEARING - APPLICATIONS","NUMBER","CHEMICAL","FUNGICIDE","TETRACONAZOLE",120603,1.5
"CALIFORNIA",2018,"BEARING - APPLICATIONS","NUMBER","CHEMICAL","FUNGICIDE","THIOPHANATE-METHYL",102001,1.3
"CALIFORNIA",2018,"BEARING - APPLICATIONS","NUMBER","CHEMICAL","FUNGICIDE","THIRAM",79801,2.1
"CALIFORNIA",2018,"BEARING - APPLICATIONS","NUMBER","CHEMICAL","FUNGICIDE","TRIFLOXYSTROBIN",129112,1.3
"CALIFORNIA",2018,"BEARING - APPLICATIONS","NUMBER","CHEMICAL","FUNGICIDE","TRIFLUMIZOLE",128879,1.6
"CALIFORNIA",2018,"BEARING - APPLICATIONS","NUMBER","CHEMICAL","HERBICIDE","FLUMIOXAZIN",129034,1.1
"CALIFORNIA",2018,"BEARING - APPLICATIONS","NUMBER","CHEMICAL","HERBICIDE","GLYPHOSATE ISO. SALT",103601,NA
"CALIFORNIA",2018,"BEARING - APPLICATIONS","NUMBER","CHEMICAL","HERBICIDE","GLYPHOSATE POT. SALT",103613,NA
"CALIFORNIA",2018,"BEARING - APPLICATIONS","NUMBER","CHEMICAL","HERBICIDE","NAPROPAMIDE",103001,NA
"CALIFORNIA",2018,"BEARING - APPLICATIONS","NUMBER","CHEMICAL","HERBICIDE","OXYFLUORFEN",111601,1
"CALIFORNIA",2018,"BEARING - APPLICATIONS","NUMBER","CHEMICAL","HERBICIDE","PENDIMETHALIN",108501,1.4
"CALIFORNIA",2018,"BEARING - APPLICATIONS","NUMBER","CHEMICAL","HERBICIDE","SULFENTRAZONE",129081,NA
"CALIFORNIA",2018,"BEARING - APPLICATIONS","NUMBER","CHEMICAL","INSECTICIDE","ABAMECTIN",122804,1.4
"CALIFORNIA",2018,"BEARING - APPLICATIONS","NUMBER","CHEMICAL","INSECTICIDE","ACEQUINOCYL",6329,1.2
"CALIFORNIA",2018,"BEARING - APPLICATIONS","NUMBER","CHEMICAL","INSECTICIDE","ACETAMIPRID",99050,1.4
"CALIFORNIA",2018,"BEARING - APPLICATIONS","NUMBER","CHEMICAL","INSECTICIDE","AZADIRACHTIN",121701,1.9
"CALIFORNIA",2018,"BEARING - APPLICATIONS","NUMBER","CHEMICAL","INSECTICIDE","BIFENAZATE",586,1.3
"CALIFORNIA",2018,"BEARING - APPLICATIONS","NUMBER","CHEMICAL","INSECTICIDE","BIFENTHRIN",128825,1.7
"CALIFORNIA",2018,"BEARING - APPLICATIONS","NUMBER","CHEMICAL","INSECTICIDE","BT KURSTAK ABTS-1857",6523,1.2
"CALIFORNIA",2018,"BEARING - APPLICATIONS","NUMBER","CHEMICAL","INSECTICIDE","BT KURSTAKI ABTS-351",6522,2.3
"CALIFORNIA",2018,"BEARING - APPLICATIONS","NUMBER","CHEMICAL","INSECTICIDE","BT KURSTAKI SA-11",6519,1.1
"CALIFORNIA",2018,"BEARING - APPLICATIONS","NUMBER","CHEMICAL","INSECTICIDE","BT SUB AIZAWAI GC-91",6426,NA
"CALIFORNIA",2018,"BEARING - APPLICATIONS","NUMBER","CHEMICAL","INSECTICIDE","BUPROFEZIN",275100,NA
"CALIFORNIA",2018,"BEARING - APPLICATIONS","NUMBER","CHEMICAL","INSECTICIDE","BURKHOLDERIA A396 CELLS & MEDIA",6534,NA
"CALIFORNIA",2018,"BEARING - APPLICATIONS","NUMBER","CHEMICAL","INSECTICIDE","CARBARYL",56801,NA
"CALIFORNIA",2018,"BEARING - APPLICATIONS","NUMBER","CHEMICAL","INSECTICIDE","CHLORANTRANILIPROLE",90100,1.2
"CALIFORNIA",2018,"BEARING - APPLICATIONS","NUMBER","CHEMICAL","INSECTICIDE","CHLORPYRIFOS",59101,NA
"CALIFORNIA",2018,"BEARING - APPLICATIONS","NUMBER","CHEMICAL","INSECTICIDE","CHROMOBAC SUBTSUGAE PRAA4-1 CELLS AND SPENT MEDIA",16329,1.1
"CALIFORNIA",2018,"BEARING - APPLICATIONS","NUMBER","CHEMICAL","INSECTICIDE","CYANTRANILIPROLE",90098,NA
"CALIFORNIA",2018,"BEARING - APPLICATIONS","NUMBER","CHEMICAL","INSECTICIDE","CYFLUMETOFEN = 138831)",NA,1.3
"CALIFORNIA",2018,"BEARING - APPLICATIONS","NUMBER","CHEMICAL","INSECTICIDE","DIAZINON",57801,NA
"CALIFORNIA",2018,"BEARING - APPLICATIONS","NUMBER","CHEMICAL","INSECTICIDE","EMAMECTIN BENZOATE",122806,NA
"CALIFORNIA",2018,"BEARING - APPLICATIONS","NUMBER","CHEMICAL","INSECTICIDE","ETOXAZOLE",107091,NA
"CALIFORNIA",2018,"BEARING - APPLICATIONS","NUMBER","CHEMICAL","INSECTICIDE","FENBUTATIN-OXIDE",104601,NA
"CALIFORNIA",2018,"BEARING - APPLICATIONS","NUMBER","CHEMICAL","INSECTICIDE","FENPROPATHRIN",127901,1.4
"CALIFORNIA",2018,"BEARING - APPLICATIONS","NUMBER","CHEMICAL","INSECTICIDE","FENPYROXIMATE",129131,1.2
"CALIFORNIA",2018,"BEARING - APPLICATIONS","NUMBER","CHEMICAL","INSECTICIDE","FLONICAMID",128016,1.3
"CALIFORNIA",2018,"BEARING - APPLICATIONS","NUMBER","CHEMICAL","INSECTICIDE","FLUPYRADIFURONE",122304,1.4
"CALIFORNIA",2018,"BEARING - APPLICATIONS","NUMBER","CHEMICAL","INSECTICIDE","HEXYTHIAZOX",128849,1.2
"CALIFORNIA",2018,"BEARING - APPLICATIONS","NUMBER","CHEMICAL","INSECTICIDE","IMIDACLOPRID",129099,1.3
"CALIFORNIA",2018,"BEARING - APPLICATIONS","NUMBER","CHEMICAL","INSECTICIDE","LAMBDA-CYHALOTHRIN",128897,NA
"CALIFORNIA",2018,"BEARING - APPLICATIONS","NUMBER","CHEMICAL","INSECTICIDE","MALATHION",57701,1.7
"CALIFORNIA",2018,"BEARING - APPLICATIONS","NUMBER","CHEMICAL","INSECTICIDE","METHOXYFENOZIDE",121027,1.2
"CALIFORNIA",2018,"BEARING - APPLICATIONS","NUMBER","CHEMICAL","INSECTICIDE","NALED",34401,1.2
"CALIFORNIA",2018,"BEARING - APPLICATIONS","NUMBER","CHEMICAL","INSECTICIDE","NEEM OIL",25006,NA
"CALIFORNIA",2018,"BEARING - APPLICATIONS","NUMBER","CHEMICAL","INSECTICIDE","NEEM OIL, CLAR. HYD.",25007,1.7
"CALIFORNIA",2018,"BEARING - APPLICATIONS","NUMBER","CHEMICAL","INSECTICIDE","NOVALURON",124002,1.6
"CALIFORNIA",2018,"BEARING - APPLICATIONS","NUMBER","CHEMICAL","INSECTICIDE","PIPERONYL BUTOXIDE",67501,NA
"CALIFORNIA",2018,"BEARING - APPLICATIONS","NUMBER","CHEMICAL","INSECTICIDE","POTASSIUM SALTS",79021,NA
"CALIFORNIA",2018,"BEARING - APPLICATIONS","NUMBER","CHEMICAL","INSECTICIDE","PYRETHRINS",69001,2.5
"CALIFORNIA",2018,"BEARING - APPLICATIONS","NUMBER","CHEMICAL","INSECTICIDE","PYRIPROXYFEN",129032,NA
"CALIFORNIA",2018,"BEARING - APPLICATIONS","NUMBER","CHEMICAL","INSECTICIDE","SPINETORAM",110007,1.2
"CALIFORNIA",2018,"BEARING - APPLICATIONS","NUMBER","CHEMICAL","INSECTICIDE","SPINOSAD",110003,1.2
"CALIFORNIA",2018,"BEARING - APPLICATIONS","NUMBER","CHEMICAL","INSECTICIDE","SPIROMESIFEN",24875,1.3
"CALIFORNIA",2018,"BEARING - APPLICATIONS","NUMBER","CHEMICAL","INSECTICIDE","SPIROTETRAMAT",392201,NA
"CALIFORNIA",2018,"BEARING - APPLICATIONS","NUMBER","CHEMICAL","INSECTICIDE","SULFOXAFLOR",5210,NA
"CALIFORNIA",2018,"BEARING - APPLICATIONS","NUMBER","CHEMICAL","INSECTICIDE","THIAMETHOXAM",60109,1.4
"CALIFORNIA",2018,"BEARING - APPLICATIONS","NUMBER","CHEMICAL","OTHER","ACIBENZOLAR-S-METHYL",61402,NA
"CALIFORNIA",2018,"BEARING - APPLICATIONS","NUMBER","CHEMICAL","OTHER","AUREOBASIDIUM PULLULANS DSM 14940",46010,NA
"CALIFORNIA",2018,"BEARING - APPLICATIONS","NUMBER","CHEMICAL","OTHER","AUREOBASIDIUM PULLULANS DSM 14941",36010,NA
"CALIFORNIA",2018,"BEARING - APPLICATIONS","NUMBER","CHEMICAL","OTHER","BT KURSTAKI SA-12",6518,NA
"CALIFORNIA",2018,"BEARING - APPLICATIONS","NUMBER","CHEMICAL","OTHER","CAPRIC ACID",128955,NA
"CALIFORNIA",2018,"BEARING - APPLICATIONS","NUMBER","CHEMICAL","OTHER","CAPRYLIC ACID",128919,NA
"CALIFORNIA",2018,"BEARING - APPLICATIONS","NUMBER","CHEMICAL","OTHER","CHLOROPICRIN",81501,1.1
"CALIFORNIA",2018,"BEARING - APPLICATIONS","NUMBER","CHEMICAL","OTHER","DICHLOROPROPENE",29001,1
"CALIFORNIA",2018,"BEARING - APPLICATIONS","NUMBER","CHEMICAL","OTHER","FLUTRIAFOL",128940,1.1
"CALIFORNIA",2018,"BEARING - APPLICATIONS","NUMBER","CHEMICAL","OTHER","GLIOCLADIUM VIRENS",129000,NA
"CALIFORNIA",2018,"BEARING - APPLICATIONS","NUMBER","CHEMICAL","OTHER","IRON PHOSPHATE",34903,NA
"CALIFORNIA",2018,"BEARING - APPLICATIONS","NUMBER","CHEMICAL","OTHER","METALDEHYDE",53001,NA
"CALIFORNIA",2018,"BEARING - APPLICATIONS","NUMBER","CHEMICAL","OTHER","METAM-POTASSIUM",39002,NA
"CALIFORNIA",2018,"BEARING - APPLICATIONS","NUMBER","CHEMICAL","OTHER","METAM-SODIUM",39003,NA
"CALIFORNIA",2018,"BEARING - APPLICATIONS","NUMBER","CHEMICAL","OTHER","PAECILOMYCES FUMOSOR",115002,NA
"CALIFORNIA",2018,"BEARING - APPLICATIONS","NUMBER","CHEMICAL","OTHER","POTASSIUM SILICATE",72606,NA
"CALIFORNIA",2018,"BEARING - APPLICATIONS","NUMBER","CHEMICAL","OTHER","REYNOUTRIA SACHALINE",55809,1.4
"CALIFORNIA",2018,"BEARING - TREATED","PCT OF AREA BEARING","CHEMICAL","FUNGICIDE","AZOXYSTROBIN",128810,10
"CALIFORNIA",2018,"BEARING - TREATED","PCT OF AREA BEARING","CHEMICAL","FUNGICIDE","BACILLUS AMYLOLIQUEFACIENS MBI 600",129082,NA
"CALIFORNIA",2018,"BEARING - TREATED","PCT OF AREA BEARING","CHEMICAL","FUNGICIDE","BACILLUS AMYLOLIQUEFACIENS STRAIN D747",16482,14
"CALIFORNIA",2018,"BEARING - TREATED","PCT OF AREA BEARING","CHEMICAL","FUNGICIDE","BACILLUS PUMILUS",6485,NA
"CALIFORNIA",2018,"BEARING - TREATED","PCT OF AREA BEARING","CHEMICAL","FUNGICIDE","BACILLUS SUBTILIS",6479,1
"CALIFORNIA",2018,"BEARING - TREATED","PCT OF AREA BEARING","CHEMICAL","FUNGICIDE","BLAD",30006,NA
"CALIFORNIA",2018,"BEARING - TREATED","PCT OF AREA BEARING","CHEMICAL","FUNGICIDE","BORAX DECAHYDRATE",11102,NA
"CALIFORNIA",2018,"BEARING - TREATED","PCT OF AREA BEARING","CHEMICAL","FUNGICIDE","BOSCALID",128008,9
"CALIFORNIA",2018,"BEARING - TREATED","PCT OF AREA BEARING","CHEMICAL","FUNGICIDE","CAPTAN",81301,41
"CALIFORNIA",2018,"BEARING - TREATED","PCT OF AREA BEARING","CHEMICAL","FUNGICIDE","COPPER HYDROXIDE",23401,NA
"CALIFORNIA",2018,"BEARING - TREATED","PCT OF AREA BEARING","CHEMICAL","FUNGICIDE","COPPER OCTANOATE",23306,NA
"CALIFORNIA",2018,"BEARING - TREATED","PCT OF AREA BEARING","CHEMICAL","FUNGICIDE","CYFLUFENAMID",555550,6
"CALIFORNIA",2018,"BEARING - TREATED","PCT OF AREA BEARING","CHEMICAL","FUNGICIDE","CYPRODINIL",288202,30
"CALIFORNIA",2018,"BEARING - TREATED","PCT OF AREA BEARING","CHEMICAL","FUNGICIDE","DIFENOCONAZOLE",128847,NA
"CALIFORNIA",2018,"BEARING - TREATED","PCT OF AREA BEARING","CHEMICAL","FUNGICIDE","FENHEXAMID",90209,9
"CALIFORNIA",2018,"BEARING - TREATED","PCT OF AREA BEARING","CHEMICAL","FUNGICIDE","FLUDIOXONIL",71503,30
"CALIFORNIA",2018,"BEARING - TREATED","PCT OF AREA BEARING","CHEMICAL","FUNGICIDE","FLUOPYRAM",80302,32
"CALIFORNIA",2018,"BEARING - TREATED","PCT OF AREA BEARING","CHEMICAL","FUNGICIDE","FLUXAPYROXAD",138009,14
"CALIFORNIA",2018,"BEARING - TREATED","PCT OF AREA BEARING","CHEMICAL","FUNGICIDE","FOSETYL-AL",123301,NA
"CALIFORNIA",2018,"BEARING - TREATED","PCT OF AREA BEARING","CHEMICAL","FUNGICIDE","IPRODIONE",109801,NA
"CALIFORNIA",2018,"BEARING - TREATED","PCT OF AREA BEARING","CHEMICAL","FUNGICIDE","ISOFETAMID",270000,NA
"CALIFORNIA",2018,"BEARING - TREATED","PCT OF AREA BEARING","CHEMICAL","FUNGICIDE","MEFENOXAM",113502,8
"CALIFORNIA",2018,"BEARING - TREATED","PCT OF AREA BEARING","CHEMICAL","FUNGICIDE","MYCLOBUTANIL",128857,18
"CALIFORNIA",2018,"BEARING - TREATED","PCT OF AREA BEARING","CHEMICAL","FUNGICIDE","PENTHIOPYRAD",90112,20
"CALIFORNIA",2018,"BEARING - TREATED","PCT OF AREA BEARING","CHEMICAL","FUNGICIDE","POLYOXIN D ZINC SALT",230000,15
"CALIFORNIA",2018,"BEARING - TREATED","PCT OF AREA BEARING","CHEMICAL","FUNGICIDE","POTASSIUM BICARBON.",73508,12
"CALIFORNIA",2018,"BEARING - TREATED","PCT OF AREA BEARING","CHEMICAL","FUNGICIDE","PROPICONAZOLE",122101,12
"CALIFORNIA",2018,"BEARING - TREATED","PCT OF AREA BEARING","CHEMICAL","FUNGICIDE","PYRACLOSTROBIN",99100,21
"CALIFORNIA",2018,"BEARING - TREATED","PCT OF AREA BEARING","CHEMICAL","FUNGICIDE","PYRIMETHANIL",288201,10
"CALIFORNIA",2018,"BEARING - TREATED","PCT OF AREA BEARING","CHEMICAL","FUNGICIDE","QUINOLINE",55459,23
"CALIFORNIA",2018,"BEARING - TREATED","PCT OF AREA BEARING","CHEMICAL","FUNGICIDE","STREPTOMYCES LYDICUS",6327,NA
"CALIFORNIA",2018,"BEARING - TREATED","PCT OF AREA BEARING","CHEMICAL","FUNGICIDE","SULFUR",77501,64
"CALIFORNIA",2018,"BEARING - TREATED","PCT OF AREA BEARING","CHEMICAL","FUNGICIDE","TETRACONAZOLE",120603,19
"CALIFORNIA",2018,"BEARING - TREATED","PCT OF AREA BEARING","CHEMICAL","FUNGICIDE","THIOPHANATE-METHYL",102001,4
"CALIFORNIA",2018,"BEARING - TREATED","PCT OF AREA BEARING","CHEMICAL","FUNGICIDE","THIRAM",79801,13
"CALIFORNIA",2018,"BEARING - TREATED","PCT OF AREA BEARING","CHEMICAL","FUNGICIDE","TOTAL)",NA,71
"CALIFORNIA",2018,"BEARING - TREATED","PCT OF AREA BEARING","CHEMICAL","FUNGICIDE","TRIFLOXYSTROBIN",129112,37
"CALIFORNIA",2018,"BEARING - TREATED","PCT OF AREA BEARING","CHEMICAL","FUNGICIDE","TRIFLUMIZOLE",128879,13
"CALIFORNIA",2018,"BEARING - TREATED","PCT OF AREA BEARING","CHEMICAL","HERBICIDE","FLUMIOXAZIN",129034,4
"CALIFORNIA",2018,"BEARING - TREATED","PCT OF AREA BEARING","CHEMICAL","HERBICIDE","GLYPHOSATE ISO. SALT",103601,NA
"CALIFORNIA",2018,"BEARING - TREATED","PCT OF AREA BEARING","CHEMICAL","HERBICIDE","GLYPHOSATE POT. SALT",103613,NA
"CALIFORNIA",2018,"BEARING - TREATED","PCT OF AREA BEARING","CHEMICAL","HERBICIDE","NAPROPAMIDE",103001,NA
"CALIFORNIA",2018,"BEARING - TREATED","PCT OF AREA BEARING","CHEMICAL","HERBICIDE","OXYFLUORFEN",111601,6
"CALIFORNIA",2018,"BEARING - TREATED","PCT OF AREA BEARING","CHEMICAL","HERBICIDE","PENDIMETHALIN",108501,4
"CALIFORNIA",2018,"BEARING - TREATED","PCT OF AREA BEARING","CHEMICAL","HERBICIDE","SULFENTRAZONE",129081,NA
"CALIFORNIA",2018,"BEARING - TREATED","PCT OF AREA BEARING","CHEMICAL","HERBICIDE","TOTAL)",NA,7
"CALIFORNIA",2018,"BEARING - TREATED","PCT OF AREA BEARING","CHEMICAL","INSECTICIDE","ABAMECTIN",122804,22
"CALIFORNIA",2018,"BEARING - TREATED","PCT OF AREA BEARING","CHEMICAL","INSECTICIDE","ACEQUINOCYL",6329,10
"CALIFORNIA",2018,"BEARING - TREATED","PCT OF AREA BEARING","CHEMICAL","INSECTICIDE","ACETAMIPRID",99050,20
"CALIFORNIA",2018,"BEARING - TREATED","PCT OF AREA BEARING","CHEMICAL","INSECTICIDE","AZADIRACHTIN",121701,29
"CALIFORNIA",2018,"BEARING - TREATED","PCT OF AREA BEARING","CHEMICAL","INSECTICIDE","BIFENAZATE",586,22
"CALIFORNIA",2018,"BEARING - TREATED","PCT OF AREA BEARING","CHEMICAL","INSECTICIDE","BIFENTHRIN",128825,19
"CALIFORNIA",2018,"BEARING - TREATED","PCT OF AREA BEARING","CHEMICAL","INSECTICIDE","BT KURSTAK ABTS-1857",6523,16
"CALIFORNIA",2018,"BEARING - TREATED","PCT OF AREA BEARING","CHEMICAL","INSECTICIDE","BT KURSTAKI ABTS-351",6522,7
"CALIFORNIA",2018,"BEARING - TREATED","PCT OF AREA BEARING","CHEMICAL","INSECTICIDE","BT KURSTAKI SA-11",6519,23
"CALIFORNIA",2018,"BEARING - TREATED","PCT OF AREA BEARING","CHEMICAL","INSECTICIDE","BT SUB AIZAWAI GC-91",6426,NA
"CALIFORNIA",2018,"BEARING - TREATED","PCT OF AREA BEARING","CHEMICAL","INSECTICIDE","BUPROFEZIN",275100,NA
"CALIFORNIA",2018,"BEARING - TREATED","PCT OF AREA BEARING","CHEMICAL","INSECTICIDE","BURKHOLDERIA A396 CELLS & MEDIA",6534,NA
"CALIFORNIA",2018,"BEARING - TREATED","PCT OF AREA BEARING","CHEMICAL","INSECTICIDE","CARBARYL",56801,NA
"CALIFORNIA",2018,"BEARING - TREATED","PCT OF AREA BEARING","CHEMICAL","INSECTICIDE","CHLORANTRANILIPROLE",90100,21
"CALIFORNIA",2018,"BEARING - TREATED","PCT OF AREA BEARING","CHEMICAL","INSECTICIDE","CHLORPYRIFOS",59101,NA
"CALIFORNIA",2018,"BEARING - TREATED","PCT OF AREA BEARING","CHEMICAL","INSECTICIDE","CHROMOBAC SUBTSUGAE PRAA4-1 CELLS AND SPENT MEDIA",16329,4
"CALIFORNIA",2018,"BEARING - TREATED","PCT OF AREA BEARING","CHEMICAL","INSECTICIDE","CYANTRANILIPROLE",90098,NA
"CALIFORNIA",2018,"BEARING - TREATED","PCT OF AREA BEARING","CHEMICAL","INSECTICIDE","CYFLUMETOFEN = 138831)",NA,21
"CALIFORNIA",2018,"BEARING - TREATED","PCT OF AREA BEARING","CHEMICAL","INSECTICIDE","DIAZINON",57801,NA
"CALIFORNIA",2018,"BEARING - TREATED","PCT OF AREA BEARING","CHEMICAL","INSECTICIDE","EMAMECTIN BENZOATE",122806,NA
"CALIFORNIA",2018,"BEARING - TREATED","PCT OF AREA BEARING","CHEMICAL","INSECTICIDE","ETOXAZOLE",107091,NA
"CALIFORNIA",2018,"BEARING - TREATED","PCT OF AREA BEARING","CHEMICAL","INSECTICIDE","FENBUTATIN-OXIDE",104601,NA
"CALIFORNIA",2018,"BEARING - TREATED","PCT OF AREA BEARING","CHEMICAL","INSECTICIDE","FENPROPATHRIN",127901,8
"CALIFORNIA",2018,"BEARING - TREATED","PCT OF AREA BEARING","CHEMICAL","INSECTICIDE","FENPYROXIMATE",129131,2
"CALIFORNIA",2018,"BEARING - TREATED","PCT OF AREA BEARING","CHEMICAL","INSECTICIDE","FLONICAMID",128016,35
"CALIFORNIA",2018,"BEARING - TREATED","PCT OF AREA BEARING","CHEMICAL","INSECTICIDE","FLUPYRADIFURONE",122304,9
"CALIFORNIA",2018,"BEARING - TREATED","PCT OF AREA BEARING","CHEMICAL","INSECTICIDE","HEXYTHIAZOX",128849,11
"CALIFORNIA",2018,"BEARING - TREATED","PCT OF AREA BEARING","CHEMICAL","INSECTICIDE","IMIDACLOPRID",129099,18
"CALIFORNIA",2018,"BEARING - TREATED","PCT OF AREA BEARING","CHEMICAL","INSECTICIDE","LAMBDA-CYHALOTHRIN",128897,NA
"CALIFORNIA",2018,"BEARING - TREATED","PCT OF AREA BEARING","CHEMICAL","INSECTICIDE","MALATHION",57701,7
"CALIFORNIA",2018,"BEARING - TREATED","PCT OF AREA BEARING","CHEMICAL","INSECTICIDE","METHOXYFENOZIDE",121027,13
"CALIFORNIA",2018,"BEARING - TREATED","PCT OF AREA BEARING","CHEMICAL","INSECTICIDE","NALED",34401,13
"CALIFORNIA",2018,"BEARING - TREATED","PCT OF AREA BEARING","CHEMICAL","INSECTICIDE","NEEM OIL",25006,NA
"CALIFORNIA",2018,"BEARING - TREATED","PCT OF AREA BEARING","CHEMICAL","INSECTICIDE","NEEM OIL, CLAR. HYD.",25007,23
"CALIFORNIA",2018,"BEARING - TREATED","PCT OF AREA BEARING","CHEMICAL","INSECTICIDE","NOVALURON",124002,39
"CALIFORNIA",2018,"BEARING - TREATED","PCT OF AREA BEARING","CHEMICAL","INSECTICIDE","PIPERONYL BUTOXIDE",67501,NA
"CALIFORNIA",2018,"BEARING - TREATED","PCT OF AREA BEARING","CHEMICAL","INSECTICIDE","POTASSIUM SALTS",79021,NA
"CALIFORNIA",2018,"BEARING - TREATED","PCT OF AREA BEARING","CHEMICAL","INSECTICIDE","PYRETHRINS",69001,8
"CALIFORNIA",2018,"BEARING - TREATED","PCT OF AREA BEARING","CHEMICAL","INSECTICIDE","PYRIPROXYFEN",129032,NA
"CALIFORNIA",2018,"BEARING - TREATED","PCT OF AREA BEARING","CHEMICAL","INSECTICIDE","SPINETORAM",110007,26
"CALIFORNIA",2018,"BEARING - TREATED","PCT OF AREA BEARING","CHEMICAL","INSECTICIDE","SPINOSAD",110003,18
"CALIFORNIA",2018,"BEARING - TREATED","PCT OF AREA BEARING","CHEMICAL","INSECTICIDE","SPIROMESIFEN",24875,9
"CALIFORNIA",2018,"BEARING - TREATED","PCT OF AREA BEARING","CHEMICAL","INSECTICIDE","SPIROTETRAMAT",392201,NA
"CALIFORNIA",2018,"BEARING - TREATED","PCT OF AREA BEARING","CHEMICAL","INSECTICIDE","SULFOXAFLOR",5210,NA
"CALIFORNIA",2018,"BEARING - TREATED","PCT OF AREA BEARING","CHEMICAL","INSECTICIDE","THIAMETHOXAM",60109,12
"CALIFORNIA",2018,"BEARING - TREATED","PCT OF AREA BEARING","CHEMICAL","INSECTICIDE","TOTAL)",NA,63
"CALIFORNIA",2018,"BEARING - TREATED","PCT OF AREA BEARING","CHEMICAL","OTHER","ACIBENZOLAR-S-METHYL",61402,NA
"CALIFORNIA",2018,"BEARING - TREATED","PCT OF AREA BEARING","CHEMICAL","OTHER","AUREOBASIDIUM PULLULANS DSM 14940",46010,NA
"CALIFORNIA",2018,"BEARING - TREATED","PCT OF AREA BEARING","CHEMICAL","OTHER","AUREOBASIDIUM PULLULANS DSM 14941",36010,NA
"CALIFORNIA",2018,"BEARING - TREATED","PCT OF AREA BEARING","CHEMICAL","OTHER","BT KURSTAKI SA-12",6518,NA
"CALIFORNIA",2018,"BEARING - TREATED","PCT OF AREA BEARING","CHEMICAL","OTHER","CAPRIC ACID",128955,NA
"CALIFORNIA",2018,"BEARING - TREATED","PCT OF AREA BEARING","CHEMICAL","OTHER","CAPRYLIC ACID",128919,NA
"CALIFORNIA",2018,"BEARING - TREATED","PCT OF AREA BEARING","CHEMICAL","OTHER","CHLOROPICRIN",81501,30
"CALIFORNIA",2018,"BEARING - TREATED","PCT OF AREA BEARING","CHEMICAL","OTHER","DICHLOROPROPENE",29001,22
"CALIFORNIA",2018,"BEARING - TREATED","PCT OF AREA BEARING","CHEMICAL","OTHER","FLUTRIAFOL",128940,9
"CALIFORNIA",2018,"BEARING - TREATED","PCT OF AREA BEARING","CHEMICAL","OTHER","GLIOCLADIUM VIRENS",129000,NA
"CALIFORNIA",2018,"BEARING - TREATED","PCT OF AREA BEARING","CHEMICAL","OTHER","IRON PHOSPHATE",34903,NA
"CALIFORNIA",2018,"BEARING - TREATED","PCT OF AREA BEARING","CHEMICAL","OTHER","METALDEHYDE",53001,NA
"CALIFORNIA",2018,"BEARING - TREATED","PCT OF AREA BEARING","CHEMICAL","OTHER","METAM-POTASSIUM",39002,NA
"CALIFORNIA",2018,"BEARING - TREATED","PCT OF AREA BEARING","CHEMICAL","OTHER","METAM-SODIUM",39003,NA
"CALIFORNIA",2018,"BEARING - TREATED","PCT OF AREA BEARING","CHEMICAL","OTHER","PAECILOMYCES FUMOSOR",115002,NA
"CALIFORNIA",2018,"BEARING - TREATED","PCT OF AREA BEARING","CHEMICAL","OTHER","POTASSIUM SILICATE",72606,NA
"CALIFORNIA",2018,"BEARING - TREATED","PCT OF AREA BEARING","CHEMICAL","OTHER","REYNOUTRIA SACHALINE",55809,15
"CALIFORNIA",2018,"BEARING - TREATED","PCT OF AREA BEARING","CHEMICAL","OTHER","TOTAL)",NA,45
"FLORIDA",2018,"BEARING - APPLICATIONS","LB","CHEMICAL","FUNGICIDE","AZOXYSTROBIN",128810,NA
"FLORIDA",2018,"BEARING - APPLICATIONS","LB","CHEMICAL","FUNGICIDE","CAPTAN",81301,87400
"FLORIDA",2018,"BEARING - APPLICATIONS","LB","CHEMICAL","FUNGICIDE","COPPER CHLORIDE HYD.",23501,NA
"FLORIDA",2018,"BEARING - APPLICATIONS","LB","CHEMICAL","FUNGICIDE","COPPER HYDROXIDE",23401,NA
"FLORIDA",2018,"BEARING - APPLICATIONS","LB","CHEMICAL","FUNGICIDE","CYPRODINIL",288202,3300
"FLORIDA",2018,"BEARING - APPLICATIONS","LB","CHEMICAL","FUNGICIDE","DIFENOCONAZOLE",128847,NA
"FLORIDA",2018,"BEARING - APPLICATIONS","LB","CHEMICAL","FUNGICIDE","FENHEXAMID",90209,NA
"FLORIDA",2018,"BEARING - APPLICATIONS","LB","CHEMICAL","FUNGICIDE","FLUDIOXONIL",71503,1700
"FLORIDA",2018,"BEARING - APPLICATIONS","LB","CHEMICAL","FUNGICIDE","FLUOPYRAM",80302,NA
"FLORIDA",2018,"BEARING - APPLICATIONS","LB","CHEMICAL","FUNGICIDE","IPRODIONE",109801,NA
"FLORIDA",2018,"BEARING - APPLICATIONS","LB","CHEMICAL","FUNGICIDE","ISOFETAMID",270000,NA
"FLORIDA",2018,"BEARING - APPLICATIONS","LB","CHEMICAL","FUNGICIDE","MEFENOXAM",113502,NA
"FLORIDA",2018,"BEARING - APPLICATIONS","LB","CHEMICAL","FUNGICIDE","PENTHIOPYRAD",90112,NA
"FLORIDA",2018,"BEARING - APPLICATIONS","LB","CHEMICAL","FUNGICIDE","PROPICONAZOLE",122101,NA
"FLORIDA",2018,"BEARING - APPLICATIONS","LB","CHEMICAL","FUNGICIDE","PYRIMETHANIL",288201,NA
"FLORIDA",2018,"BEARING - APPLICATIONS","LB","CHEMICAL","FUNGICIDE","SULFUR",77501,NA
"FLORIDA",2018,"BEARING - APPLICATIONS","LB","CHEMICAL","FUNGICIDE","THIOPHANATE-METHYL",102001,NA
"FLORIDA",2018,"BEARING - APPLICATIONS","LB","CHEMICAL","FUNGICIDE","THIRAM",79801,22500
"FLORIDA",2018,"BEARING - APPLICATIONS","LB","CHEMICAL","FUNGICIDE","TOTAL)",NA,128400
"FLORIDA",2018,"BEARING - APPLICATIONS","LB","CHEMICAL","HERBICIDE","CARFENTRAZONE-ETHYL",128712,NA
"FLORIDA",2018,"BEARING - APPLICATIONS","LB","CHEMICAL","HERBICIDE","FLUMIOXAZIN",129034,NA
"FLORIDA",2018,"BEARING - APPLICATIONS","LB","CHEMICAL","HERBICIDE","GLYPHOSATE ISO. SALT",103601,NA
"FLORIDA",2018,"BEARING - APPLICATIONS","LB","CHEMICAL","HERBICIDE","NAPROPAMIDE",103001,NA
"FLORIDA",2018,"BEARING - APPLICATIONS","LB","CHEMICAL","HERBICIDE","OXYFLUORFEN",111601,NA
"FLORIDA",2018,"BEARING - APPLICATIONS","LB","CHEMICAL","HERBICIDE","PARAQUAT",61601,NA
"FLORIDA",2018,"BEARING - APPLICATIONS","LB","CHEMICAL","HERBICIDE","TOTAL)",NA,NA
"FLORIDA",2018,"BEARING - APPLICATIONS","LB","CHEMICAL","INSECTICIDE","ABAMECTIN",122804,NA
"FLORIDA",2018,"BEARING - APPLICATIONS","LB","CHEMICAL","INSECTICIDE","ACETAMIPRID",99050,NA
"FLORIDA",2018,"BEARING - APPLICATIONS","LB","CHEMICAL","INSECTICIDE","BIFENAZATE",586,NA
"FLORIDA",2018,"BEARING - APPLICATIONS","LB","CHEMICAL","INSECTICIDE","BIFENTHRIN",128825,NA
"FLORIDA",2018,"BEARING - APPLICATIONS","LB","CHEMICAL","INSECTICIDE","BT KURSTAK ABTS-1857",6523,NA
"FLORIDA",2018,"BEARING - APPLICATIONS","LB","CHEMICAL","INSECTICIDE","BT KURSTAKI ABTS-351",6522,NA
"FLORIDA",2018,"BEARING - APPLICATIONS","LB","CHEMICAL","INSECTICIDE","CHLORANTRANILIPROLE",90100,NA
"FLORIDA",2018,"BEARING - APPLICATIONS","LB","CHEMICAL","INSECTICIDE","FLONICAMID",128016,NA
"FLORIDA",2018,"BEARING - APPLICATIONS","LB","CHEMICAL","INSECTICIDE","MALATHION",57701,NA
"FLORIDA",2018,"BEARING - APPLICATIONS","LB","CHEMICAL","INSECTICIDE","MUSTARD OIL",4901,NA
"FLORIDA",2018,"BEARING - APPLICATIONS","LB","CHEMICAL","INSECTICIDE","NALED",34401,NA
"FLORIDA",2018,"BEARING - APPLICATIONS","LB","CHEMICAL","INSECTICIDE","NOVALURON",124002,NA
"FLORIDA",2018,"BEARING - APPLICATIONS","LB","CHEMICAL","INSECTICIDE","SPINETORAM",110007,NA
"FLORIDA",2018,"BEARING - APPLICATIONS","LB","CHEMICAL","INSECTICIDE","SPIROMESIFEN",24875,NA
"FLORIDA",2018,"BEARING - APPLICATIONS","LB","CHEMICAL","INSECTICIDE","THIAMETHOXAM",60109,NA
"FLORIDA",2018,"BEARING - APPLICATIONS","LB","CHEMICAL","INSECTICIDE","TOTAL)",NA,102700
"FLORIDA",2018,"BEARING - APPLICATIONS","LB","CHEMICAL","OTHER","CYTOKININS",116801,NA
"FLORIDA",2018,"BEARING - APPLICATIONS","LB","CHEMICAL","OTHER","DIMETHYL DISULFIDE DMDS)",29088,NA
"FLORIDA",2018,"BEARING - APPLICATIONS","LB","CHEMICAL","OTHER","REYNOUTRIA SACHALINE",55809,NA
"FLORIDA",2018,"BEARING - APPLICATIONS","LB","CHEMICAL","OTHER","TOTAL)",NA,NA
"FLORIDA",2018,"BEARING - APPLICATIONS","LB / ACRE / APPLICATION","CHEMICAL","FUNGICIDE","AZOXYSTROBIN",128810,NA
"FLORIDA",2018,"BEARING - APPLICATIONS","LB / ACRE / APPLICATION","CHEMICAL","FUNGICIDE","CAPTAN",81301,1.858
"FLORIDA",2018,"BEARING - APPLICATIONS","LB / ACRE / APPLICATION","CHEMICAL","FUNGICIDE","COPPER CHLORIDE HYD.",23501,NA
"FLORIDA",2018,"BEARING - APPLICATIONS","LB / ACRE / APPLICATION","CHEMICAL","FUNGICIDE","COPPER HYDROXIDE",23401,NA
"FLORIDA",2018,"BEARING - APPLICATIONS","LB / ACRE / APPLICATION","CHEMICAL","FUNGICIDE","CYPRODINIL",288202,0.33
"FLORIDA",2018,"BEARING - APPLICATIONS","LB / ACRE / APPLICATION","CHEMICAL","FUNGICIDE","DIFENOCONAZOLE",128847,NA
"FLORIDA",2018,"BEARING - APPLICATIONS","LB / ACRE / APPLICATION","CHEMICAL","FUNGICIDE","FENHEXAMID",90209,NA
"FLORIDA",2018,"BEARING - APPLICATIONS","LB / ACRE / APPLICATION","CHEMICAL","FUNGICIDE","FLUDIOXONIL",71503,0.221
"FLORIDA",2018,"BEARING - APPLICATIONS","LB / ACRE / APPLICATION","CHEMICAL","FUNGICIDE","FLUOPYRAM",80302,NA
"FLORIDA",2018,"BEARING - APPLICATIONS","LB / ACRE / APPLICATION","CHEMICAL","FUNGICIDE","IPRODIONE",109801,NA
"FLORIDA",2018,"BEARING - APPLICATIONS","LB / ACRE / APPLICATION","CHEMICAL","FUNGICIDE","ISOFETAMID",270000,NA
"FLORIDA",2018,"BEARING - APPLICATIONS","LB / ACRE / APPLICATION","CHEMICAL","FUNGICIDE","MEFENOXAM",113502,NA
"FLORIDA",2018,"BEARING - APPLICATIONS","LB / ACRE / APPLICATION","CHEMICAL","FUNGICIDE","PENTHIOPYRAD",90112,NA
"FLORIDA",2018,"BEARING - APPLICATIONS","LB / ACRE / APPLICATION","CHEMICAL","FUNGICIDE","PROPICONAZOLE",122101,NA
"FLORIDA",2018,"BEARING - APPLICATIONS","LB / ACRE / APPLICATION","CHEMICAL","FUNGICIDE","PYRIMETHANIL",288201,NA
"FLORIDA",2018,"BEARING - APPLICATIONS","LB / ACRE / APPLICATION","CHEMICAL","FUNGICIDE","SULFUR",77501,NA
"FLORIDA",2018,"BEARING - APPLICATIONS","LB / ACRE / APPLICATION","CHEMICAL","FUNGICIDE","THIOPHANATE-METHYL",102001,NA
"FLORIDA",2018,"BEARING - APPLICATIONS","LB / ACRE / APPLICATION","CHEMICAL","FUNGICIDE","THIRAM",79801,1.632
"FLORIDA",2018,"BEARING - APPLICATIONS","LB / ACRE / APPLICATION","CHEMICAL","HERBICIDE","CARFENTRAZONE-ETHYL",128712,NA
"FLORIDA",2018,"BEARING - APPLICATIONS","LB / ACRE / APPLICATION","CHEMICAL","HERBICIDE","FLUMIOXAZIN",129034,NA
"FLORIDA",2018,"BEARING - APPLICATIONS","LB / ACRE / APPLICATION","CHEMICAL","HERBICIDE","GLYPHOSATE ISO. SALT",103601,NA
"FLORIDA",2018,"BEARING - APPLICATIONS","LB / ACRE / APPLICATION","CHEMICAL","HERBICIDE","NAPROPAMIDE",103001,NA
"FLORIDA",2018,"BEARING - APPLICATIONS","LB / ACRE / APPLICATION","CHEMICAL","HERBICIDE","OXYFLUORFEN",111601,NA
"FLORIDA",2018,"BEARING - APPLICATIONS","LB / ACRE / APPLICATION","CHEMICAL","HERBICIDE","PARAQUAT",61601,NA
"FLORIDA",2018,"BEARING - APPLICATIONS","LB / ACRE / APPLICATION","CHEMICAL","INSECTICIDE","ABAMECTIN",122804,NA
"FLORIDA",2018,"BEARING - APPLICATIONS","LB / ACRE / APPLICATION","CHEMICAL","INSECTICIDE","ACETAMIPRID",99050,NA
"FLORIDA",2018,"BEARING - APPLICATIONS","LB / ACRE / APPLICATION","CHEMICAL","INSECTICIDE","BIFENAZATE",586,NA
"FLORIDA",2018,"BEARING - APPLICATIONS","LB / ACRE / APPLICATION","CHEMICAL","INSECTICIDE","BIFENTHRIN",128825,NA
"FLORIDA",2018,"BEARING - APPLICATIONS","LB / ACRE / APPLICATION","CHEMICAL","INSECTICIDE","BT KURSTAK ABTS-1857",6523,NA
"FLORIDA",2018,"BEARING - APPLICATIONS","LB / ACRE / APPLICATION","CHEMICAL","INSECTICIDE","BT KURSTAKI ABTS-351",6522,NA
"FLORIDA",2018,"BEARING - APPLICATIONS","LB / ACRE / APPLICATION","CHEMICAL","INSECTICIDE","CHLORANTRANILIPROLE",90100,NA
"FLORIDA",2018,"BEARING - APPLICATIONS","LB / ACRE / APPLICATION","CHEMICAL","INSECTICIDE","FLONICAMID",128016,NA
"FLORIDA",2018,"BEARING - APPLICATIONS","LB / ACRE / APPLICATION","CHEMICAL","INSECTICIDE","MALATHION",57701,NA
"FLORIDA",2018,"BEARING - APPLICATIONS","LB / ACRE / APPLICATION","CHEMICAL","INSECTICIDE","MUSTARD OIL",4901,NA
"FLORIDA",2018,"BEARING - APPLICATIONS","LB / ACRE / APPLICATION","CHEMICAL","INSECTICIDE","NALED",34401,NA
"FLORIDA",2018,"BEARING - APPLICATIONS","LB / ACRE / APPLICATION","CHEMICAL","INSECTICIDE","NOVALURON",124002,NA
"FLORIDA",2018,"BEARING - APPLICATIONS","LB / ACRE / APPLICATION","CHEMICAL","INSECTICIDE","SPINETORAM",110007,NA
"FLORIDA",2018,"BEARING - APPLICATIONS","LB / ACRE / APPLICATION","CHEMICAL","INSECTICIDE","SPIROMESIFEN",24875,NA
"FLORIDA",2018,"BEARING - APPLICATIONS","LB / ACRE / APPLICATION","CHEMICAL","INSECTICIDE","THIAMETHOXAM",60109,NA
"FLORIDA",2018,"BEARING - APPLICATIONS","LB / ACRE / APPLICATION","CHEMICAL","OTHER","CYTOKININS",116801,NA
"FLORIDA",2018,"BEARING - APPLICATIONS","LB / ACRE / APPLICATION","CHEMICAL","OTHER","DIMETHYL DISULFIDE DMDS)",29088,NA
"FLORIDA",2018,"BEARING - APPLICATIONS","LB / ACRE / APPLICATION","CHEMICAL","OTHER","REYNOUTRIA SACHALINE",55809,NA
"FLORIDA",2018,"BEARING - APPLICATIONS","LB / ACRE / YEAR","CHEMICAL","FUNGICIDE","AZOXYSTROBIN",128810,NA
"FLORIDA",2018,"BEARING - APPLICATIONS","LB / ACRE / YEAR","CHEMICAL","FUNGICIDE","CAPTAN",81301,9.193
"FLORIDA",2018,"BEARING - APPLICATIONS","LB / ACRE / YEAR","CHEMICAL","FUNGICIDE","COPPER CHLORIDE HYD.",23501,NA
"FLORIDA",2018,"BEARING - APPLICATIONS","LB / ACRE / YEAR","CHEMICAL","FUNGICIDE","COPPER HYDROXIDE",23401,NA
"FLORIDA",2018,"BEARING - APPLICATIONS","LB / ACRE / YEAR","CHEMICAL","FUNGICIDE","CYPRODINIL",288202,0.997
"FLORIDA",2018,"BEARING - APPLICATIONS","LB / ACRE / YEAR","CHEMICAL","FUNGICIDE","DIFENOCONAZOLE",128847,NA
"FLORIDA",2018,"BEARING - APPLICATIONS","LB / ACRE / YEAR","CHEMICAL","FUNGICIDE","FENHEXAMID",90209,NA
"FLORIDA",2018,"BEARING - APPLICATIONS","LB / ACRE / YEAR","CHEMICAL","FUNGICIDE","FLUDIOXONIL",71503,0.501
"FLORIDA",2018,"BEARING - APPLICATIONS","LB / ACRE / YEAR","CHEMICAL","FUNGICIDE","FLUOPYRAM",80302,NA
"FLORIDA",2018,"BEARING - APPLICATIONS","LB / ACRE / YEAR","CHEMICAL","FUNGICIDE","IPRODIONE",109801,NA
"FLORIDA",2018,"BEARING - APPLICATIONS","LB / ACRE / YEAR","CHEMICAL","FUNGICIDE","ISOFETAMID",270000,NA
"FLORIDA",2018,"BEARING - APPLICATIONS","LB / ACRE / YEAR","CHEMICAL","FUNGICIDE","MEFENOXAM",113502,NA
"FLORIDA",2018,"BEARING - APPLICATIONS","LB / ACRE / YEAR","CHEMICAL","FUNGICIDE","PENTHIOPYRAD",90112,NA
"FLORIDA",2018,"BEARING - APPLICATIONS","LB / ACRE / YEAR","CHEMICAL","FUNGICIDE","PROPICONAZOLE",122101,NA
"FLORIDA",2018,"BEARING - APPLICATIONS","LB / ACRE / YEAR","CHEMICAL","FUNGICIDE","PYRIMETHANIL",288201,NA
"FLORIDA",2018,"BEARING - APPLICATIONS","LB / ACRE / YEAR","CHEMICAL","FUNGICIDE","SULFUR",77501,NA
"FLORIDA",2018,"BEARING - APPLICATIONS","LB / ACRE / YEAR","CHEMICAL","FUNGICIDE","THIOPHANATE-METHYL",102001,NA
"FLORIDA",2018,"BEARING - APPLICATIONS","LB / ACRE / YEAR","CHEMICAL","FUNGICIDE","THIRAM",79801,6.049
"FLORIDA",2018,"BEARING - APPLICATIONS","LB / ACRE / YEAR","CHEMICAL","HERBICIDE","CARFENTRAZONE-ETHYL",128712,NA
"FLORIDA",2018,"BEARING - APPLICATIONS","LB / ACRE / YEAR","CHEMICAL","HERBICIDE","FLUMIOXAZIN",129034,NA
"FLORIDA",2018,"BEARING - APPLICATIONS","LB / ACRE / YEAR","CHEMICAL","HERBICIDE","GLYPHOSATE ISO. SALT",103601,NA
"FLORIDA",2018,"BEARING - APPLICATIONS","LB / ACRE / YEAR","CHEMICAL","HERBICIDE","NAPROPAMIDE",103001,NA
"FLORIDA",2018,"BEARING - APPLICATIONS","LB / ACRE / YEAR","CHEMICAL","HERBICIDE","OXYFLUORFEN",111601,NA
"FLORIDA",2018,"BEARING - APPLICATIONS","LB / ACRE / YEAR","CHEMICAL","HERBICIDE","PARAQUAT",61601,NA
"FLORIDA",2018,"BEARING - APPLICATIONS","LB / ACRE / YEAR","CHEMICAL","INSECTICIDE","ABAMECTIN",122804,NA
"FLORIDA",2018,"BEARING - APPLICATIONS","LB / ACRE / YEAR","CHEMICAL","INSECTICIDE","ACETAMIPRID",99050,NA
"FLORIDA",2018,"BEARING - APPLICATIONS","LB / ACRE / YEAR","CHEMICAL","INSECTICIDE","BIFENAZATE",586,NA
"FLORIDA",2018,"BEARING - APPLICATIONS","LB / ACRE / YEAR","CHEMICAL","INSECTICIDE","BIFENTHRIN",128825,NA
"FLORIDA",2018,"BEARING - APPLICATIONS","LB / ACRE / YEAR","CHEMICAL","INSECTICIDE","BT KURSTAK ABTS-1857",6523,NA
"FLORIDA",2018,"BEARING - APPLICATIONS","LB / ACRE / YEAR","CHEMICAL","INSECTICIDE","BT KURSTAKI ABTS-351",6522,NA
"FLORIDA",2018,"BEARING - APPLICATIONS","LB / ACRE / YEAR","CHEMICAL","INSECTICIDE","CHLORANTRANILIPROLE",90100,NA
"FLORIDA",2018,"BEARING - APPLICATIONS","LB / ACRE / YEAR","CHEMICAL","INSECTICIDE","FLONICAMID",128016,NA
"FLORIDA",2018,"BEARING - APPLICATIONS","LB / ACRE / YEAR","CHEMICAL","INSECTICIDE","MALATHION",57701,NA
"FLORIDA",2018,"BEARING - APPLICATIONS","LB / ACRE / YEAR","CHEMICAL","INSECTICIDE","MUSTARD OIL",4901,NA
"FLORIDA",2018,"BEARING - APPLICATIONS","LB / ACRE / YEAR","CHEMICAL","INSECTICIDE","NALED",34401,NA
"FLORIDA",2018,"BEARING - APPLICATIONS","LB / ACRE / YEAR","CHEMICAL","INSECTICIDE","NOVALURON",124002,NA
"FLORIDA",2018,"BEARING - APPLICATIONS","LB / ACRE / YEAR","CHEMICAL","INSECTICIDE","SPINETORAM",110007,NA
"FLORIDA",2018,"BEARING - APPLICATIONS","LB / ACRE / YEAR","CHEMICAL","INSECTICIDE","SPIROMESIFEN",24875,NA
"FLORIDA",2018,"BEARING - APPLICATIONS","LB / ACRE / YEAR","CHEMICAL","INSECTICIDE","THIAMETHOXAM",60109,NA
"FLORIDA",2018,"BEARING - APPLICATIONS","LB / ACRE / YEAR","CHEMICAL","OTHER","CYTOKININS",116801,NA
"FLORIDA",2018,"BEARING - APPLICATIONS","LB / ACRE / YEAR","CHEMICAL","OTHER","DIMETHYL DISULFIDE DMDS)",29088,NA
"FLORIDA",2018,"BEARING - APPLICATIONS","LB / ACRE / YEAR","CHEMICAL","OTHER","REYNOUTRIA SACHALINE",55809,NA
"FLORIDA",2018,"BEARING - APPLICATIONS","NUMBER","CHEMICAL","FUNGICIDE","AZOXYSTROBIN",128810,NA
"FLORIDA",2018,"BEARING - APPLICATIONS","NUMBER","CHEMICAL","FUNGICIDE","CAPTAN",81301,4.9
"FLORIDA",2018,"BEARING - APPLICATIONS","NUMBER","CHEMICAL","FUNGICIDE","COPPER CHLORIDE HYD.",23501,NA
"FLORIDA",2018,"BEARING - APPLICATIONS","NUMBER","CHEMICAL","FUNGICIDE","COPPER HYDROXIDE",23401,NA
"FLORIDA",2018,"BEARING - APPLICATIONS","NUMBER","CHEMICAL","FUNGICIDE","CYPRODINIL",288202,3
"FLORIDA",2018,"BEARING - APPLICATIONS","NUMBER","CHEMICAL","FUNGICIDE","DIFENOCONAZOLE",128847,NA
"FLORIDA",2018,"BEARING - APPLICATIONS","NUMBER","CHEMICAL","FUNGICIDE","FENHEXAMID",90209,NA
"FLORIDA",2018,"BEARING - APPLICATIONS","NUMBER","CHEMICAL","FUNGICIDE","FLUDIOXONIL",71503,2.3
"FLORIDA",2018,"BEARING - APPLICATIONS","NUMBER","CHEMICAL","FUNGICIDE","FLUOPYRAM",80302,NA
"FLORIDA",2018,"BEARING - APPLICATIONS","NUMBER","CHEMICAL","FUNGICIDE","IPRODIONE",109801,NA
"FLORIDA",2018,"BEARING - APPLICATIONS","NUMBER","CHEMICAL","FUNGICIDE","ISOFETAMID",270000,NA
"FLORIDA",2018,"BEARING - APPLICATIONS","NUMBER","CHEMICAL","FUNGICIDE","MEFENOXAM",113502,NA
"FLORIDA",2018,"BEARING - APPLICATIONS","NUMBER","CHEMICAL","FUNGICIDE","PENTHIOPYRAD",90112,NA
"FLORIDA",2018,"BEARING - APPLICATIONS","NUMBER","CHEMICAL","FUNGICIDE","PROPICONAZOLE",122101,NA
"FLORIDA",2018,"BEARING - APPLICATIONS","NUMBER","CHEMICAL","FUNGICIDE","PYRIMETHANIL",288201,NA
"FLORIDA",2018,"BEARING - APPLICATIONS","NUMBER","CHEMICAL","FUNGICIDE","SULFUR",77501,NA
"FLORIDA",2018,"BEARING - APPLICATIONS","NUMBER","CHEMICAL","FUNGICIDE","THIOPHANATE-METHYL",102001,NA
"FLORIDA",2018,"BEARING - APPLICATIONS","NUMBER","CHEMICAL","FUNGICIDE","THIRAM",79801,3.7
"FLORIDA",2018,"BEARING - APPLICATIONS","NUMBER","CHEMICAL","HERBICIDE","CARFENTRAZONE-ETHYL",128712,NA
"FLORIDA",2018,"BEARING - APPLICATIONS","NUMBER","CHEMICAL","HERBICIDE","FLUMIOXAZIN",129034,NA
"FLORIDA",2018,"BEARING - APPLICATIONS","NUMBER","CHEMICAL","HERBICIDE","GLYPHOSATE ISO. SALT",103601,NA
"FLORIDA",2018,"BEARING - APPLICATIONS","NUMBER","CHEMICAL","HERBICIDE","NAPROPAMIDE",103001,NA
"FLORIDA",2018,"BEARING - APPLICATIONS","NUMBER","CHEMICAL","HERBICIDE","OXYFLUORFEN",111601,NA
"FLORIDA",2018,"BEARING - APPLICATIONS","NUMBER","CHEMICAL","HERBICIDE","PARAQUAT",61601,NA
"FLORIDA",2018,"BEARING - APPLICATIONS","NUMBER","CHEMICAL","INSECTICIDE","ABAMECTIN",122804,NA
"FLORIDA",2018,"BEARING - APPLICATIONS","NUMBER","CHEMICAL","INSECTICIDE","ACETAMIPRID",99050,NA
"FLORIDA",2018,"BEARING - APPLICATIONS","NUMBER","CHEMICAL","INSECTICIDE","BIFENAZATE",586,NA
"FLORIDA",2018,"BEARING - APPLICATIONS","NUMBER","CHEMICAL","INSECTICIDE","BIFENTHRIN",128825,NA
"FLORIDA",2018,"BEARING - APPLICATIONS","NUMBER","CHEMICAL","INSECTICIDE","BT KURSTAK ABTS-1857",6523,NA
"FLORIDA",2018,"BEARING - APPLICATIONS","NUMBER","CHEMICAL","INSECTICIDE","BT KURSTAKI ABTS-351",6522,NA
"FLORIDA",2018,"BEARING - APPLICATIONS","NUMBER","CHEMICAL","INSECTICIDE","CHLORANTRANILIPROLE",90100,NA
"FLORIDA",2018,"BEARING - APPLICATIONS","NUMBER","CHEMICAL","INSECTICIDE","FLONICAMID",128016,NA
"FLORIDA",2018,"BEARING - APPLICATIONS","NUMBER","CHEMICAL","INSECTICIDE","MALATHION",57701,NA
"FLORIDA",2018,"BEARING - APPLICATIONS","NUMBER","CHEMICAL","INSECTICIDE","MUSTARD OIL",4901,NA
"FLORIDA",2018,"BEARING - APPLICATIONS","NUMBER","CHEMICAL","INSECTICIDE","NALED",34401,NA
"FLORIDA",2018,"BEARING - APPLICATIONS","NUMBER","CHEMICAL","INSECTICIDE","NOVALURON",124002,NA
"FLORIDA",2018,"BEARING - APPLICATIONS","NUMBER","CHEMICAL","INSECTICIDE","SPINETORAM",110007,NA
"FLORIDA",2018,"BEARING - APPLICATIONS","NUMBER","CHEMICAL","INSECTICIDE","SPIROMESIFEN",24875,NA
"FLORIDA",2018,"BEARING - APPLICATIONS","NUMBER","CHEMICAL","INSECTICIDE","THIAMETHOXAM",60109,NA
"FLORIDA",2018,"BEARING - APPLICATIONS","NUMBER","CHEMICAL","OTHER","CYTOKININS",116801,NA
"FLORIDA",2018,"BEARING - APPLICATIONS","NUMBER","CHEMICAL","OTHER","DIMETHYL DISULFIDE DMDS)",29088,NA
"FLORIDA",2018,"BEARING - APPLICATIONS","NUMBER","CHEMICAL","OTHER","REYNOUTRIA SACHALINE",55809,NA
"FLORIDA",2018,"BEARING - TREATED","PCT OF AREA BEARING","CHEMICAL","FUNGICIDE","AZOXYSTROBIN",128810,NA
"FLORIDA",2018,"BEARING - TREATED","PCT OF AREA BEARING","CHEMICAL","FUNGICIDE","CAPTAN",81301,96
"FLORIDA",2018,"BEARING - TREATED","PCT OF AREA BEARING","CHEMICAL","FUNGICIDE","COPPER CHLORIDE HYD.",23501,NA
"FLORIDA",2018,"BEARING - TREATED","PCT OF AREA BEARING","CHEMICAL","FUNGICIDE","COPPER HYDROXIDE",23401,NA
"FLORIDA",2018,"BEARING - TREATED","PCT OF AREA BEARING","CHEMICAL","FUNGICIDE","CYPRODINIL",288202,33
"FLORIDA",2018,"BEARING - TREATED","PCT OF AREA BEARING","CHEMICAL","FUNGICIDE","DIFENOCONAZOLE",128847,NA
"FLORIDA",2018,"BEARING - TREATED","PCT OF AREA BEARING","CHEMICAL","FUNGICIDE","FENHEXAMID",90209,NA
"FLORIDA",2018,"BEARING - TREATED","PCT OF AREA BEARING","CHEMICAL","FUNGICIDE","FLUDIOXONIL",71503,33
"FLORIDA",2018,"BEARING - TREATED","PCT OF AREA BEARING","CHEMICAL","FUNGICIDE","FLUOPYRAM",80302,NA
"FLORIDA",2018,"BEARING - TREATED","PCT OF AREA BEARING","CHEMICAL","FUNGICIDE","IPRODIONE",109801,NA
"FLORIDA",2018,"BEARING - TREATED","PCT OF AREA BEARING","CHEMICAL","FUNGICIDE","ISOFETAMID",270000,NA
"FLORIDA",2018,"BEARING - TREATED","PCT OF AREA BEARING","CHEMICAL","FUNGICIDE","MEFENOXAM",113502,NA
"FLORIDA",2018,"BEARING - TREATED","PCT OF AREA BEARING","CHEMICAL","FUNGICIDE","PENTHIOPYRAD",90112,NA
"FLORIDA",2018,"BEARING - TREATED","PCT OF AREA BEARING","CHEMICAL","FUNGICIDE","PROPICONAZOLE",122101,NA
"FLORIDA",2018,"BEARING - TREATED","PCT OF AREA BEARING","CHEMICAL","FUNGICIDE","PYRIMETHANIL",288201,NA
"FLORIDA",2018,"BEARING - TREATED","PCT OF AREA BEARING","CHEMICAL","FUNGICIDE","SULFUR",77501,NA
"FLORIDA",2018,"BEARING - TREATED","PCT OF AREA BEARING","CHEMICAL","FUNGICIDE","THIOPHANATE-METHYL",102001,NA
"FLORIDA",2018,"BEARING - TREATED","PCT OF AREA BEARING","CHEMICAL","FUNGICIDE","THIRAM",79801,37
"FLORIDA",2018,"BEARING - TREATED","PCT OF AREA BEARING","CHEMICAL","FUNGICIDE","TOTAL)",NA,100
"FLORIDA",2018,"BEARING - TREATED","PCT OF AREA BEARING","CHEMICAL","HERBICIDE","CARFENTRAZONE-ETHYL",128712,NA
"FLORIDA",2018,"BEARING - TREATED","PCT OF AREA BEARING","CHEMICAL","HERBICIDE","FLUMIOXAZIN",129034,NA
"FLORIDA",2018,"BEARING - TREATED","PCT OF AREA BEARING","CHEMICAL","HERBICIDE","GLYPHOSATE ISO. SALT",103601,NA
"FLORIDA",2018,"BEARING - TREATED","PCT OF AREA BEARING","CHEMICAL","HERBICIDE","NAPROPAMIDE",103001,NA
"FLORIDA",2018,"BEARING - TREATED","PCT OF AREA BEARING","CHEMICAL","HERBICIDE","OXYFLUORFEN",111601,NA
"FLORIDA",2018,"BEARING - TREATED","PCT OF AREA BEARING","CHEMICAL","HERBICIDE","PARAQUAT",61601,NA
"FLORIDA",2018,"BEARING - TREATED","PCT OF AREA BEARING","CHEMICAL","HERBICIDE","TOTAL)",NA,NA
"FLORIDA",2018,"BEARING - TREATED","PCT OF AREA BEARING","CHEMICAL","INSECTICIDE","ABAMECTIN",122804,NA
"FLORIDA",2018,"BEARING - TREATED","PCT OF AREA BEARING","CHEMICAL","INSECTICIDE","ACETAMIPRID",99050,NA
"FLORIDA",2018,"BEARING - TREATED","PCT OF AREA BEARING","CHEMICAL","INSECTICIDE","BIFENAZATE",586,NA
"FLORIDA",2018,"BEARING - TREATED","PCT OF AREA BEARING","CHEMICAL","INSECTICIDE","BIFENTHRIN",128825,NA
"FLORIDA",2018,"BEARING - TREATED","PCT OF AREA BEARING","CHEMICAL","INSECTICIDE","BT KURSTAK ABTS-1857",6523,NA
"FLORIDA",2018,"BEARING - TREATED","PCT OF AREA BEARING","CHEMICAL","INSECTICIDE","BT KURSTAKI ABTS-351",6522,NA
"FLORIDA",2018,"BEARING - TREATED","PCT OF AREA BEARING","CHEMICAL","INSECTICIDE","CHLORANTRANILIPROLE",90100,NA
"FLORIDA",2018,"BEARING - TREATED","PCT OF AREA BEARING","CHEMICAL","INSECTICIDE","FLONICAMID",128016,NA
"FLORIDA",2018,"BEARING - TREATED","PCT OF AREA BEARING","CHEMICAL","INSECTICIDE","MALATHION",57701,NA
"FLORIDA",2018,"BEARING - TREATED","PCT OF AREA BEARING","CHEMICAL","INSECTICIDE","MUSTARD OIL",4901,NA
"FLORIDA",2018,"BEARING - TREATED","PCT OF AREA BEARING","CHEMICAL","INSECTICIDE","NALED",34401,NA
"FLORIDA",2018,"BEARING - TREATED","PCT OF AREA BEARING","CHEMICAL","INSECTICIDE","NOVALURON",124002,NA
"FLORIDA",2018,"BEARING - TREATED","PCT OF AREA BEARING","CHEMICAL","INSECTICIDE","SPINETORAM",110007,NA
"FLORIDA",2018,"BEARING - TREATED","PCT OF AREA BEARING","CHEMICAL","INSECTICIDE","SPIROMESIFEN",24875,NA
"FLORIDA",2018,"BEARING - TREATED","PCT OF AREA BEARING","CHEMICAL","INSECTICIDE","THIAMETHOXAM",60109,NA
"FLORIDA",2018,"BEARING - TREATED","PCT OF AREA BEARING","CHEMICAL","INSECTICIDE","TOTAL)",NA,37
"FLORIDA",2018,"BEARING - TREATED","PCT OF AREA BEARING","CHEMICAL","OTHER","CYTOKININS",116801,NA
"FLORIDA",2018,"BEARING - TREATED","PCT OF AREA BEARING","CHEMICAL","OTHER","DIMETHYL DISULFIDE DMDS)",29088,NA
"FLORIDA",2018,"BEARING - TREATED","PCT OF AREA BEARING","CHEMICAL","OTHER","REYNOUTRIA SACHALINE",55809,NA
"FLORIDA",2018,"BEARING - TREATED","PCT OF AREA BEARING","CHEMICAL","OTHER","TOTAL)",NA,NA
