"Year","Period","Geo Level","State","State ANSI","Data Item","Domain","Domain Category","Value"
2024,"YEAR","NATIONAL","US TOTAL",NA,"STRAWBERRIES, FRESH MARKET - PRICE RECEIVED, ADJUSTED BASE, MEASURED IN $ / CWT","TOTAL","NOT SPECIFIED",10.9
2024,"YEAR","NATIONAL","US TOTAL",NA,"STRAWBERRIES, PROCESSING - PRICE RECEIVED, ADJUSTED BASE, MEASURED IN $ / TON","TOTAL","NOT SPECIFIED",4.04
2023,"MARKETING YEAR","NATIONAL","US TOTAL",NA,"STRAWBERRIES - PRICE RECEIVED, MEASURED IN $ / CWT","TOTAL","NOT SPECIFIED",123
2023,"MARKETING YEAR","NATIONAL","US TOTAL",NA,"STRAWBERRIES, FRESH MARKET - PRICE RECEIVED, MEASURED IN $ / CWT","TOTAL","NOT SPECIFIED",142
2023,"MARKETING YEAR","NATIONAL","US TOTAL",NA,"STRAWBERRIES, PROCESSING - PRICE RECEIVED, MEASURED IN $ / CWT","TOTAL","NOT SPECIFIED",43.8
2023,"MARKETING YEAR","STATE","CALIFORNIA","06","STRAWBERRIES - PRICE RECEIVED, MEASURED IN $ / CWT","TOTAL","NOT SPECIFIED",121
2023,"MARKETING YEAR","STATE","CALIFORNIA","06","STRAWBERRIES, FRESH MARKET - PRICE RECEIVED, MEASURED IN $ / CWT","TOTAL","NOT SPECIFIED",NA
2023,"MARKETING YEAR","STATE","CALIFORNIA","06","STRAWBERRIES, PROCESSING - PRICE RECEIVED, MEASURED IN $ / CWT","TOTAL","NOT SPECIFIED",NA
2023,"MARKETING YEAR","STATE","FLORIDA","12","STRAWBERRIES - PRICE RECEIVED, MEASURED IN $ / CWT","TOTAL","NOT SPECIFIED",147
2023,"MARKETING YEAR","STATE","FLORIDA","12","STRAWBERRIES, FRESH MARKET - PRICE RECEIVED, MEASURED IN $ / CWT","TOTAL","NOT SPECIFIED",NA
2023,"MARKETING YEAR","STATE","FLORIDA","12","STRAWBERRIES, PROCESSING - PRICE RECEIVED, MEASURED IN $ / CWT","TOTAL","NOT SPECIFIED",NA
2023,"MARKETING YEAR","STATE","OTHER STATES",NA,"STRAWBERRIES, FRESH MARKET - PRICE RECEIVED, MEASURED IN $ / CWT","TOTAL","NOT SPECIFIED",142
2023,"MARKETING YEAR","STATE","OTHER STATES",NA,"STRAWBERRIES, PROCESSING - PRICE RECEIVED, MEASURED IN $ / CWT","TOTAL","NOT SPECIFIED",43.8
2023,"YEAR","NATIONAL","US TOTAL",NA,"STRAWBERRIES - ACRES HARVESTED","TOTAL","NOT SPECIFIED",56800
2023,"YEAR","NATIONAL","US TOTAL",NA,"STRAWBERRIES - ACRES PLANTED","TOTAL","NOT SPECIFIED",57300
2023,"YEAR","NATIONAL","US TOTAL",NA,"STRAWBERRIES - PRODUCTION, MEASURED IN $","TOTAL","NOT SPECIFIED",3398943000
2023,"YEAR","NATIONAL","US TOTAL",NA,"STRAWBERRIES - PRODUCTION, MEASURED IN CWT","TOTAL","NOT SPECIFIED",27560000
2023,"YEAR","NATIONAL","US TOTAL",NA,"STRAWBERRIES - PRODUCTION, MEASURED IN TONS","TOTAL","NOT SPECIFIED",1378000
2023,"YEAR","NATIONAL","US TOTAL",NA,"STRAWBERRIES - YIELD, MEASURED IN CWT / ACRE","TOTAL","NOT SPECIFIED",485
2023,"YEAR","NATIONAL","US TOTAL",NA,"STRAWBERRIES - YIELD, MEASURED IN TONS / ACRE","TOTAL","NOT SPECIFIED",24.26
2023,"YEAR","NATIONAL","US TOTAL",NA,"STRAWBERRIES, FRESH MARKET - PRICE RECEIVED, 10 YEAR AVG FOR PARITY PURPOSES, MEASURED IN $ / CWT","TOTAL","NOT SPECIFIED",120
2023,"YEAR","NATIONAL","US TOTAL",NA,"STRAWBERRIES, FRESH MARKET - PRICE RECEIVED, 10 YEAR AVG, MEASURED IN $ / CWT","TOTAL","NOT SPECIFIED",120
2023,"YEAR","NATIONAL","US TOTAL",NA,"STRAWBERRIES, FRESH MARKET - PRICE RECEIVED, ADJUSTED BASE, MEASURED IN $ / CWT","TOTAL","NOT SPECIFIED",10.8
2023,"YEAR","NATIONAL","US TOTAL",NA,"STRAWBERRIES, FRESH MARKET - PRODUCTION, MEASURED IN $","TOTAL","NOT SPECIFIED",3173579000
2023,"YEAR","NATIONAL","US TOTAL",NA,"STRAWBERRIES, FRESH MARKET, UTILIZED - PRODUCTION, MEASURED IN CWT","TOTAL","NOT SPECIFIED",22382200
2023,"YEAR","NATIONAL","US TOTAL",NA,"STRAWBERRIES, NOT SOLD - PRODUCTION, MEASURED IN CWT","TOTAL","NOT SPECIFIED",33400
2023,"YEAR","NATIONAL","US TOTAL",NA,"STRAWBERRIES, PROCESSING - PRICE RECEIVED, 10 YEAR AVG FOR PARITY PURPOSES, MEASURED IN $ / TON","TOTAL","NOT SPECIFIED",44.4
2023,"YEAR","NATIONAL","US TOTAL",NA,"STRAWBERRIES, PROCESSING - PRICE RECEIVED, 10 YEAR AVG, MEASURED IN $ / TON","TOTAL","NOT SPECIFIED",44.4
2023,"YEAR","NATIONAL","US TOTAL",NA,"STRAWBERRIES, PROCESSING - PRICE RECEIVED, ADJUSTED BASE, MEASURED IN $ / TON","TOTAL","NOT SPECIFIED",4.05
2023,"YEAR","NATIONAL","US TOTAL",NA,"STRAWBERRIES, PROCESSING - PRODUCTION, MEASURED IN $","TOTAL","NOT SPECIFIED",225364000
2023,"YEAR","NATIONAL","US TOTAL",NA,"STRAWBERRIES, PROCESSING, UTILIZED - PRODUCTION, MEASURED IN CWT","TOTAL","NOT SPECIFIED",5144400
2023,"YEAR","NATIONAL","US TOTAL",NA,"STRAWBERRIES, UTILIZED - PRODUCTION, MEASURED IN CWT","TOTAL","NOT SPECIFIED",27526600
2023,"YEAR","NATIONAL","US TOTAL",NA,"STRAWBERRIES, UTILIZED - PRODUCTION, MEASURED IN TONS","TOTAL","NOT SPECIFIED",1376330
2023,"YEAR","STATE","CALIFORNIA","06","STRAWBERRIES - ACRES HARVESTED","TOTAL","NOT SPECIFIED",42700
2023,"YEAR","STATE","CALIFORNIA","06","STRAWBERRIES - ACRES PLANTED","TOTAL","NOT SPECIFIED",43100
2023,"YEAR","STATE","CALIFORNIA","06","STRAWBERRIES - APPLICATIONS, MEASURED IN LB","CHEMICAL, FUNGICIDE","CHEMICAL, FUNGICIDE: (OXATHIAPIPROLIN = 128111)",NA
2023,"YEAR","STATE","CALIFORNIA","06","STRAWBERRIES - APPLICATIONS, MEASURED IN LB","CHEMICAL, INSECTICIDE","CHEMICAL, INSECTICIDE: (CYCLANILIPROLE = 26202)",NA
2023,"YEAR","STATE","CALIFORNIA","06","STRAWBERRIES - APPLICATIONS, MEASURED IN LB","CHEMICAL, INSECTICIDE","CHEMICAL, INSECTICIDE: (PERMETHRIN = 109701)",NA
2023,"YEAR","STATE","CALIFORNIA","06","STRAWBERRIES - APPLICATIONS, MEASURED IN LB","CHEMICAL, OTHER","CHEMICAL, OTHER: (ISARIA FUMOSOROSEA STRAIN FE 9901 = 115003)",NA
2023,"YEAR","STATE","CALIFORNIA","06","STRAWBERRIES - APPLICATIONS, MEASURED IN LB / ACRE / APPLICATION, AVG","CHEMICAL, FUNGICIDE","CHEMICAL, FUNGICIDE: (OXATHIAPIPROLIN = 128111)",NA
2023,"YEAR","STATE","CALIFORNIA","06","STRAWBERRIES - APPLICATIONS, MEASURED IN LB / ACRE / APPLICATION, AVG","CHEMICAL, INSECTICIDE","CHEMICAL, INSECTICIDE: (CYCLANILIPROLE = 26202)",NA
2023,"YEAR","STATE","CALIFORNIA","06","STRAWBERRIES - APPLICATIONS, MEASURED IN LB / ACRE / APPLICATION, AVG","CHEMICAL, INSECTICIDE","CHEMICAL, INSECTICIDE: (PERMETHRIN = 109701)",NA
2023,"YEAR","STATE","CALIFORNIA","06","STRAWBERRIES - APPLICATIONS, MEASURED IN LB / ACRE / APPLICATION, AVG","CHEMICAL, OTHER","CHEMICAL, OTHER: (ISARIA FUMOSOROSEA STRAIN FE 9901 = 115003)",NA
2023,"YEAR","STATE","CALIFORNIA","06","STRAWBERRIES - APPLICATIONS, MEASURED IN LB / ACRE / YEAR, AVG","CHEMICAL, FUNGICIDE","CHEMICAL, FUNGICIDE: (OXATHIAPIPROLIN = 128111)",NA
2023,"YEAR","STATE","CALIFORNIA","06","STRAWBERRIES - APPLICATIONS, MEASURED IN LB / ACRE / YEAR, AVG","CHEMICAL, INSECTICIDE","CHEMICAL, INSECTICIDE: (CYCLANILIPROLE = 26202)",NA
2023,"YEAR","STATE","CALIFORNIA","06","STRAWBERRIES - APPLICATIONS, MEASURED IN LB / ACRE / YEAR, AVG","CHEMICAL, INSECTICIDE","CHEMICAL, INSECTICIDE: (PERMETHRIN = 109701)",NA
2023,"YEAR","STATE","CALIFORNIA","06","STRAWBERRIES - APPLICATIONS, MEASURED IN LB / ACRE / YEAR, AVG","CHEMICAL, OTHER","CHEMICAL, OTHER: (ISARIA FUMOSOROSEA STRAIN FE 9901 = 115003)",NA
2023,"YEAR","STATE","CALIFORNIA","06","STRAWBERRIES - APPLICATIONS, MEASURED IN NUMBER, AVG","CHEMICAL, FUNGICIDE","CHEMICAL, FUNGICIDE: (OXATHIAPIPROLIN = 128111)",NA
2023,"YEAR","STATE","CALIFORNIA","06","STRAWBERRIES - APPLICATIONS, MEASURED IN NUMBER, AVG","CHEMICAL, INSECTICIDE","CHEMICAL, INSECTICIDE: (CYCLANILIPROLE = 26202)",NA
2023,"YEAR","STATE","CALIFORNIA","06","STRAWBERRIES - APPLICATIONS, MEASURED IN NUMBER, AVG","CHEMICAL, INSECTICIDE","CHEMICAL, INSECTICIDE: (PERMETHRIN = 109701)",NA
2023,"YEAR","STATE","CALIFORNIA","06","STRAWBERRIES - APPLICATIONS, MEASURED IN NUMBER, AVG","CHEMICAL, OTHER","CHEMICAL, OTHER: (ISARIA FUMOSOROSEA STRAIN FE 9901 = 115003)",NA
2023,"YEAR","STATE","CALIFORNIA","06","STRAWBERRIES - PRODUCTION, MEASURED IN $","TOTAL","NOT SPECIFIED",2965387000
2023,"YEAR","STATE","CALIFORNIA","06","STRAWBERRIES - PRODUCTION, MEASURED IN CWT","TOTAL","NOT SPECIFIED",24600000
2023,"YEAR","STATE","CALIFORNIA","06","STRAWBERRIES - TREATED, MEASURED IN PCT OF AREA BEARING, AVG","CHEMICAL, FUNGICIDE","CHEMICAL, FUNGICIDE: (OXATHIAPIPROLIN = 128111)",NA
2023,"YEAR","STATE","CALIFORNIA","06","STRAWBERRIES - TREATED, MEASURED IN PCT OF AREA BEARING, AVG","CHEMICAL, INSECTICIDE","CHEMICAL, INSECTICIDE: (CYCLANILIPROLE = 26202)",NA
2023,"YEAR","STATE","CALIFORNIA","06","STRAWBERRIES - TREATED, MEASURED IN PCT OF AREA BEARING, AVG","CHEMICAL, INSECTICIDE","CHEMICAL, INSECTICIDE: (PERMETHRIN = 109701)",NA
2023,"YEAR","STATE","CALIFORNIA","06","STRAWBERRIES - TREATED, MEASURED IN PCT OF AREA BEARING, AVG","CHEMICAL, OTHER","CHEMICAL, OTHER: (ISARIA FUMOSOROSEA STRAIN FE 9901 = 115003)",NA
2023,"YEAR","STATE","CALIFORNIA","06","STRAWBERRIES - YIELD, MEASURED IN CWT / ACRE","TOTAL","NOT SPECIFIED",575
2023,"YEAR","STATE","CALIFORNIA","06","STRAWBERRIES, BEARING - APPLICATIONS, MEASURED IN LB","CHEMICAL, FUNGICIDE","CHEMICAL, FUNGICIDE: (AZOXYSTROBIN = 128810)",3300
2023,"YEAR","STATE","CALIFORNIA","06","STRAWBERRIES, BEARING - APPLICATIONS, MEASURED IN LB","CHEMICAL, FUNGICIDE","CHEMICAL, FUNGICIDE: (BACILLUS AMYLOLIQUEFACIENS STRAIN D747 = 16482)",NA
2023,"YEAR","STATE","CALIFORNIA","06","STRAWBERRIES, BEARING - APPLICATIONS, MEASURED IN LB","CHEMICAL, FUNGICIDE","CHEMICAL, FUNGICIDE: (BACILLUS SUBTILIS = 6479)",NA
2023,"YEAR","STATE","CALIFORNIA","06","STRAWBERRIES, BEARING - APPLICATIONS, MEASURED IN LB","CHEMICAL, FUNGICIDE","CHEMICAL, FUNGICIDE: (BLAD = 30006)",NA
2023,"YEAR","STATE","CALIFORNIA","06","STRAWBERRIES, BEARING - APPLICATIONS, MEASURED IN LB","CHEMICAL, FUNGICIDE","CHEMICAL, FUNGICIDE: (BORAX DECAHYDRATE = 11102)",2800
2023,"YEAR","STATE","CALIFORNIA","06","STRAWBERRIES, BEARING - APPLICATIONS, MEASURED IN LB","CHEMICAL, FUNGICIDE","CHEMICAL, FUNGICIDE: (BOSCALID = 128008)",6600
2023,"YEAR","STATE","CALIFORNIA","06","STRAWBERRIES, BEARING - APPLICATIONS, MEASURED IN LB","CHEMICAL, FUNGICIDE","CHEMICAL, FUNGICIDE: (BT SUBSP KURSTAKI EVB-113-19 = 6544)",NA
2023,"YEAR","STATE","CALIFORNIA","06","STRAWBERRIES, BEARING - APPLICATIONS, MEASURED IN LB","CHEMICAL, FUNGICIDE","CHEMICAL, FUNGICIDE: (CAPTAN = 81301)",603100
2023,"YEAR","STATE","CALIFORNIA","06","STRAWBERRIES, BEARING - APPLICATIONS, MEASURED IN LB","CHEMICAL, FUNGICIDE","CHEMICAL, FUNGICIDE: (CYFLUFENAMID = 555550)",NA
2023,"YEAR","STATE","CALIFORNIA","06","STRAWBERRIES, BEARING - APPLICATIONS, MEASURED IN LB","CHEMICAL, FUNGICIDE","CHEMICAL, FUNGICIDE: (CYPRODINIL = 288202)",30300
2023,"YEAR","STATE","CALIFORNIA","06","STRAWBERRIES, BEARING - APPLICATIONS, MEASURED IN LB","CHEMICAL, FUNGICIDE","CHEMICAL, FUNGICIDE: (DIFENOCONAZOLE = 128847)",NA
2023,"YEAR","STATE","CALIFORNIA","06","STRAWBERRIES, BEARING - APPLICATIONS, MEASURED IN LB","CHEMICAL, FUNGICIDE","CHEMICAL, FUNGICIDE: (FENHEXAMID = 90209)",8600
2023,"YEAR","STATE","CALIFORNIA","06","STRAWBERRIES, BEARING - APPLICATIONS, MEASURED IN LB","CHEMICAL, FUNGICIDE","CHEMICAL, FUNGICIDE: (FLUDIOXONIL = 71503)",22400
2023,"YEAR","STATE","CALIFORNIA","06","STRAWBERRIES, BEARING - APPLICATIONS, MEASURED IN LB","CHEMICAL, FUNGICIDE","CHEMICAL, FUNGICIDE: (FLUOPYRAM = 80302)",14600
2023,"YEAR","STATE","CALIFORNIA","06","STRAWBERRIES, BEARING - APPLICATIONS, MEASURED IN LB","CHEMICAL, FUNGICIDE","CHEMICAL, FUNGICIDE: (FLUXAPYROXAD = 138009)",7100
2023,"YEAR","STATE","CALIFORNIA","06","STRAWBERRIES, BEARING - APPLICATIONS, MEASURED IN LB","CHEMICAL, FUNGICIDE","CHEMICAL, FUNGICIDE: (FOSETYL-AL = 123301)",NA
2023,"YEAR","STATE","CALIFORNIA","06","STRAWBERRIES, BEARING - APPLICATIONS, MEASURED IN LB","CHEMICAL, FUNGICIDE","CHEMICAL, FUNGICIDE: (ISOFETAMID = 270000)",NA
2023,"YEAR","STATE","CALIFORNIA","06","STRAWBERRIES, BEARING - APPLICATIONS, MEASURED IN LB","CHEMICAL, FUNGICIDE","CHEMICAL, FUNGICIDE: (MEFENOXAM = 113502)",7200
2023,"YEAR","STATE","CALIFORNIA","06","STRAWBERRIES, BEARING - APPLICATIONS, MEASURED IN LB","CHEMICAL, FUNGICIDE","CHEMICAL, FUNGICIDE: (MONO-POTASSIUM SALT = 76416)",NA
2023,"YEAR","STATE","CALIFORNIA","06","STRAWBERRIES, BEARING - APPLICATIONS, MEASURED IN LB","CHEMICAL, FUNGICIDE","CHEMICAL, FUNGICIDE: (MYCLOBUTANIL = 128857)",10800
2023,"YEAR","STATE","CALIFORNIA","06","STRAWBERRIES, BEARING - APPLICATIONS, MEASURED IN LB","CHEMICAL, FUNGICIDE","CHEMICAL, FUNGICIDE: (PENTHIOPYRAD = 90112)",4000
2023,"YEAR","STATE","CALIFORNIA","06","STRAWBERRIES, BEARING - APPLICATIONS, MEASURED IN LB","CHEMICAL, FUNGICIDE","CHEMICAL, FUNGICIDE: (POLYOXIN D ZINC SALT = 230000)",3300
2023,"YEAR","STATE","CALIFORNIA","06","STRAWBERRIES, BEARING - APPLICATIONS, MEASURED IN LB","CHEMICAL, FUNGICIDE","CHEMICAL, FUNGICIDE: (PROPICONAZOLE = 122101)",2300
2023,"YEAR","STATE","CALIFORNIA","06","STRAWBERRIES, BEARING - APPLICATIONS, MEASURED IN LB","CHEMICAL, FUNGICIDE","CHEMICAL, FUNGICIDE: (PYDIFLUMETOFEN = 90110)",NA
2023,"YEAR","STATE","CALIFORNIA","06","STRAWBERRIES, BEARING - APPLICATIONS, MEASURED IN LB","CHEMICAL, FUNGICIDE","CHEMICAL, FUNGICIDE: (PYRACLOSTROBIN = 99100)",10600
2023,"YEAR","STATE","CALIFORNIA","06","STRAWBERRIES, BEARING - APPLICATIONS, MEASURED IN LB","CHEMICAL, FUNGICIDE","CHEMICAL, FUNGICIDE: (PYRIMETHANIL = 288201)",8300
2023,"YEAR","STATE","CALIFORNIA","06","STRAWBERRIES, BEARING - APPLICATIONS, MEASURED IN LB","CHEMICAL, FUNGICIDE","CHEMICAL, FUNGICIDE: (QUINOLINE = 55459)",3600
2023,"YEAR","STATE","CALIFORNIA","06","STRAWBERRIES, BEARING - APPLICATIONS, MEASURED IN LB","CHEMICAL, FUNGICIDE","CHEMICAL, FUNGICIDE: (SULFUR = 77501)",1258100
2023,"YEAR","STATE","CALIFORNIA","06","STRAWBERRIES, BEARING - APPLICATIONS, MEASURED IN LB","CHEMICAL, FUNGICIDE","CHEMICAL, FUNGICIDE: (TETRACONAZOLE = 120603)",1300
2023,"YEAR","STATE","CALIFORNIA","06","STRAWBERRIES, BEARING - APPLICATIONS, MEASURED IN LB","CHEMICAL, FUNGICIDE","CHEMICAL, FUNGICIDE: (THIOPHANATE-METHYL = 102001)",10600
2023,"YEAR","STATE","CALIFORNIA","06","STRAWBERRIES, BEARING - APPLICATIONS, MEASURED IN LB","CHEMICAL, FUNGICIDE","CHEMICAL, FUNGICIDE: (THIRAM = 79801)",269500
2023,"YEAR","STATE","CALIFORNIA","06","STRAWBERRIES, BEARING - APPLICATIONS, MEASURED IN LB","CHEMICAL, FUNGICIDE","CHEMICAL, FUNGICIDE: (TOTAL)",2338800
2023,"YEAR","STATE","CALIFORNIA","06","STRAWBERRIES, BEARING - APPLICATIONS, MEASURED IN LB","CHEMICAL, FUNGICIDE","CHEMICAL, FUNGICIDE: (TRIFLOXYSTROBIN = 129112)",14600
2023,"YEAR","STATE","CALIFORNIA","06","STRAWBERRIES, BEARING - APPLICATIONS, MEASURED IN LB","CHEMICAL, FUNGICIDE","CHEMICAL, FUNGICIDE: (TRIFLUMIZOLE = 128879)",NA
2023,"YEAR","STATE","CALIFORNIA","06","STRAWBERRIES, BEARING - APPLICATIONS, MEASURED IN LB","CHEMICAL, HERBICIDE","CHEMICAL, HERBICIDE: (CARFENTRAZONE-ETHYL = 128712)",NA
2023,"YEAR","STATE","CALIFORNIA","06","STRAWBERRIES, BEARING - APPLICATIONS, MEASURED IN LB","CHEMICAL, HERBICIDE","CHEMICAL, HERBICIDE: (FLUMIOXAZIN = 129034)",3900
2023,"YEAR","STATE","CALIFORNIA","06","STRAWBERRIES, BEARING - APPLICATIONS, MEASURED IN LB","CHEMICAL, HERBICIDE","CHEMICAL, HERBICIDE: (OXYFLUORFEN = 111601)",NA
2023,"YEAR","STATE","CALIFORNIA","06","STRAWBERRIES, BEARING - APPLICATIONS, MEASURED IN LB","CHEMICAL, HERBICIDE","CHEMICAL, HERBICIDE: (PENDIMETHALIN = 108501)",71400
2023,"YEAR","STATE","CALIFORNIA","06","STRAWBERRIES, BEARING - APPLICATIONS, MEASURED IN LB","CHEMICAL, HERBICIDE","CHEMICAL, HERBICIDE: (TOTAL)",89700
2023,"YEAR","STATE","CALIFORNIA","06","STRAWBERRIES, BEARING - APPLICATIONS, MEASURED IN LB","CHEMICAL, INSECTICIDE","CHEMICAL, INSECTICIDE: (ABAMECTIN = 122804)",300
2023,"YEAR","STATE","CALIFORNIA","06","STRAWBERRIES, BEARING - APPLICATIONS, MEASURED IN LB","CHEMICAL, INSECTICIDE","CHEMICAL, INSECTICIDE: (ACEQUINOCYL = 6329)",12800
2023,"YEAR","STATE","CALIFORNIA","06","STRAWBERRIES, BEARING - APPLICATIONS, MEASURED IN LB","CHEMICAL, INSECTICIDE","CHEMICAL, INSECTICIDE: (ACETAMIPRID = 99050)",3300
2023,"YEAR","STATE","CALIFORNIA","06","STRAWBERRIES, BEARING - APPLICATIONS, MEASURED IN LB","CHEMICAL, INSECTICIDE","CHEMICAL, INSECTICIDE: (AZADIRACHTIN = 121701)",2800
2023,"YEAR","STATE","CALIFORNIA","06","STRAWBERRIES, BEARING - APPLICATIONS, MEASURED IN LB","CHEMICAL, INSECTICIDE","CHEMICAL, INSECTICIDE: (BEAUVERIA BASSIANA = 128924)",NA
2023,"YEAR","STATE","CALIFORNIA","06","STRAWBERRIES, BEARING - APPLICATIONS, MEASURED IN LB","CHEMICAL, INSECTICIDE","CHEMICAL, INSECTICIDE: (BIFENAZATE = 586)",28700
2023,"YEAR","STATE","CALIFORNIA","06","STRAWBERRIES, BEARING - APPLICATIONS, MEASURED IN LB","CHEMICAL, INSECTICIDE","CHEMICAL, INSECTICIDE: (BIFENTHRIN = 128825)",4600
2023,"YEAR","STATE","CALIFORNIA","06","STRAWBERRIES, BEARING - APPLICATIONS, MEASURED IN LB","CHEMICAL, INSECTICIDE","CHEMICAL, INSECTICIDE: (BT KURSTAK ABTS-1857 = 6523)",NA
2023,"YEAR","STATE","CALIFORNIA","06","STRAWBERRIES, BEARING - APPLICATIONS, MEASURED IN LB","CHEMICAL, INSECTICIDE","CHEMICAL, INSECTICIDE: (BT KURSTAKI ABTS-351 = 6522)",NA
2023,"YEAR","STATE","CALIFORNIA","06","STRAWBERRIES, BEARING - APPLICATIONS, MEASURED IN LB","CHEMICAL, INSECTICIDE","CHEMICAL, INSECTICIDE: (BT KURSTAKI SA-11 = 6519)",NA
2023,"YEAR","STATE","CALIFORNIA","06","STRAWBERRIES, BEARING - APPLICATIONS, MEASURED IN LB","CHEMICAL, INSECTICIDE","CHEMICAL, INSECTICIDE: (CANOLA OIL = 11332)",NA
2023,"YEAR","STATE","CALIFORNIA","06","STRAWBERRIES, BEARING - APPLICATIONS, MEASURED IN LB","CHEMICAL, INSECTICIDE","CHEMICAL, INSECTICIDE: (CHLORANTRANILIPROLE = 90100)",2000
2023,"YEAR","STATE","CALIFORNIA","06","STRAWBERRIES, BEARING - APPLICATIONS, MEASURED IN LB","CHEMICAL, INSECTICIDE","CHEMICAL, INSECTICIDE: (CHROMOBAC SUBTSUGAE PRAA4-1 CELLS AND SPENT MEDIA = 16329)",NA
2023,"YEAR","STATE","CALIFORNIA","06","STRAWBERRIES, BEARING - APPLICATIONS, MEASURED IN LB","CHEMICAL, INSECTICIDE","CHEMICAL, INSECTICIDE: (CYANTRANILIPROLE = 90098)",1700
2023,"YEAR","STATE","CALIFORNIA","06","STRAWBERRIES, BEARING - APPLICATIONS, MEASURED IN LB","CHEMICAL, INSECTICIDE","CHEMICAL, INSECTICIDE: (CYFLUMETOFEN = 138831)",7600
2023,"YEAR","STATE","CALIFORNIA","06","STRAWBERRIES, BEARING - APPLICATIONS, MEASURED IN LB","CHEMICAL, INSECTICIDE","CHEMICAL, INSECTICIDE: (ETOXAZOLE = 107091)",NA
2023,"YEAR","STATE","CALIFORNIA","06","STRAWBERRIES, BEARING - APPLICATIONS, MEASURED IN LB","CHEMICAL, INSECTICIDE","CHEMICAL, INSECTICIDE: (FENBUTATIN-OXIDE = 104601)",NA
2023,"YEAR","STATE","CALIFORNIA","06","STRAWBERRIES, BEARING - APPLICATIONS, MEASURED IN LB","CHEMICAL, INSECTICIDE","CHEMICAL, INSECTICIDE: (FENPROPATHRIN = 127901)",6600
2023,"YEAR","STATE","CALIFORNIA","06","STRAWBERRIES, BEARING - APPLICATIONS, MEASURED IN LB","CHEMICAL, INSECTICIDE","CHEMICAL, INSECTICIDE: (FENPYROXIMATE = 129131)",NA
2023,"YEAR","STATE","CALIFORNIA","06","STRAWBERRIES, BEARING - APPLICATIONS, MEASURED IN LB","CHEMICAL, INSECTICIDE","CHEMICAL, INSECTICIDE: (FLONICAMID = 128016)",6200
2023,"YEAR","STATE","CALIFORNIA","06","STRAWBERRIES, BEARING - APPLICATIONS, MEASURED IN LB","CHEMICAL, INSECTICIDE","CHEMICAL, INSECTICIDE: (FLUPYRADIFURONE = 122304)",5000
2023,"YEAR","STATE","CALIFORNIA","06","STRAWBERRIES, BEARING - APPLICATIONS, MEASURED IN LB","CHEMICAL, INSECTICIDE","CHEMICAL, INSECTICIDE: (HEXYTHIAZOX = 128849)",5400
2023,"YEAR","STATE","CALIFORNIA","06","STRAWBERRIES, BEARING - APPLICATIONS, MEASURED IN LB","CHEMICAL, INSECTICIDE","CHEMICAL, INSECTICIDE: (IMIDACLOPRID = 129099)",3100
2023,"YEAR","STATE","CALIFORNIA","06","STRAWBERRIES, BEARING - APPLICATIONS, MEASURED IN LB","CHEMICAL, INSECTICIDE","CHEMICAL, INSECTICIDE: (LAMBDA-CYHALOTHRIN = 128897)",NA
2023,"YEAR","STATE","CALIFORNIA","06","STRAWBERRIES, BEARING - APPLICATIONS, MEASURED IN LB","CHEMICAL, INSECTICIDE","CHEMICAL, INSECTICIDE: (MALATHION = 57701)",19400
2023,"YEAR","STATE","CALIFORNIA","06","STRAWBERRIES, BEARING - APPLICATIONS, MEASURED IN LB","CHEMICAL, INSECTICIDE","CHEMICAL, INSECTICIDE: (METHOXYFENOZIDE = 121027)",7900
2023,"YEAR","STATE","CALIFORNIA","06","STRAWBERRIES, BEARING - APPLICATIONS, MEASURED IN LB","CHEMICAL, INSECTICIDE","CHEMICAL, INSECTICIDE: (NALED = 34401)",NA
2023,"YEAR","STATE","CALIFORNIA","06","STRAWBERRIES, BEARING - APPLICATIONS, MEASURED IN LB","CHEMICAL, INSECTICIDE","CHEMICAL, INSECTICIDE: (NEEM OIL = 25006)",NA
2023,"YEAR","STATE","CALIFORNIA","06","STRAWBERRIES, BEARING - APPLICATIONS, MEASURED IN LB","CHEMICAL, INSECTICIDE","CHEMICAL, INSECTICIDE: (NEEM OIL, CLAR. HYD. = 25007)",NA
2023,"YEAR","STATE","CALIFORNIA","06","STRAWBERRIES, BEARING - APPLICATIONS, MEASURED IN LB","CHEMICAL, INSECTICIDE","CHEMICAL, INSECTICIDE: (NOVALURON = 124002)",5600
2023,"YEAR","STATE","CALIFORNIA","06","STRAWBERRIES, BEARING - APPLICATIONS, MEASURED IN LB","CHEMICAL, INSECTICIDE","CHEMICAL, INSECTICIDE: (PIPERONYL BUTOXIDE = 67501)",NA
2023,"YEAR","STATE","CALIFORNIA","06","STRAWBERRIES, BEARING - APPLICATIONS, MEASURED IN LB","CHEMICAL, INSECTICIDE","CHEMICAL, INSECTICIDE: (PYRETHRINS = 69001)",NA
2023,"YEAR","STATE","CALIFORNIA","06","STRAWBERRIES, BEARING - APPLICATIONS, MEASURED IN LB","CHEMICAL, INSECTICIDE","CHEMICAL, INSECTICIDE: (PYRIDABEN = 129105)",NA
2023,"YEAR","STATE","CALIFORNIA","06","STRAWBERRIES, BEARING - APPLICATIONS, MEASURED IN LB","CHEMICAL, INSECTICIDE","CHEMICAL, INSECTICIDE: (SPINETORAM = 110007)",3800
2023,"YEAR","STATE","CALIFORNIA","06","STRAWBERRIES, BEARING - APPLICATIONS, MEASURED IN LB","CHEMICAL, INSECTICIDE","CHEMICAL, INSECTICIDE: (SPINOSAD = 110003)",2000
2023,"YEAR","STATE","CALIFORNIA","06","STRAWBERRIES, BEARING - APPLICATIONS, MEASURED IN LB","CHEMICAL, INSECTICIDE","CHEMICAL, INSECTICIDE: (THIAMETHOXAM = 60109)",1300
2023,"YEAR","STATE","CALIFORNIA","06","STRAWBERRIES, BEARING - APPLICATIONS, MEASURED IN LB","CHEMICAL, INSECTICIDE","CHEMICAL, INSECTICIDE: (TOTAL)",231600
2023,"YEAR","STATE","CALIFORNIA","06","STRAWBERRIES, BEARING - APPLICATIONS, MEASURED IN LB","CHEMICAL, OTHER","CHEMICAL, OTHER: (ACIBENZOLAR-S-METHYL = 61402)",NA
2023,"YEAR","STATE","CALIFORNIA","06","STRAWBERRIES, BEARING - APPLICATIONS, MEASURED IN LB","CHEMICAL, OTHER","CHEMICAL, OTHER: (CAPSICUM OLEORESIN EXTRACT = 70704)",NA
2023,"YEAR","STATE","CALIFORNIA","06","STRAWBERRIES, BEARING - APPLICATIONS, MEASURED IN LB","CHEMICAL, OTHER","CHEMICAL, OTHER: (CHLOROPICRIN = 81501)",11299000
2023,"YEAR","STATE","CALIFORNIA","06","STRAWBERRIES, BEARING - APPLICATIONS, MEASURED IN LB","CHEMICAL, OTHER","CHEMICAL, OTHER: (DICHLOROPROPENE = 29001)",1642600
2023,"YEAR","STATE","CALIFORNIA","06","STRAWBERRIES, BEARING - APPLICATIONS, MEASURED IN LB","CHEMICAL, OTHER","CHEMICAL, OTHER: (FLUTRIAFOL = 128940)",3900
2023,"YEAR","STATE","CALIFORNIA","06","STRAWBERRIES, BEARING - APPLICATIONS, MEASURED IN LB","CHEMICAL, OTHER","CHEMICAL, OTHER: (GARLIC OIL = 128827)",NA
2023,"YEAR","STATE","CALIFORNIA","06","STRAWBERRIES, BEARING - APPLICATIONS, MEASURED IN LB","CHEMICAL, OTHER","CHEMICAL, OTHER: (HYDROGEN PEROXIDE = 595)",NA
2023,"YEAR","STATE","CALIFORNIA","06","STRAWBERRIES, BEARING - APPLICATIONS, MEASURED IN LB","CHEMICAL, OTHER","CHEMICAL, OTHER: (IRON PHOSPHATE = 34903)",NA
2023,"YEAR","STATE","CALIFORNIA","06","STRAWBERRIES, BEARING - APPLICATIONS, MEASURED IN LB","CHEMICAL, OTHER","CHEMICAL, OTHER: (METALDEHYDE = 53001)",NA
2023,"YEAR","STATE","CALIFORNIA","06","STRAWBERRIES, BEARING - APPLICATIONS, MEASURED IN LB","CHEMICAL, OTHER","CHEMICAL, OTHER: (METAM-POTASSIUM = 39002)",NA
2023,"YEAR","STATE","CALIFORNIA","06","STRAWBERRIES, BEARING - APPLICATIONS, MEASURED IN LB","CHEMICAL, OTHER","CHEMICAL, OTHER: (METAM-SODIUM = 39003)",NA
2023,"YEAR","STATE","CALIFORNIA","06","STRAWBERRIES, BEARING - APPLICATIONS, MEASURED IN LB","CHEMICAL, OTHER","CHEMICAL, OTHER: (PEROXYACETIC ACID = 63201)",NA
2023,"YEAR","STATE","CALIFORNIA","06","STRAWBERRIES, BEARING - APPLICATIONS, MEASURED IN LB","CHEMICAL, OTHER","CHEMICAL, OTHER: (PSEUDOMONAS CHLORORAPHIS STRAIN AFS009 = 6800)",NA
2023,"YEAR","STATE","CALIFORNIA","06","STRAWBERRIES, BEARING - APPLICATIONS, MEASURED IN LB","CHEMICAL, OTHER","CHEMICAL, OTHER: (REYNOUTRIA SACHALINE = 55809)",NA
2023,"YEAR","STATE","CALIFORNIA","06","STRAWBERRIES, BEARING - APPLICATIONS, MEASURED IN LB","CHEMICAL, OTHER","CHEMICAL, OTHER: (TOTAL)",15611900
2023,"YEAR","STATE","CALIFORNIA","06","STRAWBERRIES, BEARING - APPLICATIONS, MEASURED IN LB","FERTILIZER","FERTILIZER: (NITROGEN)",393000
2023,"YEAR","STATE","CALIFORNIA","06","STRAWBERRIES, BEARING - APPLICATIONS, MEASURED IN LB","FERTILIZER","FERTILIZER: (PHOSPHATE)",216000
2023,"YEAR","STATE","CALIFORNIA","06","STRAWBERRIES, BEARING - APPLICATIONS, MEASURED IN LB","FERTILIZER","FERTILIZER: (POTASH)",393000
2023,"YEAR","STATE","CALIFORNIA","06","STRAWBERRIES, BEARING - APPLICATIONS, MEASURED IN LB","FERTILIZER","FERTILIZER: (SULFUR)",NA
2023,"YEAR","STATE","CALIFORNIA","06","STRAWBERRIES, BEARING - APPLICATIONS, MEASURED IN LB / ACRE / APPLICATION, AVG","CHEMICAL, FUNGICIDE","CHEMICAL, FUNGICIDE: (AZOXYSTROBIN = 128810)",0.234
2023,"YEAR","STATE","CALIFORNIA","06","STRAWBERRIES, BEARING - APPLICATIONS, MEASURED IN LB / ACRE / APPLICATION, AVG","CHEMICAL, FUNGICIDE","CHEMICAL, FUNGICIDE: (BACILLUS AMYLOLIQUEFACIENS STRAIN D747 = 16482)",NA
2023,"YEAR","STATE","CALIFORNIA","06","STRAWBERRIES, BEARING - APPLICATIONS, MEASURED IN LB / ACRE / APPLICATION, AVG","CHEMICAL, FUNGICIDE","CHEMICAL, FUNGICIDE: (BACILLUS SUBTILIS = 6479)",NA
2023,"YEAR","STATE","CALIFORNIA","06","STRAWBERRIES, BEARING - APPLICATIONS, MEASURED IN LB / ACRE / APPLICATION, AVG","CHEMICAL, FUNGICIDE","CHEMICAL, FUNGICIDE: (BLAD = 30006)",NA
2023,"YEAR","STATE","CALIFORNIA","06","STRAWBERRIES, BEARING - APPLICATIONS, MEASURED IN LB / ACRE / APPLICATION, AVG","CHEMICAL, FUNGICIDE","CHEMICAL, FUNGICIDE: (BORAX DECAHYDRATE = 11102)",0.042
2023,"YEAR","STATE","CALIFORNIA","06","STRAWBERRIES, BEARING - APPLICATIONS, MEASURED IN LB / ACRE / APPLICATION, AVG","CHEMICAL, FUNGICIDE","CHEMICAL, FUNGICIDE: (BOSCALID = 128008)",0.354
2023,"YEAR","STATE","CALIFORNIA","06","STRAWBERRIES, BEARING - APPLICATIONS, MEASURED IN LB / ACRE / APPLICATION, AVG","CHEMICAL, FUNGICIDE","CHEMICAL, FUNGICIDE: (BT SUBSP KURSTAKI EVB-113-19 = 6544)",NA
2023,"YEAR","STATE","CALIFORNIA","06","STRAWBERRIES, BEARING - APPLICATIONS, MEASURED IN LB / ACRE / APPLICATION, AVG","CHEMICAL, FUNGICIDE","CHEMICAL, FUNGICIDE: (CAPTAN = 81301)",1.693
2023,"YEAR","STATE","CALIFORNIA","06","STRAWBERRIES, BEARING - APPLICATIONS, MEASURED IN LB / ACRE / APPLICATION, AVG","CHEMICAL, FUNGICIDE","CHEMICAL, FUNGICIDE: (CYFLUFENAMID = 555550)",NA
2023,"YEAR","STATE","CALIFORNIA","06","STRAWBERRIES, BEARING - APPLICATIONS, MEASURED IN LB / ACRE / APPLICATION, AVG","CHEMICAL, FUNGICIDE","CHEMICAL, FUNGICIDE: (CYPRODINIL = 288202)",0.316
2023,"YEAR","STATE","CALIFORNIA","06","STRAWBERRIES, BEARING - APPLICATIONS, MEASURED IN LB / ACRE / APPLICATION, AVG","CHEMICAL, FUNGICIDE","CHEMICAL, FUNGICIDE: (DIFENOCONAZOLE = 128847)",NA
2023,"YEAR","STATE","CALIFORNIA","06","STRAWBERRIES, BEARING - APPLICATIONS, MEASURED IN LB / ACRE / APPLICATION, AVG","CHEMICAL, FUNGICIDE","CHEMICAL, FUNGICIDE: (FENHEXAMID = 90209)",0.659
2023,"YEAR","STATE","CALIFORNIA","06","STRAWBERRIES, BEARING - APPLICATIONS, MEASURED IN LB / ACRE / APPLICATION, AVG","CHEMICAL, FUNGICIDE","CHEMICAL, FUNGICIDE: (FLUDIOXONIL = 71503)",0.211
2023,"YEAR","STATE","CALIFORNIA","06","STRAWBERRIES, BEARING - APPLICATIONS, MEASURED IN LB / ACRE / APPLICATION, AVG","CHEMICAL, FUNGICIDE","CHEMICAL, FUNGICIDE: (FLUOPYRAM = 80302)",0.119
2023,"YEAR","STATE","CALIFORNIA","06","STRAWBERRIES, BEARING - APPLICATIONS, MEASURED IN LB / ACRE / APPLICATION, AVG","CHEMICAL, FUNGICIDE","CHEMICAL, FUNGICIDE: (FLUXAPYROXAD = 138009)",0.161
2023,"YEAR","STATE","CALIFORNIA","06","STRAWBERRIES, BEARING - APPLICATIONS, MEASURED IN LB / ACRE / APPLICATION, AVG","CHEMICAL, FUNGICIDE","CHEMICAL, FUNGICIDE: (FOSETYL-AL = 123301)",NA
2023,"YEAR","STATE","CALIFORNIA","06","STRAWBERRIES, BEARING - APPLICATIONS, MEASURED IN LB / ACRE / APPLICATION, AVG","CHEMICAL, FUNGICIDE","CHEMICAL, FUNGICIDE: (ISOFETAMID = 270000)",NA
2023,"YEAR","STATE","CALIFORNIA","06","STRAWBERRIES, BEARING - APPLICATIONS, MEASURED IN LB / ACRE / APPLICATION, AVG","CHEMICAL, FUNGICIDE","CHEMICAL, FUNGICIDE: (MEFENOXAM = 113502)",0.5
2023,"YEAR","STATE","CALIFORNIA","06","STRAWBERRIES, BEARING - APPLICATIONS, MEASURED IN LB / ACRE / APPLICATION, AVG","CHEMICAL, FUNGICIDE","CHEMICAL, FUNGICIDE: (MONO-POTASSIUM SALT = 76416)",NA
2023,"YEAR","STATE","CALIFORNIA","06","STRAWBERRIES, BEARING - APPLICATIONS, MEASURED IN LB / ACRE / APPLICATION, AVG","CHEMICAL, FUNGICIDE","CHEMICAL, FUNGICIDE: (MYCLOBUTANIL = 128857)",0.105
2023,"YEAR","STATE","CALIFORNIA","06","STRAWBERRIES, BEARING - APPLICATIONS, MEASURED IN LB / ACRE / APPLICATION, AVG","CHEMICAL, FUNGICIDE","CHEMICAL, FUNGICIDE: (PENTHIOPYRAD = 90112)",0.271
2023,"YEAR","STATE","CALIFORNIA","06","STRAWBERRIES, BEARING - APPLICATIONS, MEASURED IN LB / ACRE / APPLICATION, AVG","CHEMICAL, FUNGICIDE","CHEMICAL, FUNGICIDE: (POLYOXIN D ZINC SALT = 230000)",0.061
2023,"YEAR","STATE","CALIFORNIA","06","STRAWBERRIES, BEARING - APPLICATIONS, MEASURED IN LB / ACRE / APPLICATION, AVG","CHEMICAL, FUNGICIDE","CHEMICAL, FUNGICIDE: (PROPICONAZOLE = 122101)",0.112
2023,"YEAR","STATE","CALIFORNIA","06","STRAWBERRIES, BEARING - APPLICATIONS, MEASURED IN LB / ACRE / APPLICATION, AVG","CHEMICAL, FUNGICIDE","CHEMICAL, FUNGICIDE: (PYDIFLUMETOFEN = 90110)",NA
2023,"YEAR","STATE","CALIFORNIA","06","STRAWBERRIES, BEARING - APPLICATIONS, MEASURED IN LB / ACRE / APPLICATION, AVG","CHEMICAL, FUNGICIDE","CHEMICAL, FUNGICIDE: (PYRACLOSTROBIN = 99100)",0.167
2023,"YEAR","STATE","CALIFORNIA","06","STRAWBERRIES, BEARING - APPLICATIONS, MEASURED IN LB / ACRE / APPLICATION, AVG","CHEMICAL, FUNGICIDE","CHEMICAL, FUNGICIDE: (PYRIMETHANIL = 288201)",0.658
2023,"YEAR","STATE","CALIFORNIA","06","STRAWBERRIES, BEARING - APPLICATIONS, MEASURED IN LB / ACRE / APPLICATION, AVG","CHEMICAL, FUNGICIDE","CHEMICAL, FUNGICIDE: (QUINOLINE = 55459)",0.095
2023,"YEAR","STATE","CALIFORNIA","06","STRAWBERRIES, BEARING - APPLICATIONS, MEASURED IN LB / ACRE / APPLICATION, AVG","CHEMICAL, FUNGICIDE","CHEMICAL, FUNGICIDE: (SULFUR = 77501)",5.471
2023,"YEAR","STATE","CALIFORNIA","06","STRAWBERRIES, BEARING - APPLICATIONS, MEASURED IN LB / ACRE / APPLICATION, AVG","CHEMICAL, FUNGICIDE","CHEMICAL, FUNGICIDE: (TETRACONAZOLE = 120603)",0.036
2023,"YEAR","STATE","CALIFORNIA","06","STRAWBERRIES, BEARING - APPLICATIONS, MEASURED IN LB / ACRE / APPLICATION, AVG","CHEMICAL, FUNGICIDE","CHEMICAL, FUNGICIDE: (THIOPHANATE-METHYL = 102001)",0.695
2023,"YEAR","STATE","CALIFORNIA","06","STRAWBERRIES, BEARING - APPLICATIONS, MEASURED IN LB / ACRE / APPLICATION, AVG","CHEMICAL, FUNGICIDE","CHEMICAL, FUNGICIDE: (THIRAM = 79801)",2.201
2023,"YEAR","STATE","CALIFORNIA","06","STRAWBERRIES, BEARING - APPLICATIONS, MEASURED IN LB / ACRE / APPLICATION, AVG","CHEMICAL, FUNGICIDE","CHEMICAL, FUNGICIDE: (TRIFLOXYSTROBIN = 129112)",0.119
2023,"YEAR","STATE","CALIFORNIA","06","STRAWBERRIES, BEARING - APPLICATIONS, MEASURED IN LB / ACRE / APPLICATION, AVG","CHEMICAL, FUNGICIDE","CHEMICAL, FUNGICIDE: (TRIFLUMIZOLE = 128879)",NA
2023,"YEAR","STATE","CALIFORNIA","06","STRAWBERRIES, BEARING - APPLICATIONS, MEASURED IN LB / ACRE / APPLICATION, AVG","CHEMICAL, HERBICIDE","CHEMICAL, HERBICIDE: (CARFENTRAZONE-ETHYL = 128712)",NA
2023,"YEAR","STATE","CALIFORNIA","06","STRAWBERRIES, BEARING - APPLICATIONS, MEASURED IN LB / ACRE / APPLICATION, AVG","CHEMICAL, HERBICIDE","CHEMICAL, HERBICIDE: (FLUMIOXAZIN = 129034)",0.078
2023,"YEAR","STATE","CALIFORNIA","06","STRAWBERRIES, BEARING - APPLICATIONS, MEASURED IN LB / ACRE / APPLICATION, AVG","CHEMICAL, HERBICIDE","CHEMICAL, HERBICIDE: (OXYFLUORFEN = 111601)",NA
2023,"YEAR","STATE","CALIFORNIA","06","STRAWBERRIES, BEARING - APPLICATIONS, MEASURED IN LB / ACRE / APPLICATION, AVG","CHEMICAL, HERBICIDE","CHEMICAL, HERBICIDE: (PENDIMETHALIN = 108501)",0.923
2023,"YEAR","STATE","CALIFORNIA","06","STRAWBERRIES, BEARING - APPLICATIONS, MEASURED IN LB / ACRE / APPLICATION, AVG","CHEMICAL, INSECTICIDE","CHEMICAL, INSECTICIDE: (ABAMECTIN = 122804)",0.019
2023,"YEAR","STATE","CALIFORNIA","06","STRAWBERRIES, BEARING - APPLICATIONS, MEASURED IN LB / ACRE / APPLICATION, AVG","CHEMICAL, INSECTICIDE","CHEMICAL, INSECTICIDE: (ACEQUINOCYL = 6329)",0.299
2023,"YEAR","STATE","CALIFORNIA","06","STRAWBERRIES, BEARING - APPLICATIONS, MEASURED IN LB / ACRE / APPLICATION, AVG","CHEMICAL, INSECTICIDE","CHEMICAL, INSECTICIDE: (ACETAMIPRID = 99050)",0.129
2023,"YEAR","STATE","CALIFORNIA","06","STRAWBERRIES, BEARING - APPLICATIONS, MEASURED IN LB / ACRE / APPLICATION, AVG","CHEMICAL, INSECTICIDE","CHEMICAL, INSECTICIDE: (AZADIRACHTIN = 121701)",0.03
2023,"YEAR","STATE","CALIFORNIA","06","STRAWBERRIES, BEARING - APPLICATIONS, MEASURED IN LB / ACRE / APPLICATION, AVG","CHEMICAL, INSECTICIDE","CHEMICAL, INSECTICIDE: (BEAUVERIA BASSIANA = 128924)",NA
2023,"YEAR","STATE","CALIFORNIA","06","STRAWBERRIES, BEARING - APPLICATIONS, MEASURED IN LB / ACRE / APPLICATION, AVG","CHEMICAL, INSECTICIDE","CHEMICAL, INSECTICIDE: (BIFENAZATE = 586)",0.5
2023,"YEAR","STATE","CALIFORNIA","06","STRAWBERRIES, BEARING - APPLICATIONS, MEASURED IN LB / ACRE / APPLICATION, AVG","CHEMICAL, INSECTICIDE","CHEMICAL, INSECTICIDE: (BIFENTHRIN = 128825)",0.116
2023,"YEAR","STATE","CALIFORNIA","06","STRAWBERRIES, BEARING - APPLICATIONS, MEASURED IN LB / ACRE / APPLICATION, AVG","CHEMICAL, INSECTICIDE","CHEMICAL, INSECTICIDE: (BT KURSTAK ABTS-1857 = 6523)",NA
2023,"YEAR","STATE","CALIFORNIA","06","STRAWBERRIES, BEARING - APPLICATIONS, MEASURED IN LB / ACRE / APPLICATION, AVG","CHEMICAL, INSECTICIDE","CHEMICAL, INSECTICIDE: (BT KURSTAKI ABTS-351 = 6522)",NA
2023,"YEAR","STATE","CALIFORNIA","06","STRAWBERRIES, BEARING - APPLICATIONS, MEASURED IN LB / ACRE / APPLICATION, AVG","CHEMICAL, INSECTICIDE","CHEMICAL, INSECTICIDE: (BT KURSTAKI SA-11 = 6519)",NA
2023,"YEAR","STATE","CALIFORNIA","06","STRAWBERRIES, BEARING - APPLICATIONS, MEASURED IN LB / ACRE / APPLICATION, AVG","CHEMICAL, INSECTICIDE","CHEMICAL, INSECTICIDE: (CANOLA OIL = 11332)",NA
2023,"YEAR","STATE","CALIFORNIA","06","STRAWBERRIES, BEARING - APPLICATIONS, MEASURED IN LB / ACRE / APPLICATION, AVG","CHEMICAL, INSECTICIDE","CHEMICAL, INSECTICIDE: (CHLORANTRANILIPROLE = 90100)",0.063
2023,"YEAR","STATE","CALIFORNIA","06","STRAWBERRIES, BEARING - APPLICATIONS, MEASURED IN LB / ACRE / APPLICATION, AVG","CHEMICAL, INSECTICIDE","CHEMICAL, INSECTICIDE: (CHROMOBAC SUBTSUGAE PRAA4-1 CELLS AND SPENT MEDIA = 16329)",NA
2023,"YEAR","STATE","CALIFORNIA","06","STRAWBERRIES, BEARING - APPLICATIONS, MEASURED IN LB / ACRE / APPLICATION, AVG","CHEMICAL, INSECTICIDE","CHEMICAL, INSECTICIDE: (CYANTRANILIPROLE = 90098)",0.117
2023,"YEAR","STATE","CALIFORNIA","06","STRAWBERRIES, BEARING - APPLICATIONS, MEASURED IN LB / ACRE / APPLICATION, AVG","CHEMICAL, INSECTICIDE","CHEMICAL, INSECTICIDE: (CYFLUMETOFEN = 138831)",0.178
2023,"YEAR","STATE","CALIFORNIA","06","STRAWBERRIES, BEARING - APPLICATIONS, MEASURED IN LB / ACRE / APPLICATION, AVG","CHEMICAL, INSECTICIDE","CHEMICAL, INSECTICIDE: (ETOXAZOLE = 107091)",NA
2023,"YEAR","STATE","CALIFORNIA","06","STRAWBERRIES, BEARING - APPLICATIONS, MEASURED IN LB / ACRE / APPLICATION, AVG","CHEMICAL, INSECTICIDE","CHEMICAL, INSECTICIDE: (FENBUTATIN-OXIDE = 104601)",NA
2023,"YEAR","STATE","CALIFORNIA","06","STRAWBERRIES, BEARING - APPLICATIONS, MEASURED IN LB / ACRE / APPLICATION, AVG","CHEMICAL, INSECTICIDE","CHEMICAL, INSECTICIDE: (FENPROPATHRIN = 127901)",0.26
2023,"YEAR","STATE","CALIFORNIA","06","STRAWBERRIES, BEARING - APPLICATIONS, MEASURED IN LB / ACRE / APPLICATION, AVG","CHEMICAL, INSECTICIDE","CHEMICAL, INSECTICIDE: (FENPYROXIMATE = 129131)",NA
2023,"YEAR","STATE","CALIFORNIA","06","STRAWBERRIES, BEARING - APPLICATIONS, MEASURED IN LB / ACRE / APPLICATION, AVG","CHEMICAL, INSECTICIDE","CHEMICAL, INSECTICIDE: (FLONICAMID = 128016)",0.087
2023,"YEAR","STATE","CALIFORNIA","06","STRAWBERRIES, BEARING - APPLICATIONS, MEASURED IN LB / ACRE / APPLICATION, AVG","CHEMICAL, INSECTICIDE","CHEMICAL, INSECTICIDE: (FLUPYRADIFURONE = 122304)",0.182
2023,"YEAR","STATE","CALIFORNIA","06","STRAWBERRIES, BEARING - APPLICATIONS, MEASURED IN LB / ACRE / APPLICATION, AVG","CHEMICAL, INSECTICIDE","CHEMICAL, INSECTICIDE: (HEXYTHIAZOX = 128849)",0.186
2023,"YEAR","STATE","CALIFORNIA","06","STRAWBERRIES, BEARING - APPLICATIONS, MEASURED IN LB / ACRE / APPLICATION, AVG","CHEMICAL, INSECTICIDE","CHEMICAL, INSECTICIDE: (IMIDACLOPRID = 129099)",0.457
2023,"YEAR","STATE","CALIFORNIA","06","STRAWBERRIES, BEARING - APPLICATIONS, MEASURED IN LB / ACRE / APPLICATION, AVG","CHEMICAL, INSECTICIDE","CHEMICAL, INSECTICIDE: (LAMBDA-CYHALOTHRIN = 128897)",NA
2023,"YEAR","STATE","CALIFORNIA","06","STRAWBERRIES, BEARING - APPLICATIONS, MEASURED IN LB / ACRE / APPLICATION, AVG","CHEMICAL, INSECTICIDE","CHEMICAL, INSECTICIDE: (MALATHION = 57701)",1.807
2023,"YEAR","STATE","CALIFORNIA","06","STRAWBERRIES, BEARING - APPLICATIONS, MEASURED IN LB / ACRE / APPLICATION, AVG","CHEMICAL, INSECTICIDE","CHEMICAL, INSECTICIDE: (METHOXYFENOZIDE = 121027)",0.169
2023,"YEAR","STATE","CALIFORNIA","06","STRAWBERRIES, BEARING - APPLICATIONS, MEASURED IN LB / ACRE / APPLICATION, AVG","CHEMICAL, INSECTICIDE","CHEMICAL, INSECTICIDE: (NALED = 34401)",NA
2023,"YEAR","STATE","CALIFORNIA","06","STRAWBERRIES, BEARING - APPLICATIONS, MEASURED IN LB / ACRE / APPLICATION, AVG","CHEMICAL, INSECTICIDE","CHEMICAL, INSECTICIDE: (NEEM OIL = 25006)",NA
2023,"YEAR","STATE","CALIFORNIA","06","STRAWBERRIES, BEARING - APPLICATIONS, MEASURED IN LB / ACRE / APPLICATION, AVG","CHEMICAL, INSECTICIDE","CHEMICAL, INSECTICIDE: (NEEM OIL, CLAR. HYD. = 25007)",NA
2023,"YEAR","STATE","CALIFORNIA","06","STRAWBERRIES, BEARING - APPLICATIONS, MEASURED IN LB / ACRE / APPLICATION, AVG","CHEMICAL, INSECTICIDE","CHEMICAL, INSECTICIDE: (NOVALURON = 124002)",0.077
2023,"YEAR","STATE","CALIFORNIA","06","STRAWBERRIES, BEARING - APPLICATIONS, MEASURED IN LB / ACRE / APPLICATION, AVG","CHEMICAL, INSECTICIDE","CHEMICAL, INSECTICIDE: (PIPERONYL BUTOXIDE = 67501)",NA
2023,"YEAR","STATE","CALIFORNIA","06","STRAWBERRIES, BEARING - APPLICATIONS, MEASURED IN LB / ACRE / APPLICATION, AVG","CHEMICAL, INSECTICIDE","CHEMICAL, INSECTICIDE: (PYRETHRINS = 69001)",NA
2023,"YEAR","STATE","CALIFORNIA","06","STRAWBERRIES, BEARING - APPLICATIONS, MEASURED IN LB / ACRE / APPLICATION, AVG","CHEMICAL, INSECTICIDE","CHEMICAL, INSECTICIDE: (PYRIDABEN = 129105)",NA
2023,"YEAR","STATE","CALIFORNIA","06","STRAWBERRIES, BEARING - APPLICATIONS, MEASURED IN LB / ACRE / APPLICATION, AVG","CHEMICAL, INSECTICIDE","CHEMICAL, INSECTICIDE: (SPINETORAM = 110007)",0.071
2023,"YEAR","STATE","CALIFORNIA","06","STRAWBERRIES, BEARING - APPLICATIONS, MEASURED IN LB / ACRE / APPLICATION, AVG","CHEMICAL, INSECTICIDE","CHEMICAL, INSECTICIDE: (SPINOSAD = 110003)",0.094
2023,"YEAR","STATE","CALIFORNIA","06","STRAWBERRIES, BEARING - APPLICATIONS, MEASURED IN LB / ACRE / APPLICATION, AVG","CHEMICAL, INSECTICIDE","CHEMICAL, INSECTICIDE: (THIAMETHOXAM = 60109)",0.062
2023,"YEAR","STATE","CALIFORNIA","06","STRAWBERRIES, BEARING - APPLICATIONS, MEASURED IN LB / ACRE / APPLICATION, AVG","CHEMICAL, OTHER","CHEMICAL, OTHER: (ACIBENZOLAR-S-METHYL = 61402)",NA
2023,"YEAR","STATE","CALIFORNIA","06","STRAWBERRIES, BEARING - APPLICATIONS, MEASURED IN LB / ACRE / APPLICATION, AVG","CHEMICAL, OTHER","CHEMICAL, OTHER: (CAPSICUM OLEORESIN EXTRACT = 70704)",NA
2023,"YEAR","STATE","CALIFORNIA","06","STRAWBERRIES, BEARING - APPLICATIONS, MEASURED IN LB / ACRE / APPLICATION, AVG","CHEMICAL, OTHER","CHEMICAL, OTHER: (CHLOROPICRIN = 81501)",188.284
2023,"YEAR","STATE","CALIFORNIA","06","STRAWBERRIES, BEARING - APPLICATIONS, MEASURED IN LB / ACRE / APPLICATION, AVG","CHEMICAL, OTHER","CHEMICAL, OTHER: (DICHLOROPROPENE = 29001)",111.391
2023,"YEAR","STATE","CALIFORNIA","06","STRAWBERRIES, BEARING - APPLICATIONS, MEASURED IN LB / ACRE / APPLICATION, AVG","CHEMICAL, OTHER","CHEMICAL, OTHER: (FLUTRIAFOL = 128940)",0.114
2023,"YEAR","STATE","CALIFORNIA","06","STRAWBERRIES, BEARING - APPLICATIONS, MEASURED IN LB / ACRE / APPLICATION, AVG","CHEMICAL, OTHER","CHEMICAL, OTHER: (GARLIC OIL = 128827)",NA
2023,"YEAR","STATE","CALIFORNIA","06","STRAWBERRIES, BEARING - APPLICATIONS, MEASURED IN LB / ACRE / APPLICATION, AVG","CHEMICAL, OTHER","CHEMICAL, OTHER: (HYDROGEN PEROXIDE = 595)",NA
2023,"YEAR","STATE","CALIFORNIA","06","STRAWBERRIES, BEARING - APPLICATIONS, MEASURED IN LB / ACRE / APPLICATION, AVG","CHEMICAL, OTHER","CHEMICAL, OTHER: (IRON PHOSPHATE = 34903)",NA
2023,"YEAR","STATE","CALIFORNIA","06","STRAWBERRIES, BEARING - APPLICATIONS, MEASURED IN LB / ACRE / APPLICATION, AVG","CHEMICAL, OTHER","CHEMICAL, OTHER: (METALDEHYDE = 53001)",NA
2023,"YEAR","STATE","CALIFORNIA","06","STRAWBERRIES, BEARING - APPLICATIONS, MEASURED IN LB / ACRE / APPLICATION, AVG","CHEMICAL, OTHER","CHEMICAL, OTHER: (METAM-POTASSIUM = 39002)",NA
2023,"YEAR","STATE","CALIFORNIA","06","STRAWBERRIES, BEARING - APPLICATIONS, MEASURED IN LB / ACRE / APPLICATION, AVG","CHEMICAL, OTHER","CHEMICAL, OTHER: (METAM-SODIUM = 39003)",NA
2023,"YEAR","STATE","CALIFORNIA","06","STRAWBERRIES, BEARING - APPLICATIONS, MEASURED IN LB / ACRE / APPLICATION, AVG","CHEMICAL, OTHER","CHEMICAL, OTHER: (PEROXYACETIC ACID = 63201)",NA
2023,"YEAR","STATE","CALIFORNIA","06","STRAWBERRIES, BEARING - APPLICATIONS, MEASURED IN LB / ACRE / APPLICATION, AVG","CHEMICAL, OTHER","CHEMICAL, OTHER: (PSEUDOMONAS CHLORORAPHIS STRAIN AFS009 = 6800)",NA
2023,"YEAR","STATE","CALIFORNIA","06","STRAWBERRIES, BEARING - APPLICATIONS, MEASURED IN LB / ACRE / APPLICATION, AVG","CHEMICAL, OTHER","CHEMICAL, OTHER: (REYNOUTRIA SACHALINE = 55809)",NA
2023,"YEAR","STATE","CALIFORNIA","06","STRAWBERRIES, BEARING - APPLICATIONS, MEASURED IN LB / ACRE / APPLICATION, AVG","FERTILIZER","FERTILIZER: (NITROGEN)",13
2023,"YEAR","STATE","CALIFORNIA","06","STRAWBERRIES, BEARING - APPLICATIONS, MEASURED IN LB / ACRE / APPLICATION, AVG","FERTILIZER","FERTILIZER: (PHOSPHATE)",10
2023,"YEAR","STATE","CALIFORNIA","06","STRAWBERRIES, BEARING - APPLICATIONS, MEASURED IN LB / ACRE / APPLICATION, AVG","FERTILIZER","FERTILIZER: (POTASH)",13
2023,"YEAR","STATE","CALIFORNIA","06","STRAWBERRIES, BEARING - APPLICATIONS, MEASURED IN LB / ACRE / APPLICATION, AVG","FERTILIZER","FERTILIZER: (SULFUR)",NA
2023,"YEAR","STATE","CALIFORNIA","06","STRAWBERRIES, BEARING - APPLICATIONS, MEASURED IN LB / ACRE / YEAR, AVG","CHEMICAL, FUNGICIDE","CHEMICAL, FUNGICIDE: (AZOXYSTROBIN = 128810)",0.326
2023,"YEAR","STATE","CALIFORNIA","06","STRAWBERRIES, BEARING - APPLICATIONS, MEASURED IN LB / ACRE / YEAR, AVG","CHEMICAL, FUNGICIDE","CHEMICAL, FUNGICIDE: (BACILLUS AMYLOLIQUEFACIENS STRAIN D747 = 16482)",NA
2023,"YEAR","STATE","CALIFORNIA","06","STRAWBERRIES, BEARING - APPLICATIONS, MEASURED IN LB / ACRE / YEAR, AVG","CHEMICAL, FUNGICIDE","CHEMICAL, FUNGICIDE: (BACILLUS SUBTILIS = 6479)",NA
2023,"YEAR","STATE","CALIFORNIA","06","STRAWBERRIES, BEARING - APPLICATIONS, MEASURED IN LB / ACRE / YEAR, AVG","CHEMICAL, FUNGICIDE","CHEMICAL, FUNGICIDE: (BLAD = 30006)",NA
2023,"YEAR","STATE","CALIFORNIA","06","STRAWBERRIES, BEARING - APPLICATIONS, MEASURED IN LB / ACRE / YEAR, AVG","CHEMICAL, FUNGICIDE","CHEMICAL, FUNGICIDE: (BORAX DECAHYDRATE = 11102)",0.093
2023,"YEAR","STATE","CALIFORNIA","06","STRAWBERRIES, BEARING - APPLICATIONS, MEASURED IN LB / ACRE / YEAR, AVG","CHEMICAL, FUNGICIDE","CHEMICAL, FUNGICIDE: (BOSCALID = 128008)",0.885
2023,"YEAR","STATE","CALIFORNIA","06","STRAWBERRIES, BEARING - APPLICATIONS, MEASURED IN LB / ACRE / YEAR, AVG","CHEMICAL, FUNGICIDE","CHEMICAL, FUNGICIDE: (BT SUBSP KURSTAKI EVB-113-19 = 6544)",NA
2023,"YEAR","STATE","CALIFORNIA","06","STRAWBERRIES, BEARING - APPLICATIONS, MEASURED IN LB / ACRE / YEAR, AVG","CHEMICAL, FUNGICIDE","CHEMICAL, FUNGICIDE: (CAPTAN = 81301)",15.932
2023,"YEAR","STATE","CALIFORNIA","06","STRAWBERRIES, BEARING - APPLICATIONS, MEASURED IN LB / ACRE / YEAR, AVG","CHEMICAL, FUNGICIDE","CHEMICAL, FUNGICIDE: (CYFLUFENAMID = 555550)",NA
2023,"YEAR","STATE","CALIFORNIA","06","STRAWBERRIES, BEARING - APPLICATIONS, MEASURED IN LB / ACRE / YEAR, AVG","CHEMICAL, FUNGICIDE","CHEMICAL, FUNGICIDE: (CYPRODINIL = 288202)",0.872
2023,"YEAR","STATE","CALIFORNIA","06","STRAWBERRIES, BEARING - APPLICATIONS, MEASURED IN LB / ACRE / YEAR, AVG","CHEMICAL, FUNGICIDE","CHEMICAL, FUNGICIDE: (DIFENOCONAZOLE = 128847)",NA
2023,"YEAR","STATE","CALIFORNIA","06","STRAWBERRIES, BEARING - APPLICATIONS, MEASURED IN LB / ACRE / YEAR, AVG","CHEMICAL, FUNGICIDE","CHEMICAL, FUNGICIDE: (FENHEXAMID = 90209)",0.753
2023,"YEAR","STATE","CALIFORNIA","06","STRAWBERRIES, BEARING - APPLICATIONS, MEASURED IN LB / ACRE / YEAR, AVG","CHEMICAL, FUNGICIDE","CHEMICAL, FUNGICIDE: (FLUDIOXONIL = 71503)",0.599
2023,"YEAR","STATE","CALIFORNIA","06","STRAWBERRIES, BEARING - APPLICATIONS, MEASURED IN LB / ACRE / YEAR, AVG","CHEMICAL, FUNGICIDE","CHEMICAL, FUNGICIDE: (FLUOPYRAM = 80302)",0.389
2023,"YEAR","STATE","CALIFORNIA","06","STRAWBERRIES, BEARING - APPLICATIONS, MEASURED IN LB / ACRE / YEAR, AVG","CHEMICAL, FUNGICIDE","CHEMICAL, FUNGICIDE: (FLUXAPYROXAD = 138009)",0.294
2023,"YEAR","STATE","CALIFORNIA","06","STRAWBERRIES, BEARING - APPLICATIONS, MEASURED IN LB / ACRE / YEAR, AVG","CHEMICAL, FUNGICIDE","CHEMICAL, FUNGICIDE: (FOSETYL-AL = 123301)",NA
2023,"YEAR","STATE","CALIFORNIA","06","STRAWBERRIES, BEARING - APPLICATIONS, MEASURED IN LB / ACRE / YEAR, AVG","CHEMICAL, FUNGICIDE","CHEMICAL, FUNGICIDE: (ISOFETAMID = 270000)",NA
2023,"YEAR","STATE","CALIFORNIA","06","STRAWBERRIES, BEARING - APPLICATIONS, MEASURED IN LB / ACRE / YEAR, AVG","CHEMICAL, FUNGICIDE","CHEMICAL, FUNGICIDE: (MEFENOXAM = 113502)",0.727
2023,"YEAR","STATE","CALIFORNIA","06","STRAWBERRIES, BEARING - APPLICATIONS, MEASURED IN LB / ACRE / YEAR, AVG","CHEMICAL, FUNGICIDE","CHEMICAL, FUNGICIDE: (MONO-POTASSIUM SALT = 76416)",NA
2023,"YEAR","STATE","CALIFORNIA","06","STRAWBERRIES, BEARING - APPLICATIONS, MEASURED IN LB / ACRE / YEAR, AVG","CHEMICAL, FUNGICIDE","CHEMICAL, FUNGICIDE: (MYCLOBUTANIL = 128857)",0.546
2023,"YEAR","STATE","CALIFORNIA","06","STRAWBERRIES, BEARING - APPLICATIONS, MEASURED IN LB / ACRE / YEAR, AVG","CHEMICAL, FUNGICIDE","CHEMICAL, FUNGICIDE: (PENTHIOPYRAD = 90112)",0.49
2023,"YEAR","STATE","CALIFORNIA","06","STRAWBERRIES, BEARING - APPLICATIONS, MEASURED IN LB / ACRE / YEAR, AVG","CHEMICAL, FUNGICIDE","CHEMICAL, FUNGICIDE: (POLYOXIN D ZINC SALT = 230000)",0.109
2023,"YEAR","STATE","CALIFORNIA","06","STRAWBERRIES, BEARING - APPLICATIONS, MEASURED IN LB / ACRE / YEAR, AVG","CHEMICAL, FUNGICIDE","CHEMICAL, FUNGICIDE: (PROPICONAZOLE = 122101)",0.174
2023,"YEAR","STATE","CALIFORNIA","06","STRAWBERRIES, BEARING - APPLICATIONS, MEASURED IN LB / ACRE / YEAR, AVG","CHEMICAL, FUNGICIDE","CHEMICAL, FUNGICIDE: (PYDIFLUMETOFEN = 90110)",NA
2023,"YEAR","STATE","CALIFORNIA","06","STRAWBERRIES, BEARING - APPLICATIONS, MEASURED IN LB / ACRE / YEAR, AVG","CHEMICAL, FUNGICIDE","CHEMICAL, FUNGICIDE: (PYRACLOSTROBIN = 99100)",0.355
2023,"YEAR","STATE","CALIFORNIA","06","STRAWBERRIES, BEARING - APPLICATIONS, MEASURED IN LB / ACRE / YEAR, AVG","CHEMICAL, FUNGICIDE","CHEMICAL, FUNGICIDE: (PYRIMETHANIL = 288201)",1.036
2023,"YEAR","STATE","CALIFORNIA","06","STRAWBERRIES, BEARING - APPLICATIONS, MEASURED IN LB / ACRE / YEAR, AVG","CHEMICAL, FUNGICIDE","CHEMICAL, FUNGICIDE: (QUINOLINE = 55459)",0.193
2023,"YEAR","STATE","CALIFORNIA","06","STRAWBERRIES, BEARING - APPLICATIONS, MEASURED IN LB / ACRE / YEAR, AVG","CHEMICAL, FUNGICIDE","CHEMICAL, FUNGICIDE: (SULFUR = 77501)",38.761
2023,"YEAR","STATE","CALIFORNIA","06","STRAWBERRIES, BEARING - APPLICATIONS, MEASURED IN LB / ACRE / YEAR, AVG","CHEMICAL, FUNGICIDE","CHEMICAL, FUNGICIDE: (TETRACONAZOLE = 120603)",0.059
2023,"YEAR","STATE","CALIFORNIA","06","STRAWBERRIES, BEARING - APPLICATIONS, MEASURED IN LB / ACRE / YEAR, AVG","CHEMICAL, FUNGICIDE","CHEMICAL, FUNGICIDE: (THIOPHANATE-METHYL = 102001)",1.667
2023,"YEAR","STATE","CALIFORNIA","06","STRAWBERRIES, BEARING - APPLICATIONS, MEASURED IN LB / ACRE / YEAR, AVG","CHEMICAL, FUNGICIDE","CHEMICAL, FUNGICIDE: (THIRAM = 79801)",8.873
2023,"YEAR","STATE","CALIFORNIA","06","STRAWBERRIES, BEARING - APPLICATIONS, MEASURED IN LB / ACRE / YEAR, AVG","CHEMICAL, FUNGICIDE","CHEMICAL, FUNGICIDE: (TRIFLOXYSTROBIN = 129112)",0.39
2023,"YEAR","STATE","CALIFORNIA","06","STRAWBERRIES, BEARING - APPLICATIONS, MEASURED IN LB / ACRE / YEAR, AVG","CHEMICAL, FUNGICIDE","CHEMICAL, FUNGICIDE: (TRIFLUMIZOLE = 128879)",NA
2023,"YEAR","STATE","CALIFORNIA","06","STRAWBERRIES, BEARING - APPLICATIONS, MEASURED IN LB / ACRE / YEAR, AVG","CHEMICAL, HERBICIDE","CHEMICAL, HERBICIDE: (CARFENTRAZONE-ETHYL = 128712)",NA
2023,"YEAR","STATE","CALIFORNIA","06","STRAWBERRIES, BEARING - APPLICATIONS, MEASURED IN LB / ACRE / YEAR, AVG","CHEMICAL, HERBICIDE","CHEMICAL, HERBICIDE: (FLUMIOXAZIN = 129034)",0.315
2023,"YEAR","STATE","CALIFORNIA","06","STRAWBERRIES, BEARING - APPLICATIONS, MEASURED IN LB / ACRE / YEAR, AVG","CHEMICAL, HERBICIDE","CHEMICAL, HERBICIDE: (OXYFLUORFEN = 111601)",NA
2023,"YEAR","STATE","CALIFORNIA","06","STRAWBERRIES, BEARING - APPLICATIONS, MEASURED IN LB / ACRE / YEAR, AVG","CHEMICAL, HERBICIDE","CHEMICAL, HERBICIDE: (PENDIMETHALIN = 108501)",5.892
2023,"YEAR","STATE","CALIFORNIA","06","STRAWBERRIES, BEARING - APPLICATIONS, MEASURED IN LB / ACRE / YEAR, AVG","CHEMICAL, INSECTICIDE","CHEMICAL, INSECTICIDE: (ABAMECTIN = 122804)",0.025
2023,"YEAR","STATE","CALIFORNIA","06","STRAWBERRIES, BEARING - APPLICATIONS, MEASURED IN LB / ACRE / YEAR, AVG","CHEMICAL, INSECTICIDE","CHEMICAL, INSECTICIDE: (ACEQUINOCYL = 6329)",0.65
2023,"YEAR","STATE","CALIFORNIA","06","STRAWBERRIES, BEARING - APPLICATIONS, MEASURED IN LB / ACRE / YEAR, AVG","CHEMICAL, INSECTICIDE","CHEMICAL, INSECTICIDE: (ACETAMIPRID = 99050)",0.181
2023,"YEAR","STATE","CALIFORNIA","06","STRAWBERRIES, BEARING - APPLICATIONS, MEASURED IN LB / ACRE / YEAR, AVG","CHEMICAL, INSECTICIDE","CHEMICAL, INSECTICIDE: (AZADIRACHTIN = 121701)",0.114
2023,"YEAR","STATE","CALIFORNIA","06","STRAWBERRIES, BEARING - APPLICATIONS, MEASURED IN LB / ACRE / YEAR, AVG","CHEMICAL, INSECTICIDE","CHEMICAL, INSECTICIDE: (BEAUVERIA BASSIANA = 128924)",NA
2023,"YEAR","STATE","CALIFORNIA","06","STRAWBERRIES, BEARING - APPLICATIONS, MEASURED IN LB / ACRE / YEAR, AVG","CHEMICAL, INSECTICIDE","CHEMICAL, INSECTICIDE: (BIFENAZATE = 586)",1.094
2023,"YEAR","STATE","CALIFORNIA","06","STRAWBERRIES, BEARING - APPLICATIONS, MEASURED IN LB / ACRE / YEAR, AVG","CHEMICAL, INSECTICIDE","CHEMICAL, INSECTICIDE: (BIFENTHRIN = 128825)",0.178
2023,"YEAR","STATE","CALIFORNIA","06","STRAWBERRIES, BEARING - APPLICATIONS, MEASURED IN LB / ACRE / YEAR, AVG","CHEMICAL, INSECTICIDE","CHEMICAL, INSECTICIDE: (BT KURSTAK ABTS-1857 = 6523)",NA
2023,"YEAR","STATE","CALIFORNIA","06","STRAWBERRIES, BEARING - APPLICATIONS, MEASURED IN LB / ACRE / YEAR, AVG","CHEMICAL, INSECTICIDE","CHEMICAL, INSECTICIDE: (BT KURSTAKI ABTS-351 = 6522)",NA
2023,"YEAR","STATE","CALIFORNIA","06","STRAWBERRIES, BEARING - APPLICATIONS, MEASURED IN LB / ACRE / YEAR, AVG","CHEMICAL, INSECTICIDE","CHEMICAL, INSECTICIDE: (BT KURSTAKI SA-11 = 6519)",NA
2023,"YEAR","STATE","CALIFORNIA","06","STRAWBERRIES, BEARING - APPLICATIONS, MEASURED IN LB / ACRE / YEAR, AVG","CHEMICAL, INSECTICIDE","CHEMICAL, INSECTICIDE: (CANOLA OIL = 11332)",NA
2023,"YEAR","STATE","CALIFORNIA","06","STRAWBERRIES, BEARING - APPLICATIONS, MEASURED IN LB / ACRE / YEAR, AVG","CHEMICAL, INSECTICIDE","CHEMICAL, INSECTICIDE: (CHLORANTRANILIPROLE = 90100)",0.158
2023,"YEAR","STATE","CALIFORNIA","06","STRAWBERRIES, BEARING - APPLICATIONS, MEASURED IN LB / ACRE / YEAR, AVG","CHEMICAL, INSECTICIDE","CHEMICAL, INSECTICIDE: (CHROMOBAC SUBTSUGAE PRAA4-1 CELLS AND SPENT MEDIA = 16329)",NA
2023,"YEAR","STATE","CALIFORNIA","06","STRAWBERRIES, BEARING - APPLICATIONS, MEASURED IN LB / ACRE / YEAR, AVG","CHEMICAL, INSECTICIDE","CHEMICAL, INSECTICIDE: (CYANTRANILIPROLE = 90098)",0.241
2023,"YEAR","STATE","CALIFORNIA","06","STRAWBERRIES, BEARING - APPLICATIONS, MEASURED IN LB / ACRE / YEAR, AVG","CHEMICAL, INSECTICIDE","CHEMICAL, INSECTICIDE: (CYFLUMETOFEN = 138831)",0.397
2023,"YEAR","STATE","CALIFORNIA","06","STRAWBERRIES, BEARING - APPLICATIONS, MEASURED IN LB / ACRE / YEAR, AVG","CHEMICAL, INSECTICIDE","CHEMICAL, INSECTICIDE: (ETOXAZOLE = 107091)",NA
2023,"YEAR","STATE","CALIFORNIA","06","STRAWBERRIES, BEARING - APPLICATIONS, MEASURED IN LB / ACRE / YEAR, AVG","CHEMICAL, INSECTICIDE","CHEMICAL, INSECTICIDE: (FENBUTATIN-OXIDE = 104601)",NA
2023,"YEAR","STATE","CALIFORNIA","06","STRAWBERRIES, BEARING - APPLICATIONS, MEASURED IN LB / ACRE / YEAR, AVG","CHEMICAL, INSECTICIDE","CHEMICAL, INSECTICIDE: (FENPROPATHRIN = 127901)",0.327
2023,"YEAR","STATE","CALIFORNIA","06","STRAWBERRIES, BEARING - APPLICATIONS, MEASURED IN LB / ACRE / YEAR, AVG","CHEMICAL, INSECTICIDE","CHEMICAL, INSECTICIDE: (FENPYROXIMATE = 129131)",NA
2023,"YEAR","STATE","CALIFORNIA","06","STRAWBERRIES, BEARING - APPLICATIONS, MEASURED IN LB / ACRE / YEAR, AVG","CHEMICAL, INSECTICIDE","CHEMICAL, INSECTICIDE: (FLONICAMID = 128016)",0.197
2023,"YEAR","STATE","CALIFORNIA","06","STRAWBERRIES, BEARING - APPLICATIONS, MEASURED IN LB / ACRE / YEAR, AVG","CHEMICAL, INSECTICIDE","CHEMICAL, INSECTICIDE: (FLUPYRADIFURONE = 122304)",0.317
2023,"YEAR","STATE","CALIFORNIA","06","STRAWBERRIES, BEARING - APPLICATIONS, MEASURED IN LB / ACRE / YEAR, AVG","CHEMICAL, INSECTICIDE","CHEMICAL, INSECTICIDE: (HEXYTHIAZOX = 128849)",0.227
2023,"YEAR","STATE","CALIFORNIA","06","STRAWBERRIES, BEARING - APPLICATIONS, MEASURED IN LB / ACRE / YEAR, AVG","CHEMICAL, INSECTICIDE","CHEMICAL, INSECTICIDE: (IMIDACLOPRID = 129099)",0.496
2023,"YEAR","STATE","CALIFORNIA","06","STRAWBERRIES, BEARING - APPLICATIONS, MEASURED IN LB / ACRE / YEAR, AVG","CHEMICAL, INSECTICIDE","CHEMICAL, INSECTICIDE: (LAMBDA-CYHALOTHRIN = 128897)",NA
2023,"YEAR","STATE","CALIFORNIA","06","STRAWBERRIES, BEARING - APPLICATIONS, MEASURED IN LB / ACRE / YEAR, AVG","CHEMICAL, INSECTICIDE","CHEMICAL, INSECTICIDE: (MALATHION = 57701)",2.398
2023,"YEAR","STATE","CALIFORNIA","06","STRAWBERRIES, BEARING - APPLICATIONS, MEASURED IN LB / ACRE / YEAR, AVG","CHEMICAL, INSECTICIDE","CHEMICAL, INSECTICIDE: (METHOXYFENOZIDE = 121027)",0.276
2023,"YEAR","STATE","CALIFORNIA","06","STRAWBERRIES, BEARING - APPLICATIONS, MEASURED IN LB / ACRE / YEAR, AVG","CHEMICAL, INSECTICIDE","CHEMICAL, INSECTICIDE: (NALED = 34401)",NA
2023,"YEAR","STATE","CALIFORNIA","06","STRAWBERRIES, BEARING - APPLICATIONS, MEASURED IN LB / ACRE / YEAR, AVG","CHEMICAL, INSECTICIDE","CHEMICAL, INSECTICIDE: (NEEM OIL = 25006)",NA
2023,"YEAR","STATE","CALIFORNIA","06","STRAWBERRIES, BEARING - APPLICATIONS, MEASURED IN LB / ACRE / YEAR, AVG","CHEMICAL, INSECTICIDE","CHEMICAL, INSECTICIDE: (NEEM OIL, CLAR. HYD. = 25007)",NA
2023,"YEAR","STATE","CALIFORNIA","06","STRAWBERRIES, BEARING - APPLICATIONS, MEASURED IN LB / ACRE / YEAR, AVG","CHEMICAL, INSECTICIDE","CHEMICAL, INSECTICIDE: (NOVALURON = 124002)",0.232
2023,"YEAR","STATE","CALIFORNIA","06","STRAWBERRIES, BEARING - APPLICATIONS, MEASURED IN LB / ACRE / YEAR, AVG","CHEMICAL, INSECTICIDE","CHEMICAL, INSECTICIDE: (PIPERONYL BUTOXIDE = 67501)",NA
2023,"YEAR","STATE","CALIFORNIA","06","STRAWBERRIES, BEARING - APPLICATIONS, MEASURED IN LB / ACRE / YEAR, AVG","CHEMICAL, INSECTICIDE","CHEMICAL, INSECTICIDE: (PYRETHRINS = 69001)",NA
2023,"YEAR","STATE","CALIFORNIA","06","STRAWBERRIES, BEARING - APPLICATIONS, MEASURED IN LB / ACRE / YEAR, AVG","CHEMICAL, INSECTICIDE","CHEMICAL, INSECTICIDE: (PYRIDABEN = 129105)",NA
2023,"YEAR","STATE","CALIFORNIA","06","STRAWBERRIES, BEARING - APPLICATIONS, MEASURED IN LB / ACRE / YEAR, AVG","CHEMICAL, INSECTICIDE","CHEMICAL, INSECTICIDE: (SPINETORAM = 110007)",0.125
2023,"YEAR","STATE","CALIFORNIA","06","STRAWBERRIES, BEARING - APPLICATIONS, MEASURED IN LB / ACRE / YEAR, AVG","CHEMICAL, INSECTICIDE","CHEMICAL, INSECTICIDE: (SPINOSAD = 110003)",0.173
2023,"YEAR","STATE","CALIFORNIA","06","STRAWBERRIES, BEARING - APPLICATIONS, MEASURED IN LB / ACRE / YEAR, AVG","CHEMICAL, INSECTICIDE","CHEMICAL, INSECTICIDE: (THIAMETHOXAM = 60109)",0.092
2023,"YEAR","STATE","CALIFORNIA","06","STRAWBERRIES, BEARING - APPLICATIONS, MEASURED IN LB / ACRE / YEAR, AVG","CHEMICAL, OTHER","CHEMICAL, OTHER: (ACIBENZOLAR-S-METHYL = 61402)",NA
2023,"YEAR","STATE","CALIFORNIA","06","STRAWBERRIES, BEARING - APPLICATIONS, MEASURED IN LB / ACRE / YEAR, AVG","CHEMICAL, OTHER","CHEMICAL, OTHER: (CAPSICUM OLEORESIN EXTRACT = 70704)",NA
2023,"YEAR","STATE","CALIFORNIA","06","STRAWBERRIES, BEARING - APPLICATIONS, MEASURED IN LB / ACRE / YEAR, AVG","CHEMICAL, OTHER","CHEMICAL, OTHER: (CHLOROPICRIN = 81501)",442.413
2023,"YEAR","STATE","CALIFORNIA","06","STRAWBERRIES, BEARING - APPLICATIONS, MEASURED IN LB / ACRE / YEAR, AVG","CHEMICAL, OTHER","CHEMICAL, OTHER: (DICHLOROPROPENE = 29001)",131.091
2023,"YEAR","STATE","CALIFORNIA","06","STRAWBERRIES, BEARING - APPLICATIONS, MEASURED IN LB / ACRE / YEAR, AVG","CHEMICAL, OTHER","CHEMICAL, OTHER: (FLUTRIAFOL = 128940)",0.218
2023,"YEAR","STATE","CALIFORNIA","06","STRAWBERRIES, BEARING - APPLICATIONS, MEASURED IN LB / ACRE / YEAR, AVG","CHEMICAL, OTHER","CHEMICAL, OTHER: (GARLIC OIL = 128827)",NA
2023,"YEAR","STATE","CALIFORNIA","06","STRAWBERRIES, BEARING - APPLICATIONS, MEASURED IN LB / ACRE / YEAR, AVG","CHEMICAL, OTHER","CHEMICAL, OTHER: (HYDROGEN PEROXIDE = 595)",NA
2023,"YEAR","STATE","CALIFORNIA","06","STRAWBERRIES, BEARING - APPLICATIONS, MEASURED IN LB / ACRE / YEAR, AVG","CHEMICAL, OTHER","CHEMICAL, OTHER: (IRON PHOSPHATE = 34903)",NA
2023,"YEAR","STATE","CALIFORNIA","06","STRAWBERRIES, BEARING - APPLICATIONS, MEASURED IN LB / ACRE / YEAR, AVG","CHEMICAL, OTHER","CHEMICAL, OTHER: (METALDEHYDE = 53001)",NA
2023,"YEAR","STATE","CALIFORNIA","06","STRAWBERRIES, BEARING - APPLICATIONS, MEASURED IN LB / ACRE / YEAR, AVG","CHEMICAL, OTHER","CHEMICAL, OTHER: (METAM-POTASSIUM = 39002)",NA
2023,"YEAR","STATE","CALIFORNIA","06","STRAWBERRIES, BEARING - APPLICATIONS, MEASURED IN LB / ACRE / YEAR, AVG","CHEMICAL, OTHER","CHEMICAL, OTHER: (METAM-SODIUM = 39003)",NA
2023,"YEAR","STATE","CALIFORNIA","06","STRAWBERRIES, BEARING - APPLICATIONS, MEASURED IN LB / ACRE / YEAR, AVG","CHEMICAL, OTHER","CHEMICAL, OTHER: (PEROXYACETIC ACID = 63201)",NA
2023,"YEAR","STATE","CALIFORNIA","06","STRAWBERRIES, BEARING - APPLICATIONS, MEASURED IN LB / ACRE / YEAR, AVG","CHEMICAL, OTHER","CHEMICAL, OTHER: (PSEUDOMONAS CHLORORAPHIS STRAIN AFS009 = 6800)",NA
2023,"YEAR","STATE","CALIFORNIA","06","STRAWBERRIES, BEARING - APPLICATIONS, MEASURED IN LB / ACRE / YEAR, AVG","CHEMICAL, OTHER","CHEMICAL, OTHER: (REYNOUTRIA SACHALINE = 55809)",NA
2023,"YEAR","STATE","CALIFORNIA","06","STRAWBERRIES, BEARING - APPLICATIONS, MEASURED IN LB / ACRE / YEAR, AVG","FERTILIZER","FERTILIZER: (NITROGEN)",165
2023,"YEAR","STATE","CALIFORNIA","06","STRAWBERRIES, BEARING - APPLICATIONS, MEASURED IN LB / ACRE / YEAR, AVG","FERTILIZER","FERTILIZER: (PHOSPHATE)",88
2023,"YEAR","STATE","CALIFORNIA","06","STRAWBERRIES, BEARING - APPLICATIONS, MEASURED IN LB / ACRE / YEAR, AVG","FERTILIZER","FERTILIZER: (POTASH)",141
2023,"YEAR","STATE","CALIFORNIA","06","STRAWBERRIES, BEARING - APPLICATIONS, MEASURED IN LB / ACRE / YEAR, AVG","FERTILIZER","FERTILIZER: (SULFUR)",NA
2023,"YEAR","STATE","CALIFORNIA","06","STRAWBERRIES, BEARING - APPLICATIONS, MEASURED IN NUMBER, AVG","CHEMICAL, FUNGICIDE","CHEMICAL, FUNGICIDE: (AZOXYSTROBIN = 128810)",1.4
2023,"YEAR","STATE","CALIFORNIA","06","STRAWBERRIES, BEARING - APPLICATIONS, MEASURED IN NUMBER, AVG","CHEMICAL, FUNGICIDE","CHEMICAL, FUNGICIDE: (BACILLUS AMYLOLIQUEFACIENS STRAIN D747 = 16482)",NA
2023,"YEAR","STATE","CALIFORNIA","06","STRAWBERRIES, BEARING - APPLICATIONS, MEASURED IN NUMBER, AVG","CHEMICAL, FUNGICIDE","CHEMICAL, FUNGICIDE: (BACILLUS SUBTILIS = 6479)",NA
2023,"YEAR","STATE","CALIFORNIA","06","STRAWBERRIES, BEARING - APPLICATIONS, MEASURED IN NUMBER, AVG","CHEMICAL, FUNGICIDE","CHEMICAL, FUNGICIDE: (BLAD = 30006)",NA
2023,"YEAR","STATE","CALIFORNIA","06","STRAWBERRIES, BEARING - APPLICATIONS, MEASURED IN NUMBER, AVG","CHEMICAL, FUNGICIDE","CHEMICAL, FUNGICIDE: (BORAX DECAHYDRATE = 11102)",2.2
2023,"YEAR","STATE","CALIFORNIA","06","STRAWBERRIES, BEARING - APPLICATIONS, MEASURED IN NUMBER, AVG","CHEMICAL, FUNGICIDE","CHEMICAL, FUNGICIDE: (BOSCALID = 128008)",2.5
2023,"YEAR","STATE","CALIFORNIA","06","STRAWBERRIES, BEARING - APPLICATIONS, MEASURED IN NUMBER, AVG","CHEMICAL, FUNGICIDE","CHEMICAL, FUNGICIDE: (BT SUBSP KURSTAKI EVB-113-19 = 6544)",NA
2023,"YEAR","STATE","CALIFORNIA","06","STRAWBERRIES, BEARING - APPLICATIONS, MEASURED IN NUMBER, AVG","CHEMICAL, FUNGICIDE","CHEMICAL, FUNGICIDE: (CAPTAN = 81301)",9.4
2023,"YEAR","STATE","CALIFORNIA","06","STRAWBERRIES, BEARING - APPLICATIONS, MEASURED IN NUMBER, AVG","CHEMICAL, FUNGICIDE","CHEMICAL, FUNGICIDE: (CYFLUFENAMID = 555550)",NA
2023,"YEAR","STATE","CALIFORNIA","06","STRAWBERRIES, BEARING - APPLICATIONS, MEASURED IN NUMBER, AVG","CHEMICAL, FUNGICIDE","CHEMICAL, FUNGICIDE: (CYPRODINIL = 288202)",2.8
2023,"YEAR","STATE","CALIFORNIA","06","STRAWBERRIES, BEARING - APPLICATIONS, MEASURED IN NUMBER, AVG","CHEMICAL, FUNGICIDE","CHEMICAL, FUNGICIDE: (DIFENOCONAZOLE = 128847)",NA
2023,"YEAR","STATE","CALIFORNIA","06","STRAWBERRIES, BEARING - APPLICATIONS, MEASURED IN NUMBER, AVG","CHEMICAL, FUNGICIDE","CHEMICAL, FUNGICIDE: (FENHEXAMID = 90209)",1.1
2023,"YEAR","STATE","CALIFORNIA","06","STRAWBERRIES, BEARING - APPLICATIONS, MEASURED IN NUMBER, AVG","CHEMICAL, FUNGICIDE","CHEMICAL, FUNGICIDE: (FLUDIOXONIL = 71503)",2.8
2023,"YEAR","STATE","CALIFORNIA","06","STRAWBERRIES, BEARING - APPLICATIONS, MEASURED IN NUMBER, AVG","CHEMICAL, FUNGICIDE","CHEMICAL, FUNGICIDE: (FLUOPYRAM = 80302)",3.3
2023,"YEAR","STATE","CALIFORNIA","06","STRAWBERRIES, BEARING - APPLICATIONS, MEASURED IN NUMBER, AVG","CHEMICAL, FUNGICIDE","CHEMICAL, FUNGICIDE: (FLUXAPYROXAD = 138009)",1.8
2023,"YEAR","STATE","CALIFORNIA","06","STRAWBERRIES, BEARING - APPLICATIONS, MEASURED IN NUMBER, AVG","CHEMICAL, FUNGICIDE","CHEMICAL, FUNGICIDE: (FOSETYL-AL = 123301)",NA
2023,"YEAR","STATE","CALIFORNIA","06","STRAWBERRIES, BEARING - APPLICATIONS, MEASURED IN NUMBER, AVG","CHEMICAL, FUNGICIDE","CHEMICAL, FUNGICIDE: (ISOFETAMID = 270000)",NA
2023,"YEAR","STATE","CALIFORNIA","06","STRAWBERRIES, BEARING - APPLICATIONS, MEASURED IN NUMBER, AVG","CHEMICAL, FUNGICIDE","CHEMICAL, FUNGICIDE: (MEFENOXAM = 113502)",1.5
2023,"YEAR","STATE","CALIFORNIA","06","STRAWBERRIES, BEARING - APPLICATIONS, MEASURED IN NUMBER, AVG","CHEMICAL, FUNGICIDE","CHEMICAL, FUNGICIDE: (MONO-POTASSIUM SALT = 76416)",NA
2023,"YEAR","STATE","CALIFORNIA","06","STRAWBERRIES, BEARING - APPLICATIONS, MEASURED IN NUMBER, AVG","CHEMICAL, FUNGICIDE","CHEMICAL, FUNGICIDE: (MYCLOBUTANIL = 128857)",5.2
2023,"YEAR","STATE","CALIFORNIA","06","STRAWBERRIES, BEARING - APPLICATIONS, MEASURED IN NUMBER, AVG","CHEMICAL, FUNGICIDE","CHEMICAL, FUNGICIDE: (PENTHIOPYRAD = 90112)",1.8
2023,"YEAR","STATE","CALIFORNIA","06","STRAWBERRIES, BEARING - APPLICATIONS, MEASURED IN NUMBER, AVG","CHEMICAL, FUNGICIDE","CHEMICAL, FUNGICIDE: (POLYOXIN D ZINC SALT = 230000)",1.8
2023,"YEAR","STATE","CALIFORNIA","06","STRAWBERRIES, BEARING - APPLICATIONS, MEASURED IN NUMBER, AVG","CHEMICAL, FUNGICIDE","CHEMICAL, FUNGICIDE: (PROPICONAZOLE = 122101)",1.6
2023,"YEAR","STATE","CALIFORNIA","06","STRAWBERRIES, BEARING - APPLICATIONS, MEASURED IN NUMBER, AVG","CHEMICAL, FUNGICIDE","CHEMICAL, FUNGICIDE: (PYDIFLUMETOFEN = 90110)",NA
2023,"YEAR","STATE","CALIFORNIA","06","STRAWBERRIES, BEARING - APPLICATIONS, MEASURED IN NUMBER, AVG","CHEMICAL, FUNGICIDE","CHEMICAL, FUNGICIDE: (PYRACLOSTROBIN = 99100)",2.1
2023,"YEAR","STATE","CALIFORNIA","06","STRAWBERRIES, BEARING - APPLICATIONS, MEASURED IN NUMBER, AVG","CHEMICAL, FUNGICIDE","CHEMICAL, FUNGICIDE: (PYRIMETHANIL = 288201)",1.6
2023,"YEAR","STATE","CALIFORNIA","06","STRAWBERRIES, BEARING - APPLICATIONS, MEASURED IN NUMBER, AVG","CHEMICAL, FUNGICIDE","CHEMICAL, FUNGICIDE: (QUINOLINE = 55459)",2
2023,"YEAR","STATE","CALIFORNIA","06","STRAWBERRIES, BEARING - APPLICATIONS, MEASURED IN NUMBER, AVG","CHEMICAL, FUNGICIDE","CHEMICAL, FUNGICIDE: (SULFUR = 77501)",7.1
2023,"YEAR","STATE","CALIFORNIA","06","STRAWBERRIES, BEARING - APPLICATIONS, MEASURED IN NUMBER, AVG","CHEMICAL, FUNGICIDE","CHEMICAL, FUNGICIDE: (TETRACONAZOLE = 120603)",1.6
2023,"YEAR","STATE","CALIFORNIA","06","STRAWBERRIES, BEARING - APPLICATIONS, MEASURED IN NUMBER, AVG","CHEMICAL, FUNGICIDE","CHEMICAL, FUNGICIDE: (THIOPHANATE-METHYL = 102001)",2.4
2023,"YEAR","STATE","CALIFORNIA","06","STRAWBERRIES, BEARING - APPLICATIONS, MEASURED IN NUMBER, AVG","CHEMICAL, FUNGICIDE","CHEMICAL, FUNGICIDE: (THIRAM = 79801)",4
2023,"YEAR","STATE","CALIFORNIA","06","STRAWBERRIES, BEARING - APPLICATIONS, MEASURED IN NUMBER, AVG","CHEMICAL, FUNGICIDE","CHEMICAL, FUNGICIDE: (TRIFLOXYSTROBIN = 129112)",3.3
2023,"YEAR","STATE","CALIFORNIA","06","STRAWBERRIES, BEARING - APPLICATIONS, MEASURED IN NUMBER, AVG","CHEMICAL, FUNGICIDE","CHEMICAL, FUNGICIDE: (TRIFLUMIZOLE = 128879)",NA
2023,"YEAR","STATE","CALIFORNIA","06","STRAWBERRIES, BEARING - APPLICATIONS, MEASURED IN NUMBER, AVG","CHEMICAL, HERBICIDE","CHEMICAL, HERBICIDE: (CARFENTRAZONE-ETHYL = 128712)",NA
2023,"YEAR","STATE","CALIFORNIA","06","STRAWBERRIES, BEARING - APPLICATIONS, MEASURED IN NUMBER, AVG","CHEMICAL, HERBICIDE","CHEMICAL, HERBICIDE: (FLUMIOXAZIN = 129034)",4.1
2023,"YEAR","STATE","CALIFORNIA","06","STRAWBERRIES, BEARING - APPLICATIONS, MEASURED IN NUMBER, AVG","CHEMICAL, HERBICIDE","CHEMICAL, HERBICIDE: (OXYFLUORFEN = 111601)",NA
2023,"YEAR","STATE","CALIFORNIA","06","STRAWBERRIES, BEARING - APPLICATIONS, MEASURED IN NUMBER, AVG","CHEMICAL, HERBICIDE","CHEMICAL, HERBICIDE: (PENDIMETHALIN = 108501)",6.4
2023,"YEAR","STATE","CALIFORNIA","06","STRAWBERRIES, BEARING - APPLICATIONS, MEASURED IN NUMBER, AVG","CHEMICAL, INSECTICIDE","CHEMICAL, INSECTICIDE: (ABAMECTIN = 122804)",1.3
2023,"YEAR","STATE","CALIFORNIA","06","STRAWBERRIES, BEARING - APPLICATIONS, MEASURED IN NUMBER, AVG","CHEMICAL, INSECTICIDE","CHEMICAL, INSECTICIDE: (ACEQUINOCYL = 6329)",2.2
2023,"YEAR","STATE","CALIFORNIA","06","STRAWBERRIES, BEARING - APPLICATIONS, MEASURED IN NUMBER, AVG","CHEMICAL, INSECTICIDE","CHEMICAL, INSECTICIDE: (ACETAMIPRID = 99050)",1.4
2023,"YEAR","STATE","CALIFORNIA","06","STRAWBERRIES, BEARING - APPLICATIONS, MEASURED IN NUMBER, AVG","CHEMICAL, INSECTICIDE","CHEMICAL, INSECTICIDE: (AZADIRACHTIN = 121701)",3.8
2023,"YEAR","STATE","CALIFORNIA","06","STRAWBERRIES, BEARING - APPLICATIONS, MEASURED IN NUMBER, AVG","CHEMICAL, INSECTICIDE","CHEMICAL, INSECTICIDE: (BEAUVERIA BASSIANA = 128924)",NA
2023,"YEAR","STATE","CALIFORNIA","06","STRAWBERRIES, BEARING - APPLICATIONS, MEASURED IN NUMBER, AVG","CHEMICAL, INSECTICIDE","CHEMICAL, INSECTICIDE: (BIFENAZATE = 586)",2.2
2023,"YEAR","STATE","CALIFORNIA","06","STRAWBERRIES, BEARING - APPLICATIONS, MEASURED IN NUMBER, AVG","CHEMICAL, INSECTICIDE","CHEMICAL, INSECTICIDE: (BIFENTHRIN = 128825)",1.5
2023,"YEAR","STATE","CALIFORNIA","06","STRAWBERRIES, BEARING - APPLICATIONS, MEASURED IN NUMBER, AVG","CHEMICAL, INSECTICIDE","CHEMICAL, INSECTICIDE: (BT KURSTAK ABTS-1857 = 6523)",NA
2023,"YEAR","STATE","CALIFORNIA","06","STRAWBERRIES, BEARING - APPLICATIONS, MEASURED IN NUMBER, AVG","CHEMICAL, INSECTICIDE","CHEMICAL, INSECTICIDE: (BT KURSTAKI ABTS-351 = 6522)",1.5
2023,"YEAR","STATE","CALIFORNIA","06","STRAWBERRIES, BEARING - APPLICATIONS, MEASURED IN NUMBER, AVG","CHEMICAL, INSECTICIDE","CHEMICAL, INSECTICIDE: (BT KURSTAKI SA-11 = 6519)",3.1
2023,"YEAR","STATE","CALIFORNIA","06","STRAWBERRIES, BEARING - APPLICATIONS, MEASURED IN NUMBER, AVG","CHEMICAL, INSECTICIDE","CHEMICAL, INSECTICIDE: (CANOLA OIL = 11332)",NA
2023,"YEAR","STATE","CALIFORNIA","06","STRAWBERRIES, BEARING - APPLICATIONS, MEASURED IN NUMBER, AVG","CHEMICAL, INSECTICIDE","CHEMICAL, INSECTICIDE: (CHLORANTRANILIPROLE = 90100)",2.5
2023,"YEAR","STATE","CALIFORNIA","06","STRAWBERRIES, BEARING - APPLICATIONS, MEASURED IN NUMBER, AVG","CHEMICAL, INSECTICIDE","CHEMICAL, INSECTICIDE: (CHROMOBAC SUBTSUGAE PRAA4-1 CELLS AND SPENT MEDIA = 16329)",NA
2023,"YEAR","STATE","CALIFORNIA","06","STRAWBERRIES, BEARING - APPLICATIONS, MEASURED IN NUMBER, AVG","CHEMICAL, INSECTICIDE","CHEMICAL, INSECTICIDE: (CYANTRANILIPROLE = 90098)",2.1
2023,"YEAR","STATE","CALIFORNIA","06","STRAWBERRIES, BEARING - APPLICATIONS, MEASURED IN NUMBER, AVG","CHEMICAL, INSECTICIDE","CHEMICAL, INSECTICIDE: (CYFLUMETOFEN = 138831)",2.2
2023,"YEAR","STATE","CALIFORNIA","06","STRAWBERRIES, BEARING - APPLICATIONS, MEASURED IN NUMBER, AVG","CHEMICAL, INSECTICIDE","CHEMICAL, INSECTICIDE: (ETOXAZOLE = 107091)",NA
2023,"YEAR","STATE","CALIFORNIA","06","STRAWBERRIES, BEARING - APPLICATIONS, MEASURED IN NUMBER, AVG","CHEMICAL, INSECTICIDE","CHEMICAL, INSECTICIDE: (FENBUTATIN-OXIDE = 104601)",NA
2023,"YEAR","STATE","CALIFORNIA","06","STRAWBERRIES, BEARING - APPLICATIONS, MEASURED IN NUMBER, AVG","CHEMICAL, INSECTICIDE","CHEMICAL, INSECTICIDE: (FENPROPATHRIN = 127901)",1.3
2023,"YEAR","STATE","CALIFORNIA","06","STRAWBERRIES, BEARING - APPLICATIONS, MEASURED IN NUMBER, AVG","CHEMICAL, INSECTICIDE","CHEMICAL, INSECTICIDE: (FENPYROXIMATE = 129131)",NA
2023,"YEAR","STATE","CALIFORNIA","06","STRAWBERRIES, BEARING - APPLICATIONS, MEASURED IN NUMBER, AVG","CHEMICAL, INSECTICIDE","CHEMICAL, INSECTICIDE: (FLONICAMID = 128016)",2.3
2023,"YEAR","STATE","CALIFORNIA","06","STRAWBERRIES, BEARING - APPLICATIONS, MEASURED IN NUMBER, AVG","CHEMICAL, INSECTICIDE","CHEMICAL, INSECTICIDE: (FLUPYRADIFURONE = 122304)",1.7
2023,"YEAR","STATE","CALIFORNIA","06","STRAWBERRIES, BEARING - APPLICATIONS, MEASURED IN NUMBER, AVG","CHEMICAL, INSECTICIDE","CHEMICAL, INSECTICIDE: (HEXYTHIAZOX = 128849)",1.2
2023,"YEAR","STATE","CALIFORNIA","06","STRAWBERRIES, BEARING - APPLICATIONS, MEASURED IN NUMBER, AVG","CHEMICAL, INSECTICIDE","CHEMICAL, INSECTICIDE: (IMIDACLOPRID = 129099)",1.1
2023,"YEAR","STATE","CALIFORNIA","06","STRAWBERRIES, BEARING - APPLICATIONS, MEASURED IN NUMBER, AVG","CHEMICAL, INSECTICIDE","CHEMICAL, INSECTICIDE: (LAMBDA-CYHALOTHRIN = 128897)",NA
2023,"YEAR","STATE","CALIFORNIA","06","STRAWBERRIES, BEARING - APPLICATIONS, MEASURED IN NUMBER, AVG","CHEMICAL, INSECTICIDE","CHEMICAL, INSECTICIDE: (MALATHION = 57701)",1.3
2023,"YEAR","STATE","CALIFORNIA","06","STRAWBERRIES, BEARING - APPLICATIONS, MEASURED IN NUMBER, AVG","CHEMICAL, INSECTICIDE","CHEMICAL, INSECTICIDE: (METHOXYFENOZIDE = 121027)",1.6
2023,"YEAR","STATE","CALIFORNIA","06","STRAWBERRIES, BEARING - APPLICATIONS, MEASURED IN NUMBER, AVG","CHEMICAL, INSECTICIDE","CHEMICAL, INSECTICIDE: (NALED = 34401)",NA
2023,"YEAR","STATE","CALIFORNIA","06","STRAWBERRIES, BEARING - APPLICATIONS, MEASURED IN NUMBER, AVG","CHEMICAL, INSECTICIDE","CHEMICAL, INSECTICIDE: (NEEM OIL = 25006)",NA
2023,"YEAR","STATE","CALIFORNIA","06","STRAWBERRIES, BEARING - APPLICATIONS, MEASURED IN NUMBER, AVG","CHEMICAL, INSECTICIDE","CHEMICAL, INSECTICIDE: (NEEM OIL, CLAR. HYD. = 25007)",NA
2023,"YEAR","STATE","CALIFORNIA","06","STRAWBERRIES, BEARING - APPLICATIONS, MEASURED IN NUMBER, AVG","CHEMICAL, INSECTICIDE","CHEMICAL, INSECTICIDE: (NOVALURON = 124002)",3
2023,"YEAR","STATE","CALIFORNIA","06","STRAWBERRIES, BEARING - APPLICATIONS, MEASURED IN NUMBER, AVG","CHEMICAL, INSECTICIDE","CHEMICAL, INSECTICIDE: (PIPERONYL BUTOXIDE = 67501)",NA
2023,"YEAR","STATE","CALIFORNIA","06","STRAWBERRIES, BEARING - APPLICATIONS, MEASURED IN NUMBER, AVG","CHEMICAL, INSECTICIDE","CHEMICAL, INSECTICIDE: (PYRETHRINS = 69001)",NA
2023,"YEAR","STATE","CALIFORNIA","06","STRAWBERRIES, BEARING - APPLICATIONS, MEASURED IN NUMBER, AVG","CHEMICAL, INSECTICIDE","CHEMICAL, INSECTICIDE: (PYRIDABEN = 129105)",NA
2023,"YEAR","STATE","CALIFORNIA","06","STRAWBERRIES, BEARING - APPLICATIONS, MEASURED IN NUMBER, AVG","CHEMICAL, INSECTICIDE","CHEMICAL, INSECTICIDE: (SPINETORAM = 110007)",1.8
2023,"YEAR","STATE","CALIFORNIA","06","STRAWBERRIES, BEARING - APPLICATIONS, MEASURED IN NUMBER, AVG","CHEMICAL, INSECTICIDE","CHEMICAL, INSECTICIDE: (SPINOSAD = 110003)",1.8
2023,"YEAR","STATE","CALIFORNIA","06","STRAWBERRIES, BEARING - APPLICATIONS, MEASURED IN NUMBER, AVG","CHEMICAL, INSECTICIDE","CHEMICAL, INSECTICIDE: (THIAMETHOXAM = 60109)",1.5
2023,"YEAR","STATE","CALIFORNIA","06","STRAWBERRIES, BEARING - APPLICATIONS, MEASURED IN NUMBER, AVG","CHEMICAL, OTHER","CHEMICAL, OTHER: (ACIBENZOLAR-S-METHYL = 61402)",NA
2023,"YEAR","STATE","CALIFORNIA","06","STRAWBERRIES, BEARING - APPLICATIONS, MEASURED IN NUMBER, AVG","CHEMICAL, OTHER","CHEMICAL, OTHER: (CAPSICUM OLEORESIN EXTRACT = 70704)",NA
2023,"YEAR","STATE","CALIFORNIA","06","STRAWBERRIES, BEARING - APPLICATIONS, MEASURED IN NUMBER, AVG","CHEMICAL, OTHER","CHEMICAL, OTHER: (CHLOROPICRIN = 81501)",2.3
2023,"YEAR","STATE","CALIFORNIA","06","STRAWBERRIES, BEARING - APPLICATIONS, MEASURED IN NUMBER, AVG","CHEMICAL, OTHER","CHEMICAL, OTHER: (DICHLOROPROPENE = 29001)",1.2
2023,"YEAR","STATE","CALIFORNIA","06","STRAWBERRIES, BEARING - APPLICATIONS, MEASURED IN NUMBER, AVG","CHEMICAL, OTHER","CHEMICAL, OTHER: (FLUTRIAFOL = 128940)",1.9
2023,"YEAR","STATE","CALIFORNIA","06","STRAWBERRIES, BEARING - APPLICATIONS, MEASURED IN NUMBER, AVG","CHEMICAL, OTHER","CHEMICAL, OTHER: (GARLIC OIL = 128827)",NA
2023,"YEAR","STATE","CALIFORNIA","06","STRAWBERRIES, BEARING - APPLICATIONS, MEASURED IN NUMBER, AVG","CHEMICAL, OTHER","CHEMICAL, OTHER: (HYDROGEN PEROXIDE = 595)",NA
2023,"YEAR","STATE","CALIFORNIA","06","STRAWBERRIES, BEARING - APPLICATIONS, MEASURED IN NUMBER, AVG","CHEMICAL, OTHER","CHEMICAL, OTHER: (IRON PHOSPHATE = 34903)",NA
2023,"YEAR","STATE","CALIFORNIA","06","STRAWBERRIES, BEARING - APPLICATIONS, MEASURED IN NUMBER, AVG","CHEMICAL, OTHER","CHEMICAL, OTHER: (METALDEHYDE = 53001)",NA
2023,"YEAR","STATE","CALIFORNIA","06","STRAWBERRIES, BEARING - APPLICATIONS, MEASURED IN NUMBER, AVG","CHEMICAL, OTHER","CHEMICAL, OTHER: (METAM-POTASSIUM = 39002)",NA
2023,"YEAR","STATE","CALIFORNIA","06","STRAWBERRIES, BEARING - APPLICATIONS, MEASURED IN NUMBER, AVG","CHEMICAL, OTHER","CHEMICAL, OTHER: (METAM-SODIUM = 39003)",NA
2023,"YEAR","STATE","CALIFORNIA","06","STRAWBERRIES, BEARING - APPLICATIONS, MEASURED IN NUMBER, AVG","CHEMICAL, OTHER","CHEMICAL, OTHER: (PEROXYACETIC ACID = 63201)",NA
2023,"YEAR","STATE","CALIFORNIA","06","STRAWBERRIES, BEARING - APPLICATIONS, MEASURED IN NUMBER, AVG","CHEMICAL, OTHER","CHEMICAL, OTHER: (PSEUDOMONAS CHLORORAPHIS STRAIN AFS009 = 6800)",NA
2023,"YEAR","STATE","CALIFORNIA","06","STRAWBERRIES, BEARING - APPLICATIONS, MEASURED IN NUMBER, AVG","CHEMICAL, OTHER","CHEMICAL, OTHER: (REYNOUTRIA SACHALINE = 55809)",NA
2023,"YEAR","STATE","CALIFORNIA","06","STRAWBERRIES, BEARING - APPLICATIONS, MEASURED IN NUMBER, AVG","FERTILIZER","FERTILIZER: (NITROGEN)",12.6
2023,"YEAR","STATE","CALIFORNIA","06","STRAWBERRIES, BEARING - APPLICATIONS, MEASURED IN NUMBER, AVG","FERTILIZER","FERTILIZER: (PHOSPHATE)",8.6
2023,"YEAR","STATE","CALIFORNIA","06","STRAWBERRIES, BEARING - APPLICATIONS, MEASURED IN NUMBER, AVG","FERTILIZER","FERTILIZER: (POTASH)",10.5
2023,"YEAR","STATE","CALIFORNIA","06","STRAWBERRIES, BEARING - APPLICATIONS, MEASURED IN NUMBER, AVG","FERTILIZER","FERTILIZER: (SULFUR)",NA
2023,"YEAR","STATE","CALIFORNIA","06","STRAWBERRIES, BEARING - TREATED, MEASURED IN PCT OF AREA BEARING, AVG","CHEMICAL, FUNGICIDE","CHEMICAL, FUNGICIDE: (AZOXYSTROBIN = 128810)",24
2023,"YEAR","STATE","CALIFORNIA","06","STRAWBERRIES, BEARING - TREATED, MEASURED IN PCT OF AREA BEARING, AVG","CHEMICAL, FUNGICIDE","CHEMICAL, FUNGICIDE: (BACILLUS AMYLOLIQUEFACIENS STRAIN D747 = 16482)",NA
2023,"YEAR","STATE","CALIFORNIA","06","STRAWBERRIES, BEARING - TREATED, MEASURED IN PCT OF AREA BEARING, AVG","CHEMICAL, FUNGICIDE","CHEMICAL, FUNGICIDE: (BACILLUS SUBTILIS = 6479)",NA
2023,"YEAR","STATE","CALIFORNIA","06","STRAWBERRIES, BEARING - TREATED, MEASURED IN PCT OF AREA BEARING, AVG","CHEMICAL, FUNGICIDE","CHEMICAL, FUNGICIDE: (BLAD = 30006)",NA
2023,"YEAR","STATE","CALIFORNIA","06","STRAWBERRIES, BEARING - TREATED, MEASURED IN PCT OF AREA BEARING, AVG","CHEMICAL, FUNGICIDE","CHEMICAL, FUNGICIDE: (BORAX DECAHYDRATE = 11102)",70
2023,"YEAR","STATE","CALIFORNIA","06","STRAWBERRIES, BEARING - TREATED, MEASURED IN PCT OF AREA BEARING, AVG","CHEMICAL, FUNGICIDE","CHEMICAL, FUNGICIDE: (BOSCALID = 128008)",17
2023,"YEAR","STATE","CALIFORNIA","06","STRAWBERRIES, BEARING - TREATED, MEASURED IN PCT OF AREA BEARING, AVG","CHEMICAL, FUNGICIDE","CHEMICAL, FUNGICIDE: (BT SUBSP KURSTAKI EVB-113-19 = 6544)",NA
2023,"YEAR","STATE","CALIFORNIA","06","STRAWBERRIES, BEARING - TREATED, MEASURED IN PCT OF AREA BEARING, AVG","CHEMICAL, FUNGICIDE","CHEMICAL, FUNGICIDE: (CAPTAN = 81301)",88
2023,"YEAR","STATE","CALIFORNIA","06","STRAWBERRIES, BEARING - TREATED, MEASURED IN PCT OF AREA BEARING, AVG","CHEMICAL, FUNGICIDE","CHEMICAL, FUNGICIDE: (CYFLUFENAMID = 555550)",NA
2023,"YEAR","STATE","CALIFORNIA","06","STRAWBERRIES, BEARING - TREATED, MEASURED IN PCT OF AREA BEARING, AVG","CHEMICAL, FUNGICIDE","CHEMICAL, FUNGICIDE: (CYPRODINIL = 288202)",81
2023,"YEAR","STATE","CALIFORNIA","06","STRAWBERRIES, BEARING - TREATED, MEASURED IN PCT OF AREA BEARING, AVG","CHEMICAL, FUNGICIDE","CHEMICAL, FUNGICIDE: (DIFENOCONAZOLE = 128847)",NA
2023,"YEAR","STATE","CALIFORNIA","06","STRAWBERRIES, BEARING - TREATED, MEASURED IN PCT OF AREA BEARING, AVG","CHEMICAL, FUNGICIDE","CHEMICAL, FUNGICIDE: (FENHEXAMID = 90209)",26
2023,"YEAR","STATE","CALIFORNIA","06","STRAWBERRIES, BEARING - TREATED, MEASURED IN PCT OF AREA BEARING, AVG","CHEMICAL, FUNGICIDE","CHEMICAL, FUNGICIDE: (FLUDIOXONIL = 71503)",87
2023,"YEAR","STATE","CALIFORNIA","06","STRAWBERRIES, BEARING - TREATED, MEASURED IN PCT OF AREA BEARING, AVG","CHEMICAL, FUNGICIDE","CHEMICAL, FUNGICIDE: (FLUOPYRAM = 80302)",87
2023,"YEAR","STATE","CALIFORNIA","06","STRAWBERRIES, BEARING - TREATED, MEASURED IN PCT OF AREA BEARING, AVG","CHEMICAL, FUNGICIDE","CHEMICAL, FUNGICIDE: (FLUXAPYROXAD = 138009)",56
2023,"YEAR","STATE","CALIFORNIA","06","STRAWBERRIES, BEARING - TREATED, MEASURED IN PCT OF AREA BEARING, AVG","CHEMICAL, FUNGICIDE","CHEMICAL, FUNGICIDE: (FOSETYL-AL = 123301)",NA
2023,"YEAR","STATE","CALIFORNIA","06","STRAWBERRIES, BEARING - TREATED, MEASURED IN PCT OF AREA BEARING, AVG","CHEMICAL, FUNGICIDE","CHEMICAL, FUNGICIDE: (ISOFETAMID = 270000)",NA
2023,"YEAR","STATE","CALIFORNIA","06","STRAWBERRIES, BEARING - TREATED, MEASURED IN PCT OF AREA BEARING, AVG","CHEMICAL, FUNGICIDE","CHEMICAL, FUNGICIDE: (MEFENOXAM = 113502)",23
2023,"YEAR","STATE","CALIFORNIA","06","STRAWBERRIES, BEARING - TREATED, MEASURED IN PCT OF AREA BEARING, AVG","CHEMICAL, FUNGICIDE","CHEMICAL, FUNGICIDE: (MONO-POTASSIUM SALT = 76416)",NA
2023,"YEAR","STATE","CALIFORNIA","06","STRAWBERRIES, BEARING - TREATED, MEASURED IN PCT OF AREA BEARING, AVG","CHEMICAL, FUNGICIDE","CHEMICAL, FUNGICIDE: (MYCLOBUTANIL = 128857)",46
2023,"YEAR","STATE","CALIFORNIA","06","STRAWBERRIES, BEARING - TREATED, MEASURED IN PCT OF AREA BEARING, AVG","CHEMICAL, FUNGICIDE","CHEMICAL, FUNGICIDE: (PENTHIOPYRAD = 90112)",19
2023,"YEAR","STATE","CALIFORNIA","06","STRAWBERRIES, BEARING - TREATED, MEASURED IN PCT OF AREA BEARING, AVG","CHEMICAL, FUNGICIDE","CHEMICAL, FUNGICIDE: (POLYOXIN D ZINC SALT = 230000)",70
2023,"YEAR","STATE","CALIFORNIA","06","STRAWBERRIES, BEARING - TREATED, MEASURED IN PCT OF AREA BEARING, AVG","CHEMICAL, FUNGICIDE","CHEMICAL, FUNGICIDE: (PROPICONAZOLE = 122101)",31
2023,"YEAR","STATE","CALIFORNIA","06","STRAWBERRIES, BEARING - TREATED, MEASURED IN PCT OF AREA BEARING, AVG","CHEMICAL, FUNGICIDE","CHEMICAL, FUNGICIDE: (PYDIFLUMETOFEN = 90110)",NA
2023,"YEAR","STATE","CALIFORNIA","06","STRAWBERRIES, BEARING - TREATED, MEASURED IN PCT OF AREA BEARING, AVG","CHEMICAL, FUNGICIDE","CHEMICAL, FUNGICIDE: (PYRACLOSTROBIN = 99100)",69
2023,"YEAR","STATE","CALIFORNIA","06","STRAWBERRIES, BEARING - TREATED, MEASURED IN PCT OF AREA BEARING, AVG","CHEMICAL, FUNGICIDE","CHEMICAL, FUNGICIDE: (PYRIMETHANIL = 288201)",19
2023,"YEAR","STATE","CALIFORNIA","06","STRAWBERRIES, BEARING - TREATED, MEASURED IN PCT OF AREA BEARING, AVG","CHEMICAL, FUNGICIDE","CHEMICAL, FUNGICIDE: (QUINOLINE = 55459)",44
2023,"YEAR","STATE","CALIFORNIA","06","STRAWBERRIES, BEARING - TREATED, MEASURED IN PCT OF AREA BEARING, AVG","CHEMICAL, FUNGICIDE","CHEMICAL, FUNGICIDE: (SULFUR = 77501)",75
2023,"YEAR","STATE","CALIFORNIA","06","STRAWBERRIES, BEARING - TREATED, MEASURED IN PCT OF AREA BEARING, AVG","CHEMICAL, FUNGICIDE","CHEMICAL, FUNGICIDE: (TETRACONAZOLE = 120603)",50
2023,"YEAR","STATE","CALIFORNIA","06","STRAWBERRIES, BEARING - TREATED, MEASURED IN PCT OF AREA BEARING, AVG","CHEMICAL, FUNGICIDE","CHEMICAL, FUNGICIDE: (THIOPHANATE-METHYL = 102001)",15
2023,"YEAR","STATE","CALIFORNIA","06","STRAWBERRIES, BEARING - TREATED, MEASURED IN PCT OF AREA BEARING, AVG","CHEMICAL, FUNGICIDE","CHEMICAL, FUNGICIDE: (THIRAM = 79801)",70
2023,"YEAR","STATE","CALIFORNIA","06","STRAWBERRIES, BEARING - TREATED, MEASURED IN PCT OF AREA BEARING, AVG","CHEMICAL, FUNGICIDE","CHEMICAL, FUNGICIDE: (TOTAL)",92
2023,"YEAR","STATE","CALIFORNIA","06","STRAWBERRIES, BEARING - TREATED, MEASURED IN PCT OF AREA BEARING, AVG","CHEMICAL, FUNGICIDE","CHEMICAL, FUNGICIDE: (TRIFLOXYSTROBIN = 129112)",87
2023,"YEAR","STATE","CALIFORNIA","06","STRAWBERRIES, BEARING - TREATED, MEASURED IN PCT OF AREA BEARING, AVG","CHEMICAL, FUNGICIDE","CHEMICAL, FUNGICIDE: (TRIFLUMIZOLE = 128879)",NA
2023,"YEAR","STATE","CALIFORNIA","06","STRAWBERRIES, BEARING - TREATED, MEASURED IN PCT OF AREA BEARING, AVG","CHEMICAL, HERBICIDE","CHEMICAL, HERBICIDE: (CARFENTRAZONE-ETHYL = 128712)",NA
2023,"YEAR","STATE","CALIFORNIA","06","STRAWBERRIES, BEARING - TREATED, MEASURED IN PCT OF AREA BEARING, AVG","CHEMICAL, HERBICIDE","CHEMICAL, HERBICIDE: (FLUMIOXAZIN = 129034)",29
2023,"YEAR","STATE","CALIFORNIA","06","STRAWBERRIES, BEARING - TREATED, MEASURED IN PCT OF AREA BEARING, AVG","CHEMICAL, HERBICIDE","CHEMICAL, HERBICIDE: (OXYFLUORFEN = 111601)",NA
2023,"YEAR","STATE","CALIFORNIA","06","STRAWBERRIES, BEARING - TREATED, MEASURED IN PCT OF AREA BEARING, AVG","CHEMICAL, HERBICIDE","CHEMICAL, HERBICIDE: (PENDIMETHALIN = 108501)",28
2023,"YEAR","STATE","CALIFORNIA","06","STRAWBERRIES, BEARING - TREATED, MEASURED IN PCT OF AREA BEARING, AVG","CHEMICAL, HERBICIDE","CHEMICAL, HERBICIDE: (TOTAL)",29
2023,"YEAR","STATE","CALIFORNIA","06","STRAWBERRIES, BEARING - TREATED, MEASURED IN PCT OF AREA BEARING, AVG","CHEMICAL, INSECTICIDE","CHEMICAL, INSECTICIDE: (ABAMECTIN = 122804)",30
2023,"YEAR","STATE","CALIFORNIA","06","STRAWBERRIES, BEARING - TREATED, MEASURED IN PCT OF AREA BEARING, AVG","CHEMICAL, INSECTICIDE","CHEMICAL, INSECTICIDE: (ACEQUINOCYL = 6329)",46
2023,"YEAR","STATE","CALIFORNIA","06","STRAWBERRIES, BEARING - TREATED, MEASURED IN PCT OF AREA BEARING, AVG","CHEMICAL, INSECTICIDE","CHEMICAL, INSECTICIDE: (ACETAMIPRID = 99050)",43
2023,"YEAR","STATE","CALIFORNIA","06","STRAWBERRIES, BEARING - TREATED, MEASURED IN PCT OF AREA BEARING, AVG","CHEMICAL, INSECTICIDE","CHEMICAL, INSECTICIDE: (AZADIRACHTIN = 121701)",57
2023,"YEAR","STATE","CALIFORNIA","06","STRAWBERRIES, BEARING - TREATED, MEASURED IN PCT OF AREA BEARING, AVG","CHEMICAL, INSECTICIDE","CHEMICAL, INSECTICIDE: (BEAUVERIA BASSIANA = 128924)",NA
2023,"YEAR","STATE","CALIFORNIA","06","STRAWBERRIES, BEARING - TREATED, MEASURED IN PCT OF AREA BEARING, AVG","CHEMICAL, INSECTICIDE","CHEMICAL, INSECTICIDE: (BIFENAZATE = 586)",61
2023,"YEAR","STATE","CALIFORNIA","06","STRAWBERRIES, BEARING - TREATED, MEASURED IN PCT OF AREA BEARING, AVG","CHEMICAL, INSECTICIDE","CHEMICAL, INSECTICIDE: (BIFENTHRIN = 128825)",60
2023,"YEAR","STATE","CALIFORNIA","06","STRAWBERRIES, BEARING - TREATED, MEASURED IN PCT OF AREA BEARING, AVG","CHEMICAL, INSECTICIDE","CHEMICAL, INSECTICIDE: (BT KURSTAK ABTS-1857 = 6523)",NA
2023,"YEAR","STATE","CALIFORNIA","06","STRAWBERRIES, BEARING - TREATED, MEASURED IN PCT OF AREA BEARING, AVG","CHEMICAL, INSECTICIDE","CHEMICAL, INSECTICIDE: (BT KURSTAKI ABTS-351 = 6522)",7
2023,"YEAR","STATE","CALIFORNIA","06","STRAWBERRIES, BEARING - TREATED, MEASURED IN PCT OF AREA BEARING, AVG","CHEMICAL, INSECTICIDE","CHEMICAL, INSECTICIDE: (BT KURSTAKI SA-11 = 6519)",34
2023,"YEAR","STATE","CALIFORNIA","06","STRAWBERRIES, BEARING - TREATED, MEASURED IN PCT OF AREA BEARING, AVG","CHEMICAL, INSECTICIDE","CHEMICAL, INSECTICIDE: (CANOLA OIL = 11332)",NA
2023,"YEAR","STATE","CALIFORNIA","06","STRAWBERRIES, BEARING - TREATED, MEASURED IN PCT OF AREA BEARING, AVG","CHEMICAL, INSECTICIDE","CHEMICAL, INSECTICIDE: (CHLORANTRANILIPROLE = 90100)",29
2023,"YEAR","STATE","CALIFORNIA","06","STRAWBERRIES, BEARING - TREATED, MEASURED IN PCT OF AREA BEARING, AVG","CHEMICAL, INSECTICIDE","CHEMICAL, INSECTICIDE: (CHROMOBAC SUBTSUGAE PRAA4-1 CELLS AND SPENT MEDIA = 16329)",NA
2023,"YEAR","STATE","CALIFORNIA","06","STRAWBERRIES, BEARING - TREATED, MEASURED IN PCT OF AREA BEARING, AVG","CHEMICAL, INSECTICIDE","CHEMICAL, INSECTICIDE: (CYANTRANILIPROLE = 90098)",16
2023,"YEAR","STATE","CALIFORNIA","06","STRAWBERRIES, BEARING - TREATED, MEASURED IN PCT OF AREA BEARING, AVG","CHEMICAL, INSECTICIDE","CHEMICAL, INSECTICIDE: (CYFLUMETOFEN = 138831)",44
2023,"YEAR","STATE","CALIFORNIA","06","STRAWBERRIES, BEARING - TREATED, MEASURED IN PCT OF AREA BEARING, AVG","CHEMICAL, INSECTICIDE","CHEMICAL, INSECTICIDE: (ETOXAZOLE = 107091)",NA
2023,"YEAR","STATE","CALIFORNIA","06","STRAWBERRIES, BEARING - TREATED, MEASURED IN PCT OF AREA BEARING, AVG","CHEMICAL, INSECTICIDE","CHEMICAL, INSECTICIDE: (FENBUTATIN-OXIDE = 104601)",NA
2023,"YEAR","STATE","CALIFORNIA","06","STRAWBERRIES, BEARING - TREATED, MEASURED IN PCT OF AREA BEARING, AVG","CHEMICAL, INSECTICIDE","CHEMICAL, INSECTICIDE: (FENPROPATHRIN = 127901)",47
2023,"YEAR","STATE","CALIFORNIA","06","STRAWBERRIES, BEARING - TREATED, MEASURED IN PCT OF AREA BEARING, AVG","CHEMICAL, INSECTICIDE","CHEMICAL, INSECTICIDE: (FENPYROXIMATE = 129131)",NA
2023,"YEAR","STATE","CALIFORNIA","06","STRAWBERRIES, BEARING - TREATED, MEASURED IN PCT OF AREA BEARING, AVG","CHEMICAL, INSECTICIDE","CHEMICAL, INSECTICIDE: (FLONICAMID = 128016)",73
2023,"YEAR","STATE","CALIFORNIA","06","STRAWBERRIES, BEARING - TREATED, MEASURED IN PCT OF AREA BEARING, AVG","CHEMICAL, INSECTICIDE","CHEMICAL, INSECTICIDE: (FLUPYRADIFURONE = 122304)",37
2023,"YEAR","STATE","CALIFORNIA","06","STRAWBERRIES, BEARING - TREATED, MEASURED IN PCT OF AREA BEARING, AVG","CHEMICAL, INSECTICIDE","CHEMICAL, INSECTICIDE: (HEXYTHIAZOX = 128849)",55
2023,"YEAR","STATE","CALIFORNIA","06","STRAWBERRIES, BEARING - TREATED, MEASURED IN PCT OF AREA BEARING, AVG","CHEMICAL, INSECTICIDE","CHEMICAL, INSECTICIDE: (IMIDACLOPRID = 129099)",15
2023,"YEAR","STATE","CALIFORNIA","06","STRAWBERRIES, BEARING - TREATED, MEASURED IN PCT OF AREA BEARING, AVG","CHEMICAL, INSECTICIDE","CHEMICAL, INSECTICIDE: (LAMBDA-CYHALOTHRIN = 128897)",NA
2023,"YEAR","STATE","CALIFORNIA","06","STRAWBERRIES, BEARING - TREATED, MEASURED IN PCT OF AREA BEARING, AVG","CHEMICAL, INSECTICIDE","CHEMICAL, INSECTICIDE: (MALATHION = 57701)",19
2023,"YEAR","STATE","CALIFORNIA","06","STRAWBERRIES, BEARING - TREATED, MEASURED IN PCT OF AREA BEARING, AVG","CHEMICAL, INSECTICIDE","CHEMICAL, INSECTICIDE: (METHOXYFENOZIDE = 121027)",66
2023,"YEAR","STATE","CALIFORNIA","06","STRAWBERRIES, BEARING - TREATED, MEASURED IN PCT OF AREA BEARING, AVG","CHEMICAL, INSECTICIDE","CHEMICAL, INSECTICIDE: (NALED = 34401)",NA
2023,"YEAR","STATE","CALIFORNIA","06","STRAWBERRIES, BEARING - TREATED, MEASURED IN PCT OF AREA BEARING, AVG","CHEMICAL, INSECTICIDE","CHEMICAL, INSECTICIDE: (NEEM OIL = 25006)",NA
2023,"YEAR","STATE","CALIFORNIA","06","STRAWBERRIES, BEARING - TREATED, MEASURED IN PCT OF AREA BEARING, AVG","CHEMICAL, INSECTICIDE","CHEMICAL, INSECTICIDE: (NEEM OIL, CLAR. HYD. = 25007)",NA
2023,"YEAR","STATE","CALIFORNIA","06","STRAWBERRIES, BEARING - TREATED, MEASURED IN PCT OF AREA BEARING, AVG","CHEMICAL, INSECTICIDE","CHEMICAL, INSECTICIDE: (NOVALURON = 124002)",56
2023,"YEAR","STATE","CALIFORNIA","06","STRAWBERRIES, BEARING - TREATED, MEASURED IN PCT OF AREA BEARING, AVG","CHEMICAL, INSECTICIDE","CHEMICAL, INSECTICIDE: (PIPERONYL BUTOXIDE = 67501)",NA
2023,"YEAR","STATE","CALIFORNIA","06","STRAWBERRIES, BEARING - TREATED, MEASURED IN PCT OF AREA BEARING, AVG","CHEMICAL, INSECTICIDE","CHEMICAL, INSECTICIDE: (PYRETHRINS = 69001)",NA
2023,"YEAR","STATE","CALIFORNIA","06","STRAWBERRIES, BEARING - TREATED, MEASURED IN PCT OF AREA BEARING, AVG","CHEMICAL, INSECTICIDE","CHEMICAL, INSECTICIDE: (PYRIDABEN = 129105)",NA
2023,"YEAR","STATE","CALIFORNIA","06","STRAWBERRIES, BEARING - TREATED, MEASURED IN PCT OF AREA BEARING, AVG","CHEMICAL, INSECTICIDE","CHEMICAL, INSECTICIDE: (SPINETORAM = 110007)",70
2023,"YEAR","STATE","CALIFORNIA","06","STRAWBERRIES, BEARING - TREATED, MEASURED IN PCT OF AREA BEARING, AVG","CHEMICAL, INSECTICIDE","CHEMICAL, INSECTICIDE: (SPINOSAD = 110003)",27
2023,"YEAR","STATE","CALIFORNIA","06","STRAWBERRIES, BEARING - TREATED, MEASURED IN PCT OF AREA BEARING, AVG","CHEMICAL, INSECTICIDE","CHEMICAL, INSECTICIDE: (THIAMETHOXAM = 60109)",33
2023,"YEAR","STATE","CALIFORNIA","06","STRAWBERRIES, BEARING - TREATED, MEASURED IN PCT OF AREA BEARING, AVG","CHEMICAL, INSECTICIDE","CHEMICAL, INSECTICIDE: (TOTAL)",93
2023,"YEAR","STATE","CALIFORNIA","06","STRAWBERRIES, BEARING - TREATED, MEASURED IN PCT OF AREA BEARING, AVG","CHEMICAL, OTHER","CHEMICAL, OTHER: (ACIBENZOLAR-S-METHYL = 61402)",NA
2023,"YEAR","STATE","CALIFORNIA","06","STRAWBERRIES, BEARING - TREATED, MEASURED IN PCT OF AREA BEARING, AVG","CHEMICAL, OTHER","CHEMICAL, OTHER: (CAPSICUM OLEORESIN EXTRACT = 70704)",NA
2023,"YEAR","STATE","CALIFORNIA","06","STRAWBERRIES, BEARING - TREATED, MEASURED IN PCT OF AREA BEARING, AVG","CHEMICAL, OTHER","CHEMICAL, OTHER: (CHLOROPICRIN = 81501)",59
2023,"YEAR","STATE","CALIFORNIA","06","STRAWBERRIES, BEARING - TREATED, MEASURED IN PCT OF AREA BEARING, AVG","CHEMICAL, OTHER","CHEMICAL, OTHER: (DICHLOROPROPENE = 29001)",29
2023,"YEAR","STATE","CALIFORNIA","06","STRAWBERRIES, BEARING - TREATED, MEASURED IN PCT OF AREA BEARING, AVG","CHEMICAL, OTHER","CHEMICAL, OTHER: (FLUTRIAFOL = 128940)",41
2023,"YEAR","STATE","CALIFORNIA","06","STRAWBERRIES, BEARING - TREATED, MEASURED IN PCT OF AREA BEARING, AVG","CHEMICAL, OTHER","CHEMICAL, OTHER: (GARLIC OIL = 128827)",NA
2023,"YEAR","STATE","CALIFORNIA","06","STRAWBERRIES, BEARING - TREATED, MEASURED IN PCT OF AREA BEARING, AVG","CHEMICAL, OTHER","CHEMICAL, OTHER: (HYDROGEN PEROXIDE = 595)",NA
2023,"YEAR","STATE","CALIFORNIA","06","STRAWBERRIES, BEARING - TREATED, MEASURED IN PCT OF AREA BEARING, AVG","CHEMICAL, OTHER","CHEMICAL, OTHER: (IRON PHOSPHATE = 34903)",NA
2023,"YEAR","STATE","CALIFORNIA","06","STRAWBERRIES, BEARING - TREATED, MEASURED IN PCT OF AREA BEARING, AVG","CHEMICAL, OTHER","CHEMICAL, OTHER: (METALDEHYDE = 53001)",NA
2023,"YEAR","STATE","CALIFORNIA","06","STRAWBERRIES, BEARING - TREATED, MEASURED IN PCT OF AREA BEARING, AVG","CHEMICAL, OTHER","CHEMICAL, OTHER: (METAM-POTASSIUM = 39002)",NA
2023,"YEAR","STATE","CALIFORNIA","06","STRAWBERRIES, BEARING - TREATED, MEASURED IN PCT OF AREA BEARING, AVG","CHEMICAL, OTHER","CHEMICAL, OTHER: (METAM-SODIUM = 39003)",NA
2023,"YEAR","STATE","CALIFORNIA","06","STRAWBERRIES, BEARING - TREATED, MEASURED IN PCT OF AREA BEARING, AVG","CHEMICAL, OTHER","CHEMICAL, OTHER: (PEROXYACETIC ACID = 63201)",NA
2023,"YEAR","STATE","CALIFORNIA","06","STRAWBERRIES, BEARING - TREATED, MEASURED IN PCT OF AREA BEARING, AVG","CHEMICAL, OTHER","CHEMICAL, OTHER: (PSEUDOMONAS CHLORORAPHIS STRAIN AFS009 = 6800)",NA
2023,"YEAR","STATE","CALIFORNIA","06","STRAWBERRIES, BEARING - TREATED, MEASURED IN PCT OF AREA BEARING, AVG","CHEMICAL, OTHER","CHEMICAL, OTHER: (REYNOUTRIA SACHALINE = 55809)",NA
2023,"YEAR","STATE","CALIFORNIA","06","STRAWBERRIES, BEARING - TREATED, MEASURED IN PCT OF AREA BEARING, AVG","CHEMICAL, OTHER","CHEMICAL, OTHER: (TOTAL)",71
2023,"YEAR","STATE","CALIFORNIA","06","STRAWBERRIES, BEARING - TREATED, MEASURED IN PCT OF AREA BEARING, AVG","FERTILIZER","FERTILIZER: (NITROGEN)",61
2023,"YEAR","STATE","CALIFORNIA","06","STRAWBERRIES, BEARING - TREATED, MEASURED IN PCT OF AREA BEARING, AVG","FERTILIZER","FERTILIZER: (PHOSPHATE)",63
2023,"YEAR","STATE","CALIFORNIA","06","STRAWBERRIES, BEARING - TREATED, MEASURED IN PCT OF AREA BEARING, AVG","FERTILIZER","FERTILIZER: (POTASH)",72
2023,"YEAR","STATE","CALIFORNIA","06","STRAWBERRIES, BEARING - TREATED, MEASURED IN PCT OF AREA BEARING, AVG","FERTILIZER","FERTILIZER: (SULFUR)",NA
2023,"YEAR","STATE","CALIFORNIA","06","STRAWBERRIES, FRESH MARKET - PRODUCTION, MEASURED IN $","TOTAL","NOT SPECIFIED",NA
2023,"YEAR","STATE","CALIFORNIA","06","STRAWBERRIES, FRESH MARKET, UTILIZED - PRODUCTION, MEASURED IN CWT","TOTAL","NOT SPECIFIED",NA
2023,"YEAR","STATE","CALIFORNIA","06","STRAWBERRIES, NOT SOLD - PRODUCTION, MEASURED IN CWT","TOTAL","NOT SPECIFIED",24600
2023,"YEAR","STATE","CALIFORNIA","06","STRAWBERRIES, PROCESSING - PRODUCTION, MEASURED IN $","TOTAL","NOT SPECIFIED",NA
2023,"YEAR","STATE","CALIFORNIA","06","STRAWBERRIES, PROCESSING, UTILIZED - PRODUCTION, MEASURED IN CWT","TOTAL","NOT SPECIFIED",NA
2023,"YEAR","STATE","CALIFORNIA","06","STRAWBERRIES, UTILIZED - PRODUCTION, MEASURED IN CWT","TOTAL","NOT SPECIFIED",24575400
2023,"YEAR","STATE","FLORIDA","12","STRAWBERRIES - ACRES HARVESTED","TOTAL","NOT SPECIFIED",14100
2023,"YEAR","STATE","FLORIDA","12","STRAWBERRIES - ACRES PLANTED","TOTAL","NOT SPECIFIED",14200
2023,"YEAR","STATE","FLORIDA","12","STRAWBERRIES - APPLICATIONS, MEASURED IN LB","CHEMICAL, FUNGICIDE","CHEMICAL, FUNGICIDE: (OXATHIAPIPROLIN = 128111)",NA
2023,"YEAR","STATE","FLORIDA","12","STRAWBERRIES - APPLICATIONS, MEASURED IN LB","CHEMICAL, FUNGICIDE","CHEMICAL, FUNGICIDE: (PYRIOFENONE = 28828)",NA
2023,"YEAR","STATE","FLORIDA","12","STRAWBERRIES - APPLICATIONS, MEASURED IN LB","CHEMICAL, FUNGICIDE","CHEMICAL, FUNGICIDE: (ZOXAMIDE = 101702)",NA
2023,"YEAR","STATE","FLORIDA","12","STRAWBERRIES - APPLICATIONS, MEASURED IN LB","CHEMICAL, HERBICIDE","CHEMICAL, HERBICIDE: (METSULFURON-METHYL = 122010)",NA
2023,"YEAR","STATE","FLORIDA","12","STRAWBERRIES - APPLICATIONS, MEASURED IN LB","CHEMICAL, HERBICIDE","CHEMICAL, HERBICIDE: (PENOXSULAM = 119031)",NA
2023,"YEAR","STATE","FLORIDA","12","STRAWBERRIES - APPLICATIONS, MEASURED IN LB","CHEMICAL, HERBICIDE","CHEMICAL, HERBICIDE: (S-METOLACHLOR = 108800)",NA
2023,"YEAR","STATE","FLORIDA","12","STRAWBERRIES - APPLICATIONS, MEASURED IN LB","CHEMICAL, INSECTICIDE","CHEMICAL, INSECTICIDE: (BETA-CYFLUTHRIN = 118831)",NA
2023,"YEAR","STATE","FLORIDA","12","STRAWBERRIES - APPLICATIONS, MEASURED IN LB","CHEMICAL, INSECTICIDE","CHEMICAL, INSECTICIDE: (ETHYL (2E;4Z)-DECADIENOATE = 144022)",NA
2023,"YEAR","STATE","FLORIDA","12","STRAWBERRIES - APPLICATIONS, MEASURED IN LB","CHEMICAL, INSECTICIDE","CHEMICAL, INSECTICIDE: (OXAMYL = 103801)",NA
2023,"YEAR","STATE","FLORIDA","12","STRAWBERRIES - APPLICATIONS, MEASURED IN LB","CHEMICAL, OTHER","CHEMICAL, OTHER: (CUPRAMMONIUM ACETATE = 36011)",NA
2023,"YEAR","STATE","FLORIDA","12","STRAWBERRIES - APPLICATIONS, MEASURED IN LB","CHEMICAL, OTHER","CHEMICAL, OTHER: (DODECADIEN-1-OL = 129028)",NA
2023,"YEAR","STATE","FLORIDA","12","STRAWBERRIES - APPLICATIONS, MEASURED IN LB","CHEMICAL, OTHER","CHEMICAL, OTHER: (FLUENSULFONE = 50410)",NA
2023,"YEAR","STATE","FLORIDA","12","STRAWBERRIES - APPLICATIONS, MEASURED IN LB","CHEMICAL, OTHER","CHEMICAL, OTHER: (GIBBERELLIC ACID = 43801)",NA
2023,"YEAR","STATE","FLORIDA","12","STRAWBERRIES - APPLICATIONS, MEASURED IN LB / ACRE / APPLICATION, AVG","CHEMICAL, FUNGICIDE","CHEMICAL, FUNGICIDE: (OXATHIAPIPROLIN = 128111)",NA
2023,"YEAR","STATE","FLORIDA","12","STRAWBERRIES - APPLICATIONS, MEASURED IN LB / ACRE / APPLICATION, AVG","CHEMICAL, FUNGICIDE","CHEMICAL, FUNGICIDE: (PYRIOFENONE = 28828)",NA
2023,"YEAR","STATE","FLORIDA","12","STRAWBERRIES - APPLICATIONS, MEASURED IN LB / ACRE / APPLICATION, AVG","CHEMICAL, FUNGICIDE","CHEMICAL, FUNGICIDE: (ZOXAMIDE = 101702)",NA
2023,"YEAR","STATE","FLORIDA","12","STRAWBERRIES - APPLICATIONS, MEASURED IN LB / ACRE / APPLICATION, AVG","CHEMICAL, HERBICIDE","CHEMICAL, HERBICIDE: (METSULFURON-METHYL = 122010)",NA
2023,"YEAR","STATE","FLORIDA","12","STRAWBERRIES - APPLICATIONS, MEASURED IN LB / ACRE / APPLICATION, AVG","CHEMICAL, HERBICIDE","CHEMICAL, HERBICIDE: (PENOXSULAM = 119031)",NA
2023,"YEAR","STATE","FLORIDA","12","STRAWBERRIES - APPLICATIONS, MEASURED IN LB / ACRE / APPLICATION, AVG","CHEMICAL, HERBICIDE","CHEMICAL, HERBICIDE: (S-METOLACHLOR = 108800)",NA
2023,"YEAR","STATE","FLORIDA","12","STRAWBERRIES - APPLICATIONS, MEASURED IN LB / ACRE / APPLICATION, AVG","CHEMICAL, INSECTICIDE","CHEMICAL, INSECTICIDE: (BETA-CYFLUTHRIN = 118831)",NA
2023,"YEAR","STATE","FLORIDA","12","STRAWBERRIES - APPLICATIONS, MEASURED IN LB / ACRE / APPLICATION, AVG","CHEMICAL, INSECTICIDE","CHEMICAL, INSECTICIDE: (ETHYL (2E;4Z)-DECADIENOATE = 144022)",NA
2023,"YEAR","STATE","FLORIDA","12","STRAWBERRIES - APPLICATIONS, MEASURED IN LB / ACRE / APPLICATION, AVG","CHEMICAL, INSECTICIDE","CHEMICAL, INSECTICIDE: (OXAMYL = 103801)",NA
2023,"YEAR","STATE","FLORIDA","12","STRAWBERRIES - APPLICATIONS, MEASURED IN LB / ACRE / APPLICATION, AVG","CHEMICAL, OTHER","CHEMICAL, OTHER: (CUPRAMMONIUM ACETATE = 36011)",NA
2023,"YEAR","STATE","FLORIDA","12","STRAWBERRIES - APPLICATIONS, MEASURED IN LB / ACRE / APPLICATION, AVG","CHEMICAL, OTHER","CHEMICAL, OTHER: (DODECADIEN-1-OL = 129028)",NA
2023,"YEAR","STATE","FLORIDA","12","STRAWBERRIES - APPLICATIONS, MEASURED IN LB / ACRE / APPLICATION, AVG","CHEMICAL, OTHER","CHEMICAL, OTHER: (FLUENSULFONE = 50410)",NA
2023,"YEAR","STATE","FLORIDA","12","STRAWBERRIES - APPLICATIONS, MEASURED IN LB / ACRE / APPLICATION, AVG","CHEMICAL, OTHER","CHEMICAL, OTHER: (GIBBERELLIC ACID = 43801)",NA
2023,"YEAR","STATE","FLORIDA","12","STRAWBERRIES - APPLICATIONS, MEASURED IN LB / ACRE / YEAR, AVG","CHEMICAL, FUNGICIDE","CHEMICAL, FUNGICIDE: (OXATHIAPIPROLIN = 128111)",NA
2023,"YEAR","STATE","FLORIDA","12","STRAWBERRIES - APPLICATIONS, MEASURED IN LB / ACRE / YEAR, AVG","CHEMICAL, FUNGICIDE","CHEMICAL, FUNGICIDE: (PYRIOFENONE = 28828)",NA
2023,"YEAR","STATE","FLORIDA","12","STRAWBERRIES - APPLICATIONS, MEASURED IN LB / ACRE / YEAR, AVG","CHEMICAL, FUNGICIDE","CHEMICAL, FUNGICIDE: (ZOXAMIDE = 101702)",NA
2023,"YEAR","STATE","FLORIDA","12","STRAWBERRIES - APPLICATIONS, MEASURED IN LB / ACRE / YEAR, AVG","CHEMICAL, HERBICIDE","CHEMICAL, HERBICIDE: (METSULFURON-METHYL = 122010)",NA
2023,"YEAR","STATE","FLORIDA","12","STRAWBERRIES - APPLICATIONS, MEASURED IN LB / ACRE / YEAR, AVG","CHEMICAL, HERBICIDE","CHEMICAL, HERBICIDE: (PENOXSULAM = 119031)",NA
2023,"YEAR","STATE","FLORIDA","12","STRAWBERRIES - APPLICATIONS, MEASURED IN LB / ACRE / YEAR, AVG","CHEMICAL, HERBICIDE","CHEMICAL, HERBICIDE: (S-METOLACHLOR = 108800)",NA
2023,"YEAR","STATE","FLORIDA","12","STRAWBERRIES - APPLICATIONS, MEASURED IN LB / ACRE / YEAR, AVG","CHEMICAL, INSECTICIDE","CHEMICAL, INSECTICIDE: (BETA-CYFLUTHRIN = 118831)",NA
2023,"YEAR","STATE","FLORIDA","12","STRAWBERRIES - APPLICATIONS, MEASURED IN LB / ACRE / YEAR, AVG","CHEMICAL, INSECTICIDE","CHEMICAL, INSECTICIDE: (ETHYL (2E;4Z)-DECADIENOATE = 144022)",NA
2023,"YEAR","STATE","FLORIDA","12","STRAWBERRIES - APPLICATIONS, MEASURED IN LB / ACRE / YEAR, AVG","CHEMICAL, INSECTICIDE","CHEMICAL, INSECTICIDE: (OXAMYL = 103801)",NA
2023,"YEAR","STATE","FLORIDA","12","STRAWBERRIES - APPLICATIONS, MEASURED IN LB / ACRE / YEAR, AVG","CHEMICAL, OTHER","CHEMICAL, OTHER: (CUPRAMMONIUM ACETATE = 36011)",NA
2023,"YEAR","STATE","FLORIDA","12","STRAWBERRIES - APPLICATIONS, MEASURED IN LB / ACRE / YEAR, AVG","CHEMICAL, OTHER","CHEMICAL, OTHER: (DODECADIEN-1-OL = 129028)",NA
2023,"YEAR","STATE","FLORIDA","12","STRAWBERRIES - APPLICATIONS, MEASURED IN LB / ACRE / YEAR, AVG","CHEMICAL, OTHER","CHEMICAL, OTHER: (FLUENSULFONE = 50410)",NA
2023,"YEAR","STATE","FLORIDA","12","STRAWBERRIES - APPLICATIONS, MEASURED IN LB / ACRE / YEAR, AVG","CHEMICAL, OTHER","CHEMICAL, OTHER: (GIBBERELLIC ACID = 43801)",NA
2023,"YEAR","STATE","FLORIDA","12","STRAWBERRIES - APPLICATIONS, MEASURED IN NUMBER, AVG","CHEMICAL, FUNGICIDE","CHEMICAL, FUNGICIDE: (OXATHIAPIPROLIN = 128111)",NA
2023,"YEAR","STATE","FLORIDA","12","STRAWBERRIES - APPLICATIONS, MEASURED IN NUMBER, AVG","CHEMICAL, FUNGICIDE","CHEMICAL, FUNGICIDE: (PYRIOFENONE = 28828)",NA
2023,"YEAR","STATE","FLORIDA","12","STRAWBERRIES - APPLICATIONS, MEASURED IN NUMBER, AVG","CHEMICAL, FUNGICIDE","CHEMICAL, FUNGICIDE: (ZOXAMIDE = 101702)",NA
2023,"YEAR","STATE","FLORIDA","12","STRAWBERRIES - APPLICATIONS, MEASURED IN NUMBER, AVG","CHEMICAL, HERBICIDE","CHEMICAL, HERBICIDE: (METSULFURON-METHYL = 122010)",NA
2023,"YEAR","STATE","FLORIDA","12","STRAWBERRIES - APPLICATIONS, MEASURED IN NUMBER, AVG","CHEMICAL, HERBICIDE","CHEMICAL, HERBICIDE: (PENOXSULAM = 119031)",NA
2023,"YEAR","STATE","FLORIDA","12","STRAWBERRIES - APPLICATIONS, MEASURED IN NUMBER, AVG","CHEMICAL, HERBICIDE","CHEMICAL, HERBICIDE: (S-METOLACHLOR = 108800)",NA
2023,"YEAR","STATE","FLORIDA","12","STRAWBERRIES - APPLICATIONS, MEASURED IN NUMBER, AVG","CHEMICAL, INSECTICIDE","CHEMICAL, INSECTICIDE: (BETA-CYFLUTHRIN = 118831)",NA
2023,"YEAR","STATE","FLORIDA","12","STRAWBERRIES - APPLICATIONS, MEASURED IN NUMBER, AVG","CHEMICAL, INSECTICIDE","CHEMICAL, INSECTICIDE: (ETHYL (2E;4Z)-DECADIENOATE = 144022)",NA
2023,"YEAR","STATE","FLORIDA","12","STRAWBERRIES - APPLICATIONS, MEASURED IN NUMBER, AVG","CHEMICAL, INSECTICIDE","CHEMICAL, INSECTICIDE: (OXAMYL = 103801)",NA
2023,"YEAR","STATE","FLORIDA","12","STRAWBERRIES - APPLICATIONS, MEASURED IN NUMBER, AVG","CHEMICAL, OTHER","CHEMICAL, OTHER: (CUPRAMMONIUM ACETATE = 36011)",NA
2023,"YEAR","STATE","FLORIDA","12","STRAWBERRIES - APPLICATIONS, MEASURED IN NUMBER, AVG","CHEMICAL, OTHER","CHEMICAL, OTHER: (DODECADIEN-1-OL = 129028)",NA
2023,"YEAR","STATE","FLORIDA","12","STRAWBERRIES - APPLICATIONS, MEASURED IN NUMBER, AVG","CHEMICAL, OTHER","CHEMICAL, OTHER: (FLUENSULFONE = 50410)",NA
2023,"YEAR","STATE","FLORIDA","12","STRAWBERRIES - APPLICATIONS, MEASURED IN NUMBER, AVG","CHEMICAL, OTHER","CHEMICAL, OTHER: (GIBBERELLIC ACID = 43801)",NA
2023,"YEAR","STATE","FLORIDA","12","STRAWBERRIES - PRODUCTION, MEASURED IN $","TOTAL","NOT SPECIFIED",433556000
2023,"YEAR","STATE","FLORIDA","12","STRAWBERRIES - PRODUCTION, MEASURED IN CWT","TOTAL","NOT SPECIFIED",2960000
2023,"YEAR","STATE","FLORIDA","12","STRAWBERRIES - TREATED, MEASURED IN PCT OF AREA BEARING, AVG","CHEMICAL, FUNGICIDE","CHEMICAL, FUNGICIDE: (OXATHIAPIPROLIN = 128111)",NA
2023,"YEAR","STATE","FLORIDA","12","STRAWBERRIES - TREATED, MEASURED IN PCT OF AREA BEARING, AVG","CHEMICAL, FUNGICIDE","CHEMICAL, FUNGICIDE: (PYRIOFENONE = 28828)",NA
2023,"YEAR","STATE","FLORIDA","12","STRAWBERRIES - TREATED, MEASURED IN PCT OF AREA BEARING, AVG","CHEMICAL, FUNGICIDE","CHEMICAL, FUNGICIDE: (ZOXAMIDE = 101702)",NA
2023,"YEAR","STATE","FLORIDA","12","STRAWBERRIES - TREATED, MEASURED IN PCT OF AREA BEARING, AVG","CHEMICAL, HERBICIDE","CHEMICAL, HERBICIDE: (METSULFURON-METHYL = 122010)",NA
2023,"YEAR","STATE","FLORIDA","12","STRAWBERRIES - TREATED, MEASURED IN PCT OF AREA BEARING, AVG","CHEMICAL, HERBICIDE","CHEMICAL, HERBICIDE: (PENOXSULAM = 119031)",NA
2023,"YEAR","STATE","FLORIDA","12","STRAWBERRIES - TREATED, MEASURED IN PCT OF AREA BEARING, AVG","CHEMICAL, HERBICIDE","CHEMICAL, HERBICIDE: (S-METOLACHLOR = 108800)",NA
2023,"YEAR","STATE","FLORIDA","12","STRAWBERRIES - TREATED, MEASURED IN PCT OF AREA BEARING, AVG","CHEMICAL, INSECTICIDE","CHEMICAL, INSECTICIDE: (BETA-CYFLUTHRIN = 118831)",NA
2023,"YEAR","STATE","FLORIDA","12","STRAWBERRIES - TREATED, MEASURED IN PCT OF AREA BEARING, AVG","CHEMICAL, INSECTICIDE","CHEMICAL, INSECTICIDE: (ETHYL (2E;4Z)-DECADIENOATE = 144022)",NA
2023,"YEAR","STATE","FLORIDA","12","STRAWBERRIES - TREATED, MEASURED IN PCT OF AREA BEARING, AVG","CHEMICAL, INSECTICIDE","CHEMICAL, INSECTICIDE: (OXAMYL = 103801)",NA
2023,"YEAR","STATE","FLORIDA","12","STRAWBERRIES - TREATED, MEASURED IN PCT OF AREA BEARING, AVG","CHEMICAL, OTHER","CHEMICAL, OTHER: (CUPRAMMONIUM ACETATE = 36011)",NA
2023,"YEAR","STATE","FLORIDA","12","STRAWBERRIES - TREATED, MEASURED IN PCT OF AREA BEARING, AVG","CHEMICAL, OTHER","CHEMICAL, OTHER: (DODECADIEN-1-OL = 129028)",NA
2023,"YEAR","STATE","FLORIDA","12","STRAWBERRIES - TREATED, MEASURED IN PCT OF AREA BEARING, AVG","CHEMICAL, OTHER","CHEMICAL, OTHER: (FLUENSULFONE = 50410)",NA
2023,"YEAR","STATE","FLORIDA","12","STRAWBERRIES - TREATED, MEASURED IN PCT OF AREA BEARING, AVG","CHEMICAL, OTHER","CHEMICAL, OTHER: (GIBBERELLIC ACID = 43801)",NA
2023,"YEAR","STATE","FLORIDA","12","STRAWBERRIES - YIELD, MEASURED IN CWT / ACRE","TOTAL","NOT SPECIFIED",210
2023,"YEAR","STATE","FLORIDA","12","STRAWBERRIES, BEARING - APPLICATIONS, MEASURED IN LB","CHEMICAL, FUNGICIDE","CHEMICAL, FUNGICIDE: (AZOXYSTROBIN = 128810)",100
2023,"YEAR","STATE","FLORIDA","12","STRAWBERRIES, BEARING - APPLICATIONS, MEASURED IN LB","CHEMICAL, FUNGICIDE","CHEMICAL, FUNGICIDE: (BACILLUS AMYLOLIQUEFAC F727 = 16489)",NA
2023,"YEAR","STATE","FLORIDA","12","STRAWBERRIES, BEARING - APPLICATIONS, MEASURED IN LB","CHEMICAL, FUNGICIDE","CHEMICAL, FUNGICIDE: (BOSCALID = 128008)",NA
2023,"YEAR","STATE","FLORIDA","12","STRAWBERRIES, BEARING - APPLICATIONS, MEASURED IN LB","CHEMICAL, FUNGICIDE","CHEMICAL, FUNGICIDE: (CAPTAN = 81301)",144000
2023,"YEAR","STATE","FLORIDA","12","STRAWBERRIES, BEARING - APPLICATIONS, MEASURED IN LB","CHEMICAL, FUNGICIDE","CHEMICAL, FUNGICIDE: (CHLOROTHALONIL = 81901)",NA
2023,"YEAR","STATE","FLORIDA","12","STRAWBERRIES, BEARING - APPLICATIONS, MEASURED IN LB","CHEMICAL, FUNGICIDE","CHEMICAL, FUNGICIDE: (COPPER CHLORIDE HYD. = 23501)",NA
2023,"YEAR","STATE","FLORIDA","12","STRAWBERRIES, BEARING - APPLICATIONS, MEASURED IN LB","CHEMICAL, FUNGICIDE","CHEMICAL, FUNGICIDE: (COPPER HYDROXIDE = 23401)",NA
2023,"YEAR","STATE","FLORIDA","12","STRAWBERRIES, BEARING - APPLICATIONS, MEASURED IN LB","CHEMICAL, FUNGICIDE","CHEMICAL, FUNGICIDE: (CYFLUFENAMID = 555550)",NA
2023,"YEAR","STATE","FLORIDA","12","STRAWBERRIES, BEARING - APPLICATIONS, MEASURED IN LB","CHEMICAL, FUNGICIDE","CHEMICAL, FUNGICIDE: (CYMOXANIL = 129106)",NA
2023,"YEAR","STATE","FLORIDA","12","STRAWBERRIES, BEARING - APPLICATIONS, MEASURED IN LB","CHEMICAL, FUNGICIDE","CHEMICAL, FUNGICIDE: (CYPRODINIL = 288202)",9700
2023,"YEAR","STATE","FLORIDA","12","STRAWBERRIES, BEARING - APPLICATIONS, MEASURED IN LB","CHEMICAL, FUNGICIDE","CHEMICAL, FUNGICIDE: (DIFENOCONAZOLE = 128847)",NA
2023,"YEAR","STATE","FLORIDA","12","STRAWBERRIES, BEARING - APPLICATIONS, MEASURED IN LB","CHEMICAL, FUNGICIDE","CHEMICAL, FUNGICIDE: (FAMOXADONE = 113202)",NA
2023,"YEAR","STATE","FLORIDA","12","STRAWBERRIES, BEARING - APPLICATIONS, MEASURED IN LB","CHEMICAL, FUNGICIDE","CHEMICAL, FUNGICIDE: (FENHEXAMID = 90209)",NA
2023,"YEAR","STATE","FLORIDA","12","STRAWBERRIES, BEARING - APPLICATIONS, MEASURED IN LB","CHEMICAL, FUNGICIDE","CHEMICAL, FUNGICIDE: (FLUDIOXONIL = 71503)",6100
2023,"YEAR","STATE","FLORIDA","12","STRAWBERRIES, BEARING - APPLICATIONS, MEASURED IN LB","CHEMICAL, FUNGICIDE","CHEMICAL, FUNGICIDE: (FLUOPYRAM = 80302)",NA
2023,"YEAR","STATE","FLORIDA","12","STRAWBERRIES, BEARING - APPLICATIONS, MEASURED IN LB","CHEMICAL, FUNGICIDE","CHEMICAL, FUNGICIDE: (FLUXAPYROXAD = 138009)",NA
2023,"YEAR","STATE","FLORIDA","12","STRAWBERRIES, BEARING - APPLICATIONS, MEASURED IN LB","CHEMICAL, FUNGICIDE","CHEMICAL, FUNGICIDE: (FOSETYL-AL = 123301)",NA
2023,"YEAR","STATE","FLORIDA","12","STRAWBERRIES, BEARING - APPLICATIONS, MEASURED IN LB","CHEMICAL, FUNGICIDE","CHEMICAL, FUNGICIDE: (IPRODIONE = 109801)",NA
2023,"YEAR","STATE","FLORIDA","12","STRAWBERRIES, BEARING - APPLICATIONS, MEASURED IN LB","CHEMICAL, FUNGICIDE","CHEMICAL, FUNGICIDE: (ISOFETAMID = 270000)",NA
2023,"YEAR","STATE","FLORIDA","12","STRAWBERRIES, BEARING - APPLICATIONS, MEASURED IN LB","CHEMICAL, FUNGICIDE","CHEMICAL, FUNGICIDE: (MANCOZEB = 14504)",NA
2023,"YEAR","STATE","FLORIDA","12","STRAWBERRIES, BEARING - APPLICATIONS, MEASURED IN LB","CHEMICAL, FUNGICIDE","CHEMICAL, FUNGICIDE: (MEFENOXAM = 113502)",NA
2023,"YEAR","STATE","FLORIDA","12","STRAWBERRIES, BEARING - APPLICATIONS, MEASURED IN LB","CHEMICAL, FUNGICIDE","CHEMICAL, FUNGICIDE: (MONO-POTASSIUM SALT = 76416)",NA
2023,"YEAR","STATE","FLORIDA","12","STRAWBERRIES, BEARING - APPLICATIONS, MEASURED IN LB","CHEMICAL, FUNGICIDE","CHEMICAL, FUNGICIDE: (PENTHIOPYRAD = 90112)",NA
2023,"YEAR","STATE","FLORIDA","12","STRAWBERRIES, BEARING - APPLICATIONS, MEASURED IN LB","CHEMICAL, FUNGICIDE","CHEMICAL, FUNGICIDE: (PROPICONAZOLE = 122101)",NA
2023,"YEAR","STATE","FLORIDA","12","STRAWBERRIES, BEARING - APPLICATIONS, MEASURED IN LB","CHEMICAL, FUNGICIDE","CHEMICAL, FUNGICIDE: (PYDIFLUMETOFEN = 90110)",NA
2023,"YEAR","STATE","FLORIDA","12","STRAWBERRIES, BEARING - APPLICATIONS, MEASURED IN LB","CHEMICAL, FUNGICIDE","CHEMICAL, FUNGICIDE: (PYRACLOSTROBIN = 99100)",NA
2023,"YEAR","STATE","FLORIDA","12","STRAWBERRIES, BEARING - APPLICATIONS, MEASURED IN LB","CHEMICAL, FUNGICIDE","CHEMICAL, FUNGICIDE: (PYRIMETHANIL = 288201)",NA
2023,"YEAR","STATE","FLORIDA","12","STRAWBERRIES, BEARING - APPLICATIONS, MEASURED IN LB","CHEMICAL, FUNGICIDE","CHEMICAL, FUNGICIDE: (SULFUR = 77501)",NA
2023,"YEAR","STATE","FLORIDA","12","STRAWBERRIES, BEARING - APPLICATIONS, MEASURED IN LB","CHEMICAL, FUNGICIDE","CHEMICAL, FUNGICIDE: (TETRACONAZOLE = 120603)",NA
2023,"YEAR","STATE","FLORIDA","12","STRAWBERRIES, BEARING - APPLICATIONS, MEASURED IN LB","CHEMICAL, FUNGICIDE","CHEMICAL, FUNGICIDE: (THIOPHANATE-METHYL = 102001)",NA
2023,"YEAR","STATE","FLORIDA","12","STRAWBERRIES, BEARING - APPLICATIONS, MEASURED IN LB","CHEMICAL, FUNGICIDE","CHEMICAL, FUNGICIDE: (THIRAM = 79801)",112100
2023,"YEAR","STATE","FLORIDA","12","STRAWBERRIES, BEARING - APPLICATIONS, MEASURED IN LB","CHEMICAL, FUNGICIDE","CHEMICAL, FUNGICIDE: (TOTAL)",302700
2023,"YEAR","STATE","FLORIDA","12","STRAWBERRIES, BEARING - APPLICATIONS, MEASURED IN LB","CHEMICAL, FUNGICIDE","CHEMICAL, FUNGICIDE: (TRIFLUMIZOLE = 128879)",NA
2023,"YEAR","STATE","FLORIDA","12","STRAWBERRIES, BEARING - APPLICATIONS, MEASURED IN LB","CHEMICAL, HERBICIDE","CHEMICAL, HERBICIDE: (2,4-D, DIMETH. SALT = 30019)",NA
2023,"YEAR","STATE","FLORIDA","12","STRAWBERRIES, BEARING - APPLICATIONS, MEASURED IN LB","CHEMICAL, HERBICIDE","CHEMICAL, HERBICIDE: (CLETHODIM = 121011)",NA
2023,"YEAR","STATE","FLORIDA","12","STRAWBERRIES, BEARING - APPLICATIONS, MEASURED IN LB","CHEMICAL, HERBICIDE","CHEMICAL, HERBICIDE: (FLUMIOXAZIN = 129034)",NA
2023,"YEAR","STATE","FLORIDA","12","STRAWBERRIES, BEARING - APPLICATIONS, MEASURED IN LB","CHEMICAL, HERBICIDE","CHEMICAL, HERBICIDE: (GLYPHOSATE ISO. SALT = 103601)",NA
2023,"YEAR","STATE","FLORIDA","12","STRAWBERRIES, BEARING - APPLICATIONS, MEASURED IN LB","CHEMICAL, HERBICIDE","CHEMICAL, HERBICIDE: (PARAQUAT = 61601)",NA
2023,"YEAR","STATE","FLORIDA","12","STRAWBERRIES, BEARING - APPLICATIONS, MEASURED IN LB","CHEMICAL, HERBICIDE","CHEMICAL, HERBICIDE: (TOTAL)",9900
2023,"YEAR","STATE","FLORIDA","12","STRAWBERRIES, BEARING - APPLICATIONS, MEASURED IN LB","CHEMICAL, INSECTICIDE","CHEMICAL, INSECTICIDE: (ABAMECTIN = 122804)",100
2023,"YEAR","STATE","FLORIDA","12","STRAWBERRIES, BEARING - APPLICATIONS, MEASURED IN LB","CHEMICAL, INSECTICIDE","CHEMICAL, INSECTICIDE: (ACETAMIPRID = 99050)",500
2023,"YEAR","STATE","FLORIDA","12","STRAWBERRIES, BEARING - APPLICATIONS, MEASURED IN LB","CHEMICAL, INSECTICIDE","CHEMICAL, INSECTICIDE: (BIFENAZATE = 586)",NA
2023,"YEAR","STATE","FLORIDA","12","STRAWBERRIES, BEARING - APPLICATIONS, MEASURED IN LB","CHEMICAL, INSECTICIDE","CHEMICAL, INSECTICIDE: (BIFENTHRIN = 128825)",100
2023,"YEAR","STATE","FLORIDA","12","STRAWBERRIES, BEARING - APPLICATIONS, MEASURED IN LB","CHEMICAL, INSECTICIDE","CHEMICAL, INSECTICIDE: (BT KURSTAKI ABTS-351 = 6522)",NA
2023,"YEAR","STATE","FLORIDA","12","STRAWBERRIES, BEARING - APPLICATIONS, MEASURED IN LB","CHEMICAL, INSECTICIDE","CHEMICAL, INSECTICIDE: (CHLORANTRANILIPROLE = 90100)",400
2023,"YEAR","STATE","FLORIDA","12","STRAWBERRIES, BEARING - APPLICATIONS, MEASURED IN LB","CHEMICAL, INSECTICIDE","CHEMICAL, INSECTICIDE: (CYANTRANILIPROLE = 90098)",NA
2023,"YEAR","STATE","FLORIDA","12","STRAWBERRIES, BEARING - APPLICATIONS, MEASURED IN LB","CHEMICAL, INSECTICIDE","CHEMICAL, INSECTICIDE: (DIAZINON = 57801)",NA
2023,"YEAR","STATE","FLORIDA","12","STRAWBERRIES, BEARING - APPLICATIONS, MEASURED IN LB","CHEMICAL, INSECTICIDE","CHEMICAL, INSECTICIDE: (FENPROPATHRIN = 127901)",NA
2023,"YEAR","STATE","FLORIDA","12","STRAWBERRIES, BEARING - APPLICATIONS, MEASURED IN LB","CHEMICAL, INSECTICIDE","CHEMICAL, INSECTICIDE: (FLUPYRADIFURONE = 122304)",NA
2023,"YEAR","STATE","FLORIDA","12","STRAWBERRIES, BEARING - APPLICATIONS, MEASURED IN LB","CHEMICAL, INSECTICIDE","CHEMICAL, INSECTICIDE: (HEXYTHIAZOX = 128849)",NA
2023,"YEAR","STATE","FLORIDA","12","STRAWBERRIES, BEARING - APPLICATIONS, MEASURED IN LB","CHEMICAL, INSECTICIDE","CHEMICAL, INSECTICIDE: (IMIDACLOPRID = 129099)",NA
2023,"YEAR","STATE","FLORIDA","12","STRAWBERRIES, BEARING - APPLICATIONS, MEASURED IN LB","CHEMICAL, INSECTICIDE","CHEMICAL, INSECTICIDE: (LAMBDA-CYHALOTHRIN = 128897)",NA
2023,"YEAR","STATE","FLORIDA","12","STRAWBERRIES, BEARING - APPLICATIONS, MEASURED IN LB","CHEMICAL, INSECTICIDE","CHEMICAL, INSECTICIDE: (MALATHION = 57701)",NA
2023,"YEAR","STATE","FLORIDA","12","STRAWBERRIES, BEARING - APPLICATIONS, MEASURED IN LB","CHEMICAL, INSECTICIDE","CHEMICAL, INSECTICIDE: (METHOMYL = 90301)",NA
2023,"YEAR","STATE","FLORIDA","12","STRAWBERRIES, BEARING - APPLICATIONS, MEASURED IN LB","CHEMICAL, INSECTICIDE","CHEMICAL, INSECTICIDE: (NALED = 34401)",NA
2023,"YEAR","STATE","FLORIDA","12","STRAWBERRIES, BEARING - APPLICATIONS, MEASURED IN LB","CHEMICAL, INSECTICIDE","CHEMICAL, INSECTICIDE: (NOVALURON = 124002)",1500
2023,"YEAR","STATE","FLORIDA","12","STRAWBERRIES, BEARING - APPLICATIONS, MEASURED IN LB","CHEMICAL, INSECTICIDE","CHEMICAL, INSECTICIDE: (PIPERONYL BUTOXIDE = 67501)",NA
2023,"YEAR","STATE","FLORIDA","12","STRAWBERRIES, BEARING - APPLICATIONS, MEASURED IN LB","CHEMICAL, INSECTICIDE","CHEMICAL, INSECTICIDE: (PYRETHRINS = 69001)",NA
2023,"YEAR","STATE","FLORIDA","12","STRAWBERRIES, BEARING - APPLICATIONS, MEASURED IN LB","CHEMICAL, INSECTICIDE","CHEMICAL, INSECTICIDE: (SPINETORAM = 110007)",NA
2023,"YEAR","STATE","FLORIDA","12","STRAWBERRIES, BEARING - APPLICATIONS, MEASURED IN LB","CHEMICAL, INSECTICIDE","CHEMICAL, INSECTICIDE: (SPINOSAD = 110003)",NA
2023,"YEAR","STATE","FLORIDA","12","STRAWBERRIES, BEARING - APPLICATIONS, MEASURED IN LB","CHEMICAL, INSECTICIDE","CHEMICAL, INSECTICIDE: (SULFOXAFLOR = 5210)",NA
2023,"YEAR","STATE","FLORIDA","12","STRAWBERRIES, BEARING - APPLICATIONS, MEASURED IN LB","CHEMICAL, INSECTICIDE","CHEMICAL, INSECTICIDE: (THIAMETHOXAM = 60109)",400
2023,"YEAR","STATE","FLORIDA","12","STRAWBERRIES, BEARING - APPLICATIONS, MEASURED IN LB","CHEMICAL, INSECTICIDE","CHEMICAL, INSECTICIDE: (TOTAL)",12300
2023,"YEAR","STATE","FLORIDA","12","STRAWBERRIES, BEARING - APPLICATIONS, MEASURED IN LB","CHEMICAL, OTHER","CHEMICAL, OTHER: (CYTOKININS = 116801)",NA
2023,"YEAR","STATE","FLORIDA","12","STRAWBERRIES, BEARING - APPLICATIONS, MEASURED IN LB","CHEMICAL, OTHER","CHEMICAL, OTHER: (FLUTRIAFOL = 128940)",NA
2023,"YEAR","STATE","FLORIDA","12","STRAWBERRIES, BEARING - APPLICATIONS, MEASURED IN LB","CHEMICAL, OTHER","CHEMICAL, OTHER: (INDOLEBUTYRIC ACID = 46701)",NA
2023,"YEAR","STATE","FLORIDA","12","STRAWBERRIES, BEARING - APPLICATIONS, MEASURED IN LB","CHEMICAL, OTHER","CHEMICAL, OTHER: (METAM-POTASSIUM = 39002)",NA
2023,"YEAR","STATE","FLORIDA","12","STRAWBERRIES, BEARING - APPLICATIONS, MEASURED IN LB","CHEMICAL, OTHER","CHEMICAL, OTHER: (PSEUDOMONAS CHLORORAPHIS STRAIN AFS009 = 6800)",NA
2023,"YEAR","STATE","FLORIDA","12","STRAWBERRIES, BEARING - APPLICATIONS, MEASURED IN LB","CHEMICAL, OTHER","CHEMICAL, OTHER: (TOTAL)",5100
2023,"YEAR","STATE","FLORIDA","12","STRAWBERRIES, BEARING - APPLICATIONS, MEASURED IN LB","FERTILIZER","FERTILIZER: (NITROGEN)",283000
2023,"YEAR","STATE","FLORIDA","12","STRAWBERRIES, BEARING - APPLICATIONS, MEASURED IN LB","FERTILIZER","FERTILIZER: (PHOSPHATE)",52000
2023,"YEAR","STATE","FLORIDA","12","STRAWBERRIES, BEARING - APPLICATIONS, MEASURED IN LB","FERTILIZER","FERTILIZER: (POTASH)",538000
2023,"YEAR","STATE","FLORIDA","12","STRAWBERRIES, BEARING - APPLICATIONS, MEASURED IN LB","FERTILIZER","FERTILIZER: (SULFUR)",NA
2023,"YEAR","STATE","FLORIDA","12","STRAWBERRIES, BEARING - APPLICATIONS, MEASURED IN LB / ACRE / APPLICATION, AVG","CHEMICAL, FUNGICIDE","CHEMICAL, FUNGICIDE: (AZOXYSTROBIN = 128810)",0.151
2023,"YEAR","STATE","FLORIDA","12","STRAWBERRIES, BEARING - APPLICATIONS, MEASURED IN LB / ACRE / APPLICATION, AVG","CHEMICAL, FUNGICIDE","CHEMICAL, FUNGICIDE: (BACILLUS AMYLOLIQUEFAC F727 = 16489)",NA
2023,"YEAR","STATE","FLORIDA","12","STRAWBERRIES, BEARING - APPLICATIONS, MEASURED IN LB / ACRE / APPLICATION, AVG","CHEMICAL, FUNGICIDE","CHEMICAL, FUNGICIDE: (BOSCALID = 128008)",NA
2023,"YEAR","STATE","FLORIDA","12","STRAWBERRIES, BEARING - APPLICATIONS, MEASURED IN LB / ACRE / APPLICATION, AVG","CHEMICAL, FUNGICIDE","CHEMICAL, FUNGICIDE: (CAPTAN = 81301)",2.012
2023,"YEAR","STATE","FLORIDA","12","STRAWBERRIES, BEARING - APPLICATIONS, MEASURED IN LB / ACRE / APPLICATION, AVG","CHEMICAL, FUNGICIDE","CHEMICAL, FUNGICIDE: (CHLOROTHALONIL = 81901)",NA
2023,"YEAR","STATE","FLORIDA","12","STRAWBERRIES, BEARING - APPLICATIONS, MEASURED IN LB / ACRE / APPLICATION, AVG","CHEMICAL, FUNGICIDE","CHEMICAL, FUNGICIDE: (COPPER CHLORIDE HYD. = 23501)",NA
2023,"YEAR","STATE","FLORIDA","12","STRAWBERRIES, BEARING - APPLICATIONS, MEASURED IN LB / ACRE / APPLICATION, AVG","CHEMICAL, FUNGICIDE","CHEMICAL, FUNGICIDE: (COPPER HYDROXIDE = 23401)",NA
2023,"YEAR","STATE","FLORIDA","12","STRAWBERRIES, BEARING - APPLICATIONS, MEASURED IN LB / ACRE / APPLICATION, AVG","CHEMICAL, FUNGICIDE","CHEMICAL, FUNGICIDE: (CYFLUFENAMID = 555550)",NA
2023,"YEAR","STATE","FLORIDA","12","STRAWBERRIES, BEARING - APPLICATIONS, MEASURED IN LB / ACRE / APPLICATION, AVG","CHEMICAL, FUNGICIDE","CHEMICAL, FUNGICIDE: (CYMOXANIL = 129106)",NA
2023,"YEAR","STATE","FLORIDA","12","STRAWBERRIES, BEARING - APPLICATIONS, MEASURED IN LB / ACRE / APPLICATION, AVG","CHEMICAL, FUNGICIDE","CHEMICAL, FUNGICIDE: (CYPRODINIL = 288202)",0.244
2023,"YEAR","STATE","FLORIDA","12","STRAWBERRIES, BEARING - APPLICATIONS, MEASURED IN LB / ACRE / APPLICATION, AVG","CHEMICAL, FUNGICIDE","CHEMICAL, FUNGICIDE: (DIFENOCONAZOLE = 128847)",NA
2023,"YEAR","STATE","FLORIDA","12","STRAWBERRIES, BEARING - APPLICATIONS, MEASURED IN LB / ACRE / APPLICATION, AVG","CHEMICAL, FUNGICIDE","CHEMICAL, FUNGICIDE: (FAMOXADONE = 113202)",NA
2023,"YEAR","STATE","FLORIDA","12","STRAWBERRIES, BEARING - APPLICATIONS, MEASURED IN LB / ACRE / APPLICATION, AVG","CHEMICAL, FUNGICIDE","CHEMICAL, FUNGICIDE: (FENHEXAMID = 90209)",NA
2023,"YEAR","STATE","FLORIDA","12","STRAWBERRIES, BEARING - APPLICATIONS, MEASURED IN LB / ACRE / APPLICATION, AVG","CHEMICAL, FUNGICIDE","CHEMICAL, FUNGICIDE: (FLUDIOXONIL = 71503)",0.152
2023,"YEAR","STATE","FLORIDA","12","STRAWBERRIES, BEARING - APPLICATIONS, MEASURED IN LB / ACRE / APPLICATION, AVG","CHEMICAL, FUNGICIDE","CHEMICAL, FUNGICIDE: (FLUOPYRAM = 80302)",NA
2023,"YEAR","STATE","FLORIDA","12","STRAWBERRIES, BEARING - APPLICATIONS, MEASURED IN LB / ACRE / APPLICATION, AVG","CHEMICAL, FUNGICIDE","CHEMICAL, FUNGICIDE: (FLUXAPYROXAD = 138009)",NA
2023,"YEAR","STATE","FLORIDA","12","STRAWBERRIES, BEARING - APPLICATIONS, MEASURED IN LB / ACRE / APPLICATION, AVG","CHEMICAL, FUNGICIDE","CHEMICAL, FUNGICIDE: (FOSETYL-AL = 123301)",NA
2023,"YEAR","STATE","FLORIDA","12","STRAWBERRIES, BEARING - APPLICATIONS, MEASURED IN LB / ACRE / APPLICATION, AVG","CHEMICAL, FUNGICIDE","CHEMICAL, FUNGICIDE: (IPRODIONE = 109801)",NA
2023,"YEAR","STATE","FLORIDA","12","STRAWBERRIES, BEARING - APPLICATIONS, MEASURED IN LB / ACRE / APPLICATION, AVG","CHEMICAL, FUNGICIDE","CHEMICAL, FUNGICIDE: (ISOFETAMID = 270000)",NA
2023,"YEAR","STATE","FLORIDA","12","STRAWBERRIES, BEARING - APPLICATIONS, MEASURED IN LB / ACRE / APPLICATION, AVG","CHEMICAL, FUNGICIDE","CHEMICAL, FUNGICIDE: (MANCOZEB = 14504)",NA
2023,"YEAR","STATE","FLORIDA","12","STRAWBERRIES, BEARING - APPLICATIONS, MEASURED IN LB / ACRE / APPLICATION, AVG","CHEMICAL, FUNGICIDE","CHEMICAL, FUNGICIDE: (MEFENOXAM = 113502)",NA
2023,"YEAR","STATE","FLORIDA","12","STRAWBERRIES, BEARING - APPLICATIONS, MEASURED IN LB / ACRE / APPLICATION, AVG","CHEMICAL, FUNGICIDE","CHEMICAL, FUNGICIDE: (MONO-POTASSIUM SALT = 76416)",NA
2023,"YEAR","STATE","FLORIDA","12","STRAWBERRIES, BEARING - APPLICATIONS, MEASURED IN LB / ACRE / APPLICATION, AVG","CHEMICAL, FUNGICIDE","CHEMICAL, FUNGICIDE: (PENTHIOPYRAD = 90112)",NA
2023,"YEAR","STATE","FLORIDA","12","STRAWBERRIES, BEARING - APPLICATIONS, MEASURED IN LB / ACRE / APPLICATION, AVG","CHEMICAL, FUNGICIDE","CHEMICAL, FUNGICIDE: (PROPICONAZOLE = 122101)",NA
2023,"YEAR","STATE","FLORIDA","12","STRAWBERRIES, BEARING - APPLICATIONS, MEASURED IN LB / ACRE / APPLICATION, AVG","CHEMICAL, FUNGICIDE","CHEMICAL, FUNGICIDE: (PYDIFLUMETOFEN = 90110)",NA
2023,"YEAR","STATE","FLORIDA","12","STRAWBERRIES, BEARING - APPLICATIONS, MEASURED IN LB / ACRE / APPLICATION, AVG","CHEMICAL, FUNGICIDE","CHEMICAL, FUNGICIDE: (PYRACLOSTROBIN = 99100)",NA
2023,"YEAR","STATE","FLORIDA","12","STRAWBERRIES, BEARING - APPLICATIONS, MEASURED IN LB / ACRE / APPLICATION, AVG","CHEMICAL, FUNGICIDE","CHEMICAL, FUNGICIDE: (PYRIMETHANIL = 288201)",NA
2023,"YEAR","STATE","FLORIDA","12","STRAWBERRIES, BEARING - APPLICATIONS, MEASURED IN LB / ACRE / APPLICATION, AVG","CHEMICAL, FUNGICIDE","CHEMICAL, FUNGICIDE: (SULFUR = 77501)",NA
2023,"YEAR","STATE","FLORIDA","12","STRAWBERRIES, BEARING - APPLICATIONS, MEASURED IN LB / ACRE / APPLICATION, AVG","CHEMICAL, FUNGICIDE","CHEMICAL, FUNGICIDE: (TETRACONAZOLE = 120603)",NA
2023,"YEAR","STATE","FLORIDA","12","STRAWBERRIES, BEARING - APPLICATIONS, MEASURED IN LB / ACRE / APPLICATION, AVG","CHEMICAL, FUNGICIDE","CHEMICAL, FUNGICIDE: (THIOPHANATE-METHYL = 102001)",NA
2023,"YEAR","STATE","FLORIDA","12","STRAWBERRIES, BEARING - APPLICATIONS, MEASURED IN LB / ACRE / APPLICATION, AVG","CHEMICAL, FUNGICIDE","CHEMICAL, FUNGICIDE: (THIRAM = 79801)",2.156
2023,"YEAR","STATE","FLORIDA","12","STRAWBERRIES, BEARING - APPLICATIONS, MEASURED IN LB / ACRE / APPLICATION, AVG","CHEMICAL, FUNGICIDE","CHEMICAL, FUNGICIDE: (TRIFLUMIZOLE = 128879)",NA
2023,"YEAR","STATE","FLORIDA","12","STRAWBERRIES, BEARING - APPLICATIONS, MEASURED IN LB / ACRE / APPLICATION, AVG","CHEMICAL, HERBICIDE","CHEMICAL, HERBICIDE: (2,4-D, DIMETH. SALT = 30019)",NA
2023,"YEAR","STATE","FLORIDA","12","STRAWBERRIES, BEARING - APPLICATIONS, MEASURED IN LB / ACRE / APPLICATION, AVG","CHEMICAL, HERBICIDE","CHEMICAL, HERBICIDE: (CLETHODIM = 121011)",NA
2023,"YEAR","STATE","FLORIDA","12","STRAWBERRIES, BEARING - APPLICATIONS, MEASURED IN LB / ACRE / APPLICATION, AVG","CHEMICAL, HERBICIDE","CHEMICAL, HERBICIDE: (FLUMIOXAZIN = 129034)",NA
2023,"YEAR","STATE","FLORIDA","12","STRAWBERRIES, BEARING - APPLICATIONS, MEASURED IN LB / ACRE / APPLICATION, AVG","CHEMICAL, HERBICIDE","CHEMICAL, HERBICIDE: (GLYPHOSATE ISO. SALT = 103601)",NA
2023,"YEAR","STATE","FLORIDA","12","STRAWBERRIES, BEARING - APPLICATIONS, MEASURED IN LB / ACRE / APPLICATION, AVG","CHEMICAL, HERBICIDE","CHEMICAL, HERBICIDE: (PARAQUAT = 61601)",NA
2023,"YEAR","STATE","FLORIDA","12","STRAWBERRIES, BEARING - APPLICATIONS, MEASURED IN LB / ACRE / APPLICATION, AVG","CHEMICAL, INSECTICIDE","CHEMICAL, INSECTICIDE: (ABAMECTIN = 122804)",0.031
2023,"YEAR","STATE","FLORIDA","12","STRAWBERRIES, BEARING - APPLICATIONS, MEASURED IN LB / ACRE / APPLICATION, AVG","CHEMICAL, INSECTICIDE","CHEMICAL, INSECTICIDE: (ACETAMIPRID = 99050)",0.144
2023,"YEAR","STATE","FLORIDA","12","STRAWBERRIES, BEARING - APPLICATIONS, MEASURED IN LB / ACRE / APPLICATION, AVG","CHEMICAL, INSECTICIDE","CHEMICAL, INSECTICIDE: (BIFENAZATE = 586)",NA
2023,"YEAR","STATE","FLORIDA","12","STRAWBERRIES, BEARING - APPLICATIONS, MEASURED IN LB / ACRE / APPLICATION, AVG","CHEMICAL, INSECTICIDE","CHEMICAL, INSECTICIDE: (BIFENTHRIN = 128825)",0.117
2023,"YEAR","STATE","FLORIDA","12","STRAWBERRIES, BEARING - APPLICATIONS, MEASURED IN LB / ACRE / APPLICATION, AVG","CHEMICAL, INSECTICIDE","CHEMICAL, INSECTICIDE: (BT KURSTAKI ABTS-351 = 6522)",NA
2023,"YEAR","STATE","FLORIDA","12","STRAWBERRIES, BEARING - APPLICATIONS, MEASURED IN LB / ACRE / APPLICATION, AVG","CHEMICAL, INSECTICIDE","CHEMICAL, INSECTICIDE: (CHLORANTRANILIPROLE = 90100)",0.054
2023,"YEAR","STATE","FLORIDA","12","STRAWBERRIES, BEARING - APPLICATIONS, MEASURED IN LB / ACRE / APPLICATION, AVG","CHEMICAL, INSECTICIDE","CHEMICAL, INSECTICIDE: (CYANTRANILIPROLE = 90098)",NA
2023,"YEAR","STATE","FLORIDA","12","STRAWBERRIES, BEARING - APPLICATIONS, MEASURED IN LB / ACRE / APPLICATION, AVG","CHEMICAL, INSECTICIDE","CHEMICAL, INSECTICIDE: (DIAZINON = 57801)",NA
2023,"YEAR","STATE","FLORIDA","12","STRAWBERRIES, BEARING - APPLICATIONS, MEASURED IN LB / ACRE / APPLICATION, AVG","CHEMICAL, INSECTICIDE","CHEMICAL, INSECTICIDE: (FENPROPATHRIN = 127901)",NA
2023,"YEAR","STATE","FLORIDA","12","STRAWBERRIES, BEARING - APPLICATIONS, MEASURED IN LB / ACRE / APPLICATION, AVG","CHEMICAL, INSECTICIDE","CHEMICAL, INSECTICIDE: (FLUPYRADIFURONE = 122304)",NA
2023,"YEAR","STATE","FLORIDA","12","STRAWBERRIES, BEARING - APPLICATIONS, MEASURED IN LB / ACRE / APPLICATION, AVG","CHEMICAL, INSECTICIDE","CHEMICAL, INSECTICIDE: (HEXYTHIAZOX = 128849)",NA
2023,"YEAR","STATE","FLORIDA","12","STRAWBERRIES, BEARING - APPLICATIONS, MEASURED IN LB / ACRE / APPLICATION, AVG","CHEMICAL, INSECTICIDE","CHEMICAL, INSECTICIDE: (IMIDACLOPRID = 129099)",NA
2023,"YEAR","STATE","FLORIDA","12","STRAWBERRIES, BEARING - APPLICATIONS, MEASURED IN LB / ACRE / APPLICATION, AVG","CHEMICAL, INSECTICIDE","CHEMICAL, INSECTICIDE: (LAMBDA-CYHALOTHRIN = 128897)",NA
2023,"YEAR","STATE","FLORIDA","12","STRAWBERRIES, BEARING - APPLICATIONS, MEASURED IN LB / ACRE / APPLICATION, AVG","CHEMICAL, INSECTICIDE","CHEMICAL, INSECTICIDE: (MALATHION = 57701)",NA
2023,"YEAR","STATE","FLORIDA","12","STRAWBERRIES, BEARING - APPLICATIONS, MEASURED IN LB / ACRE / APPLICATION, AVG","CHEMICAL, INSECTICIDE","CHEMICAL, INSECTICIDE: (METHOMYL = 90301)",NA
2023,"YEAR","STATE","FLORIDA","12","STRAWBERRIES, BEARING - APPLICATIONS, MEASURED IN LB / ACRE / APPLICATION, AVG","CHEMICAL, INSECTICIDE","CHEMICAL, INSECTICIDE: (NALED = 34401)",NA
2023,"YEAR","STATE","FLORIDA","12","STRAWBERRIES, BEARING - APPLICATIONS, MEASURED IN LB / ACRE / APPLICATION, AVG","CHEMICAL, INSECTICIDE","CHEMICAL, INSECTICIDE: (NOVALURON = 124002)",0.077
2023,"YEAR","STATE","FLORIDA","12","STRAWBERRIES, BEARING - APPLICATIONS, MEASURED IN LB / ACRE / APPLICATION, AVG","CHEMICAL, INSECTICIDE","CHEMICAL, INSECTICIDE: (PIPERONYL BUTOXIDE = 67501)",NA
2023,"YEAR","STATE","FLORIDA","12","STRAWBERRIES, BEARING - APPLICATIONS, MEASURED IN LB / ACRE / APPLICATION, AVG","CHEMICAL, INSECTICIDE","CHEMICAL, INSECTICIDE: (PYRETHRINS = 69001)",NA
2023,"YEAR","STATE","FLORIDA","12","STRAWBERRIES, BEARING - APPLICATIONS, MEASURED IN LB / ACRE / APPLICATION, AVG","CHEMICAL, INSECTICIDE","CHEMICAL, INSECTICIDE: (SPINETORAM = 110007)",NA
2023,"YEAR","STATE","FLORIDA","12","STRAWBERRIES, BEARING - APPLICATIONS, MEASURED IN LB / ACRE / APPLICATION, AVG","CHEMICAL, INSECTICIDE","CHEMICAL, INSECTICIDE: (SPINOSAD = 110003)",NA
2023,"YEAR","STATE","FLORIDA","12","STRAWBERRIES, BEARING - APPLICATIONS, MEASURED IN LB / ACRE / APPLICATION, AVG","CHEMICAL, INSECTICIDE","CHEMICAL, INSECTICIDE: (SULFOXAFLOR = 5210)",NA
2023,"YEAR","STATE","FLORIDA","12","STRAWBERRIES, BEARING - APPLICATIONS, MEASURED IN LB / ACRE / APPLICATION, AVG","CHEMICAL, INSECTICIDE","CHEMICAL, INSECTICIDE: (THIAMETHOXAM = 60109)",0.058
2023,"YEAR","STATE","FLORIDA","12","STRAWBERRIES, BEARING - APPLICATIONS, MEASURED IN LB / ACRE / APPLICATION, AVG","CHEMICAL, OTHER","CHEMICAL, OTHER: (CYTOKININS = 116801)",NA
2023,"YEAR","STATE","FLORIDA","12","STRAWBERRIES, BEARING - APPLICATIONS, MEASURED IN LB / ACRE / APPLICATION, AVG","CHEMICAL, OTHER","CHEMICAL, OTHER: (FLUTRIAFOL = 128940)",NA
2023,"YEAR","STATE","FLORIDA","12","STRAWBERRIES, BEARING - APPLICATIONS, MEASURED IN LB / ACRE / APPLICATION, AVG","CHEMICAL, OTHER","CHEMICAL, OTHER: (INDOLEBUTYRIC ACID = 46701)",NA
2023,"YEAR","STATE","FLORIDA","12","STRAWBERRIES, BEARING - APPLICATIONS, MEASURED IN LB / ACRE / APPLICATION, AVG","CHEMICAL, OTHER","CHEMICAL, OTHER: (METAM-POTASSIUM = 39002)",NA
2023,"YEAR","STATE","FLORIDA","12","STRAWBERRIES, BEARING - APPLICATIONS, MEASURED IN LB / ACRE / APPLICATION, AVG","CHEMICAL, OTHER","CHEMICAL, OTHER: (PSEUDOMONAS CHLORORAPHIS STRAIN AFS009 = 6800)",NA
2023,"YEAR","STATE","FLORIDA","12","STRAWBERRIES, BEARING - APPLICATIONS, MEASURED IN LB / ACRE / APPLICATION, AVG","FERTILIZER","FERTILIZER: (NITROGEN)",12
2023,"YEAR","STATE","FLORIDA","12","STRAWBERRIES, BEARING - APPLICATIONS, MEASURED IN LB / ACRE / APPLICATION, AVG","FERTILIZER","FERTILIZER: (PHOSPHATE)",4
2023,"YEAR","STATE","FLORIDA","12","STRAWBERRIES, BEARING - APPLICATIONS, MEASURED IN LB / ACRE / APPLICATION, AVG","FERTILIZER","FERTILIZER: (POTASH)",22
2023,"YEAR","STATE","FLORIDA","12","STRAWBERRIES, BEARING - APPLICATIONS, MEASURED IN LB / ACRE / APPLICATION, AVG","FERTILIZER","FERTILIZER: (SULFUR)",NA
2023,"YEAR","STATE","FLORIDA","12","STRAWBERRIES, BEARING - APPLICATIONS, MEASURED IN LB / ACRE / YEAR, AVG","CHEMICAL, FUNGICIDE","CHEMICAL, FUNGICIDE: (AZOXYSTROBIN = 128810)",0.214
2023,"YEAR","STATE","FLORIDA","12","STRAWBERRIES, BEARING - APPLICATIONS, MEASURED IN LB / ACRE / YEAR, AVG","CHEMICAL, FUNGICIDE","CHEMICAL, FUNGICIDE: (BACILLUS AMYLOLIQUEFAC F727 = 16489)",NA
2023,"YEAR","STATE","FLORIDA","12","STRAWBERRIES, BEARING - APPLICATIONS, MEASURED IN LB / ACRE / YEAR, AVG","CHEMICAL, FUNGICIDE","CHEMICAL, FUNGICIDE: (BOSCALID = 128008)",NA
2023,"YEAR","STATE","FLORIDA","12","STRAWBERRIES, BEARING - APPLICATIONS, MEASURED IN LB / ACRE / YEAR, AVG","CHEMICAL, FUNGICIDE","CHEMICAL, FUNGICIDE: (CAPTAN = 81301)",10.509
2023,"YEAR","STATE","FLORIDA","12","STRAWBERRIES, BEARING - APPLICATIONS, MEASURED IN LB / ACRE / YEAR, AVG","CHEMICAL, FUNGICIDE","CHEMICAL, FUNGICIDE: (CHLOROTHALONIL = 81901)",NA
2023,"YEAR","STATE","FLORIDA","12","STRAWBERRIES, BEARING - APPLICATIONS, MEASURED IN LB / ACRE / YEAR, AVG","CHEMICAL, FUNGICIDE","CHEMICAL, FUNGICIDE: (COPPER CHLORIDE HYD. = 23501)",NA
2023,"YEAR","STATE","FLORIDA","12","STRAWBERRIES, BEARING - APPLICATIONS, MEASURED IN LB / ACRE / YEAR, AVG","CHEMICAL, FUNGICIDE","CHEMICAL, FUNGICIDE: (COPPER HYDROXIDE = 23401)",NA
2023,"YEAR","STATE","FLORIDA","12","STRAWBERRIES, BEARING - APPLICATIONS, MEASURED IN LB / ACRE / YEAR, AVG","CHEMICAL, FUNGICIDE","CHEMICAL, FUNGICIDE: (CYFLUFENAMID = 555550)",NA
2023,"YEAR","STATE","FLORIDA","12","STRAWBERRIES, BEARING - APPLICATIONS, MEASURED IN LB / ACRE / YEAR, AVG","CHEMICAL, FUNGICIDE","CHEMICAL, FUNGICIDE: (CYMOXANIL = 129106)",NA
2023,"YEAR","STATE","FLORIDA","12","STRAWBERRIES, BEARING - APPLICATIONS, MEASURED IN LB / ACRE / YEAR, AVG","CHEMICAL, FUNGICIDE","CHEMICAL, FUNGICIDE: (CYPRODINIL = 288202)",0.756
2023,"YEAR","STATE","FLORIDA","12","STRAWBERRIES, BEARING - APPLICATIONS, MEASURED IN LB / ACRE / YEAR, AVG","CHEMICAL, FUNGICIDE","CHEMICAL, FUNGICIDE: (DIFENOCONAZOLE = 128847)",NA
2023,"YEAR","STATE","FLORIDA","12","STRAWBERRIES, BEARING - APPLICATIONS, MEASURED IN LB / ACRE / YEAR, AVG","CHEMICAL, FUNGICIDE","CHEMICAL, FUNGICIDE: (FAMOXADONE = 113202)",NA
2023,"YEAR","STATE","FLORIDA","12","STRAWBERRIES, BEARING - APPLICATIONS, MEASURED IN LB / ACRE / YEAR, AVG","CHEMICAL, FUNGICIDE","CHEMICAL, FUNGICIDE: (FENHEXAMID = 90209)",NA
2023,"YEAR","STATE","FLORIDA","12","STRAWBERRIES, BEARING - APPLICATIONS, MEASURED IN LB / ACRE / YEAR, AVG","CHEMICAL, FUNGICIDE","CHEMICAL, FUNGICIDE: (FLUDIOXONIL = 71503)",0.47
2023,"YEAR","STATE","FLORIDA","12","STRAWBERRIES, BEARING - APPLICATIONS, MEASURED IN LB / ACRE / YEAR, AVG","CHEMICAL, FUNGICIDE","CHEMICAL, FUNGICIDE: (FLUOPYRAM = 80302)",NA
2023,"YEAR","STATE","FLORIDA","12","STRAWBERRIES, BEARING - APPLICATIONS, MEASURED IN LB / ACRE / YEAR, AVG","CHEMICAL, FUNGICIDE","CHEMICAL, FUNGICIDE: (FLUXAPYROXAD = 138009)",NA
2023,"YEAR","STATE","FLORIDA","12","STRAWBERRIES, BEARING - APPLICATIONS, MEASURED IN LB / ACRE / YEAR, AVG","CHEMICAL, FUNGICIDE","CHEMICAL, FUNGICIDE: (FOSETYL-AL = 123301)",NA
2023,"YEAR","STATE","FLORIDA","12","STRAWBERRIES, BEARING - APPLICATIONS, MEASURED IN LB / ACRE / YEAR, AVG","CHEMICAL, FUNGICIDE","CHEMICAL, FUNGICIDE: (IPRODIONE = 109801)",NA
2023,"YEAR","STATE","FLORIDA","12","STRAWBERRIES, BEARING - APPLICATIONS, MEASURED IN LB / ACRE / YEAR, AVG","CHEMICAL, FUNGICIDE","CHEMICAL, FUNGICIDE: (ISOFETAMID = 270000)",NA
2023,"YEAR","STATE","FLORIDA","12","STRAWBERRIES, BEARING - APPLICATIONS, MEASURED IN LB / ACRE / YEAR, AVG","CHEMICAL, FUNGICIDE","CHEMICAL, FUNGICIDE: (MANCOZEB = 14504)",NA
2023,"YEAR","STATE","FLORIDA","12","STRAWBERRIES, BEARING - APPLICATIONS, MEASURED IN LB / ACRE / YEAR, AVG","CHEMICAL, FUNGICIDE","CHEMICAL, FUNGICIDE: (MEFENOXAM = 113502)",NA
2023,"YEAR","STATE","FLORIDA","12","STRAWBERRIES, BEARING - APPLICATIONS, MEASURED IN LB / ACRE / YEAR, AVG","CHEMICAL, FUNGICIDE","CHEMICAL, FUNGICIDE: (MONO-POTASSIUM SALT = 76416)",NA
2023,"YEAR","STATE","FLORIDA","12","STRAWBERRIES, BEARING - APPLICATIONS, MEASURED IN LB / ACRE / YEAR, AVG","CHEMICAL, FUNGICIDE","CHEMICAL, FUNGICIDE: (PENTHIOPYRAD = 90112)",NA
2023,"YEAR","STATE","FLORIDA","12","STRAWBERRIES, BEARING - APPLICATIONS, MEASURED IN LB / ACRE / YEAR, AVG","CHEMICAL, FUNGICIDE","CHEMICAL, FUNGICIDE: (PROPICONAZOLE = 122101)",NA
2023,"YEAR","STATE","FLORIDA","12","STRAWBERRIES, BEARING - APPLICATIONS, MEASURED IN LB / ACRE / YEAR, AVG","CHEMICAL, FUNGICIDE","CHEMICAL, FUNGICIDE: (PYDIFLUMETOFEN = 90110)",NA
2023,"YEAR","STATE","FLORIDA","12","STRAWBERRIES, BEARING - APPLICATIONS, MEASURED IN LB / ACRE / YEAR, AVG","CHEMICAL, FUNGICIDE","CHEMICAL, FUNGICIDE: (PYRACLOSTROBIN = 99100)",NA
2023,"YEAR","STATE","FLORIDA","12","STRAWBERRIES, BEARING - APPLICATIONS, MEASURED IN LB / ACRE / YEAR, AVG","CHEMICAL, FUNGICIDE","CHEMICAL, FUNGICIDE: (PYRIMETHANIL = 288201)",NA
2023,"YEAR","STATE","FLORIDA","12","STRAWBERRIES, BEARING - APPLICATIONS, MEASURED IN LB / ACRE / YEAR, AVG","CHEMICAL, FUNGICIDE","CHEMICAL, FUNGICIDE: (SULFUR = 77501)",NA
2023,"YEAR","STATE","FLORIDA","12","STRAWBERRIES, BEARING - APPLICATIONS, MEASURED IN LB / ACRE / YEAR, AVG","CHEMICAL, FUNGICIDE","CHEMICAL, FUNGICIDE: (TETRACONAZOLE = 120603)",NA
2023,"YEAR","STATE","FLORIDA","12","STRAWBERRIES, BEARING - APPLICATIONS, MEASURED IN LB / ACRE / YEAR, AVG","CHEMICAL, FUNGICIDE","CHEMICAL, FUNGICIDE: (THIOPHANATE-METHYL = 102001)",NA
2023,"YEAR","STATE","FLORIDA","12","STRAWBERRIES, BEARING - APPLICATIONS, MEASURED IN LB / ACRE / YEAR, AVG","CHEMICAL, FUNGICIDE","CHEMICAL, FUNGICIDE: (THIRAM = 79801)",12.456
2023,"YEAR","STATE","FLORIDA","12","STRAWBERRIES, BEARING - APPLICATIONS, MEASURED IN LB / ACRE / YEAR, AVG","CHEMICAL, FUNGICIDE","CHEMICAL, FUNGICIDE: (TRIFLUMIZOLE = 128879)",NA
2023,"YEAR","STATE","FLORIDA","12","STRAWBERRIES, BEARING - APPLICATIONS, MEASURED IN LB / ACRE / YEAR, AVG","CHEMICAL, HERBICIDE","CHEMICAL, HERBICIDE: (2,4-D, DIMETH. SALT = 30019)",NA
2023,"YEAR","STATE","FLORIDA","12","STRAWBERRIES, BEARING - APPLICATIONS, MEASURED IN LB / ACRE / YEAR, AVG","CHEMICAL, HERBICIDE","CHEMICAL, HERBICIDE: (CLETHODIM = 121011)",NA
2023,"YEAR","STATE","FLORIDA","12","STRAWBERRIES, BEARING - APPLICATIONS, MEASURED IN LB / ACRE / YEAR, AVG","CHEMICAL, HERBICIDE","CHEMICAL, HERBICIDE: (FLUMIOXAZIN = 129034)",NA
2023,"YEAR","STATE","FLORIDA","12","STRAWBERRIES, BEARING - APPLICATIONS, MEASURED IN LB / ACRE / YEAR, AVG","CHEMICAL, HERBICIDE","CHEMICAL, HERBICIDE: (GLYPHOSATE ISO. SALT = 103601)",NA
2023,"YEAR","STATE","FLORIDA","12","STRAWBERRIES, BEARING - APPLICATIONS, MEASURED IN LB / ACRE / YEAR, AVG","CHEMICAL, HERBICIDE","CHEMICAL, HERBICIDE: (PARAQUAT = 61601)",NA
2023,"YEAR","STATE","FLORIDA","12","STRAWBERRIES, BEARING - APPLICATIONS, MEASURED IN LB / ACRE / YEAR, AVG","CHEMICAL, INSECTICIDE","CHEMICAL, INSECTICIDE: (ABAMECTIN = 122804)",0.033
2023,"YEAR","STATE","FLORIDA","12","STRAWBERRIES, BEARING - APPLICATIONS, MEASURED IN LB / ACRE / YEAR, AVG","CHEMICAL, INSECTICIDE","CHEMICAL, INSECTICIDE: (ACETAMIPRID = 99050)",0.179
2023,"YEAR","STATE","FLORIDA","12","STRAWBERRIES, BEARING - APPLICATIONS, MEASURED IN LB / ACRE / YEAR, AVG","CHEMICAL, INSECTICIDE","CHEMICAL, INSECTICIDE: (BIFENAZATE = 586)",NA
2023,"YEAR","STATE","FLORIDA","12","STRAWBERRIES, BEARING - APPLICATIONS, MEASURED IN LB / ACRE / YEAR, AVG","CHEMICAL, INSECTICIDE","CHEMICAL, INSECTICIDE: (BIFENTHRIN = 128825)",0.136
2023,"YEAR","STATE","FLORIDA","12","STRAWBERRIES, BEARING - APPLICATIONS, MEASURED IN LB / ACRE / YEAR, AVG","CHEMICAL, INSECTICIDE","CHEMICAL, INSECTICIDE: (BT KURSTAKI ABTS-351 = 6522)",NA
2023,"YEAR","STATE","FLORIDA","12","STRAWBERRIES, BEARING - APPLICATIONS, MEASURED IN LB / ACRE / YEAR, AVG","CHEMICAL, INSECTICIDE","CHEMICAL, INSECTICIDE: (CHLORANTRANILIPROLE = 90100)",0.06
2023,"YEAR","STATE","FLORIDA","12","STRAWBERRIES, BEARING - APPLICATIONS, MEASURED IN LB / ACRE / YEAR, AVG","CHEMICAL, INSECTICIDE","CHEMICAL, INSECTICIDE: (CYANTRANILIPROLE = 90098)",NA
2023,"YEAR","STATE","FLORIDA","12","STRAWBERRIES, BEARING - APPLICATIONS, MEASURED IN LB / ACRE / YEAR, AVG","CHEMICAL, INSECTICIDE","CHEMICAL, INSECTICIDE: (DIAZINON = 57801)",NA
2023,"YEAR","STATE","FLORIDA","12","STRAWBERRIES, BEARING - APPLICATIONS, MEASURED IN LB / ACRE / YEAR, AVG","CHEMICAL, INSECTICIDE","CHEMICAL, INSECTICIDE: (FENPROPATHRIN = 127901)",NA
2023,"YEAR","STATE","FLORIDA","12","STRAWBERRIES, BEARING - APPLICATIONS, MEASURED IN LB / ACRE / YEAR, AVG","CHEMICAL, INSECTICIDE","CHEMICAL, INSECTICIDE: (FLUPYRADIFURONE = 122304)",NA
2023,"YEAR","STATE","FLORIDA","12","STRAWBERRIES, BEARING - APPLICATIONS, MEASURED IN LB / ACRE / YEAR, AVG","CHEMICAL, INSECTICIDE","CHEMICAL, INSECTICIDE: (HEXYTHIAZOX = 128849)",NA
2023,"YEAR","STATE","FLORIDA","12","STRAWBERRIES, BEARING - APPLICATIONS, MEASURED IN LB / ACRE / YEAR, AVG","CHEMICAL, INSECTICIDE","CHEMICAL, INSECTICIDE: (IMIDACLOPRID = 129099)",NA
2023,"YEAR","STATE","FLORIDA","12","STRAWBERRIES, BEARING - APPLICATIONS, MEASURED IN LB / ACRE / YEAR, AVG","CHEMICAL, INSECTICIDE","CHEMICAL, INSECTICIDE: (LAMBDA-CYHALOTHRIN = 128897)",NA
2023,"YEAR","STATE","FLORIDA","12","STRAWBERRIES, BEARING - APPLICATIONS, MEASURED IN LB / ACRE / YEAR, AVG","CHEMICAL, INSECTICIDE","CHEMICAL, INSECTICIDE: (MALATHION = 57701)",NA
2023,"YEAR","STATE","FLORIDA","12","STRAWBERRIES, BEARING - APPLICATIONS, MEASURED IN LB / ACRE / YEAR, AVG","CHEMICAL, INSECTICIDE","CHEMICAL, INSECTICIDE: (METHOMYL = 90301)",NA
2023,"YEAR","STATE","FLORIDA","12","STRAWBERRIES, BEARING - APPLICATIONS, MEASURED IN LB / ACRE / YEAR, AVG","CHEMICAL, INSECTICIDE","CHEMICAL, INSECTICIDE: (NALED = 34401)",NA
2023,"YEAR","STATE","FLORIDA","12","STRAWBERRIES, BEARING - APPLICATIONS, MEASURED IN LB / ACRE / YEAR, AVG","CHEMICAL, INSECTICIDE","CHEMICAL, INSECTICIDE: (NOVALURON = 124002)",0.18
2023,"YEAR","STATE","FLORIDA","12","STRAWBERRIES, BEARING - APPLICATIONS, MEASURED IN LB / ACRE / YEAR, AVG","CHEMICAL, INSECTICIDE","CHEMICAL, INSECTICIDE: (PIPERONYL BUTOXIDE = 67501)",NA
2023,"YEAR","STATE","FLORIDA","12","STRAWBERRIES, BEARING - APPLICATIONS, MEASURED IN LB / ACRE / YEAR, AVG","CHEMICAL, INSECTICIDE","CHEMICAL, INSECTICIDE: (PYRETHRINS = 69001)",NA
2023,"YEAR","STATE","FLORIDA","12","STRAWBERRIES, BEARING - APPLICATIONS, MEASURED IN LB / ACRE / YEAR, AVG","CHEMICAL, INSECTICIDE","CHEMICAL, INSECTICIDE: (SPINETORAM = 110007)",NA
2023,"YEAR","STATE","FLORIDA","12","STRAWBERRIES, BEARING - APPLICATIONS, MEASURED IN LB / ACRE / YEAR, AVG","CHEMICAL, INSECTICIDE","CHEMICAL, INSECTICIDE: (SPINOSAD = 110003)",NA
2023,"YEAR","STATE","FLORIDA","12","STRAWBERRIES, BEARING - APPLICATIONS, MEASURED IN LB / ACRE / YEAR, AVG","CHEMICAL, INSECTICIDE","CHEMICAL, INSECTICIDE: (SULFOXAFLOR = 5210)",NA
2023,"YEAR","STATE","FLORIDA","12","STRAWBERRIES, BEARING - APPLICATIONS, MEASURED IN LB / ACRE / YEAR, AVG","CHEMICAL, INSECTICIDE","CHEMICAL, INSECTICIDE: (THIAMETHOXAM = 60109)",0.064
2023,"YEAR","STATE","FLORIDA","12","STRAWBERRIES, BEARING - APPLICATIONS, MEASURED IN LB / ACRE / YEAR, AVG","CHEMICAL, OTHER","CHEMICAL, OTHER: (CYTOKININS = 116801)",NA
2023,"YEAR","STATE","FLORIDA","12","STRAWBERRIES, BEARING - APPLICATIONS, MEASURED IN LB / ACRE / YEAR, AVG","CHEMICAL, OTHER","CHEMICAL, OTHER: (FLUTRIAFOL = 128940)",NA
2023,"YEAR","STATE","FLORIDA","12","STRAWBERRIES, BEARING - APPLICATIONS, MEASURED IN LB / ACRE / YEAR, AVG","CHEMICAL, OTHER","CHEMICAL, OTHER: (INDOLEBUTYRIC ACID = 46701)",NA
2023,"YEAR","STATE","FLORIDA","12","STRAWBERRIES, BEARING - APPLICATIONS, MEASURED IN LB / ACRE / YEAR, AVG","CHEMICAL, OTHER","CHEMICAL, OTHER: (METAM-POTASSIUM = 39002)",NA
2023,"YEAR","STATE","FLORIDA","12","STRAWBERRIES, BEARING - APPLICATIONS, MEASURED IN LB / ACRE / YEAR, AVG","CHEMICAL, OTHER","CHEMICAL, OTHER: (PSEUDOMONAS CHLORORAPHIS STRAIN AFS009 = 6800)",NA
2023,"YEAR","STATE","FLORIDA","12","STRAWBERRIES, BEARING - APPLICATIONS, MEASURED IN LB / ACRE / YEAR, AVG","FERTILIZER","FERTILIZER: (NITROGEN)",43
2023,"YEAR","STATE","FLORIDA","12","STRAWBERRIES, BEARING - APPLICATIONS, MEASURED IN LB / ACRE / YEAR, AVG","FERTILIZER","FERTILIZER: (PHOSPHATE)",29
2023,"YEAR","STATE","FLORIDA","12","STRAWBERRIES, BEARING - APPLICATIONS, MEASURED IN LB / ACRE / YEAR, AVG","FERTILIZER","FERTILIZER: (POTASH)",79
2023,"YEAR","STATE","FLORIDA","12","STRAWBERRIES, BEARING - APPLICATIONS, MEASURED IN LB / ACRE / YEAR, AVG","FERTILIZER","FERTILIZER: (SULFUR)",NA
2023,"YEAR","STATE","FLORIDA","12","STRAWBERRIES, BEARING - APPLICATIONS, MEASURED IN NUMBER, AVG","CHEMICAL, FUNGICIDE","CHEMICAL, FUNGICIDE: (AZOXYSTROBIN = 128810)",1.4
2023,"YEAR","STATE","FLORIDA","12","STRAWBERRIES, BEARING - APPLICATIONS, MEASURED IN NUMBER, AVG","CHEMICAL, FUNGICIDE","CHEMICAL, FUNGICIDE: (BACILLUS AMYLOLIQUEFAC F727 = 16489)",NA
2023,"YEAR","STATE","FLORIDA","12","STRAWBERRIES, BEARING - APPLICATIONS, MEASURED IN NUMBER, AVG","CHEMICAL, FUNGICIDE","CHEMICAL, FUNGICIDE: (BOSCALID = 128008)",NA
2023,"YEAR","STATE","FLORIDA","12","STRAWBERRIES, BEARING - APPLICATIONS, MEASURED IN NUMBER, AVG","CHEMICAL, FUNGICIDE","CHEMICAL, FUNGICIDE: (CAPTAN = 81301)",5.2
2023,"YEAR","STATE","FLORIDA","12","STRAWBERRIES, BEARING - APPLICATIONS, MEASURED IN NUMBER, AVG","CHEMICAL, FUNGICIDE","CHEMICAL, FUNGICIDE: (CHLOROTHALONIL = 81901)",NA
2023,"YEAR","STATE","FLORIDA","12","STRAWBERRIES, BEARING - APPLICATIONS, MEASURED IN NUMBER, AVG","CHEMICAL, FUNGICIDE","CHEMICAL, FUNGICIDE: (COPPER CHLORIDE HYD. = 23501)",NA
2023,"YEAR","STATE","FLORIDA","12","STRAWBERRIES, BEARING - APPLICATIONS, MEASURED IN NUMBER, AVG","CHEMICAL, FUNGICIDE","CHEMICAL, FUNGICIDE: (COPPER HYDROXIDE = 23401)",NA
2023,"YEAR","STATE","FLORIDA","12","STRAWBERRIES, BEARING - APPLICATIONS, MEASURED IN NUMBER, AVG","CHEMICAL, FUNGICIDE","CHEMICAL, FUNGICIDE: (CYFLUFENAMID = 555550)",NA
2023,"YEAR","STATE","FLORIDA","12","STRAWBERRIES, BEARING - APPLICATIONS, MEASURED IN NUMBER, AVG","CHEMICAL, FUNGICIDE","CHEMICAL, FUNGICIDE: (CYMOXANIL = 129106)",NA
2023,"YEAR","STATE","FLORIDA","12","STRAWBERRIES, BEARING - APPLICATIONS, MEASURED IN NUMBER, AVG","CHEMICAL, FUNGICIDE","CHEMICAL, FUNGICIDE: (CYPRODINIL = 288202)",3.1
2023,"YEAR","STATE","FLORIDA","12","STRAWBERRIES, BEARING - APPLICATIONS, MEASURED IN NUMBER, AVG","CHEMICAL, FUNGICIDE","CHEMICAL, FUNGICIDE: (DIFENOCONAZOLE = 128847)",NA
2023,"YEAR","STATE","FLORIDA","12","STRAWBERRIES, BEARING - APPLICATIONS, MEASURED IN NUMBER, AVG","CHEMICAL, FUNGICIDE","CHEMICAL, FUNGICIDE: (FAMOXADONE = 113202)",NA
2023,"YEAR","STATE","FLORIDA","12","STRAWBERRIES, BEARING - APPLICATIONS, MEASURED IN NUMBER, AVG","CHEMICAL, FUNGICIDE","CHEMICAL, FUNGICIDE: (FENHEXAMID = 90209)",NA
2023,"YEAR","STATE","FLORIDA","12","STRAWBERRIES, BEARING - APPLICATIONS, MEASURED IN NUMBER, AVG","CHEMICAL, FUNGICIDE","CHEMICAL, FUNGICIDE: (FLUDIOXONIL = 71503)",3.1
2023,"YEAR","STATE","FLORIDA","12","STRAWBERRIES, BEARING - APPLICATIONS, MEASURED IN NUMBER, AVG","CHEMICAL, FUNGICIDE","CHEMICAL, FUNGICIDE: (FLUOPYRAM = 80302)",NA
2023,"YEAR","STATE","FLORIDA","12","STRAWBERRIES, BEARING - APPLICATIONS, MEASURED IN NUMBER, AVG","CHEMICAL, FUNGICIDE","CHEMICAL, FUNGICIDE: (FLUXAPYROXAD = 138009)",NA
2023,"YEAR","STATE","FLORIDA","12","STRAWBERRIES, BEARING - APPLICATIONS, MEASURED IN NUMBER, AVG","CHEMICAL, FUNGICIDE","CHEMICAL, FUNGICIDE: (FOSETYL-AL = 123301)",NA
2023,"YEAR","STATE","FLORIDA","12","STRAWBERRIES, BEARING - APPLICATIONS, MEASURED IN NUMBER, AVG","CHEMICAL, FUNGICIDE","CHEMICAL, FUNGICIDE: (IPRODIONE = 109801)",NA
2023,"YEAR","STATE","FLORIDA","12","STRAWBERRIES, BEARING - APPLICATIONS, MEASURED IN NUMBER, AVG","CHEMICAL, FUNGICIDE","CHEMICAL, FUNGICIDE: (ISOFETAMID = 270000)",NA
2023,"YEAR","STATE","FLORIDA","12","STRAWBERRIES, BEARING - APPLICATIONS, MEASURED IN NUMBER, AVG","CHEMICAL, FUNGICIDE","CHEMICAL, FUNGICIDE: (MANCOZEB = 14504)",NA
2023,"YEAR","STATE","FLORIDA","12","STRAWBERRIES, BEARING - APPLICATIONS, MEASURED IN NUMBER, AVG","CHEMICAL, FUNGICIDE","CHEMICAL, FUNGICIDE: (MEFENOXAM = 113502)",NA
2023,"YEAR","STATE","FLORIDA","12","STRAWBERRIES, BEARING - APPLICATIONS, MEASURED IN NUMBER, AVG","CHEMICAL, FUNGICIDE","CHEMICAL, FUNGICIDE: (MONO-POTASSIUM SALT = 76416)",NA
2023,"YEAR","STATE","FLORIDA","12","STRAWBERRIES, BEARING - APPLICATIONS, MEASURED IN NUMBER, AVG","CHEMICAL, FUNGICIDE","CHEMICAL, FUNGICIDE: (PENTHIOPYRAD = 90112)",NA
2023,"YEAR","STATE","FLORIDA","12","STRAWBERRIES, BEARING - APPLICATIONS, MEASURED IN NUMBER, AVG","CHEMICAL, FUNGICIDE","CHEMICAL, FUNGICIDE: (PROPICONAZOLE = 122101)",NA
2023,"YEAR","STATE","FLORIDA","12","STRAWBERRIES, BEARING - APPLICATIONS, MEASURED IN NUMBER, AVG","CHEMICAL, FUNGICIDE","CHEMICAL, FUNGICIDE: (PYDIFLUMETOFEN = 90110)",NA
2023,"YEAR","STATE","FLORIDA","12","STRAWBERRIES, BEARING - APPLICATIONS, MEASURED IN NUMBER, AVG","CHEMICAL, FUNGICIDE","CHEMICAL, FUNGICIDE: (PYRACLOSTROBIN = 99100)",NA
2023,"YEAR","STATE","FLORIDA","12","STRAWBERRIES, BEARING - APPLICATIONS, MEASURED IN NUMBER, AVG","CHEMICAL, FUNGICIDE","CHEMICAL, FUNGICIDE: (PYRIMETHANIL = 288201)",NA
2023,"YEAR","STATE","FLORIDA","12","STRAWBERRIES, BEARING - APPLICATIONS, MEASURED IN NUMBER, AVG","CHEMICAL, FUNGICIDE","CHEMICAL, FUNGICIDE: (SULFUR = 77501)",NA
2023,"YEAR","STATE","FLORIDA","12","STRAWBERRIES, BEARING - APPLICATIONS, MEASURED IN NUMBER, AVG","CHEMICAL, FUNGICIDE","CHEMICAL, FUNGICIDE: (TETRACONAZOLE = 120603)",NA
2023,"YEAR","STATE","FLORIDA","12","STRAWBERRIES, BEARING - APPLICATIONS, MEASURED IN NUMBER, AVG","CHEMICAL, FUNGICIDE","CHEMICAL, FUNGICIDE: (THIOPHANATE-METHYL = 102001)",NA
2023,"YEAR","STATE","FLORIDA","12","STRAWBERRIES, BEARING - APPLICATIONS, MEASURED IN NUMBER, AVG","CHEMICAL, FUNGICIDE","CHEMICAL, FUNGICIDE: (THIRAM = 79801)",5.8
2023,"YEAR","STATE","FLORIDA","12","STRAWBERRIES, BEARING - APPLICATIONS, MEASURED IN NUMBER, AVG","CHEMICAL, FUNGICIDE","CHEMICAL, FUNGICIDE: (TRIFLUMIZOLE = 128879)",NA
2023,"YEAR","STATE","FLORIDA","12","STRAWBERRIES, BEARING - APPLICATIONS, MEASURED IN NUMBER, AVG","CHEMICAL, HERBICIDE","CHEMICAL, HERBICIDE: (2,4-D, DIMETH. SALT = 30019)",NA
2023,"YEAR","STATE","FLORIDA","12","STRAWBERRIES, BEARING - APPLICATIONS, MEASURED IN NUMBER, AVG","CHEMICAL, HERBICIDE","CHEMICAL, HERBICIDE: (CLETHODIM = 121011)",NA
2023,"YEAR","STATE","FLORIDA","12","STRAWBERRIES, BEARING - APPLICATIONS, MEASURED IN NUMBER, AVG","CHEMICAL, HERBICIDE","CHEMICAL, HERBICIDE: (FLUMIOXAZIN = 129034)",NA
2023,"YEAR","STATE","FLORIDA","12","STRAWBERRIES, BEARING - APPLICATIONS, MEASURED IN NUMBER, AVG","CHEMICAL, HERBICIDE","CHEMICAL, HERBICIDE: (GLYPHOSATE ISO. SALT = 103601)",NA
2023,"YEAR","STATE","FLORIDA","12","STRAWBERRIES, BEARING - APPLICATIONS, MEASURED IN NUMBER, AVG","CHEMICAL, HERBICIDE","CHEMICAL, HERBICIDE: (PARAQUAT = 61601)",NA
2023,"YEAR","STATE","FLORIDA","12","STRAWBERRIES, BEARING - APPLICATIONS, MEASURED IN NUMBER, AVG","CHEMICAL, INSECTICIDE","CHEMICAL, INSECTICIDE: (ABAMECTIN = 122804)",1.1
2023,"YEAR","STATE","FLORIDA","12","STRAWBERRIES, BEARING - APPLICATIONS, MEASURED IN NUMBER, AVG","CHEMICAL, INSECTICIDE","CHEMICAL, INSECTICIDE: (ACETAMIPRID = 99050)",1.2
2023,"YEAR","STATE","FLORIDA","12","STRAWBERRIES, BEARING - APPLICATIONS, MEASURED IN NUMBER, AVG","CHEMICAL, INSECTICIDE","CHEMICAL, INSECTICIDE: (BIFENAZATE = 586)",NA
2023,"YEAR","STATE","FLORIDA","12","STRAWBERRIES, BEARING - APPLICATIONS, MEASURED IN NUMBER, AVG","CHEMICAL, INSECTICIDE","CHEMICAL, INSECTICIDE: (BIFENTHRIN = 128825)",1.2
2023,"YEAR","STATE","FLORIDA","12","STRAWBERRIES, BEARING - APPLICATIONS, MEASURED IN NUMBER, AVG","CHEMICAL, INSECTICIDE","CHEMICAL, INSECTICIDE: (BT KURSTAKI ABTS-351 = 6522)",NA
2023,"YEAR","STATE","FLORIDA","12","STRAWBERRIES, BEARING - APPLICATIONS, MEASURED IN NUMBER, AVG","CHEMICAL, INSECTICIDE","CHEMICAL, INSECTICIDE: (CHLORANTRANILIPROLE = 90100)",1.1
2023,"YEAR","STATE","FLORIDA","12","STRAWBERRIES, BEARING - APPLICATIONS, MEASURED IN NUMBER, AVG","CHEMICAL, INSECTICIDE","CHEMICAL, INSECTICIDE: (CYANTRANILIPROLE = 90098)",NA
2023,"YEAR","STATE","FLORIDA","12","STRAWBERRIES, BEARING - APPLICATIONS, MEASURED IN NUMBER, AVG","CHEMICAL, INSECTICIDE","CHEMICAL, INSECTICIDE: (DIAZINON = 57801)",NA
2023,"YEAR","STATE","FLORIDA","12","STRAWBERRIES, BEARING - APPLICATIONS, MEASURED IN NUMBER, AVG","CHEMICAL, INSECTICIDE","CHEMICAL, INSECTICIDE: (FENPROPATHRIN = 127901)",NA
2023,"YEAR","STATE","FLORIDA","12","STRAWBERRIES, BEARING - APPLICATIONS, MEASURED IN NUMBER, AVG","CHEMICAL, INSECTICIDE","CHEMICAL, INSECTICIDE: (FLUPYRADIFURONE = 122304)",NA
2023,"YEAR","STATE","FLORIDA","12","STRAWBERRIES, BEARING - APPLICATIONS, MEASURED IN NUMBER, AVG","CHEMICAL, INSECTICIDE","CHEMICAL, INSECTICIDE: (HEXYTHIAZOX = 128849)",NA
2023,"YEAR","STATE","FLORIDA","12","STRAWBERRIES, BEARING - APPLICATIONS, MEASURED IN NUMBER, AVG","CHEMICAL, INSECTICIDE","CHEMICAL, INSECTICIDE: (IMIDACLOPRID = 129099)",NA
2023,"YEAR","STATE","FLORIDA","12","STRAWBERRIES, BEARING - APPLICATIONS, MEASURED IN NUMBER, AVG","CHEMICAL, INSECTICIDE","CHEMICAL, INSECTICIDE: (LAMBDA-CYHALOTHRIN = 128897)",NA
2023,"YEAR","STATE","FLORIDA","12","STRAWBERRIES, BEARING - APPLICATIONS, MEASURED IN NUMBER, AVG","CHEMICAL, INSECTICIDE","CHEMICAL, INSECTICIDE: (MALATHION = 57701)",NA
2023,"YEAR","STATE","FLORIDA","12","STRAWBERRIES, BEARING - APPLICATIONS, MEASURED IN NUMBER, AVG","CHEMICAL, INSECTICIDE","CHEMICAL, INSECTICIDE: (METHOMYL = 90301)",NA
2023,"YEAR","STATE","FLORIDA","12","STRAWBERRIES, BEARING - APPLICATIONS, MEASURED IN NUMBER, AVG","CHEMICAL, INSECTICIDE","CHEMICAL, INSECTICIDE: (NALED = 34401)",NA
2023,"YEAR","STATE","FLORIDA","12","STRAWBERRIES, BEARING - APPLICATIONS, MEASURED IN NUMBER, AVG","CHEMICAL, INSECTICIDE","CHEMICAL, INSECTICIDE: (NOVALURON = 124002)",2.3
2023,"YEAR","STATE","FLORIDA","12","STRAWBERRIES, BEARING - APPLICATIONS, MEASURED IN NUMBER, AVG","CHEMICAL, INSECTICIDE","CHEMICAL, INSECTICIDE: (PIPERONYL BUTOXIDE = 67501)",NA
2023,"YEAR","STATE","FLORIDA","12","STRAWBERRIES, BEARING - APPLICATIONS, MEASURED IN NUMBER, AVG","CHEMICAL, INSECTICIDE","CHEMICAL, INSECTICIDE: (PYRETHRINS = 69001)",NA
2023,"YEAR","STATE","FLORIDA","12","STRAWBERRIES, BEARING - APPLICATIONS, MEASURED IN NUMBER, AVG","CHEMICAL, INSECTICIDE","CHEMICAL, INSECTICIDE: (SPINETORAM = 110007)",NA
2023,"YEAR","STATE","FLORIDA","12","STRAWBERRIES, BEARING - APPLICATIONS, MEASURED IN NUMBER, AVG","CHEMICAL, INSECTICIDE","CHEMICAL, INSECTICIDE: (SPINOSAD = 110003)",NA
2023,"YEAR","STATE","FLORIDA","12","STRAWBERRIES, BEARING - APPLICATIONS, MEASURED IN NUMBER, AVG","CHEMICAL, INSECTICIDE","CHEMICAL, INSECTICIDE: (SULFOXAFLOR = 5210)",NA
2023,"YEAR","STATE","FLORIDA","12","STRAWBERRIES, BEARING - APPLICATIONS, MEASURED IN NUMBER, AVG","CHEMICAL, INSECTICIDE","CHEMICAL, INSECTICIDE: (THIAMETHOXAM = 60109)",1.1
2023,"YEAR","STATE","FLORIDA","12","STRAWBERRIES, BEARING - APPLICATIONS, MEASURED IN NUMBER, AVG","CHEMICAL, OTHER","CHEMICAL, OTHER: (CYTOKININS = 116801)",NA
2023,"YEAR","STATE","FLORIDA","12","STRAWBERRIES, BEARING - APPLICATIONS, MEASURED IN NUMBER, AVG","CHEMICAL, OTHER","CHEMICAL, OTHER: (FLUTRIAFOL = 128940)",NA
2023,"YEAR","STATE","FLORIDA","12","STRAWBERRIES, BEARING - APPLICATIONS, MEASURED IN NUMBER, AVG","CHEMICAL, OTHER","CHEMICAL, OTHER: (INDOLEBUTYRIC ACID = 46701)",NA
2023,"YEAR","STATE","FLORIDA","12","STRAWBERRIES, BEARING - APPLICATIONS, MEASURED IN NUMBER, AVG","CHEMICAL, OTHER","CHEMICAL, OTHER: (METAM-POTASSIUM = 39002)",NA
2023,"YEAR","STATE","FLORIDA","12","STRAWBERRIES, BEARING - APPLICATIONS, MEASURED IN NUMBER, AVG","CHEMICAL, OTHER","CHEMICAL, OTHER: (PSEUDOMONAS CHLORORAPHIS STRAIN AFS009 = 6800)",NA
2023,"YEAR","STATE","FLORIDA","12","STRAWBERRIES, BEARING - APPLICATIONS, MEASURED IN NUMBER, AVG","FERTILIZER","FERTILIZER: (NITROGEN)",3.6
2023,"YEAR","STATE","FLORIDA","12","STRAWBERRIES, BEARING - APPLICATIONS, MEASURED IN NUMBER, AVG","FERTILIZER","FERTILIZER: (PHOSPHATE)",7.6
2023,"YEAR","STATE","FLORIDA","12","STRAWBERRIES, BEARING - APPLICATIONS, MEASURED IN NUMBER, AVG","FERTILIZER","FERTILIZER: (POTASH)",3.6
2023,"YEAR","STATE","FLORIDA","12","STRAWBERRIES, BEARING - APPLICATIONS, MEASURED IN NUMBER, AVG","FERTILIZER","FERTILIZER: (SULFUR)",NA
2023,"YEAR","STATE","FLORIDA","12","STRAWBERRIES, BEARING - TREATED, MEASURED IN PCT OF AREA BEARING, AVG","CHEMICAL, FUNGICIDE","CHEMICAL, FUNGICIDE: (AZOXYSTROBIN = 128810)",3
2023,"YEAR","STATE","FLORIDA","12","STRAWBERRIES, BEARING - TREATED, MEASURED IN PCT OF AREA BEARING, AVG","CHEMICAL, FUNGICIDE","CHEMICAL, FUNGICIDE: (BACILLUS AMYLOLIQUEFAC F727 = 16489)",NA
2023,"YEAR","STATE","FLORIDA","12","STRAWBERRIES, BEARING - TREATED, MEASURED IN PCT OF AREA BEARING, AVG","CHEMICAL, FUNGICIDE","CHEMICAL, FUNGICIDE: (BOSCALID = 128008)",NA
2023,"YEAR","STATE","FLORIDA","12","STRAWBERRIES, BEARING - TREATED, MEASURED IN PCT OF AREA BEARING, AVG","CHEMICAL, FUNGICIDE","CHEMICAL, FUNGICIDE: (CAPTAN = 81301)",96
2023,"YEAR","STATE","FLORIDA","12","STRAWBERRIES, BEARING - TREATED, MEASURED IN PCT OF AREA BEARING, AVG","CHEMICAL, FUNGICIDE","CHEMICAL, FUNGICIDE: (CHLOROTHALONIL = 81901)",NA
2023,"YEAR","STATE","FLORIDA","12","STRAWBERRIES, BEARING - TREATED, MEASURED IN PCT OF AREA BEARING, AVG","CHEMICAL, FUNGICIDE","CHEMICAL, FUNGICIDE: (COPPER CHLORIDE HYD. = 23501)",NA
2023,"YEAR","STATE","FLORIDA","12","STRAWBERRIES, BEARING - TREATED, MEASURED IN PCT OF AREA BEARING, AVG","CHEMICAL, FUNGICIDE","CHEMICAL, FUNGICIDE: (COPPER HYDROXIDE = 23401)",NA
2023,"YEAR","STATE","FLORIDA","12","STRAWBERRIES, BEARING - TREATED, MEASURED IN PCT OF AREA BEARING, AVG","CHEMICAL, FUNGICIDE","CHEMICAL, FUNGICIDE: (CYFLUFENAMID = 555550)",NA
2023,"YEAR","STATE","FLORIDA","12","STRAWBERRIES, BEARING - TREATED, MEASURED IN PCT OF AREA BEARING, AVG","CHEMICAL, FUNGICIDE","CHEMICAL, FUNGICIDE: (CYMOXANIL = 129106)",NA
2023,"YEAR","STATE","FLORIDA","12","STRAWBERRIES, BEARING - TREATED, MEASURED IN PCT OF AREA BEARING, AVG","CHEMICAL, FUNGICIDE","CHEMICAL, FUNGICIDE: (CYPRODINIL = 288202)",91
2023,"YEAR","STATE","FLORIDA","12","STRAWBERRIES, BEARING - TREATED, MEASURED IN PCT OF AREA BEARING, AVG","CHEMICAL, FUNGICIDE","CHEMICAL, FUNGICIDE: (DIFENOCONAZOLE = 128847)",NA
2023,"YEAR","STATE","FLORIDA","12","STRAWBERRIES, BEARING - TREATED, MEASURED IN PCT OF AREA BEARING, AVG","CHEMICAL, FUNGICIDE","CHEMICAL, FUNGICIDE: (FAMOXADONE = 113202)",NA
2023,"YEAR","STATE","FLORIDA","12","STRAWBERRIES, BEARING - TREATED, MEASURED IN PCT OF AREA BEARING, AVG","CHEMICAL, FUNGICIDE","CHEMICAL, FUNGICIDE: (FENHEXAMID = 90209)",NA
2023,"YEAR","STATE","FLORIDA","12","STRAWBERRIES, BEARING - TREATED, MEASURED IN PCT OF AREA BEARING, AVG","CHEMICAL, FUNGICIDE","CHEMICAL, FUNGICIDE: (FLUDIOXONIL = 71503)",91
2023,"YEAR","STATE","FLORIDA","12","STRAWBERRIES, BEARING - TREATED, MEASURED IN PCT OF AREA BEARING, AVG","CHEMICAL, FUNGICIDE","CHEMICAL, FUNGICIDE: (FLUOPYRAM = 80302)",NA
2023,"YEAR","STATE","FLORIDA","12","STRAWBERRIES, BEARING - TREATED, MEASURED IN PCT OF AREA BEARING, AVG","CHEMICAL, FUNGICIDE","CHEMICAL, FUNGICIDE: (FLUXAPYROXAD = 138009)",NA
2023,"YEAR","STATE","FLORIDA","12","STRAWBERRIES, BEARING - TREATED, MEASURED IN PCT OF AREA BEARING, AVG","CHEMICAL, FUNGICIDE","CHEMICAL, FUNGICIDE: (FOSETYL-AL = 123301)",NA
2023,"YEAR","STATE","FLORIDA","12","STRAWBERRIES, BEARING - TREATED, MEASURED IN PCT OF AREA BEARING, AVG","CHEMICAL, FUNGICIDE","CHEMICAL, FUNGICIDE: (IPRODIONE = 109801)",NA
2023,"YEAR","STATE","FLORIDA","12","STRAWBERRIES, BEARING - TREATED, MEASURED IN PCT OF AREA BEARING, AVG","CHEMICAL, FUNGICIDE","CHEMICAL, FUNGICIDE: (ISOFETAMID = 270000)",NA
2023,"YEAR","STATE","FLORIDA","12","STRAWBERRIES, BEARING - TREATED, MEASURED IN PCT OF AREA BEARING, AVG","CHEMICAL, FUNGICIDE","CHEMICAL, FUNGICIDE: (MANCOZEB = 14504)",NA
2023,"YEAR","STATE","FLORIDA","12","STRAWBERRIES, BEARING - TREATED, MEASURED IN PCT OF AREA BEARING, AVG","CHEMICAL, FUNGICIDE","CHEMICAL, FUNGICIDE: (MEFENOXAM = 113502)",NA
2023,"YEAR","STATE","FLORIDA","12","STRAWBERRIES, BEARING - TREATED, MEASURED IN PCT OF AREA BEARING, AVG","CHEMICAL, FUNGICIDE","CHEMICAL, FUNGICIDE: (MONO-POTASSIUM SALT = 76416)",NA
2023,"YEAR","STATE","FLORIDA","12","STRAWBERRIES, BEARING - TREATED, MEASURED IN PCT OF AREA BEARING, AVG","CHEMICAL, FUNGICIDE","CHEMICAL, FUNGICIDE: (PENTHIOPYRAD = 90112)",NA
2023,"YEAR","STATE","FLORIDA","12","STRAWBERRIES, BEARING - TREATED, MEASURED IN PCT OF AREA BEARING, AVG","CHEMICAL, FUNGICIDE","CHEMICAL, FUNGICIDE: (PROPICONAZOLE = 122101)",NA
2023,"YEAR","STATE","FLORIDA","12","STRAWBERRIES, BEARING - TREATED, MEASURED IN PCT OF AREA BEARING, AVG","CHEMICAL, FUNGICIDE","CHEMICAL, FUNGICIDE: (PYDIFLUMETOFEN = 90110)",NA
2023,"YEAR","STATE","FLORIDA","12","STRAWBERRIES, BEARING - TREATED, MEASURED IN PCT OF AREA BEARING, AVG","CHEMICAL, FUNGICIDE","CHEMICAL, FUNGICIDE: (PYRACLOSTROBIN = 99100)",NA
2023,"YEAR","STATE","FLORIDA","12","STRAWBERRIES, BEARING - TREATED, MEASURED IN PCT OF AREA BEARING, AVG","CHEMICAL, FUNGICIDE","CHEMICAL, FUNGICIDE: (PYRIMETHANIL = 288201)",NA
2023,"YEAR","STATE","FLORIDA","12","STRAWBERRIES, BEARING - TREATED, MEASURED IN PCT OF AREA BEARING, AVG","CHEMICAL, FUNGICIDE","CHEMICAL, FUNGICIDE: (SULFUR = 77501)",NA
2023,"YEAR","STATE","FLORIDA","12","STRAWBERRIES, BEARING - TREATED, MEASURED IN PCT OF AREA BEARING, AVG","CHEMICAL, FUNGICIDE","CHEMICAL, FUNGICIDE: (TETRACONAZOLE = 120603)",NA
2023,"YEAR","STATE","FLORIDA","12","STRAWBERRIES, BEARING - TREATED, MEASURED IN PCT OF AREA BEARING, AVG","CHEMICAL, FUNGICIDE","CHEMICAL, FUNGICIDE: (THIOPHANATE-METHYL = 102001)",NA
2023,"YEAR","STATE","FLORIDA","12","STRAWBERRIES, BEARING - TREATED, MEASURED IN PCT OF AREA BEARING, AVG","CHEMICAL, FUNGICIDE","CHEMICAL, FUNGICIDE: (THIRAM = 79801)",63
2023,"YEAR","STATE","FLORIDA","12","STRAWBERRIES, BEARING - TREATED, MEASURED IN PCT OF AREA BEARING, AVG","CHEMICAL, FUNGICIDE","CHEMICAL, FUNGICIDE: (TOTAL)",100
2023,"YEAR","STATE","FLORIDA","12","STRAWBERRIES, BEARING - TREATED, MEASURED IN PCT OF AREA BEARING, AVG","CHEMICAL, FUNGICIDE","CHEMICAL, FUNGICIDE: (TRIFLUMIZOLE = 128879)",NA
2023,"YEAR","STATE","FLORIDA","12","STRAWBERRIES, BEARING - TREATED, MEASURED IN PCT OF AREA BEARING, AVG","CHEMICAL, HERBICIDE","CHEMICAL, HERBICIDE: (2,4-D, DIMETH. SALT = 30019)",NA
2023,"YEAR","STATE","FLORIDA","12","STRAWBERRIES, BEARING - TREATED, MEASURED IN PCT OF AREA BEARING, AVG","CHEMICAL, HERBICIDE","CHEMICAL, HERBICIDE: (CLETHODIM = 121011)",NA
2023,"YEAR","STATE","FLORIDA","12","STRAWBERRIES, BEARING - TREATED, MEASURED IN PCT OF AREA BEARING, AVG","CHEMICAL, HERBICIDE","CHEMICAL, HERBICIDE: (FLUMIOXAZIN = 129034)",NA
2023,"YEAR","STATE","FLORIDA","12","STRAWBERRIES, BEARING - TREATED, MEASURED IN PCT OF AREA BEARING, AVG","CHEMICAL, HERBICIDE","CHEMICAL, HERBICIDE: (GLYPHOSATE ISO. SALT = 103601)",NA
2023,"YEAR","STATE","FLORIDA","12","STRAWBERRIES, BEARING - TREATED, MEASURED IN PCT OF AREA BEARING, AVG","CHEMICAL, HERBICIDE","CHEMICAL, HERBICIDE: (PARAQUAT = 61601)",NA
2023,"YEAR","STATE","FLORIDA","12","STRAWBERRIES, BEARING - TREATED, MEASURED IN PCT OF AREA BEARING, AVG","CHEMICAL, HERBICIDE","CHEMICAL, HERBICIDE: (TOTAL)",26
2023,"YEAR","STATE","FLORIDA","12","STRAWBERRIES, BEARING - TREATED, MEASURED IN PCT OF AREA BEARING, AVG","CHEMICAL, INSECTICIDE","CHEMICAL, INSECTICIDE: (ABAMECTIN = 122804)",14
2023,"YEAR","STATE","FLORIDA","12","STRAWBERRIES, BEARING - TREATED, MEASURED IN PCT OF AREA BEARING, AVG","CHEMICAL, INSECTICIDE","CHEMICAL, INSECTICIDE: (ACETAMIPRID = 99050)",20
2023,"YEAR","STATE","FLORIDA","12","STRAWBERRIES, BEARING - TREATED, MEASURED IN PCT OF AREA BEARING, AVG","CHEMICAL, INSECTICIDE","CHEMICAL, INSECTICIDE: (BIFENAZATE = 586)",NA
2023,"YEAR","STATE","FLORIDA","12","STRAWBERRIES, BEARING - TREATED, MEASURED IN PCT OF AREA BEARING, AVG","CHEMICAL, INSECTICIDE","CHEMICAL, INSECTICIDE: (BIFENTHRIN = 128825)",6
2023,"YEAR","STATE","FLORIDA","12","STRAWBERRIES, BEARING - TREATED, MEASURED IN PCT OF AREA BEARING, AVG","CHEMICAL, INSECTICIDE","CHEMICAL, INSECTICIDE: (BT KURSTAKI ABTS-351 = 6522)",NA
2023,"YEAR","STATE","FLORIDA","12","STRAWBERRIES, BEARING - TREATED, MEASURED IN PCT OF AREA BEARING, AVG","CHEMICAL, INSECTICIDE","CHEMICAL, INSECTICIDE: (CHLORANTRANILIPROLE = 90100)",42
2023,"YEAR","STATE","FLORIDA","12","STRAWBERRIES, BEARING - TREATED, MEASURED IN PCT OF AREA BEARING, AVG","CHEMICAL, INSECTICIDE","CHEMICAL, INSECTICIDE: (CYANTRANILIPROLE = 90098)",NA
2023,"YEAR","STATE","FLORIDA","12","STRAWBERRIES, BEARING - TREATED, MEASURED IN PCT OF AREA BEARING, AVG","CHEMICAL, INSECTICIDE","CHEMICAL, INSECTICIDE: (DIAZINON = 57801)",NA
2023,"YEAR","STATE","FLORIDA","12","STRAWBERRIES, BEARING - TREATED, MEASURED IN PCT OF AREA BEARING, AVG","CHEMICAL, INSECTICIDE","CHEMICAL, INSECTICIDE: (FENPROPATHRIN = 127901)",NA
2023,"YEAR","STATE","FLORIDA","12","STRAWBERRIES, BEARING - TREATED, MEASURED IN PCT OF AREA BEARING, AVG","CHEMICAL, INSECTICIDE","CHEMICAL, INSECTICIDE: (FLUPYRADIFURONE = 122304)",NA
2023,"YEAR","STATE","FLORIDA","12","STRAWBERRIES, BEARING - TREATED, MEASURED IN PCT OF AREA BEARING, AVG","CHEMICAL, INSECTICIDE","CHEMICAL, INSECTICIDE: (HEXYTHIAZOX = 128849)",NA
2023,"YEAR","STATE","FLORIDA","12","STRAWBERRIES, BEARING - TREATED, MEASURED IN PCT OF AREA BEARING, AVG","CHEMICAL, INSECTICIDE","CHEMICAL, INSECTICIDE: (IMIDACLOPRID = 129099)",NA
2023,"YEAR","STATE","FLORIDA","12","STRAWBERRIES, BEARING - TREATED, MEASURED IN PCT OF AREA BEARING, AVG","CHEMICAL, INSECTICIDE","CHEMICAL, INSECTICIDE: (LAMBDA-CYHALOTHRIN = 128897)",NA
2023,"YEAR","STATE","FLORIDA","12","STRAWBERRIES, BEARING - TREATED, MEASURED IN PCT OF AREA BEARING, AVG","CHEMICAL, INSECTICIDE","CHEMICAL, INSECTICIDE: (MALATHION = 57701)",NA
2023,"YEAR","STATE","FLORIDA","12","STRAWBERRIES, BEARING - TREATED, MEASURED IN PCT OF AREA BEARING, AVG","CHEMICAL, INSECTICIDE","CHEMICAL, INSECTICIDE: (METHOMYL = 90301)",NA
2023,"YEAR","STATE","FLORIDA","12","STRAWBERRIES, BEARING - TREATED, MEASURED IN PCT OF AREA BEARING, AVG","CHEMICAL, INSECTICIDE","CHEMICAL, INSECTICIDE: (NALED = 34401)",NA
2023,"YEAR","STATE","FLORIDA","12","STRAWBERRIES, BEARING - TREATED, MEASURED IN PCT OF AREA BEARING, AVG","CHEMICAL, INSECTICIDE","CHEMICAL, INSECTICIDE: (NOVALURON = 124002)",59
2023,"YEAR","STATE","FLORIDA","12","STRAWBERRIES, BEARING - TREATED, MEASURED IN PCT OF AREA BEARING, AVG","CHEMICAL, INSECTICIDE","CHEMICAL, INSECTICIDE: (PIPERONYL BUTOXIDE = 67501)",NA
2023,"YEAR","STATE","FLORIDA","12","STRAWBERRIES, BEARING - TREATED, MEASURED IN PCT OF AREA BEARING, AVG","CHEMICAL, INSECTICIDE","CHEMICAL, INSECTICIDE: (PYRETHRINS = 69001)",NA
2023,"YEAR","STATE","FLORIDA","12","STRAWBERRIES, BEARING - TREATED, MEASURED IN PCT OF AREA BEARING, AVG","CHEMICAL, INSECTICIDE","CHEMICAL, INSECTICIDE: (SPINETORAM = 110007)",NA
2023,"YEAR","STATE","FLORIDA","12","STRAWBERRIES, BEARING - TREATED, MEASURED IN PCT OF AREA BEARING, AVG","CHEMICAL, INSECTICIDE","CHEMICAL, INSECTICIDE: (SPINOSAD = 110003)",NA
2023,"YEAR","STATE","FLORIDA","12","STRAWBERRIES, BEARING - TREATED, MEASURED IN PCT OF AREA BEARING, AVG","CHEMICAL, INSECTICIDE","CHEMICAL, INSECTICIDE: (SULFOXAFLOR = 5210)",NA
2023,"YEAR","STATE","FLORIDA","12","STRAWBERRIES, BEARING - TREATED, MEASURED IN PCT OF AREA BEARING, AVG","CHEMICAL, INSECTICIDE","CHEMICAL, INSECTICIDE: (THIAMETHOXAM = 60109)",42
2023,"YEAR","STATE","FLORIDA","12","STRAWBERRIES, BEARING - TREATED, MEASURED IN PCT OF AREA BEARING, AVG","CHEMICAL, INSECTICIDE","CHEMICAL, INSECTICIDE: (TOTAL)",65
2023,"YEAR","STATE","FLORIDA","12","STRAWBERRIES, BEARING - TREATED, MEASURED IN PCT OF AREA BEARING, AVG","CHEMICAL, OTHER","CHEMICAL, OTHER: (CYTOKININS = 116801)",NA
2023,"YEAR","STATE","FLORIDA","12","STRAWBERRIES, BEARING - TREATED, MEASURED IN PCT OF AREA BEARING, AVG","CHEMICAL, OTHER","CHEMICAL, OTHER: (FLUTRIAFOL = 128940)",NA
2023,"YEAR","STATE","FLORIDA","12","STRAWBERRIES, BEARING - TREATED, MEASURED IN PCT OF AREA BEARING, AVG","CHEMICAL, OTHER","CHEMICAL, OTHER: (INDOLEBUTYRIC ACID = 46701)",NA
2023,"YEAR","STATE","FLORIDA","12","STRAWBERRIES, BEARING - TREATED, MEASURED IN PCT OF AREA BEARING, AVG","CHEMICAL, OTHER","CHEMICAL, OTHER: (METAM-POTASSIUM = 39002)",NA
2023,"YEAR","STATE","FLORIDA","12","STRAWBERRIES, BEARING - TREATED, MEASURED IN PCT OF AREA BEARING, AVG","CHEMICAL, OTHER","CHEMICAL, OTHER: (PSEUDOMONAS CHLORORAPHIS STRAIN AFS009 = 6800)",NA
2023,"YEAR","STATE","FLORIDA","12","STRAWBERRIES, BEARING - TREATED, MEASURED IN PCT OF AREA BEARING, AVG","CHEMICAL, OTHER","CHEMICAL, OTHER: (TOTAL)",22
2023,"YEAR","STATE","FLORIDA","12","STRAWBERRIES, BEARING - TREATED, MEASURED IN PCT OF AREA BEARING, AVG","FERTILIZER","FERTILIZER: (NITROGEN)",56
2023,"YEAR","STATE","FLORIDA","12","STRAWBERRIES, BEARING - TREATED, MEASURED IN PCT OF AREA BEARING, AVG","FERTILIZER","FERTILIZER: (PHOSPHATE)",15
2023,"YEAR","STATE","FLORIDA","12","STRAWBERRIES, BEARING - TREATED, MEASURED IN PCT OF AREA BEARING, AVG","FERTILIZER","FERTILIZER: (POTASH)",57
2023,"YEAR","STATE","FLORIDA","12","STRAWBERRIES, BEARING - TREATED, MEASURED IN PCT OF AREA BEARING, AVG","FERTILIZER","FERTILIZER: (SULFUR)",NA
2023,"YEAR","STATE","FLORIDA","12","STRAWBERRIES, FRESH MARKET - PRODUCTION, MEASURED IN $","TOTAL","NOT SPECIFIED",NA
2023,"YEAR","STATE","FLORIDA","12","STRAWBERRIES, FRESH MARKET, UTILIZED - PRODUCTION, MEASURED IN CWT","TOTAL","NOT SPECIFIED",NA
2023,"YEAR","STATE","FLORIDA","12","STRAWBERRIES, NOT SOLD - PRODUCTION, MEASURED IN CWT","TOTAL","NOT SPECIFIED",8800
2023,"YEAR","STATE","FLORIDA","12","STRAWBERRIES, PROCESSING - PRODUCTION, MEASURED IN $","TOTAL","NOT SPECIFIED",NA
2023,"YEAR","STATE","FLORIDA","12","STRAWBERRIES, PROCESSING, UTILIZED - PRODUCTION, MEASURED IN CWT","TOTAL","NOT SPECIFIED",NA
2023,"YEAR","STATE","FLORIDA","12","STRAWBERRIES, UTILIZED - PRODUCTION, MEASURED IN CWT","TOTAL","NOT SPECIFIED",2951200
2023,"YEAR","STATE","OTHER STATES",NA,"STRAWBERRIES, FRESH MARKET - PRODUCTION, MEASURED IN $","TOTAL","NOT SPECIFIED",3173579000
2023,"YEAR","STATE","OTHER STATES",NA,"STRAWBERRIES, FRESH MARKET, UTILIZED - PRODUCTION, MEASURED IN CWT","TOTAL","NOT SPECIFIED",22382200
2023,"YEAR","STATE","OTHER STATES",NA,"STRAWBERRIES, NOT SOLD - PRODUCTION, MEASURED IN CWT","TOTAL","NOT SPECIFIED",0
2023,"YEAR","STATE","OTHER STATES",NA,"STRAWBERRIES, PROCESSING - PRODUCTION, MEASURED IN $","TOTAL","NOT SPECIFIED",225364000
2023,"YEAR","STATE","OTHER STATES",NA,"STRAWBERRIES, PROCESSING, UTILIZED - PRODUCTION, MEASURED IN CWT","TOTAL","NOT SPECIFIED",5144400
2022,"MARKETING YEAR","NATIONAL","US TOTAL",NA,"STRAWBERRIES - PRICE RECEIVED, MEASURED IN $ / CWT","TOTAL","NOT SPECIFIED",114
2022,"MARKETING YEAR","NATIONAL","US TOTAL",NA,"STRAWBERRIES, FRESH MARKET - PRICE RECEIVED, MEASURED IN $ / CWT","TOTAL","NOT SPECIFIED",135
2022,"MARKETING YEAR","NATIONAL","US TOTAL",NA,"STRAWBERRIES, PROCESSING - PRICE RECEIVED, MEASURED IN $ / CWT","TOTAL","NOT SPECIFIED",27.1
2022,"MARKETING YEAR","STATE","CALIFORNIA","06","STRAWBERRIES - PRICE RECEIVED, MEASURED IN $ / CWT","TOTAL","NOT SPECIFIED",108
2022,"MARKETING YEAR","STATE","CALIFORNIA","06","STRAWBERRIES, FRESH MARKET - PRICE RECEIVED, MEASURED IN $ / CWT","TOTAL","NOT SPECIFIED",NA
2022,"MARKETING YEAR","STATE","CALIFORNIA","06","STRAWBERRIES, PROCESSING - PRICE RECEIVED, MEASURED IN $ / CWT","TOTAL","NOT SPECIFIED",NA
2022,"MARKETING YEAR","STATE","FLORIDA","12","STRAWBERRIES - PRICE RECEIVED, MEASURED IN $ / CWT","TOTAL","NOT SPECIFIED",169
2022,"MARKETING YEAR","STATE","FLORIDA","12","STRAWBERRIES, FRESH MARKET - PRICE RECEIVED, MEASURED IN $ / CWT","TOTAL","NOT SPECIFIED",NA
2022,"MARKETING YEAR","STATE","FLORIDA","12","STRAWBERRIES, PROCESSING - PRICE RECEIVED, MEASURED IN $ / CWT","TOTAL","NOT SPECIFIED",NA
2022,"MARKETING YEAR","STATE","OTHER STATES",NA,"STRAWBERRIES - PRICE RECEIVED, MEASURED IN $ / CWT","TOTAL","NOT SPECIFIED",0
2022,"MARKETING YEAR","STATE","OTHER STATES",NA,"STRAWBERRIES, FRESH MARKET - PRICE RECEIVED, MEASURED IN $ / CWT","TOTAL","NOT SPECIFIED",135
2022,"MARKETING YEAR","STATE","OTHER STATES",NA,"STRAWBERRIES, PROCESSING - PRICE RECEIVED, MEASURED IN $ / CWT","TOTAL","NOT SPECIFIED",27.1
2022,"YEAR","NATIONAL","US TOTAL",NA,"STRAWBERRIES - ACRES HARVESTED","TOTAL","NOT SPECIFIED",56300
2022,"YEAR","NATIONAL","US TOTAL",NA,"STRAWBERRIES - ACRES PLANTED","TOTAL","NOT SPECIFIED",56400
2022,"YEAR","NATIONAL","US TOTAL",NA,"STRAWBERRIES - PRODUCTION, MEASURED IN $","TOTAL","NOT SPECIFIED",3259100000
2022,"YEAR","NATIONAL","US TOTAL",NA,"STRAWBERRIES - PRODUCTION, MEASURED IN CWT","TOTAL","NOT SPECIFIED",28520000
2022,"YEAR","NATIONAL","US TOTAL",NA,"STRAWBERRIES - PRODUCTION, MEASURED IN TONS","TOTAL","NOT SPECIFIED",1426000
2022,"YEAR","NATIONAL","US TOTAL",NA,"STRAWBERRIES - YIELD, MEASURED IN CWT / ACRE","TOTAL","NOT SPECIFIED",507
2022,"YEAR","NATIONAL","US TOTAL",NA,"STRAWBERRIES - YIELD, MEASURED IN TONS / ACRE","TOTAL","NOT SPECIFIED",25.33
2022,"YEAR","NATIONAL","US TOTAL",NA,"STRAWBERRIES, FRESH MARKET - PRICE RECEIVED, 10 YEAR AVG FOR PARITY PURPOSES, MEASURED IN $ / CWT","TOTAL","NOT SPECIFIED",116
2022,"YEAR","NATIONAL","US TOTAL",NA,"STRAWBERRIES, FRESH MARKET - PRICE RECEIVED, 10 YEAR AVG, MEASURED IN $ / CWT","TOTAL","NOT SPECIFIED",116
2022,"YEAR","NATIONAL","US TOTAL",NA,"STRAWBERRIES, FRESH MARKET - PRODUCTION, MEASURED IN $","TOTAL","NOT SPECIFIED",3112100000
2022,"YEAR","NATIONAL","US TOTAL",NA,"STRAWBERRIES, FRESH MARKET, UTILIZED - PRODUCTION, MEASURED IN CWT","TOTAL","NOT SPECIFIED",23077600
2022,"YEAR","NATIONAL","US TOTAL",NA,"STRAWBERRIES, NOT SOLD - PRODUCTION, MEASURED IN CWT","TOTAL","NOT SPECIFIED",25700
2022,"YEAR","NATIONAL","US TOTAL",NA,"STRAWBERRIES, PROCESSING - PRICE RECEIVED, 10 YEAR AVG FOR PARITY PURPOSES, MEASURED IN $ / TON","TOTAL","NOT SPECIFIED",43.5
2022,"YEAR","NATIONAL","US TOTAL",NA,"STRAWBERRIES, PROCESSING - PRICE RECEIVED, 10 YEAR AVG, MEASURED IN $ / TON","TOTAL","NOT SPECIFIED",43.5
2022,"YEAR","NATIONAL","US TOTAL",NA,"STRAWBERRIES, PROCESSING - PRODUCTION, MEASURED IN $","TOTAL","NOT SPECIFIED",147000000
2022,"YEAR","NATIONAL","US TOTAL",NA,"STRAWBERRIES, PROCESSING, UTILIZED - PRODUCTION, MEASURED IN CWT","TOTAL","NOT SPECIFIED",5416700
2022,"YEAR","NATIONAL","US TOTAL",NA,"STRAWBERRIES, UTILIZED - PRODUCTION, MEASURED IN CWT","TOTAL","NOT SPECIFIED",28494300
2022,"YEAR","NATIONAL","US TOTAL",NA,"STRAWBERRIES, UTILIZED - PRODUCTION, MEASURED IN TONS","TOTAL","NOT SPECIFIED",1424715
2022,"YEAR","STATE","CALIFORNIA","06","STRAWBERRIES - ACRES HARVESTED","TOTAL","NOT SPECIFIED",43500
2022,"YEAR","STATE","CALIFORNIA","06","STRAWBERRIES - ACRES PLANTED","TOTAL","NOT SPECIFIED",43600
2022,"YEAR","STATE","CALIFORNIA","06","STRAWBERRIES - PRODUCTION, MEASURED IN $","TOTAL","NOT SPECIFIED",2781768000
2022,"YEAR","STATE","CALIFORNIA","06","STRAWBERRIES - PRODUCTION, MEASURED IN CWT","TOTAL","NOT SPECIFIED",25700000
2022,"YEAR","STATE","CALIFORNIA","06","STRAWBERRIES - YIELD, MEASURED IN CWT / ACRE","TOTAL","NOT SPECIFIED",590
2022,"YEAR","STATE","CALIFORNIA","06","STRAWBERRIES, FRESH MARKET - PRODUCTION, MEASURED IN $","TOTAL","NOT SPECIFIED",NA
2022,"YEAR","STATE","CALIFORNIA","06","STRAWBERRIES, FRESH MARKET, UTILIZED - PRODUCTION, MEASURED IN CWT","TOTAL","NOT SPECIFIED",NA
2022,"YEAR","STATE","CALIFORNIA","06","STRAWBERRIES, NOT SOLD - PRODUCTION, MEASURED IN CWT","TOTAL","NOT SPECIFIED",25700
2022,"YEAR","STATE","CALIFORNIA","06","STRAWBERRIES, PROCESSING - PRODUCTION, MEASURED IN $","TOTAL","NOT SPECIFIED",NA
2022,"YEAR","STATE","CALIFORNIA","06","STRAWBERRIES, PROCESSING, UTILIZED - PRODUCTION, MEASURED IN CWT","TOTAL","NOT SPECIFIED",NA
2022,"YEAR","STATE","CALIFORNIA","06","STRAWBERRIES, UTILIZED - PRODUCTION, MEASURED IN CWT","TOTAL","NOT SPECIFIED",25674300
2022,"YEAR","STATE","FLORIDA","12","STRAWBERRIES - ACRES HARVESTED","TOTAL","NOT SPECIFIED",12800
2022,"YEAR","STATE","FLORIDA","12","STRAWBERRIES - ACRES PLANTED","TOTAL","NOT SPECIFIED",12800
2022,"YEAR","STATE","FLORIDA","12","STRAWBERRIES - PRODUCTION, MEASURED IN $","TOTAL","NOT SPECIFIED",477332000
2022,"YEAR","STATE","FLORIDA","12","STRAWBERRIES - PRODUCTION, MEASURED IN CWT","TOTAL","NOT SPECIFIED",2820000
2022,"YEAR","STATE","FLORIDA","12","STRAWBERRIES - YIELD, MEASURED IN CWT / ACRE","TOTAL","NOT SPECIFIED",220
2022,"YEAR","STATE","FLORIDA","12","STRAWBERRIES, FRESH MARKET - PRODUCTION, MEASURED IN $","TOTAL","NOT SPECIFIED",NA
2022,"YEAR","STATE","FLORIDA","12","STRAWBERRIES, FRESH MARKET, UTILIZED - PRODUCTION, MEASURED IN CWT","TOTAL","NOT SPECIFIED",NA
2022,"YEAR","STATE","FLORIDA","12","STRAWBERRIES, NOT SOLD - PRODUCTION, MEASURED IN CWT","TOTAL","NOT SPECIFIED",0
2022,"YEAR","STATE","FLORIDA","12","STRAWBERRIES, PROCESSING - PRODUCTION, MEASURED IN $","TOTAL","NOT SPECIFIED",NA
2022,"YEAR","STATE","FLORIDA","12","STRAWBERRIES, PROCESSING, UTILIZED - PRODUCTION, MEASURED IN CWT","TOTAL","NOT SPECIFIED",NA
2022,"YEAR","STATE","FLORIDA","12","STRAWBERRIES, UTILIZED - PRODUCTION, MEASURED IN CWT","TOTAL","NOT SPECIFIED",2820000
2022,"YEAR","STATE","OTHER STATES",NA,"STRAWBERRIES - ACRES HARVESTED","TOTAL","NOT SPECIFIED",0
2022,"YEAR","STATE","OTHER STATES",NA,"STRAWBERRIES - ACRES PLANTED","TOTAL","NOT SPECIFIED",0
2022,"YEAR","STATE","OTHER STATES",NA,"STRAWBERRIES - PRODUCTION, MEASURED IN $","TOTAL","NOT SPECIFIED",0
2022,"YEAR","STATE","OTHER STATES",NA,"STRAWBERRIES - PRODUCTION, MEASURED IN CWT","TOTAL","NOT SPECIFIED",0
2022,"YEAR","STATE","OTHER STATES",NA,"STRAWBERRIES - YIELD, MEASURED IN CWT / ACRE","TOTAL","NOT SPECIFIED",0
2022,"YEAR","STATE","OTHER STATES",NA,"STRAWBERRIES, FRESH MARKET - PRODUCTION, MEASURED IN $","TOTAL","NOT SPECIFIED",3112100000
2022,"YEAR","STATE","OTHER STATES",NA,"STRAWBERRIES, FRESH MARKET, UTILIZED - PRODUCTION, MEASURED IN CWT","TOTAL","NOT SPECIFIED",23077600
2022,"YEAR","STATE","OTHER STATES",NA,"STRAWBERRIES, NOT SOLD - PRODUCTION, MEASURED IN CWT","TOTAL","NOT SPECIFIED",0
2022,"YEAR","STATE","OTHER STATES",NA,"STRAWBERRIES, PROCESSING - PRODUCTION, MEASURED IN $","TOTAL","NOT SPECIFIED",147000000
2022,"YEAR","STATE","OTHER STATES",NA,"STRAWBERRIES, PROCESSING, UTILIZED - PRODUCTION, MEASURED IN CWT","TOTAL","NOT SPECIFIED",5416700
2022,"YEAR","STATE","OTHER STATES",NA,"STRAWBERRIES, UTILIZED - PRODUCTION, MEASURED IN CWT","TOTAL","NOT SPECIFIED",0
2021,"MARKETING YEAR","NATIONAL","US TOTAL",NA,"STRAWBERRIES - PRICE RECEIVED, MEASURED IN $ / CWT","TOTAL","NOT SPECIFIED",129
2021,"MARKETING YEAR","NATIONAL","US TOTAL",NA,"STRAWBERRIES, FRESH MARKET - PRICE RECEIVED, MEASURED IN $ / CWT","TOTAL","NOT SPECIFIED",143
2021,"MARKETING YEAR","NATIONAL","US TOTAL",NA,"STRAWBERRIES, PROCESSING - PRICE RECEIVED, MEASURED IN $ / CWT","TOTAL","NOT SPECIFIED",64
2021,"MARKETING YEAR","STATE","CALIFORNIA","06","STRAWBERRIES - PRICE RECEIVED, MEASURED IN $ / CWT","TOTAL","NOT SPECIFIED",125
2021,"MARKETING YEAR","STATE","CALIFORNIA","06","STRAWBERRIES, FRESH MARKET - PRICE RECEIVED, MEASURED IN $ / CWT","TOTAL","NOT SPECIFIED",NA
2021,"MARKETING YEAR","STATE","CALIFORNIA","06","STRAWBERRIES, PROCESSING - PRICE RECEIVED, MEASURED IN $ / CWT","TOTAL","NOT SPECIFIED",NA
2021,"MARKETING YEAR","STATE","FLORIDA","12","STRAWBERRIES - PRICE RECEIVED, MEASURED IN $ / CWT","TOTAL","NOT SPECIFIED",160
2021,"MARKETING YEAR","STATE","FLORIDA","12","STRAWBERRIES, FRESH MARKET - PRICE RECEIVED, MEASURED IN $ / CWT","TOTAL","NOT SPECIFIED",NA
2021,"MARKETING YEAR","STATE","FLORIDA","12","STRAWBERRIES, PROCESSING - PRICE RECEIVED, MEASURED IN $ / CWT","TOTAL","NOT SPECIFIED",NA
2021,"MARKETING YEAR","STATE","OTHER STATES",NA,"STRAWBERRIES - PRICE RECEIVED, MEASURED IN $ / CWT","TOTAL","NOT SPECIFIED",0
2021,"MARKETING YEAR","STATE","OTHER STATES",NA,"STRAWBERRIES, FRESH MARKET - PRICE RECEIVED, MEASURED IN $ / CWT","TOTAL","NOT SPECIFIED",143
2021,"MARKETING YEAR","STATE","OTHER STATES",NA,"STRAWBERRIES, PROCESSING - PRICE RECEIVED, MEASURED IN $ / CWT","TOTAL","NOT SPECIFIED",64
2021,"YEAR","NATIONAL","US TOTAL",NA,"STRAWBERRIES - ACRES HARVESTED","TOTAL","NOT SPECIFIED",52500
2021,"YEAR","NATIONAL","US TOTAL",NA,"STRAWBERRIES - ACRES PLANTED","TOTAL","NOT SPECIFIED",52500
2021,"YEAR","NATIONAL","US TOTAL",NA,"STRAWBERRIES - PRODUCTION, MEASURED IN $","TOTAL","NOT SPECIFIED",3583960000
2021,"YEAR","NATIONAL","US TOTAL",NA,"STRAWBERRIES - PRODUCTION, MEASURED IN CWT","TOTAL","NOT SPECIFIED",27930000
2021,"YEAR","NATIONAL","US TOTAL",NA,"STRAWBERRIES - PRODUCTION, MEASURED IN TONS","TOTAL","NOT SPECIFIED",1396500
2021,"YEAR","NATIONAL","US TOTAL",NA,"STRAWBERRIES - YIELD, MEASURED IN CWT / ACRE","TOTAL","NOT SPECIFIED",532
2021,"YEAR","NATIONAL","US TOTAL",NA,"STRAWBERRIES - YIELD, MEASURED IN TONS / ACRE","TOTAL","NOT SPECIFIED",26.6
2021,"YEAR","NATIONAL","US TOTAL",NA,"STRAWBERRIES, FRESH MARKET - PRICE RECEIVED, 10 YEAR AVG, MEASURED IN $ / CWT","TOTAL","NOT SPECIFIED",111
2021,"YEAR","NATIONAL","US TOTAL",NA,"STRAWBERRIES, FRESH MARKET - PRODUCTION, MEASURED IN $","TOTAL","NOT SPECIFIED",3253959000
2021,"YEAR","NATIONAL","US TOTAL",NA,"STRAWBERRIES, FRESH MARKET, UTILIZED - PRODUCTION, MEASURED IN CWT","TOTAL","NOT SPECIFIED",22697900
2021,"YEAR","NATIONAL","US TOTAL",NA,"STRAWBERRIES, NOT SOLD - PRODUCTION, MEASURED IN CWT","TOTAL","NOT SPECIFIED",75300
2021,"YEAR","NATIONAL","US TOTAL",NA,"STRAWBERRIES, PROCESSING - PRICE RECEIVED, 10 YEAR AVG, MEASURED IN $ / TON","TOTAL","NOT SPECIFIED",44.1
2021,"YEAR","NATIONAL","US TOTAL",NA,"STRAWBERRIES, PROCESSING - PRODUCTION, MEASURED IN $","TOTAL","NOT SPECIFIED",330001000
2021,"YEAR","NATIONAL","US TOTAL",NA,"STRAWBERRIES, PROCESSING, UTILIZED - PRODUCTION, MEASURED IN CWT","TOTAL","NOT SPECIFIED",5156800
2021,"YEAR","NATIONAL","US TOTAL",NA,"STRAWBERRIES, UTILIZED - PRODUCTION, MEASURED IN CWT","TOTAL","NOT SPECIFIED",27854700
2021,"YEAR","NATIONAL","US TOTAL",NA,"STRAWBERRIES, UTILIZED - PRODUCTION, MEASURED IN TONS","TOTAL","NOT SPECIFIED",1392735
2021,"YEAR","STATE","CALIFORNIA","06","STRAWBERRIES - ACRES HARVESTED","TOTAL","NOT SPECIFIED",40200
2021,"YEAR","STATE","CALIFORNIA","06","STRAWBERRIES - ACRES PLANTED","TOTAL","NOT SPECIFIED",40200
2021,"YEAR","STATE","CALIFORNIA","06","STRAWBERRIES - PRODUCTION, MEASURED IN $","TOTAL","NOT SPECIFIED",3132279000
2021,"YEAR","STATE","CALIFORNIA","06","STRAWBERRIES - PRODUCTION, MEASURED IN CWT","TOTAL","NOT SPECIFIED",25100000
2021,"YEAR","STATE","CALIFORNIA","06","STRAWBERRIES - YIELD, MEASURED IN CWT / ACRE","TOTAL","NOT SPECIFIED",625
2021,"YEAR","STATE","CALIFORNIA","06","STRAWBERRIES, BEARING - APPLICATIONS, MEASURED IN LB","CHEMICAL, FUNGICIDE","CHEMICAL, FUNGICIDE: (AZOXYSTROBIN = 128810)",1900
2021,"YEAR","STATE","CALIFORNIA","06","STRAWBERRIES, BEARING - APPLICATIONS, MEASURED IN LB","CHEMICAL, FUNGICIDE","CHEMICAL, FUNGICIDE: (BACILLUS AMYLOLIQUEFAC F727 = 16489)",NA
2021,"YEAR","STATE","CALIFORNIA","06","STRAWBERRIES, BEARING - APPLICATIONS, MEASURED IN LB","CHEMICAL, FUNGICIDE","CHEMICAL, FUNGICIDE: (BACILLUS AMYLOLIQUEFACIENS MBI 600 = 129082)",NA
2021,"YEAR","STATE","CALIFORNIA","06","STRAWBERRIES, BEARING - APPLICATIONS, MEASURED IN LB","CHEMICAL, FUNGICIDE","CHEMICAL, FUNGICIDE: (BACILLUS AMYLOLIQUEFACIENS STRAIN D747 = 16482)",NA
2021,"YEAR","STATE","CALIFORNIA","06","STRAWBERRIES, BEARING - APPLICATIONS, MEASURED IN LB","CHEMICAL, FUNGICIDE","CHEMICAL, FUNGICIDE: (BACILLUS PUMILUS = 6485)",NA
2021,"YEAR","STATE","CALIFORNIA","06","STRAWBERRIES, BEARING - APPLICATIONS, MEASURED IN LB","CHEMICAL, FUNGICIDE","CHEMICAL, FUNGICIDE: (BACILLUS SUBTILIS = 6479)",NA
2021,"YEAR","STATE","CALIFORNIA","06","STRAWBERRIES, BEARING - APPLICATIONS, MEASURED IN LB","CHEMICAL, FUNGICIDE","CHEMICAL, FUNGICIDE: (BLAD = 30006)",NA
2021,"YEAR","STATE","CALIFORNIA","06","STRAWBERRIES, BEARING - APPLICATIONS, MEASURED IN LB","CHEMICAL, FUNGICIDE","CHEMICAL, FUNGICIDE: (BORAX DECAHYDRATE = 11102)",100
2021,"YEAR","STATE","CALIFORNIA","06","STRAWBERRIES, BEARING - APPLICATIONS, MEASURED IN LB","CHEMICAL, FUNGICIDE","CHEMICAL, FUNGICIDE: (BOSCALID = 128008)",2100
2021,"YEAR","STATE","CALIFORNIA","06","STRAWBERRIES, BEARING - APPLICATIONS, MEASURED IN LB","CHEMICAL, FUNGICIDE","CHEMICAL, FUNGICIDE: (BT SUBSP KURSTAKI EVB-113-19 = 6544)",NA
2021,"YEAR","STATE","CALIFORNIA","06","STRAWBERRIES, BEARING - APPLICATIONS, MEASURED IN LB","CHEMICAL, FUNGICIDE","CHEMICAL, FUNGICIDE: (CAPTAN = 81301)",253600
2021,"YEAR","STATE","CALIFORNIA","06","STRAWBERRIES, BEARING - APPLICATIONS, MEASURED IN LB","CHEMICAL, FUNGICIDE","CHEMICAL, FUNGICIDE: (COPPER OCTANOATE = 23306)",NA
2021,"YEAR","STATE","CALIFORNIA","06","STRAWBERRIES, BEARING - APPLICATIONS, MEASURED IN LB","CHEMICAL, FUNGICIDE","CHEMICAL, FUNGICIDE: (CYFLUFENAMID = 555550)",500
2021,"YEAR","STATE","CALIFORNIA","06","STRAWBERRIES, BEARING - APPLICATIONS, MEASURED IN LB","CHEMICAL, FUNGICIDE","CHEMICAL, FUNGICIDE: (CYPRODINIL = 288202)",11300
2021,"YEAR","STATE","CALIFORNIA","06","STRAWBERRIES, BEARING - APPLICATIONS, MEASURED IN LB","CHEMICAL, FUNGICIDE","CHEMICAL, FUNGICIDE: (DIFENOCONAZOLE = 128847)",NA
2021,"YEAR","STATE","CALIFORNIA","06","STRAWBERRIES, BEARING - APPLICATIONS, MEASURED IN LB","CHEMICAL, FUNGICIDE","CHEMICAL, FUNGICIDE: (FENHEXAMID = 90209)",16700
2021,"YEAR","STATE","CALIFORNIA","06","STRAWBERRIES, BEARING - APPLICATIONS, MEASURED IN LB","CHEMICAL, FUNGICIDE","CHEMICAL, FUNGICIDE: (FLUDIOXONIL = 71503)",7500
2021,"YEAR","STATE","CALIFORNIA","06","STRAWBERRIES, BEARING - APPLICATIONS, MEASURED IN LB","CHEMICAL, FUNGICIDE","CHEMICAL, FUNGICIDE: (FLUOPYRAM = 80302)",3800
2021,"YEAR","STATE","CALIFORNIA","06","STRAWBERRIES, BEARING - APPLICATIONS, MEASURED IN LB","CHEMICAL, FUNGICIDE","CHEMICAL, FUNGICIDE: (FLUXAPYROXAD = 138009)",1800
2021,"YEAR","STATE","CALIFORNIA","06","STRAWBERRIES, BEARING - APPLICATIONS, MEASURED IN LB","CHEMICAL, FUNGICIDE","CHEMICAL, FUNGICIDE: (FOSETYL-AL = 123301)",NA
2021,"YEAR","STATE","CALIFORNIA","06","STRAWBERRIES, BEARING - APPLICATIONS, MEASURED IN LB","CHEMICAL, FUNGICIDE","CHEMICAL, FUNGICIDE: (ISOFETAMID = 270000)",NA
2021,"YEAR","STATE","CALIFORNIA","06","STRAWBERRIES, BEARING - APPLICATIONS, MEASURED IN LB","CHEMICAL, FUNGICIDE","CHEMICAL, FUNGICIDE: (MEFENOXAM = 113502)",2400
2021,"YEAR","STATE","CALIFORNIA","06","STRAWBERRIES, BEARING - APPLICATIONS, MEASURED IN LB","CHEMICAL, FUNGICIDE","CHEMICAL, FUNGICIDE: (MONO-POTASSIUM SALT = 76416)",NA
2021,"YEAR","STATE","CALIFORNIA","06","STRAWBERRIES, BEARING - APPLICATIONS, MEASURED IN LB","CHEMICAL, FUNGICIDE","CHEMICAL, FUNGICIDE: (MYCLOBUTANIL = 128857)",4100
2021,"YEAR","STATE","CALIFORNIA","06","STRAWBERRIES, BEARING - APPLICATIONS, MEASURED IN LB","CHEMICAL, FUNGICIDE","CHEMICAL, FUNGICIDE: (PENTHIOPYRAD = 90112)",3400
2021,"YEAR","STATE","CALIFORNIA","06","STRAWBERRIES, BEARING - APPLICATIONS, MEASURED IN LB","CHEMICAL, FUNGICIDE","CHEMICAL, FUNGICIDE: (POLYOXIN D ZINC SALT = 230000)",2300
2021,"YEAR","STATE","CALIFORNIA","06","STRAWBERRIES, BEARING - APPLICATIONS, MEASURED IN LB","CHEMICAL, FUNGICIDE","CHEMICAL, FUNGICIDE: (POTASSIUM BICARBON. = 73508)",10600
2021,"YEAR","STATE","CALIFORNIA","06","STRAWBERRIES, BEARING - APPLICATIONS, MEASURED IN LB","CHEMICAL, FUNGICIDE","CHEMICAL, FUNGICIDE: (PROPICONAZOLE = 122101)",1200
2021,"YEAR","STATE","CALIFORNIA","06","STRAWBERRIES, BEARING - APPLICATIONS, MEASURED IN LB","CHEMICAL, FUNGICIDE","CHEMICAL, FUNGICIDE: (PYRACLOSTROBIN = 99100)",3100
2021,"YEAR","STATE","CALIFORNIA","06","STRAWBERRIES, BEARING - APPLICATIONS, MEASURED IN LB","CHEMICAL, FUNGICIDE","CHEMICAL, FUNGICIDE: (PYRIMETHANIL = 288201)",10800
2021,"YEAR","STATE","CALIFORNIA","06","STRAWBERRIES, BEARING - APPLICATIONS, MEASURED IN LB","CHEMICAL, FUNGICIDE","CHEMICAL, FUNGICIDE: (QUINOLINE = 55459)",2000
2021,"YEAR","STATE","CALIFORNIA","06","STRAWBERRIES, BEARING - APPLICATIONS, MEASURED IN LB","CHEMICAL, FUNGICIDE","CHEMICAL, FUNGICIDE: (STREPTOMYCES LYDICUS = 6327)",NA
2021,"YEAR","STATE","CALIFORNIA","06","STRAWBERRIES, BEARING - APPLICATIONS, MEASURED IN LB","CHEMICAL, FUNGICIDE","CHEMICAL, FUNGICIDE: (SULFUR = 77501)",591200
2021,"YEAR","STATE","CALIFORNIA","06","STRAWBERRIES, BEARING - APPLICATIONS, MEASURED IN LB","CHEMICAL, FUNGICIDE","CHEMICAL, FUNGICIDE: (TETRACONAZOLE = 120603)",800
2021,"YEAR","STATE","CALIFORNIA","06","STRAWBERRIES, BEARING - APPLICATIONS, MEASURED IN LB","CHEMICAL, FUNGICIDE","CHEMICAL, FUNGICIDE: (THIOPHANATE-METHYL = 102001)",9400
2021,"YEAR","STATE","CALIFORNIA","06","STRAWBERRIES, BEARING - APPLICATIONS, MEASURED IN LB","CHEMICAL, FUNGICIDE","CHEMICAL, FUNGICIDE: (THIRAM = 79801)",96300
2021,"YEAR","STATE","CALIFORNIA","06","STRAWBERRIES, BEARING - APPLICATIONS, MEASURED IN LB","CHEMICAL, FUNGICIDE","CHEMICAL, FUNGICIDE: (TOTAL)",1056400
2021,"YEAR","STATE","CALIFORNIA","06","STRAWBERRIES, BEARING - APPLICATIONS, MEASURED IN LB","CHEMICAL, FUNGICIDE","CHEMICAL, FUNGICIDE: (TRIFLOXYSTROBIN = 129112)",3900
2021,"YEAR","STATE","CALIFORNIA","06","STRAWBERRIES, BEARING - APPLICATIONS, MEASURED IN LB","CHEMICAL, FUNGICIDE","CHEMICAL, FUNGICIDE: (TRIFLUMIZOLE = 128879)",6300
2021,"YEAR","STATE","CALIFORNIA","06","STRAWBERRIES, BEARING - APPLICATIONS, MEASURED IN LB","CHEMICAL, HERBICIDE","CHEMICAL, HERBICIDE: (CARFENTRAZONE-ETHYL = 128712)",NA
2021,"YEAR","STATE","CALIFORNIA","06","STRAWBERRIES, BEARING - APPLICATIONS, MEASURED IN LB","CHEMICAL, HERBICIDE","CHEMICAL, HERBICIDE: (FLUMIOXAZIN = 129034)",500
2021,"YEAR","STATE","CALIFORNIA","06","STRAWBERRIES, BEARING - APPLICATIONS, MEASURED IN LB","CHEMICAL, HERBICIDE","CHEMICAL, HERBICIDE: (GLYPHOSATE ISO. SALT = 103601)",NA
2021,"YEAR","STATE","CALIFORNIA","06","STRAWBERRIES, BEARING - APPLICATIONS, MEASURED IN LB","CHEMICAL, HERBICIDE","CHEMICAL, HERBICIDE: (GLYPHOSATE POT. SALT = 103613)",NA
2021,"YEAR","STATE","CALIFORNIA","06","STRAWBERRIES, BEARING - APPLICATIONS, MEASURED IN LB","CHEMICAL, HERBICIDE","CHEMICAL, HERBICIDE: (NAPROPAMIDE = 103001)",NA
2021,"YEAR","STATE","CALIFORNIA","06","STRAWBERRIES, BEARING - APPLICATIONS, MEASURED IN LB","CHEMICAL, HERBICIDE","CHEMICAL, HERBICIDE: (OXYFLUORFEN = 111601)",1700
2021,"YEAR","STATE","CALIFORNIA","06","STRAWBERRIES, BEARING - APPLICATIONS, MEASURED IN LB","CHEMICAL, HERBICIDE","CHEMICAL, HERBICIDE: (PARAQUAT = 61601)",NA
2021,"YEAR","STATE","CALIFORNIA","06","STRAWBERRIES, BEARING - APPLICATIONS, MEASURED IN LB","CHEMICAL, HERBICIDE","CHEMICAL, HERBICIDE: (PENDIMETHALIN = 108501)",10800
2021,"YEAR","STATE","CALIFORNIA","06","STRAWBERRIES, BEARING - APPLICATIONS, MEASURED IN LB","CHEMICAL, HERBICIDE","CHEMICAL, HERBICIDE: (TOTAL)",16900
2021,"YEAR","STATE","CALIFORNIA","06","STRAWBERRIES, BEARING - APPLICATIONS, MEASURED IN LB","CHEMICAL, INSECTICIDE","CHEMICAL, INSECTICIDE: (ABAMECTIN = 122804)",200
2021,"YEAR","STATE","CALIFORNIA","06","STRAWBERRIES, BEARING - APPLICATIONS, MEASURED IN LB","CHEMICAL, INSECTICIDE","CHEMICAL, INSECTICIDE: (ACEQUINOCYL = 6329)",7400
2021,"YEAR","STATE","CALIFORNIA","06","STRAWBERRIES, BEARING - APPLICATIONS, MEASURED IN LB","CHEMICAL, INSECTICIDE","CHEMICAL, INSECTICIDE: (ACETAMIPRID = 99050)",2300
2021,"YEAR","STATE","CALIFORNIA","06","STRAWBERRIES, BEARING - APPLICATIONS, MEASURED IN LB","CHEMICAL, INSECTICIDE","CHEMICAL, INSECTICIDE: (AZADIRACHTIN = 121701)",600
2021,"YEAR","STATE","CALIFORNIA","06","STRAWBERRIES, BEARING - APPLICATIONS, MEASURED IN LB","CHEMICAL, INSECTICIDE","CHEMICAL, INSECTICIDE: (BEAUVERIA BASSIANA = 128924)",NA
2021,"YEAR","STATE","CALIFORNIA","06","STRAWBERRIES, BEARING - APPLICATIONS, MEASURED IN LB","CHEMICAL, INSECTICIDE","CHEMICAL, INSECTICIDE: (BIFENAZATE = 586)",16700
2021,"YEAR","STATE","CALIFORNIA","06","STRAWBERRIES, BEARING - APPLICATIONS, MEASURED IN LB","CHEMICAL, INSECTICIDE","CHEMICAL, INSECTICIDE: (BIFENTHRIN = 128825)",3400
2021,"YEAR","STATE","CALIFORNIA","06","STRAWBERRIES, BEARING - APPLICATIONS, MEASURED IN LB","CHEMICAL, INSECTICIDE","CHEMICAL, INSECTICIDE: (BT KURSTAK ABTS-1857 = 6523)",NA
2021,"YEAR","STATE","CALIFORNIA","06","STRAWBERRIES, BEARING - APPLICATIONS, MEASURED IN LB","CHEMICAL, INSECTICIDE","CHEMICAL, INSECTICIDE: (BT KURSTAKI ABTS-351 = 6522)",NA
2021,"YEAR","STATE","CALIFORNIA","06","STRAWBERRIES, BEARING - APPLICATIONS, MEASURED IN LB","CHEMICAL, INSECTICIDE","CHEMICAL, INSECTICIDE: (BT KURSTAKI EG7841 = 6453)",NA
2021,"YEAR","STATE","CALIFORNIA","06","STRAWBERRIES, BEARING - APPLICATIONS, MEASURED IN LB","CHEMICAL, INSECTICIDE","CHEMICAL, INSECTICIDE: (BT KURSTAKI SA-11 = 6519)",NA
2021,"YEAR","STATE","CALIFORNIA","06","STRAWBERRIES, BEARING - APPLICATIONS, MEASURED IN LB","CHEMICAL, INSECTICIDE","CHEMICAL, INSECTICIDE: (BT SUB AIZAWAI GC-91 = 6426)",NA
2021,"YEAR","STATE","CALIFORNIA","06","STRAWBERRIES, BEARING - APPLICATIONS, MEASURED IN LB","CHEMICAL, INSECTICIDE","CHEMICAL, INSECTICIDE: (BUPROFEZIN = 275100)",NA
2021,"YEAR","STATE","CALIFORNIA","06","STRAWBERRIES, BEARING - APPLICATIONS, MEASURED IN LB","CHEMICAL, INSECTICIDE","CHEMICAL, INSECTICIDE: (BURKHOLDERIA A396 CELLS & MEDIA = 6534)",NA
2021,"YEAR","STATE","CALIFORNIA","06","STRAWBERRIES, BEARING - APPLICATIONS, MEASURED IN LB","CHEMICAL, INSECTICIDE","CHEMICAL, INSECTICIDE: (CANOLA OIL = 11332)",NA
2021,"YEAR","STATE","CALIFORNIA","06","STRAWBERRIES, BEARING - APPLICATIONS, MEASURED IN LB","CHEMICAL, INSECTICIDE","CHEMICAL, INSECTICIDE: (CHLORANTRANILIPROLE = 90100)",1800
2021,"YEAR","STATE","CALIFORNIA","06","STRAWBERRIES, BEARING - APPLICATIONS, MEASURED IN LB","CHEMICAL, INSECTICIDE","CHEMICAL, INSECTICIDE: (CHROMOBAC SUBTSUGAE PRAA4-1 CELLS AND SPENT MEDIA = 16329)",NA
2021,"YEAR","STATE","CALIFORNIA","06","STRAWBERRIES, BEARING - APPLICATIONS, MEASURED IN LB","CHEMICAL, INSECTICIDE","CHEMICAL, INSECTICIDE: (CYANTRANILIPROLE = 90098)",1100
2021,"YEAR","STATE","CALIFORNIA","06","STRAWBERRIES, BEARING - APPLICATIONS, MEASURED IN LB","CHEMICAL, INSECTICIDE","CHEMICAL, INSECTICIDE: (CYFLUMETOFEN = 138831)",5500
2021,"YEAR","STATE","CALIFORNIA","06","STRAWBERRIES, BEARING - APPLICATIONS, MEASURED IN LB","CHEMICAL, INSECTICIDE","CHEMICAL, INSECTICIDE: (DIAZINON = 57801)",NA
2021,"YEAR","STATE","CALIFORNIA","06","STRAWBERRIES, BEARING - APPLICATIONS, MEASURED IN LB","CHEMICAL, INSECTICIDE","CHEMICAL, INSECTICIDE: (ETOXAZOLE = 107091)",NA
2021,"YEAR","STATE","CALIFORNIA","06","STRAWBERRIES, BEARING - APPLICATIONS, MEASURED IN LB","CHEMICAL, INSECTICIDE","CHEMICAL, INSECTICIDE: (FENBUTATIN-OXIDE = 104601)",NA
2021,"YEAR","STATE","CALIFORNIA","06","STRAWBERRIES, BEARING - APPLICATIONS, MEASURED IN LB","CHEMICAL, INSECTICIDE","CHEMICAL, INSECTICIDE: (FENPROPATHRIN = 127901)",2500
2021,"YEAR","STATE","CALIFORNIA","06","STRAWBERRIES, BEARING - APPLICATIONS, MEASURED IN LB","CHEMICAL, INSECTICIDE","CHEMICAL, INSECTICIDE: (FENPYROXIMATE = 129131)",200
2021,"YEAR","STATE","CALIFORNIA","06","STRAWBERRIES, BEARING - APPLICATIONS, MEASURED IN LB","CHEMICAL, INSECTICIDE","CHEMICAL, INSECTICIDE: (FLONICAMID = 128016)",3600
2021,"YEAR","STATE","CALIFORNIA","06","STRAWBERRIES, BEARING - APPLICATIONS, MEASURED IN LB","CHEMICAL, INSECTICIDE","CHEMICAL, INSECTICIDE: (FLUPYRADIFURONE = 122304)",3600
2021,"YEAR","STATE","CALIFORNIA","06","STRAWBERRIES, BEARING - APPLICATIONS, MEASURED IN LB","CHEMICAL, INSECTICIDE","CHEMICAL, INSECTICIDE: (HELICOVERPA ZEA NPV = 107300)",NA
2021,"YEAR","STATE","CALIFORNIA","06","STRAWBERRIES, BEARING - APPLICATIONS, MEASURED IN LB","CHEMICAL, INSECTICIDE","CHEMICAL, INSECTICIDE: (HEXYTHIAZOX = 128849)",2600
2021,"YEAR","STATE","CALIFORNIA","06","STRAWBERRIES, BEARING - APPLICATIONS, MEASURED IN LB","CHEMICAL, INSECTICIDE","CHEMICAL, INSECTICIDE: (IMIDACLOPRID = 129099)",2500
2021,"YEAR","STATE","CALIFORNIA","06","STRAWBERRIES, BEARING - APPLICATIONS, MEASURED IN LB","CHEMICAL, INSECTICIDE","CHEMICAL, INSECTICIDE: (MALATHION = 57701)",29100
2021,"YEAR","STATE","CALIFORNIA","06","STRAWBERRIES, BEARING - APPLICATIONS, MEASURED IN LB","CHEMICAL, INSECTICIDE","CHEMICAL, INSECTICIDE: (METHOXYFENOZIDE = 121027)",2600
2021,"YEAR","STATE","CALIFORNIA","06","STRAWBERRIES, BEARING - APPLICATIONS, MEASURED IN LB","CHEMICAL, INSECTICIDE","CHEMICAL, INSECTICIDE: (NALED = 34401)",2900
2021,"YEAR","STATE","CALIFORNIA","06","STRAWBERRIES, BEARING - APPLICATIONS, MEASURED IN LB","CHEMICAL, INSECTICIDE","CHEMICAL, INSECTICIDE: (NEEM OIL = 25006)",3100
2021,"YEAR","STATE","CALIFORNIA","06","STRAWBERRIES, BEARING - APPLICATIONS, MEASURED IN LB","CHEMICAL, INSECTICIDE","CHEMICAL, INSECTICIDE: (NEEM OIL, CLAR. HYD. = 25007)",5800
2021,"YEAR","STATE","CALIFORNIA","06","STRAWBERRIES, BEARING - APPLICATIONS, MEASURED IN LB","CHEMICAL, INSECTICIDE","CHEMICAL, INSECTICIDE: (NOVALURON = 124002)",3300
2021,"YEAR","STATE","CALIFORNIA","06","STRAWBERRIES, BEARING - APPLICATIONS, MEASURED IN LB","CHEMICAL, INSECTICIDE","CHEMICAL, INSECTICIDE: (PETROLEUM DISTILLATE = 63503)",NA
2021,"YEAR","STATE","CALIFORNIA","06","STRAWBERRIES, BEARING - APPLICATIONS, MEASURED IN LB","CHEMICAL, INSECTICIDE","CHEMICAL, INSECTICIDE: (PIPERONYL BUTOXIDE = 67501)",NA
2021,"YEAR","STATE","CALIFORNIA","06","STRAWBERRIES, BEARING - APPLICATIONS, MEASURED IN LB","CHEMICAL, INSECTICIDE","CHEMICAL, INSECTICIDE: (POTASSIUM SALTS = 79021)",NA
2021,"YEAR","STATE","CALIFORNIA","06","STRAWBERRIES, BEARING - APPLICATIONS, MEASURED IN LB","CHEMICAL, INSECTICIDE","CHEMICAL, INSECTICIDE: (PYRETHRINS = 69001)",100
2021,"YEAR","STATE","CALIFORNIA","06","STRAWBERRIES, BEARING - APPLICATIONS, MEASURED IN LB","CHEMICAL, INSECTICIDE","CHEMICAL, INSECTICIDE: (PYRIDABEN = 129105)",NA
2021,"YEAR","STATE","CALIFORNIA","06","STRAWBERRIES, BEARING - APPLICATIONS, MEASURED IN LB","CHEMICAL, INSECTICIDE","CHEMICAL, INSECTICIDE: (PYRIPROXYFEN = 129032)",NA
2021,"YEAR","STATE","CALIFORNIA","06","STRAWBERRIES, BEARING - APPLICATIONS, MEASURED IN LB","CHEMICAL, INSECTICIDE","CHEMICAL, INSECTICIDE: (SPINETORAM = 110007)",2200
2021,"YEAR","STATE","CALIFORNIA","06","STRAWBERRIES, BEARING - APPLICATIONS, MEASURED IN LB","CHEMICAL, INSECTICIDE","CHEMICAL, INSECTICIDE: (SPINOSAD = 110003)",1800
2021,"YEAR","STATE","CALIFORNIA","06","STRAWBERRIES, BEARING - APPLICATIONS, MEASURED IN LB","CHEMICAL, INSECTICIDE","CHEMICAL, INSECTICIDE: (SPIROMESIFEN = 24875)",700
2021,"YEAR","STATE","CALIFORNIA","06","STRAWBERRIES, BEARING - APPLICATIONS, MEASURED IN LB","CHEMICAL, INSECTICIDE","CHEMICAL, INSECTICIDE: (THIAMETHOXAM = 60109)",600
2021,"YEAR","STATE","CALIFORNIA","06","STRAWBERRIES, BEARING - APPLICATIONS, MEASURED IN LB","CHEMICAL, INSECTICIDE","CHEMICAL, INSECTICIDE: (TOTAL)",116700
2021,"YEAR","STATE","CALIFORNIA","06","STRAWBERRIES, BEARING - APPLICATIONS, MEASURED IN LB","CHEMICAL, OTHER","CHEMICAL, OTHER: (ACIBENZOLAR-S-METHYL = 61402)",NA
2021,"YEAR","STATE","CALIFORNIA","06","STRAWBERRIES, BEARING - APPLICATIONS, MEASURED IN LB","CHEMICAL, OTHER","CHEMICAL, OTHER: (CAPRIC ACID = 128955)",NA
2021,"YEAR","STATE","CALIFORNIA","06","STRAWBERRIES, BEARING - APPLICATIONS, MEASURED IN LB","CHEMICAL, OTHER","CHEMICAL, OTHER: (CAPRYLIC ACID = 128919)",NA
2021,"YEAR","STATE","CALIFORNIA","06","STRAWBERRIES, BEARING - APPLICATIONS, MEASURED IN LB","CHEMICAL, OTHER","CHEMICAL, OTHER: (CAPSICUM OLEORESIN EXTRACT = 70704)",NA
2021,"YEAR","STATE","CALIFORNIA","06","STRAWBERRIES, BEARING - APPLICATIONS, MEASURED IN LB","CHEMICAL, OTHER","CHEMICAL, OTHER: (CHLOROPICRIN = 81501)",5692600
2021,"YEAR","STATE","CALIFORNIA","06","STRAWBERRIES, BEARING - APPLICATIONS, MEASURED IN LB","CHEMICAL, OTHER","CHEMICAL, OTHER: (DICHLOROPROPENE = 29001)",848600
2021,"YEAR","STATE","CALIFORNIA","06","STRAWBERRIES, BEARING - APPLICATIONS, MEASURED IN LB","CHEMICAL, OTHER","CHEMICAL, OTHER: (FLUTRIAFOL = 128940)",2600
2021,"YEAR","STATE","CALIFORNIA","06","STRAWBERRIES, BEARING - APPLICATIONS, MEASURED IN LB","CHEMICAL, OTHER","CHEMICAL, OTHER: (GARLIC OIL = 128827)",NA
2021,"YEAR","STATE","CALIFORNIA","06","STRAWBERRIES, BEARING - APPLICATIONS, MEASURED IN LB","CHEMICAL, OTHER","CHEMICAL, OTHER: (HYDROGEN PEROXIDE = 595)",9400
2021,"YEAR","STATE","CALIFORNIA","06","STRAWBERRIES, BEARING - APPLICATIONS, MEASURED IN LB","CHEMICAL, OTHER","CHEMICAL, OTHER: (IRON PHOSPHATE = 34903)",NA
2021,"YEAR","STATE","CALIFORNIA","06","STRAWBERRIES, BEARING - APPLICATIONS, MEASURED IN LB","CHEMICAL, OTHER","CHEMICAL, OTHER: (METAM-POTASSIUM = 39002)",1040400
2021,"YEAR","STATE","CALIFORNIA","06","STRAWBERRIES, BEARING - APPLICATIONS, MEASURED IN LB","CHEMICAL, OTHER","CHEMICAL, OTHER: (MINERAL OIL = 63502)",NA
2021,"YEAR","STATE","CALIFORNIA","06","STRAWBERRIES, BEARING - APPLICATIONS, MEASURED IN LB","CHEMICAL, OTHER","CHEMICAL, OTHER: (PAECILOMYCES FUMOSOR = 115002)",NA
2021,"YEAR","STATE","CALIFORNIA","06","STRAWBERRIES, BEARING - APPLICATIONS, MEASURED IN LB","CHEMICAL, OTHER","CHEMICAL, OTHER: (PEROXYACETIC ACID = 63201)",2000
2021,"YEAR","STATE","CALIFORNIA","06","STRAWBERRIES, BEARING - APPLICATIONS, MEASURED IN LB","CHEMICAL, OTHER","CHEMICAL, OTHER: (POTASSIUM SILICATE = 72606)",NA
2021,"YEAR","STATE","CALIFORNIA","06","STRAWBERRIES, BEARING - APPLICATIONS, MEASURED IN LB","CHEMICAL, OTHER","CHEMICAL, OTHER: (PSEUDOMONAS CHLORORAPHIS STRAIN AFS009 = 6800)",NA
2021,"YEAR","STATE","CALIFORNIA","06","STRAWBERRIES, BEARING - APPLICATIONS, MEASURED IN LB","CHEMICAL, OTHER","CHEMICAL, OTHER: (REYNOUTRIA SACHALINE = 55809)",3000
2021,"YEAR","STATE","CALIFORNIA","06","STRAWBERRIES, BEARING - APPLICATIONS, MEASURED IN LB","CHEMICAL, OTHER","CHEMICAL, OTHER: (TOTAL)",7602900
2021,"YEAR","STATE","CALIFORNIA","06","STRAWBERRIES, BEARING - APPLICATIONS, MEASURED IN LB / ACRE / APPLICATION, AVG","CHEMICAL, FUNGICIDE","CHEMICAL, FUNGICIDE: (AZOXYSTROBIN = 128810)",0.237
2021,"YEAR","STATE","CALIFORNIA","06","STRAWBERRIES, BEARING - APPLICATIONS, MEASURED IN LB / ACRE / APPLICATION, AVG","CHEMICAL, FUNGICIDE","CHEMICAL, FUNGICIDE: (BACILLUS AMYLOLIQUEFAC F727 = 16489)",NA
2021,"YEAR","STATE","CALIFORNIA","06","STRAWBERRIES, BEARING - APPLICATIONS, MEASURED IN LB / ACRE / APPLICATION, AVG","CHEMICAL, FUNGICIDE","CHEMICAL, FUNGICIDE: (BACILLUS AMYLOLIQUEFACIENS MBI 600 = 129082)",NA
2021,"YEAR","STATE","CALIFORNIA","06","STRAWBERRIES, BEARING - APPLICATIONS, MEASURED IN LB / ACRE / APPLICATION, AVG","CHEMICAL, FUNGICIDE","CHEMICAL, FUNGICIDE: (BACILLUS AMYLOLIQUEFACIENS STRAIN D747 = 16482)",NA
2021,"YEAR","STATE","CALIFORNIA","06","STRAWBERRIES, BEARING - APPLICATIONS, MEASURED IN LB / ACRE / APPLICATION, AVG","CHEMICAL, FUNGICIDE","CHEMICAL, FUNGICIDE: (BACILLUS PUMILUS = 6485)",NA
2021,"YEAR","STATE","CALIFORNIA","06","STRAWBERRIES, BEARING - APPLICATIONS, MEASURED IN LB / ACRE / APPLICATION, AVG","CHEMICAL, FUNGICIDE","CHEMICAL, FUNGICIDE: (BACILLUS SUBTILIS = 6479)",NA
2021,"YEAR","STATE","CALIFORNIA","06","STRAWBERRIES, BEARING - APPLICATIONS, MEASURED IN LB / ACRE / APPLICATION, AVG","CHEMICAL, FUNGICIDE","CHEMICAL, FUNGICIDE: (BLAD = 30006)",NA
2021,"YEAR","STATE","CALIFORNIA","06","STRAWBERRIES, BEARING - APPLICATIONS, MEASURED IN LB / ACRE / APPLICATION, AVG","CHEMICAL, FUNGICIDE","CHEMICAL, FUNGICIDE: (BORAX DECAHYDRATE = 11102)",0.017
2021,"YEAR","STATE","CALIFORNIA","06","STRAWBERRIES, BEARING - APPLICATIONS, MEASURED IN LB / ACRE / APPLICATION, AVG","CHEMICAL, FUNGICIDE","CHEMICAL, FUNGICIDE: (BOSCALID = 128008)",0.372
2021,"YEAR","STATE","CALIFORNIA","06","STRAWBERRIES, BEARING - APPLICATIONS, MEASURED IN LB / ACRE / APPLICATION, AVG","CHEMICAL, FUNGICIDE","CHEMICAL, FUNGICIDE: (BT SUBSP KURSTAKI EVB-113-19 = 6544)",NA
2021,"YEAR","STATE","CALIFORNIA","06","STRAWBERRIES, BEARING - APPLICATIONS, MEASURED IN LB / ACRE / APPLICATION, AVG","CHEMICAL, FUNGICIDE","CHEMICAL, FUNGICIDE: (CAPTAN = 81301)",1.662
2021,"YEAR","STATE","CALIFORNIA","06","STRAWBERRIES, BEARING - APPLICATIONS, MEASURED IN LB / ACRE / APPLICATION, AVG","CHEMICAL, FUNGICIDE","CHEMICAL, FUNGICIDE: (COPPER OCTANOATE = 23306)",NA
2021,"YEAR","STATE","CALIFORNIA","06","STRAWBERRIES, BEARING - APPLICATIONS, MEASURED IN LB / ACRE / APPLICATION, AVG","CHEMICAL, FUNGICIDE","CHEMICAL, FUNGICIDE: (CYFLUFENAMID = 555550)",0.023
2021,"YEAR","STATE","CALIFORNIA","06","STRAWBERRIES, BEARING - APPLICATIONS, MEASURED IN LB / ACRE / APPLICATION, AVG","CHEMICAL, FUNGICIDE","CHEMICAL, FUNGICIDE: (CYPRODINIL = 288202)",0.333
2021,"YEAR","STATE","CALIFORNIA","06","STRAWBERRIES, BEARING - APPLICATIONS, MEASURED IN LB / ACRE / APPLICATION, AVG","CHEMICAL, FUNGICIDE","CHEMICAL, FUNGICIDE: (DIFENOCONAZOLE = 128847)",NA
2021,"YEAR","STATE","CALIFORNIA","06","STRAWBERRIES, BEARING - APPLICATIONS, MEASURED IN LB / ACRE / APPLICATION, AVG","CHEMICAL, FUNGICIDE","CHEMICAL, FUNGICIDE: (FENHEXAMID = 90209)",0.627
2021,"YEAR","STATE","CALIFORNIA","06","STRAWBERRIES, BEARING - APPLICATIONS, MEASURED IN LB / ACRE / APPLICATION, AVG","CHEMICAL, FUNGICIDE","CHEMICAL, FUNGICIDE: (FLUDIOXONIL = 71503)",0.222
2021,"YEAR","STATE","CALIFORNIA","06","STRAWBERRIES, BEARING - APPLICATIONS, MEASURED IN LB / ACRE / APPLICATION, AVG","CHEMICAL, FUNGICIDE","CHEMICAL, FUNGICIDE: (FLUOPYRAM = 80302)",0.125
2021,"YEAR","STATE","CALIFORNIA","06","STRAWBERRIES, BEARING - APPLICATIONS, MEASURED IN LB / ACRE / APPLICATION, AVG","CHEMICAL, FUNGICIDE","CHEMICAL, FUNGICIDE: (FLUXAPYROXAD = 138009)",0.174
2021,"YEAR","STATE","CALIFORNIA","06","STRAWBERRIES, BEARING - APPLICATIONS, MEASURED IN LB / ACRE / APPLICATION, AVG","CHEMICAL, FUNGICIDE","CHEMICAL, FUNGICIDE: (FOSETYL-AL = 123301)",NA
2021,"YEAR","STATE","CALIFORNIA","06","STRAWBERRIES, BEARING - APPLICATIONS, MEASURED IN LB / ACRE / APPLICATION, AVG","CHEMICAL, FUNGICIDE","CHEMICAL, FUNGICIDE: (ISOFETAMID = 270000)",NA
2021,"YEAR","STATE","CALIFORNIA","06","STRAWBERRIES, BEARING - APPLICATIONS, MEASURED IN LB / ACRE / APPLICATION, AVG","CHEMICAL, FUNGICIDE","CHEMICAL, FUNGICIDE: (MEFENOXAM = 113502)",0.483
2021,"YEAR","STATE","CALIFORNIA","06","STRAWBERRIES, BEARING - APPLICATIONS, MEASURED IN LB / ACRE / APPLICATION, AVG","CHEMICAL, FUNGICIDE","CHEMICAL, FUNGICIDE: (MONO-POTASSIUM SALT = 76416)",NA
2021,"YEAR","STATE","CALIFORNIA","06","STRAWBERRIES, BEARING - APPLICATIONS, MEASURED IN LB / ACRE / APPLICATION, AVG","CHEMICAL, FUNGICIDE","CHEMICAL, FUNGICIDE: (MYCLOBUTANIL = 128857)",0.105
2021,"YEAR","STATE","CALIFORNIA","06","STRAWBERRIES, BEARING - APPLICATIONS, MEASURED IN LB / ACRE / APPLICATION, AVG","CHEMICAL, FUNGICIDE","CHEMICAL, FUNGICIDE: (PENTHIOPYRAD = 90112)",0.279
2021,"YEAR","STATE","CALIFORNIA","06","STRAWBERRIES, BEARING - APPLICATIONS, MEASURED IN LB / ACRE / APPLICATION, AVG","CHEMICAL, FUNGICIDE","CHEMICAL, FUNGICIDE: (POLYOXIN D ZINC SALT = 230000)",0.098
2021,"YEAR","STATE","CALIFORNIA","06","STRAWBERRIES, BEARING - APPLICATIONS, MEASURED IN LB / ACRE / APPLICATION, AVG","CHEMICAL, FUNGICIDE","CHEMICAL, FUNGICIDE: (POTASSIUM BICARBON. = 73508)",2.152
2021,"YEAR","STATE","CALIFORNIA","06","STRAWBERRIES, BEARING - APPLICATIONS, MEASURED IN LB / ACRE / APPLICATION, AVG","CHEMICAL, FUNGICIDE","CHEMICAL, FUNGICIDE: (PROPICONAZOLE = 122101)",0.113
2021,"YEAR","STATE","CALIFORNIA","06","STRAWBERRIES, BEARING - APPLICATIONS, MEASURED IN LB / ACRE / APPLICATION, AVG","CHEMICAL, FUNGICIDE","CHEMICAL, FUNGICIDE: (PYRACLOSTROBIN = 99100)",0.179
2021,"YEAR","STATE","CALIFORNIA","06","STRAWBERRIES, BEARING - APPLICATIONS, MEASURED IN LB / ACRE / APPLICATION, AVG","CHEMICAL, FUNGICIDE","CHEMICAL, FUNGICIDE: (PYRIMETHANIL = 288201)",0.711
2021,"YEAR","STATE","CALIFORNIA","06","STRAWBERRIES, BEARING - APPLICATIONS, MEASURED IN LB / ACRE / APPLICATION, AVG","CHEMICAL, FUNGICIDE","CHEMICAL, FUNGICIDE: (QUINOLINE = 55459)",0.098
2021,"YEAR","STATE","CALIFORNIA","06","STRAWBERRIES, BEARING - APPLICATIONS, MEASURED IN LB / ACRE / APPLICATION, AVG","CHEMICAL, FUNGICIDE","CHEMICAL, FUNGICIDE: (STREPTOMYCES LYDICUS = 6327)",NA
2021,"YEAR","STATE","CALIFORNIA","06","STRAWBERRIES, BEARING - APPLICATIONS, MEASURED IN LB / ACRE / APPLICATION, AVG","CHEMICAL, FUNGICIDE","CHEMICAL, FUNGICIDE: (SULFUR = 77501)",3.779
2021,"YEAR","STATE","CALIFORNIA","06","STRAWBERRIES, BEARING - APPLICATIONS, MEASURED IN LB / ACRE / APPLICATION, AVG","CHEMICAL, FUNGICIDE","CHEMICAL, FUNGICIDE: (TETRACONAZOLE = 120603)",0.038
2021,"YEAR","STATE","CALIFORNIA","06","STRAWBERRIES, BEARING - APPLICATIONS, MEASURED IN LB / ACRE / APPLICATION, AVG","CHEMICAL, FUNGICIDE","CHEMICAL, FUNGICIDE: (THIOPHANATE-METHYL = 102001)",0.707
2021,"YEAR","STATE","CALIFORNIA","06","STRAWBERRIES, BEARING - APPLICATIONS, MEASURED IN LB / ACRE / APPLICATION, AVG","CHEMICAL, FUNGICIDE","CHEMICAL, FUNGICIDE: (THIRAM = 79801)",2.144
2021,"YEAR","STATE","CALIFORNIA","06","STRAWBERRIES, BEARING - APPLICATIONS, MEASURED IN LB / ACRE / APPLICATION, AVG","CHEMICAL, FUNGICIDE","CHEMICAL, FUNGICIDE: (TRIFLOXYSTROBIN = 129112)",0.124
2021,"YEAR","STATE","CALIFORNIA","06","STRAWBERRIES, BEARING - APPLICATIONS, MEASURED IN LB / ACRE / APPLICATION, AVG","CHEMICAL, FUNGICIDE","CHEMICAL, FUNGICIDE: (TRIFLUMIZOLE = 128879)",0.251
2021,"YEAR","STATE","CALIFORNIA","06","STRAWBERRIES, BEARING - APPLICATIONS, MEASURED IN LB / ACRE / APPLICATION, AVG","CHEMICAL, HERBICIDE","CHEMICAL, HERBICIDE: (CARFENTRAZONE-ETHYL = 128712)",NA
2021,"YEAR","STATE","CALIFORNIA","06","STRAWBERRIES, BEARING - APPLICATIONS, MEASURED IN LB / ACRE / APPLICATION, AVG","CHEMICAL, HERBICIDE","CHEMICAL, HERBICIDE: (FLUMIOXAZIN = 129034)",0.084
2021,"YEAR","STATE","CALIFORNIA","06","STRAWBERRIES, BEARING - APPLICATIONS, MEASURED IN LB / ACRE / APPLICATION, AVG","CHEMICAL, HERBICIDE","CHEMICAL, HERBICIDE: (GLYPHOSATE ISO. SALT = 103601)",NA
2021,"YEAR","STATE","CALIFORNIA","06","STRAWBERRIES, BEARING - APPLICATIONS, MEASURED IN LB / ACRE / APPLICATION, AVG","CHEMICAL, HERBICIDE","CHEMICAL, HERBICIDE: (GLYPHOSATE POT. SALT = 103613)",NA
2021,"YEAR","STATE","CALIFORNIA","06","STRAWBERRIES, BEARING - APPLICATIONS, MEASURED IN LB / ACRE / APPLICATION, AVG","CHEMICAL, HERBICIDE","CHEMICAL, HERBICIDE: (NAPROPAMIDE = 103001)",NA
2021,"YEAR","STATE","CALIFORNIA","06","STRAWBERRIES, BEARING - APPLICATIONS, MEASURED IN LB / ACRE / APPLICATION, AVG","CHEMICAL, HERBICIDE","CHEMICAL, HERBICIDE: (OXYFLUORFEN = 111601)",0.301
2021,"YEAR","STATE","CALIFORNIA","06","STRAWBERRIES, BEARING - APPLICATIONS, MEASURED IN LB / ACRE / APPLICATION, AVG","CHEMICAL, HERBICIDE","CHEMICAL, HERBICIDE: (PARAQUAT = 61601)",NA
2021,"YEAR","STATE","CALIFORNIA","06","STRAWBERRIES, BEARING - APPLICATIONS, MEASURED IN LB / ACRE / APPLICATION, AVG","CHEMICAL, HERBICIDE","CHEMICAL, HERBICIDE: (PENDIMETHALIN = 108501)",1.327
2021,"YEAR","STATE","CALIFORNIA","06","STRAWBERRIES, BEARING - APPLICATIONS, MEASURED IN LB / ACRE / APPLICATION, AVG","CHEMICAL, INSECTICIDE","CHEMICAL, INSECTICIDE: (ABAMECTIN = 122804)",0.018
2021,"YEAR","STATE","CALIFORNIA","06","STRAWBERRIES, BEARING - APPLICATIONS, MEASURED IN LB / ACRE / APPLICATION, AVG","CHEMICAL, INSECTICIDE","CHEMICAL, INSECTICIDE: (ACEQUINOCYL = 6329)",0.305
2021,"YEAR","STATE","CALIFORNIA","06","STRAWBERRIES, BEARING - APPLICATIONS, MEASURED IN LB / ACRE / APPLICATION, AVG","CHEMICAL, INSECTICIDE","CHEMICAL, INSECTICIDE: (ACETAMIPRID = 99050)",0.138
2021,"YEAR","STATE","CALIFORNIA","06","STRAWBERRIES, BEARING - APPLICATIONS, MEASURED IN LB / ACRE / APPLICATION, AVG","CHEMICAL, INSECTICIDE","CHEMICAL, INSECTICIDE: (AZADIRACHTIN = 121701)",0.029
2021,"YEAR","STATE","CALIFORNIA","06","STRAWBERRIES, BEARING - APPLICATIONS, MEASURED IN LB / ACRE / APPLICATION, AVG","CHEMICAL, INSECTICIDE","CHEMICAL, INSECTICIDE: (BEAUVERIA BASSIANA = 128924)",NA
2021,"YEAR","STATE","CALIFORNIA","06","STRAWBERRIES, BEARING - APPLICATIONS, MEASURED IN LB / ACRE / APPLICATION, AVG","CHEMICAL, INSECTICIDE","CHEMICAL, INSECTICIDE: (BIFENAZATE = 586)",0.505
2021,"YEAR","STATE","CALIFORNIA","06","STRAWBERRIES, BEARING - APPLICATIONS, MEASURED IN LB / ACRE / APPLICATION, AVG","CHEMICAL, INSECTICIDE","CHEMICAL, INSECTICIDE: (BIFENTHRIN = 128825)",0.123
2021,"YEAR","STATE","CALIFORNIA","06","STRAWBERRIES, BEARING - APPLICATIONS, MEASURED IN LB / ACRE / APPLICATION, AVG","CHEMICAL, INSECTICIDE","CHEMICAL, INSECTICIDE: (BT KURSTAK ABTS-1857 = 6523)",NA
2021,"YEAR","STATE","CALIFORNIA","06","STRAWBERRIES, BEARING - APPLICATIONS, MEASURED IN LB / ACRE / APPLICATION, AVG","CHEMICAL, INSECTICIDE","CHEMICAL, INSECTICIDE: (BT KURSTAKI ABTS-351 = 6522)",NA
2021,"YEAR","STATE","CALIFORNIA","06","STRAWBERRIES, BEARING - APPLICATIONS, MEASURED IN LB / ACRE / APPLICATION, AVG","CHEMICAL, INSECTICIDE","CHEMICAL, INSECTICIDE: (BT KURSTAKI EG7841 = 6453)",NA
2021,"YEAR","STATE","CALIFORNIA","06","STRAWBERRIES, BEARING - APPLICATIONS, MEASURED IN LB / ACRE / APPLICATION, AVG","CHEMICAL, INSECTICIDE","CHEMICAL, INSECTICIDE: (BT KURSTAKI SA-11 = 6519)",NA
2021,"YEAR","STATE","CALIFORNIA","06","STRAWBERRIES, BEARING - APPLICATIONS, MEASURED IN LB / ACRE / APPLICATION, AVG","CHEMICAL, INSECTICIDE","CHEMICAL, INSECTICIDE: (BT SUB AIZAWAI GC-91 = 6426)",NA
2021,"YEAR","STATE","CALIFORNIA","06","STRAWBERRIES, BEARING - APPLICATIONS, MEASURED IN LB / ACRE / APPLICATION, AVG","CHEMICAL, INSECTICIDE","CHEMICAL, INSECTICIDE: (BUPROFEZIN = 275100)",NA
2021,"YEAR","STATE","CALIFORNIA","06","STRAWBERRIES, BEARING - APPLICATIONS, MEASURED IN LB / ACRE / APPLICATION, AVG","CHEMICAL, INSECTICIDE","CHEMICAL, INSECTICIDE: (BURKHOLDERIA A396 CELLS & MEDIA = 6534)",NA
2021,"YEAR","STATE","CALIFORNIA","06","STRAWBERRIES, BEARING - APPLICATIONS, MEASURED IN LB / ACRE / APPLICATION, AVG","CHEMICAL, INSECTICIDE","CHEMICAL, INSECTICIDE: (CANOLA OIL = 11332)",NA
2021,"YEAR","STATE","CALIFORNIA","06","STRAWBERRIES, BEARING - APPLICATIONS, MEASURED IN LB / ACRE / APPLICATION, AVG","CHEMICAL, INSECTICIDE","CHEMICAL, INSECTICIDE: (CHLORANTRANILIPROLE = 90100)",0.066
2021,"YEAR","STATE","CALIFORNIA","06","STRAWBERRIES, BEARING - APPLICATIONS, MEASURED IN LB / ACRE / APPLICATION, AVG","CHEMICAL, INSECTICIDE","CHEMICAL, INSECTICIDE: (CHROMOBAC SUBTSUGAE PRAA4-1 CELLS AND SPENT MEDIA = 16329)",NA
2021,"YEAR","STATE","CALIFORNIA","06","STRAWBERRIES, BEARING - APPLICATIONS, MEASURED IN LB / ACRE / APPLICATION, AVG","CHEMICAL, INSECTICIDE","CHEMICAL, INSECTICIDE: (CYANTRANILIPROLE = 90098)",0.109
2021,"YEAR","STATE","CALIFORNIA","06","STRAWBERRIES, BEARING - APPLICATIONS, MEASURED IN LB / ACRE / APPLICATION, AVG","CHEMICAL, INSECTICIDE","CHEMICAL, INSECTICIDE: (CYFLUMETOFEN = 138831)",0.178
2021,"YEAR","STATE","CALIFORNIA","06","STRAWBERRIES, BEARING - APPLICATIONS, MEASURED IN LB / ACRE / APPLICATION, AVG","CHEMICAL, INSECTICIDE","CHEMICAL, INSECTICIDE: (DIAZINON = 57801)",NA
2021,"YEAR","STATE","CALIFORNIA","06","STRAWBERRIES, BEARING - APPLICATIONS, MEASURED IN LB / ACRE / APPLICATION, AVG","CHEMICAL, INSECTICIDE","CHEMICAL, INSECTICIDE: (ETOXAZOLE = 107091)",NA
2021,"YEAR","STATE","CALIFORNIA","06","STRAWBERRIES, BEARING - APPLICATIONS, MEASURED IN LB / ACRE / APPLICATION, AVG","CHEMICAL, INSECTICIDE","CHEMICAL, INSECTICIDE: (FENBUTATIN-OXIDE = 104601)",NA
2021,"YEAR","STATE","CALIFORNIA","06","STRAWBERRIES, BEARING - APPLICATIONS, MEASURED IN LB / ACRE / APPLICATION, AVG","CHEMICAL, INSECTICIDE","CHEMICAL, INSECTICIDE: (FENPROPATHRIN = 127901)",0.233
2021,"YEAR","STATE","CALIFORNIA","06","STRAWBERRIES, BEARING - APPLICATIONS, MEASURED IN LB / ACRE / APPLICATION, AVG","CHEMICAL, INSECTICIDE","CHEMICAL, INSECTICIDE: (FENPYROXIMATE = 129131)",0.106
2021,"YEAR","STATE","CALIFORNIA","06","STRAWBERRIES, BEARING - APPLICATIONS, MEASURED IN LB / ACRE / APPLICATION, AVG","CHEMICAL, INSECTICIDE","CHEMICAL, INSECTICIDE: (FLONICAMID = 128016)",0.088
2021,"YEAR","STATE","CALIFORNIA","06","STRAWBERRIES, BEARING - APPLICATIONS, MEASURED IN LB / ACRE / APPLICATION, AVG","CHEMICAL, INSECTICIDE","CHEMICAL, INSECTICIDE: (FLUPYRADIFURONE = 122304)",0.18
2021,"YEAR","STATE","CALIFORNIA","06","STRAWBERRIES, BEARING - APPLICATIONS, MEASURED IN LB / ACRE / APPLICATION, AVG","CHEMICAL, INSECTICIDE","CHEMICAL, INSECTICIDE: (HELICOVERPA ZEA NPV = 107300)",NA
2021,"YEAR","STATE","CALIFORNIA","06","STRAWBERRIES, BEARING - APPLICATIONS, MEASURED IN LB / ACRE / APPLICATION, AVG","CHEMICAL, INSECTICIDE","CHEMICAL, INSECTICIDE: (HEXYTHIAZOX = 128849)",0.218
2021,"YEAR","STATE","CALIFORNIA","06","STRAWBERRIES, BEARING - APPLICATIONS, MEASURED IN LB / ACRE / APPLICATION, AVG","CHEMICAL, INSECTICIDE","CHEMICAL, INSECTICIDE: (IMIDACLOPRID = 129099)",0.513
2021,"YEAR","STATE","CALIFORNIA","06","STRAWBERRIES, BEARING - APPLICATIONS, MEASURED IN LB / ACRE / APPLICATION, AVG","CHEMICAL, INSECTICIDE","CHEMICAL, INSECTICIDE: (MALATHION = 57701)",2.027
2021,"YEAR","STATE","CALIFORNIA","06","STRAWBERRIES, BEARING - APPLICATIONS, MEASURED IN LB / ACRE / APPLICATION, AVG","CHEMICAL, INSECTICIDE","CHEMICAL, INSECTICIDE: (METHOXYFENOZIDE = 121027)",0.169
2021,"YEAR","STATE","CALIFORNIA","06","STRAWBERRIES, BEARING - APPLICATIONS, MEASURED IN LB / ACRE / APPLICATION, AVG","CHEMICAL, INSECTICIDE","CHEMICAL, INSECTICIDE: (NALED = 34401)",0.907
2021,"YEAR","STATE","CALIFORNIA","06","STRAWBERRIES, BEARING - APPLICATIONS, MEASURED IN LB / ACRE / APPLICATION, AVG","CHEMICAL, INSECTICIDE","CHEMICAL, INSECTICIDE: (NEEM OIL = 25006)",0.779
2021,"YEAR","STATE","CALIFORNIA","06","STRAWBERRIES, BEARING - APPLICATIONS, MEASURED IN LB / ACRE / APPLICATION, AVG","CHEMICAL, INSECTICIDE","CHEMICAL, INSECTICIDE: (NEEM OIL, CLAR. HYD. = 25007)",2.222
2021,"YEAR","STATE","CALIFORNIA","06","STRAWBERRIES, BEARING - APPLICATIONS, MEASURED IN LB / ACRE / APPLICATION, AVG","CHEMICAL, INSECTICIDE","CHEMICAL, INSECTICIDE: (NOVALURON = 124002)",0.077
2021,"YEAR","STATE","CALIFORNIA","06","STRAWBERRIES, BEARING - APPLICATIONS, MEASURED IN LB / ACRE / APPLICATION, AVG","CHEMICAL, INSECTICIDE","CHEMICAL, INSECTICIDE: (PETROLEUM DISTILLATE = 63503)",NA
2021,"YEAR","STATE","CALIFORNIA","06","STRAWBERRIES, BEARING - APPLICATIONS, MEASURED IN LB / ACRE / APPLICATION, AVG","CHEMICAL, INSECTICIDE","CHEMICAL, INSECTICIDE: (PIPERONYL BUTOXIDE = 67501)",NA
2021,"YEAR","STATE","CALIFORNIA","06","STRAWBERRIES, BEARING - APPLICATIONS, MEASURED IN LB / ACRE / APPLICATION, AVG","CHEMICAL, INSECTICIDE","CHEMICAL, INSECTICIDE: (POTASSIUM SALTS = 79021)",NA
2021,"YEAR","STATE","CALIFORNIA","06","STRAWBERRIES, BEARING - APPLICATIONS, MEASURED IN LB / ACRE / APPLICATION, AVG","CHEMICAL, INSECTICIDE","CHEMICAL, INSECTICIDE: (PYRETHRINS = 69001)",0.041
2021,"YEAR","STATE","CALIFORNIA","06","STRAWBERRIES, BEARING - APPLICATIONS, MEASURED IN LB / ACRE / APPLICATION, AVG","CHEMICAL, INSECTICIDE","CHEMICAL, INSECTICIDE: (PYRIDABEN = 129105)",NA
2021,"YEAR","STATE","CALIFORNIA","06","STRAWBERRIES, BEARING - APPLICATIONS, MEASURED IN LB / ACRE / APPLICATION, AVG","CHEMICAL, INSECTICIDE","CHEMICAL, INSECTICIDE: (PYRIPROXYFEN = 129032)",NA
2021,"YEAR","STATE","CALIFORNIA","06","STRAWBERRIES, BEARING - APPLICATIONS, MEASURED IN LB / ACRE / APPLICATION, AVG","CHEMICAL, INSECTICIDE","CHEMICAL, INSECTICIDE: (SPINETORAM = 110007)",0.076
2021,"YEAR","STATE","CALIFORNIA","06","STRAWBERRIES, BEARING - APPLICATIONS, MEASURED IN LB / ACRE / APPLICATION, AVG","CHEMICAL, INSECTICIDE","CHEMICAL, INSECTICIDE: (SPINOSAD = 110003)",0.095
2021,"YEAR","STATE","CALIFORNIA","06","STRAWBERRIES, BEARING - APPLICATIONS, MEASURED IN LB / ACRE / APPLICATION, AVG","CHEMICAL, INSECTICIDE","CHEMICAL, INSECTICIDE: (SPIROMESIFEN = 24875)",0.252
2021,"YEAR","STATE","CALIFORNIA","06","STRAWBERRIES, BEARING - APPLICATIONS, MEASURED IN LB / ACRE / APPLICATION, AVG","CHEMICAL, INSECTICIDE","CHEMICAL, INSECTICIDE: (THIAMETHOXAM = 60109)",0.065
2021,"YEAR","STATE","CALIFORNIA","06","STRAWBERRIES, BEARING - APPLICATIONS, MEASURED IN LB / ACRE / APPLICATION, AVG","CHEMICAL, OTHER","CHEMICAL, OTHER: (ACIBENZOLAR-S-METHYL = 61402)",NA
2021,"YEAR","STATE","CALIFORNIA","06","STRAWBERRIES, BEARING - APPLICATIONS, MEASURED IN LB / ACRE / APPLICATION, AVG","CHEMICAL, OTHER","CHEMICAL, OTHER: (CAPRIC ACID = 128955)",NA
2021,"YEAR","STATE","CALIFORNIA","06","STRAWBERRIES, BEARING - APPLICATIONS, MEASURED IN LB / ACRE / APPLICATION, AVG","CHEMICAL, OTHER","CHEMICAL, OTHER: (CAPRYLIC ACID = 128919)",NA
2021,"YEAR","STATE","CALIFORNIA","06","STRAWBERRIES, BEARING - APPLICATIONS, MEASURED IN LB / ACRE / APPLICATION, AVG","CHEMICAL, OTHER","CHEMICAL, OTHER: (CAPSICUM OLEORESIN EXTRACT = 70704)",NA
2021,"YEAR","STATE","CALIFORNIA","06","STRAWBERRIES, BEARING - APPLICATIONS, MEASURED IN LB / ACRE / APPLICATION, AVG","CHEMICAL, OTHER","CHEMICAL, OTHER: (CHLOROPICRIN = 81501)",196.615
2021,"YEAR","STATE","CALIFORNIA","06","STRAWBERRIES, BEARING - APPLICATIONS, MEASURED IN LB / ACRE / APPLICATION, AVG","CHEMICAL, OTHER","CHEMICAL, OTHER: (DICHLOROPROPENE = 29001)",70.726
2021,"YEAR","STATE","CALIFORNIA","06","STRAWBERRIES, BEARING - APPLICATIONS, MEASURED IN LB / ACRE / APPLICATION, AVG","CHEMICAL, OTHER","CHEMICAL, OTHER: (FLUTRIAFOL = 128940)",0.113
2021,"YEAR","STATE","CALIFORNIA","06","STRAWBERRIES, BEARING - APPLICATIONS, MEASURED IN LB / ACRE / APPLICATION, AVG","CHEMICAL, OTHER","CHEMICAL, OTHER: (GARLIC OIL = 128827)",NA
2021,"YEAR","STATE","CALIFORNIA","06","STRAWBERRIES, BEARING - APPLICATIONS, MEASURED IN LB / ACRE / APPLICATION, AVG","CHEMICAL, OTHER","CHEMICAL, OTHER: (HYDROGEN PEROXIDE = 595)",2.372
2021,"YEAR","STATE","CALIFORNIA","06","STRAWBERRIES, BEARING - APPLICATIONS, MEASURED IN LB / ACRE / APPLICATION, AVG","CHEMICAL, OTHER","CHEMICAL, OTHER: (IRON PHOSPHATE = 34903)",NA
2021,"YEAR","STATE","CALIFORNIA","06","STRAWBERRIES, BEARING - APPLICATIONS, MEASURED IN LB / ACRE / APPLICATION, AVG","CHEMICAL, OTHER","CHEMICAL, OTHER: (METAM-POTASSIUM = 39002)",240.829
2021,"YEAR","STATE","CALIFORNIA","06","STRAWBERRIES, BEARING - APPLICATIONS, MEASURED IN LB / ACRE / APPLICATION, AVG","CHEMICAL, OTHER","CHEMICAL, OTHER: (MINERAL OIL = 63502)",NA
2021,"YEAR","STATE","CALIFORNIA","06","STRAWBERRIES, BEARING - APPLICATIONS, MEASURED IN LB / ACRE / APPLICATION, AVG","CHEMICAL, OTHER","CHEMICAL, OTHER: (PAECILOMYCES FUMOSOR = 115002)",NA
2021,"YEAR","STATE","CALIFORNIA","06","STRAWBERRIES, BEARING - APPLICATIONS, MEASURED IN LB / ACRE / APPLICATION, AVG","CHEMICAL, OTHER","CHEMICAL, OTHER: (PEROXYACETIC ACID = 63201)",0.491
2021,"YEAR","STATE","CALIFORNIA","06","STRAWBERRIES, BEARING - APPLICATIONS, MEASURED IN LB / ACRE / APPLICATION, AVG","CHEMICAL, OTHER","CHEMICAL, OTHER: (POTASSIUM SILICATE = 72606)",NA
2021,"YEAR","STATE","CALIFORNIA","06","STRAWBERRIES, BEARING - APPLICATIONS, MEASURED IN LB / ACRE / APPLICATION, AVG","CHEMICAL, OTHER","CHEMICAL, OTHER: (PSEUDOMONAS CHLORORAPHIS STRAIN AFS009 = 6800)",NA
2021,"YEAR","STATE","CALIFORNIA","06","STRAWBERRIES, BEARING - APPLICATIONS, MEASURED IN LB / ACRE / APPLICATION, AVG","CHEMICAL, OTHER","CHEMICAL, OTHER: (REYNOUTRIA SACHALINE = 55809)",0.199
2021,"YEAR","STATE","CALIFORNIA","06","STRAWBERRIES, BEARING - APPLICATIONS, MEASURED IN LB / ACRE / YEAR, AVG","CHEMICAL, FUNGICIDE","CHEMICAL, FUNGICIDE: (AZOXYSTROBIN = 128810)",0.26
2021,"YEAR","STATE","CALIFORNIA","06","STRAWBERRIES, BEARING - APPLICATIONS, MEASURED IN LB / ACRE / YEAR, AVG","CHEMICAL, FUNGICIDE","CHEMICAL, FUNGICIDE: (BACILLUS AMYLOLIQUEFAC F727 = 16489)",NA
2021,"YEAR","STATE","CALIFORNIA","06","STRAWBERRIES, BEARING - APPLICATIONS, MEASURED IN LB / ACRE / YEAR, AVG","CHEMICAL, FUNGICIDE","CHEMICAL, FUNGICIDE: (BACILLUS AMYLOLIQUEFACIENS MBI 600 = 129082)",NA
2021,"YEAR","STATE","CALIFORNIA","06","STRAWBERRIES, BEARING - APPLICATIONS, MEASURED IN LB / ACRE / YEAR, AVG","CHEMICAL, FUNGICIDE","CHEMICAL, FUNGICIDE: (BACILLUS AMYLOLIQUEFACIENS STRAIN D747 = 16482)",NA
2021,"YEAR","STATE","CALIFORNIA","06","STRAWBERRIES, BEARING - APPLICATIONS, MEASURED IN LB / ACRE / YEAR, AVG","CHEMICAL, FUNGICIDE","CHEMICAL, FUNGICIDE: (BACILLUS PUMILUS = 6485)",NA
2021,"YEAR","STATE","CALIFORNIA","06","STRAWBERRIES, BEARING - APPLICATIONS, MEASURED IN LB / ACRE / YEAR, AVG","CHEMICAL, FUNGICIDE","CHEMICAL, FUNGICIDE: (BACILLUS SUBTILIS = 6479)",NA
2021,"YEAR","STATE","CALIFORNIA","06","STRAWBERRIES, BEARING - APPLICATIONS, MEASURED IN LB / ACRE / YEAR, AVG","CHEMICAL, FUNGICIDE","CHEMICAL, FUNGICIDE: (BLAD = 30006)",NA
2021,"YEAR","STATE","CALIFORNIA","06","STRAWBERRIES, BEARING - APPLICATIONS, MEASURED IN LB / ACRE / YEAR, AVG","CHEMICAL, FUNGICIDE","CHEMICAL, FUNGICIDE: (BORAX DECAHYDRATE = 11102)",0.021
2021,"YEAR","STATE","CALIFORNIA","06","STRAWBERRIES, BEARING - APPLICATIONS, MEASURED IN LB / ACRE / YEAR, AVG","CHEMICAL, FUNGICIDE","CHEMICAL, FUNGICIDE: (BOSCALID = 128008)",0.506
2021,"YEAR","STATE","CALIFORNIA","06","STRAWBERRIES, BEARING - APPLICATIONS, MEASURED IN LB / ACRE / YEAR, AVG","CHEMICAL, FUNGICIDE","CHEMICAL, FUNGICIDE: (BT SUBSP KURSTAKI EVB-113-19 = 6544)",NA
2021,"YEAR","STATE","CALIFORNIA","06","STRAWBERRIES, BEARING - APPLICATIONS, MEASURED IN LB / ACRE / YEAR, AVG","CHEMICAL, FUNGICIDE","CHEMICAL, FUNGICIDE: (CAPTAN = 81301)",14.256
2021,"YEAR","STATE","CALIFORNIA","06","STRAWBERRIES, BEARING - APPLICATIONS, MEASURED IN LB / ACRE / YEAR, AVG","CHEMICAL, FUNGICIDE","CHEMICAL, FUNGICIDE: (COPPER OCTANOATE = 23306)",NA
2021,"YEAR","STATE","CALIFORNIA","06","STRAWBERRIES, BEARING - APPLICATIONS, MEASURED IN LB / ACRE / YEAR, AVG","CHEMICAL, FUNGICIDE","CHEMICAL, FUNGICIDE: (CYFLUFENAMID = 555550)",0.031
2021,"YEAR","STATE","CALIFORNIA","06","STRAWBERRIES, BEARING - APPLICATIONS, MEASURED IN LB / ACRE / YEAR, AVG","CHEMICAL, FUNGICIDE","CHEMICAL, FUNGICIDE: (CYPRODINIL = 288202)",0.591
2021,"YEAR","STATE","CALIFORNIA","06","STRAWBERRIES, BEARING - APPLICATIONS, MEASURED IN LB / ACRE / YEAR, AVG","CHEMICAL, FUNGICIDE","CHEMICAL, FUNGICIDE: (DIFENOCONAZOLE = 128847)",NA
2021,"YEAR","STATE","CALIFORNIA","06","STRAWBERRIES, BEARING - APPLICATIONS, MEASURED IN LB / ACRE / YEAR, AVG","CHEMICAL, FUNGICIDE","CHEMICAL, FUNGICIDE: (FENHEXAMID = 90209)",0.974
2021,"YEAR","STATE","CALIFORNIA","06","STRAWBERRIES, BEARING - APPLICATIONS, MEASURED IN LB / ACRE / YEAR, AVG","CHEMICAL, FUNGICIDE","CHEMICAL, FUNGICIDE: (FLUDIOXONIL = 71503)",0.394
2021,"YEAR","STATE","CALIFORNIA","06","STRAWBERRIES, BEARING - APPLICATIONS, MEASURED IN LB / ACRE / YEAR, AVG","CHEMICAL, FUNGICIDE","CHEMICAL, FUNGICIDE: (FLUOPYRAM = 80302)",0.254
2021,"YEAR","STATE","CALIFORNIA","06","STRAWBERRIES, BEARING - APPLICATIONS, MEASURED IN LB / ACRE / YEAR, AVG","CHEMICAL, FUNGICIDE","CHEMICAL, FUNGICIDE: (FLUXAPYROXAD = 138009)",0.202
2021,"YEAR","STATE","CALIFORNIA","06","STRAWBERRIES, BEARING - APPLICATIONS, MEASURED IN LB / ACRE / YEAR, AVG","CHEMICAL, FUNGICIDE","CHEMICAL, FUNGICIDE: (FOSETYL-AL = 123301)",NA
2021,"YEAR","STATE","CALIFORNIA","06","STRAWBERRIES, BEARING - APPLICATIONS, MEASURED IN LB / ACRE / YEAR, AVG","CHEMICAL, FUNGICIDE","CHEMICAL, FUNGICIDE: (ISOFETAMID = 270000)",NA
2021,"YEAR","STATE","CALIFORNIA","06","STRAWBERRIES, BEARING - APPLICATIONS, MEASURED IN LB / ACRE / YEAR, AVG","CHEMICAL, FUNGICIDE","CHEMICAL, FUNGICIDE: (MEFENOXAM = 113502)",0.566
2021,"YEAR","STATE","CALIFORNIA","06","STRAWBERRIES, BEARING - APPLICATIONS, MEASURED IN LB / ACRE / YEAR, AVG","CHEMICAL, FUNGICIDE","CHEMICAL, FUNGICIDE: (MONO-POTASSIUM SALT = 76416)",NA
2021,"YEAR","STATE","CALIFORNIA","06","STRAWBERRIES, BEARING - APPLICATIONS, MEASURED IN LB / ACRE / YEAR, AVG","CHEMICAL, FUNGICIDE","CHEMICAL, FUNGICIDE: (MYCLOBUTANIL = 128857)",0.237
2021,"YEAR","STATE","CALIFORNIA","06","STRAWBERRIES, BEARING - APPLICATIONS, MEASURED IN LB / ACRE / YEAR, AVG","CHEMICAL, FUNGICIDE","CHEMICAL, FUNGICIDE: (PENTHIOPYRAD = 90112)",0.35
2021,"YEAR","STATE","CALIFORNIA","06","STRAWBERRIES, BEARING - APPLICATIONS, MEASURED IN LB / ACRE / YEAR, AVG","CHEMICAL, FUNGICIDE","CHEMICAL, FUNGICIDE: (POLYOXIN D ZINC SALT = 230000)",0.183
2021,"YEAR","STATE","CALIFORNIA","06","STRAWBERRIES, BEARING - APPLICATIONS, MEASURED IN LB / ACRE / YEAR, AVG","CHEMICAL, FUNGICIDE","CHEMICAL, FUNGICIDE: (POTASSIUM BICARBON. = 73508)",10.775
2021,"YEAR","STATE","CALIFORNIA","06","STRAWBERRIES, BEARING - APPLICATIONS, MEASURED IN LB / ACRE / YEAR, AVG","CHEMICAL, FUNGICIDE","CHEMICAL, FUNGICIDE: (PROPICONAZOLE = 122101)",0.14
2021,"YEAR","STATE","CALIFORNIA","06","STRAWBERRIES, BEARING - APPLICATIONS, MEASURED IN LB / ACRE / YEAR, AVG","CHEMICAL, FUNGICIDE","CHEMICAL, FUNGICIDE: (PYRACLOSTROBIN = 99100)",0.23
2021,"YEAR","STATE","CALIFORNIA","06","STRAWBERRIES, BEARING - APPLICATIONS, MEASURED IN LB / ACRE / YEAR, AVG","CHEMICAL, FUNGICIDE","CHEMICAL, FUNGICIDE: (PYRIMETHANIL = 288201)",0.989
2021,"YEAR","STATE","CALIFORNIA","06","STRAWBERRIES, BEARING - APPLICATIONS, MEASURED IN LB / ACRE / YEAR, AVG","CHEMICAL, FUNGICIDE","CHEMICAL, FUNGICIDE: (QUINOLINE = 55459)",0.139
2021,"YEAR","STATE","CALIFORNIA","06","STRAWBERRIES, BEARING - APPLICATIONS, MEASURED IN LB / ACRE / YEAR, AVG","CHEMICAL, FUNGICIDE","CHEMICAL, FUNGICIDE: (STREPTOMYCES LYDICUS = 6327)",NA
2021,"YEAR","STATE","CALIFORNIA","06","STRAWBERRIES, BEARING - APPLICATIONS, MEASURED IN LB / ACRE / YEAR, AVG","CHEMICAL, FUNGICIDE","CHEMICAL, FUNGICIDE: (SULFUR = 77501)",17.216
2021,"YEAR","STATE","CALIFORNIA","06","STRAWBERRIES, BEARING - APPLICATIONS, MEASURED IN LB / ACRE / YEAR, AVG","CHEMICAL, FUNGICIDE","CHEMICAL, FUNGICIDE: (TETRACONAZOLE = 120603)",0.056
2021,"YEAR","STATE","CALIFORNIA","06","STRAWBERRIES, BEARING - APPLICATIONS, MEASURED IN LB / ACRE / YEAR, AVG","CHEMICAL, FUNGICIDE","CHEMICAL, FUNGICIDE: (THIOPHANATE-METHYL = 102001)",0.815
2021,"YEAR","STATE","CALIFORNIA","06","STRAWBERRIES, BEARING - APPLICATIONS, MEASURED IN LB / ACRE / YEAR, AVG","CHEMICAL, FUNGICIDE","CHEMICAL, FUNGICIDE: (THIRAM = 79801)",5.029
2021,"YEAR","STATE","CALIFORNIA","06","STRAWBERRIES, BEARING - APPLICATIONS, MEASURED IN LB / ACRE / YEAR, AVG","CHEMICAL, FUNGICIDE","CHEMICAL, FUNGICIDE: (TRIFLOXYSTROBIN = 129112)",0.249
2021,"YEAR","STATE","CALIFORNIA","06","STRAWBERRIES, BEARING - APPLICATIONS, MEASURED IN LB / ACRE / YEAR, AVG","CHEMICAL, FUNGICIDE","CHEMICAL, FUNGICIDE: (TRIFLUMIZOLE = 128879)",0.461
2021,"YEAR","STATE","CALIFORNIA","06","STRAWBERRIES, BEARING - APPLICATIONS, MEASURED IN LB / ACRE / YEAR, AVG","CHEMICAL, HERBICIDE","CHEMICAL, HERBICIDE: (CARFENTRAZONE-ETHYL = 128712)",NA
2021,"YEAR","STATE","CALIFORNIA","06","STRAWBERRIES, BEARING - APPLICATIONS, MEASURED IN LB / ACRE / YEAR, AVG","CHEMICAL, HERBICIDE","CHEMICAL, HERBICIDE: (FLUMIOXAZIN = 129034)",0.099
2021,"YEAR","STATE","CALIFORNIA","06","STRAWBERRIES, BEARING - APPLICATIONS, MEASURED IN LB / ACRE / YEAR, AVG","CHEMICAL, HERBICIDE","CHEMICAL, HERBICIDE: (GLYPHOSATE ISO. SALT = 103601)",NA
2021,"YEAR","STATE","CALIFORNIA","06","STRAWBERRIES, BEARING - APPLICATIONS, MEASURED IN LB / ACRE / YEAR, AVG","CHEMICAL, HERBICIDE","CHEMICAL, HERBICIDE: (GLYPHOSATE POT. SALT = 103613)",NA
2021,"YEAR","STATE","CALIFORNIA","06","STRAWBERRIES, BEARING - APPLICATIONS, MEASURED IN LB / ACRE / YEAR, AVG","CHEMICAL, HERBICIDE","CHEMICAL, HERBICIDE: (NAPROPAMIDE = 103001)",NA
2021,"YEAR","STATE","CALIFORNIA","06","STRAWBERRIES, BEARING - APPLICATIONS, MEASURED IN LB / ACRE / YEAR, AVG","CHEMICAL, HERBICIDE","CHEMICAL, HERBICIDE: (OXYFLUORFEN = 111601)",0.388
2021,"YEAR","STATE","CALIFORNIA","06","STRAWBERRIES, BEARING - APPLICATIONS, MEASURED IN LB / ACRE / YEAR, AVG","CHEMICAL, HERBICIDE","CHEMICAL, HERBICIDE: (PARAQUAT = 61601)",NA
2021,"YEAR","STATE","CALIFORNIA","06","STRAWBERRIES, BEARING - APPLICATIONS, MEASURED IN LB / ACRE / YEAR, AVG","CHEMICAL, HERBICIDE","CHEMICAL, HERBICIDE: (PENDIMETHALIN = 108501)",1.357
2021,"YEAR","STATE","CALIFORNIA","06","STRAWBERRIES, BEARING - APPLICATIONS, MEASURED IN LB / ACRE / YEAR, AVG","CHEMICAL, INSECTICIDE","CHEMICAL, INSECTICIDE: (ABAMECTIN = 122804)",0.025
2021,"YEAR","STATE","CALIFORNIA","06","STRAWBERRIES, BEARING - APPLICATIONS, MEASURED IN LB / ACRE / YEAR, AVG","CHEMICAL, INSECTICIDE","CHEMICAL, INSECTICIDE: (ACEQUINOCYL = 6329)",0.453
2021,"YEAR","STATE","CALIFORNIA","06","STRAWBERRIES, BEARING - APPLICATIONS, MEASURED IN LB / ACRE / YEAR, AVG","CHEMICAL, INSECTICIDE","CHEMICAL, INSECTICIDE: (ACETAMIPRID = 99050)",0.184
2021,"YEAR","STATE","CALIFORNIA","06","STRAWBERRIES, BEARING - APPLICATIONS, MEASURED IN LB / ACRE / YEAR, AVG","CHEMICAL, INSECTICIDE","CHEMICAL, INSECTICIDE: (AZADIRACHTIN = 121701)",0.048
2021,"YEAR","STATE","CALIFORNIA","06","STRAWBERRIES, BEARING - APPLICATIONS, MEASURED IN LB / ACRE / YEAR, AVG","CHEMICAL, INSECTICIDE","CHEMICAL, INSECTICIDE: (BEAUVERIA BASSIANA = 128924)",NA
2021,"YEAR","STATE","CALIFORNIA","06","STRAWBERRIES, BEARING - APPLICATIONS, MEASURED IN LB / ACRE / YEAR, AVG","CHEMICAL, INSECTICIDE","CHEMICAL, INSECTICIDE: (BIFENAZATE = 586)",0.872
2021,"YEAR","STATE","CALIFORNIA","06","STRAWBERRIES, BEARING - APPLICATIONS, MEASURED IN LB / ACRE / YEAR, AVG","CHEMICAL, INSECTICIDE","CHEMICAL, INSECTICIDE: (BIFENTHRIN = 128825)",0.191
2021,"YEAR","STATE","CALIFORNIA","06","STRAWBERRIES, BEARING - APPLICATIONS, MEASURED IN LB / ACRE / YEAR, AVG","CHEMICAL, INSECTICIDE","CHEMICAL, INSECTICIDE: (BT KURSTAK ABTS-1857 = 6523)",NA
2021,"YEAR","STATE","CALIFORNIA","06","STRAWBERRIES, BEARING - APPLICATIONS, MEASURED IN LB / ACRE / YEAR, AVG","CHEMICAL, INSECTICIDE","CHEMICAL, INSECTICIDE: (BT KURSTAKI ABTS-351 = 6522)",NA
2021,"YEAR","STATE","CALIFORNIA","06","STRAWBERRIES, BEARING - APPLICATIONS, MEASURED IN LB / ACRE / YEAR, AVG","CHEMICAL, INSECTICIDE","CHEMICAL, INSECTICIDE: (BT KURSTAKI EG7841 = 6453)",NA
2021,"YEAR","STATE","CALIFORNIA","06","STRAWBERRIES, BEARING - APPLICATIONS, MEASURED IN LB / ACRE / YEAR, AVG","CHEMICAL, INSECTICIDE","CHEMICAL, INSECTICIDE: (BT KURSTAKI SA-11 = 6519)",NA
2021,"YEAR","STATE","CALIFORNIA","06","STRAWBERRIES, BEARING - APPLICATIONS, MEASURED IN LB / ACRE / YEAR, AVG","CHEMICAL, INSECTICIDE","CHEMICAL, INSECTICIDE: (BT SUB AIZAWAI GC-91 = 6426)",NA
2021,"YEAR","STATE","CALIFORNIA","06","STRAWBERRIES, BEARING - APPLICATIONS, MEASURED IN LB / ACRE / YEAR, AVG","CHEMICAL, INSECTICIDE","CHEMICAL, INSECTICIDE: (BUPROFEZIN = 275100)",NA
2021,"YEAR","STATE","CALIFORNIA","06","STRAWBERRIES, BEARING - APPLICATIONS, MEASURED IN LB / ACRE / YEAR, AVG","CHEMICAL, INSECTICIDE","CHEMICAL, INSECTICIDE: (BURKHOLDERIA A396 CELLS & MEDIA = 6534)",NA
2021,"YEAR","STATE","CALIFORNIA","06","STRAWBERRIES, BEARING - APPLICATIONS, MEASURED IN LB / ACRE / YEAR, AVG","CHEMICAL, INSECTICIDE","CHEMICAL, INSECTICIDE: (CANOLA OIL = 11332)",NA
2021,"YEAR","STATE","CALIFORNIA","06","STRAWBERRIES, BEARING - APPLICATIONS, MEASURED IN LB / ACRE / YEAR, AVG","CHEMICAL, INSECTICIDE","CHEMICAL, INSECTICIDE: (CHLORANTRANILIPROLE = 90100)",0.107
2021,"YEAR","STATE","CALIFORNIA","06","STRAWBERRIES, BEARING - APPLICATIONS, MEASURED IN LB / ACRE / YEAR, AVG","CHEMICAL, INSECTICIDE","CHEMICAL, INSECTICIDE: (CHROMOBAC SUBTSUGAE PRAA4-1 CELLS AND SPENT MEDIA = 16329)",NA
2021,"YEAR","STATE","CALIFORNIA","06","STRAWBERRIES, BEARING - APPLICATIONS, MEASURED IN LB / ACRE / YEAR, AVG","CHEMICAL, INSECTICIDE","CHEMICAL, INSECTICIDE: (CYANTRANILIPROLE = 90098)",0.145
2021,"YEAR","STATE","CALIFORNIA","06","STRAWBERRIES, BEARING - APPLICATIONS, MEASURED IN LB / ACRE / YEAR, AVG","CHEMICAL, INSECTICIDE","CHEMICAL, INSECTICIDE: (CYFLUMETOFEN = 138831)",0.283
2021,"YEAR","STATE","CALIFORNIA","06","STRAWBERRIES, BEARING - APPLICATIONS, MEASURED IN LB / ACRE / YEAR, AVG","CHEMICAL, INSECTICIDE","CHEMICAL, INSECTICIDE: (DIAZINON = 57801)",NA
2021,"YEAR","STATE","CALIFORNIA","06","STRAWBERRIES, BEARING - APPLICATIONS, MEASURED IN LB / ACRE / YEAR, AVG","CHEMICAL, INSECTICIDE","CHEMICAL, INSECTICIDE: (ETOXAZOLE = 107091)",NA
2021,"YEAR","STATE","CALIFORNIA","06","STRAWBERRIES, BEARING - APPLICATIONS, MEASURED IN LB / ACRE / YEAR, AVG","CHEMICAL, INSECTICIDE","CHEMICAL, INSECTICIDE: (FENBUTATIN-OXIDE = 104601)",NA
2021,"YEAR","STATE","CALIFORNIA","06","STRAWBERRIES, BEARING - APPLICATIONS, MEASURED IN LB / ACRE / YEAR, AVG","CHEMICAL, INSECTICIDE","CHEMICAL, INSECTICIDE: (FENPROPATHRIN = 127901)",0.251
2021,"YEAR","STATE","CALIFORNIA","06","STRAWBERRIES, BEARING - APPLICATIONS, MEASURED IN LB / ACRE / YEAR, AVG","CHEMICAL, INSECTICIDE","CHEMICAL, INSECTICIDE: (FENPYROXIMATE = 129131)",0.121
2021,"YEAR","STATE","CALIFORNIA","06","STRAWBERRIES, BEARING - APPLICATIONS, MEASURED IN LB / ACRE / YEAR, AVG","CHEMICAL, INSECTICIDE","CHEMICAL, INSECTICIDE: (FLONICAMID = 128016)",0.16
2021,"YEAR","STATE","CALIFORNIA","06","STRAWBERRIES, BEARING - APPLICATIONS, MEASURED IN LB / ACRE / YEAR, AVG","CHEMICAL, INSECTICIDE","CHEMICAL, INSECTICIDE: (FLUPYRADIFURONE = 122304)",0.245
2021,"YEAR","STATE","CALIFORNIA","06","STRAWBERRIES, BEARING - APPLICATIONS, MEASURED IN LB / ACRE / YEAR, AVG","CHEMICAL, INSECTICIDE","CHEMICAL, INSECTICIDE: (HELICOVERPA ZEA NPV = 107300)",NA
2021,"YEAR","STATE","CALIFORNIA","06","STRAWBERRIES, BEARING - APPLICATIONS, MEASURED IN LB / ACRE / YEAR, AVG","CHEMICAL, INSECTICIDE","CHEMICAL, INSECTICIDE: (HEXYTHIAZOX = 128849)",0.253
2021,"YEAR","STATE","CALIFORNIA","06","STRAWBERRIES, BEARING - APPLICATIONS, MEASURED IN LB / ACRE / YEAR, AVG","CHEMICAL, INSECTICIDE","CHEMICAL, INSECTICIDE: (IMIDACLOPRID = 129099)",0.602
2021,"YEAR","STATE","CALIFORNIA","06","STRAWBERRIES, BEARING - APPLICATIONS, MEASURED IN LB / ACRE / YEAR, AVG","CHEMICAL, INSECTICIDE","CHEMICAL, INSECTICIDE: (MALATHION = 57701)",2.443
2021,"YEAR","STATE","CALIFORNIA","06","STRAWBERRIES, BEARING - APPLICATIONS, MEASURED IN LB / ACRE / YEAR, AVG","CHEMICAL, INSECTICIDE","CHEMICAL, INSECTICIDE: (METHOXYFENOZIDE = 121027)",0.219
2021,"YEAR","STATE","CALIFORNIA","06","STRAWBERRIES, BEARING - APPLICATIONS, MEASURED IN LB / ACRE / YEAR, AVG","CHEMICAL, INSECTICIDE","CHEMICAL, INSECTICIDE: (NALED = 34401)",1.076
2021,"YEAR","STATE","CALIFORNIA","06","STRAWBERRIES, BEARING - APPLICATIONS, MEASURED IN LB / ACRE / YEAR, AVG","CHEMICAL, INSECTICIDE","CHEMICAL, INSECTICIDE: (NEEM OIL = 25006)",1.159
2021,"YEAR","STATE","CALIFORNIA","06","STRAWBERRIES, BEARING - APPLICATIONS, MEASURED IN LB / ACRE / YEAR, AVG","CHEMICAL, INSECTICIDE","CHEMICAL, INSECTICIDE: (NEEM OIL, CLAR. HYD. = 25007)",2.57
2021,"YEAR","STATE","CALIFORNIA","06","STRAWBERRIES, BEARING - APPLICATIONS, MEASURED IN LB / ACRE / YEAR, AVG","CHEMICAL, INSECTICIDE","CHEMICAL, INSECTICIDE: (NOVALURON = 124002)",0.168
2021,"YEAR","STATE","CALIFORNIA","06","STRAWBERRIES, BEARING - APPLICATIONS, MEASURED IN LB / ACRE / YEAR, AVG","CHEMICAL, INSECTICIDE","CHEMICAL, INSECTICIDE: (PETROLEUM DISTILLATE = 63503)",NA
2021,"YEAR","STATE","CALIFORNIA","06","STRAWBERRIES, BEARING - APPLICATIONS, MEASURED IN LB / ACRE / YEAR, AVG","CHEMICAL, INSECTICIDE","CHEMICAL, INSECTICIDE: (PIPERONYL BUTOXIDE = 67501)",NA
2021,"YEAR","STATE","CALIFORNIA","06","STRAWBERRIES, BEARING - APPLICATIONS, MEASURED IN LB / ACRE / YEAR, AVG","CHEMICAL, INSECTICIDE","CHEMICAL, INSECTICIDE: (POTASSIUM SALTS = 79021)",NA
2021,"YEAR","STATE","CALIFORNIA","06","STRAWBERRIES, BEARING - APPLICATIONS, MEASURED IN LB / ACRE / YEAR, AVG","CHEMICAL, INSECTICIDE","CHEMICAL, INSECTICIDE: (PYRETHRINS = 69001)",0.067
2021,"YEAR","STATE","CALIFORNIA","06","STRAWBERRIES, BEARING - APPLICATIONS, MEASURED IN LB / ACRE / YEAR, AVG","CHEMICAL, INSECTICIDE","CHEMICAL, INSECTICIDE: (PYRIDABEN = 129105)",NA
2021,"YEAR","STATE","CALIFORNIA","06","STRAWBERRIES, BEARING - APPLICATIONS, MEASURED IN LB / ACRE / YEAR, AVG","CHEMICAL, INSECTICIDE","CHEMICAL, INSECTICIDE: (PYRIPROXYFEN = 129032)",NA
2021,"YEAR","STATE","CALIFORNIA","06","STRAWBERRIES, BEARING - APPLICATIONS, MEASURED IN LB / ACRE / YEAR, AVG","CHEMICAL, INSECTICIDE","CHEMICAL, INSECTICIDE: (SPINETORAM = 110007)",0.117
2021,"YEAR","STATE","CALIFORNIA","06","STRAWBERRIES, BEARING - APPLICATIONS, MEASURED IN LB / ACRE / YEAR, AVG","CHEMICAL, INSECTICIDE","CHEMICAL, INSECTICIDE: (SPINOSAD = 110003)",0.126
2021,"YEAR","STATE","CALIFORNIA","06","STRAWBERRIES, BEARING - APPLICATIONS, MEASURED IN LB / ACRE / YEAR, AVG","CHEMICAL, INSECTICIDE","CHEMICAL, INSECTICIDE: (SPIROMESIFEN = 24875)",0.274
2021,"YEAR","STATE","CALIFORNIA","06","STRAWBERRIES, BEARING - APPLICATIONS, MEASURED IN LB / ACRE / YEAR, AVG","CHEMICAL, INSECTICIDE","CHEMICAL, INSECTICIDE: (THIAMETHOXAM = 60109)",0.088
2021,"YEAR","STATE","CALIFORNIA","06","STRAWBERRIES, BEARING - APPLICATIONS, MEASURED IN LB / ACRE / YEAR, AVG","CHEMICAL, OTHER","CHEMICAL, OTHER: (ACIBENZOLAR-S-METHYL = 61402)",NA
2021,"YEAR","STATE","CALIFORNIA","06","STRAWBERRIES, BEARING - APPLICATIONS, MEASURED IN LB / ACRE / YEAR, AVG","CHEMICAL, OTHER","CHEMICAL, OTHER: (CAPRIC ACID = 128955)",NA
2021,"YEAR","STATE","CALIFORNIA","06","STRAWBERRIES, BEARING - APPLICATIONS, MEASURED IN LB / ACRE / YEAR, AVG","CHEMICAL, OTHER","CHEMICAL, OTHER: (CAPRYLIC ACID = 128919)",NA
2021,"YEAR","STATE","CALIFORNIA","06","STRAWBERRIES, BEARING - APPLICATIONS, MEASURED IN LB / ACRE / YEAR, AVG","CHEMICAL, OTHER","CHEMICAL, OTHER: (CAPSICUM OLEORESIN EXTRACT = 70704)",NA
2021,"YEAR","STATE","CALIFORNIA","06","STRAWBERRIES, BEARING - APPLICATIONS, MEASURED IN LB / ACRE / YEAR, AVG","CHEMICAL, OTHER","CHEMICAL, OTHER: (CHLOROPICRIN = 81501)",221.399
2021,"YEAR","STATE","CALIFORNIA","06","STRAWBERRIES, BEARING - APPLICATIONS, MEASURED IN LB / ACRE / YEAR, AVG","CHEMICAL, OTHER","CHEMICAL, OTHER: (DICHLOROPROPENE = 29001)",77.467
2021,"YEAR","STATE","CALIFORNIA","06","STRAWBERRIES, BEARING - APPLICATIONS, MEASURED IN LB / ACRE / YEAR, AVG","CHEMICAL, OTHER","CHEMICAL, OTHER: (FLUTRIAFOL = 128940)",0.186
2021,"YEAR","STATE","CALIFORNIA","06","STRAWBERRIES, BEARING - APPLICATIONS, MEASURED IN LB / ACRE / YEAR, AVG","CHEMICAL, OTHER","CHEMICAL, OTHER: (GARLIC OIL = 128827)",NA
2021,"YEAR","STATE","CALIFORNIA","06","STRAWBERRIES, BEARING - APPLICATIONS, MEASURED IN LB / ACRE / YEAR, AVG","CHEMICAL, OTHER","CHEMICAL, OTHER: (HYDROGEN PEROXIDE = 595)",4.631
2021,"YEAR","STATE","CALIFORNIA","06","STRAWBERRIES, BEARING - APPLICATIONS, MEASURED IN LB / ACRE / YEAR, AVG","CHEMICAL, OTHER","CHEMICAL, OTHER: (IRON PHOSPHATE = 34903)",NA
2021,"YEAR","STATE","CALIFORNIA","06","STRAWBERRIES, BEARING - APPLICATIONS, MEASURED IN LB / ACRE / YEAR, AVG","CHEMICAL, OTHER","CHEMICAL, OTHER: (METAM-POTASSIUM = 39002)",281.989
2021,"YEAR","STATE","CALIFORNIA","06","STRAWBERRIES, BEARING - APPLICATIONS, MEASURED IN LB / ACRE / YEAR, AVG","CHEMICAL, OTHER","CHEMICAL, OTHER: (MINERAL OIL = 63502)",NA
2021,"YEAR","STATE","CALIFORNIA","06","STRAWBERRIES, BEARING - APPLICATIONS, MEASURED IN LB / ACRE / YEAR, AVG","CHEMICAL, OTHER","CHEMICAL, OTHER: (PAECILOMYCES FUMOSOR = 115002)",NA
2021,"YEAR","STATE","CALIFORNIA","06","STRAWBERRIES, BEARING - APPLICATIONS, MEASURED IN LB / ACRE / YEAR, AVG","CHEMICAL, OTHER","CHEMICAL, OTHER: (PEROXYACETIC ACID = 63201)",0.958
2021,"YEAR","STATE","CALIFORNIA","06","STRAWBERRIES, BEARING - APPLICATIONS, MEASURED IN LB / ACRE / YEAR, AVG","CHEMICAL, OTHER","CHEMICAL, OTHER: (POTASSIUM SILICATE = 72606)",NA
2021,"YEAR","STATE","CALIFORNIA","06","STRAWBERRIES, BEARING - APPLICATIONS, MEASURED IN LB / ACRE / YEAR, AVG","CHEMICAL, OTHER","CHEMICAL, OTHER: (PSEUDOMONAS CHLORORAPHIS STRAIN AFS009 = 6800)",NA
2021,"YEAR","STATE","CALIFORNIA","06","STRAWBERRIES, BEARING - APPLICATIONS, MEASURED IN LB / ACRE / YEAR, AVG","CHEMICAL, OTHER","CHEMICAL, OTHER: (REYNOUTRIA SACHALINE = 55809)",0.266
2021,"YEAR","STATE","CALIFORNIA","06","STRAWBERRIES, BEARING - APPLICATIONS, MEASURED IN NUMBER, AVG","CHEMICAL, FUNGICIDE","CHEMICAL, FUNGICIDE: (AZOXYSTROBIN = 128810)",1.1
2021,"YEAR","STATE","CALIFORNIA","06","STRAWBERRIES, BEARING - APPLICATIONS, MEASURED IN NUMBER, AVG","CHEMICAL, FUNGICIDE","CHEMICAL, FUNGICIDE: (BACILLUS AMYLOLIQUEFAC F727 = 16489)",NA
2021,"YEAR","STATE","CALIFORNIA","06","STRAWBERRIES, BEARING - APPLICATIONS, MEASURED IN NUMBER, AVG","CHEMICAL, FUNGICIDE","CHEMICAL, FUNGICIDE: (BACILLUS AMYLOLIQUEFACIENS MBI 600 = 129082)",NA
2021,"YEAR","STATE","CALIFORNIA","06","STRAWBERRIES, BEARING - APPLICATIONS, MEASURED IN NUMBER, AVG","CHEMICAL, FUNGICIDE","CHEMICAL, FUNGICIDE: (BACILLUS AMYLOLIQUEFACIENS STRAIN D747 = 16482)",1.6
2021,"YEAR","STATE","CALIFORNIA","06","STRAWBERRIES, BEARING - APPLICATIONS, MEASURED IN NUMBER, AVG","CHEMICAL, FUNGICIDE","CHEMICAL, FUNGICIDE: (BACILLUS PUMILUS = 6485)",NA
2021,"YEAR","STATE","CALIFORNIA","06","STRAWBERRIES, BEARING - APPLICATIONS, MEASURED IN NUMBER, AVG","CHEMICAL, FUNGICIDE","CHEMICAL, FUNGICIDE: (BACILLUS SUBTILIS = 6479)",1.3
2021,"YEAR","STATE","CALIFORNIA","06","STRAWBERRIES, BEARING - APPLICATIONS, MEASURED IN NUMBER, AVG","CHEMICAL, FUNGICIDE","CHEMICAL, FUNGICIDE: (BLAD = 30006)",NA
2021,"YEAR","STATE","CALIFORNIA","06","STRAWBERRIES, BEARING - APPLICATIONS, MEASURED IN NUMBER, AVG","CHEMICAL, FUNGICIDE","CHEMICAL, FUNGICIDE: (BORAX DECAHYDRATE = 11102)",1.3
2021,"YEAR","STATE","CALIFORNIA","06","STRAWBERRIES, BEARING - APPLICATIONS, MEASURED IN NUMBER, AVG","CHEMICAL, FUNGICIDE","CHEMICAL, FUNGICIDE: (BOSCALID = 128008)",1.4
2021,"YEAR","STATE","CALIFORNIA","06","STRAWBERRIES, BEARING - APPLICATIONS, MEASURED IN NUMBER, AVG","CHEMICAL, FUNGICIDE","CHEMICAL, FUNGICIDE: (BT SUBSP KURSTAKI EVB-113-19 = 6544)",NA
2021,"YEAR","STATE","CALIFORNIA","06","STRAWBERRIES, BEARING - APPLICATIONS, MEASURED IN NUMBER, AVG","CHEMICAL, FUNGICIDE","CHEMICAL, FUNGICIDE: (CAPTAN = 81301)",8.6
2021,"YEAR","STATE","CALIFORNIA","06","STRAWBERRIES, BEARING - APPLICATIONS, MEASURED IN NUMBER, AVG","CHEMICAL, FUNGICIDE","CHEMICAL, FUNGICIDE: (COPPER OCTANOATE = 23306)",NA
2021,"YEAR","STATE","CALIFORNIA","06","STRAWBERRIES, BEARING - APPLICATIONS, MEASURED IN NUMBER, AVG","CHEMICAL, FUNGICIDE","CHEMICAL, FUNGICIDE: (CYFLUFENAMID = 555550)",1.3
2021,"YEAR","STATE","CALIFORNIA","06","STRAWBERRIES, BEARING - APPLICATIONS, MEASURED IN NUMBER, AVG","CHEMICAL, FUNGICIDE","CHEMICAL, FUNGICIDE: (CYPRODINIL = 288202)",1.8
2021,"YEAR","STATE","CALIFORNIA","06","STRAWBERRIES, BEARING - APPLICATIONS, MEASURED IN NUMBER, AVG","CHEMICAL, FUNGICIDE","CHEMICAL, FUNGICIDE: (DIFENOCONAZOLE = 128847)",NA
2021,"YEAR","STATE","CALIFORNIA","06","STRAWBERRIES, BEARING - APPLICATIONS, MEASURED IN NUMBER, AVG","CHEMICAL, FUNGICIDE","CHEMICAL, FUNGICIDE: (FENHEXAMID = 90209)",1.6
2021,"YEAR","STATE","CALIFORNIA","06","STRAWBERRIES, BEARING - APPLICATIONS, MEASURED IN NUMBER, AVG","CHEMICAL, FUNGICIDE","CHEMICAL, FUNGICIDE: (FLUDIOXONIL = 71503)",1.8
2021,"YEAR","STATE","CALIFORNIA","06","STRAWBERRIES, BEARING - APPLICATIONS, MEASURED IN NUMBER, AVG","CHEMICAL, FUNGICIDE","CHEMICAL, FUNGICIDE: (FLUOPYRAM = 80302)",2
2021,"YEAR","STATE","CALIFORNIA","06","STRAWBERRIES, BEARING - APPLICATIONS, MEASURED IN NUMBER, AVG","CHEMICAL, FUNGICIDE","CHEMICAL, FUNGICIDE: (FLUXAPYROXAD = 138009)",1.2
2021,"YEAR","STATE","CALIFORNIA","06","STRAWBERRIES, BEARING - APPLICATIONS, MEASURED IN NUMBER, AVG","CHEMICAL, FUNGICIDE","CHEMICAL, FUNGICIDE: (FOSETYL-AL = 123301)",NA
2021,"YEAR","STATE","CALIFORNIA","06","STRAWBERRIES, BEARING - APPLICATIONS, MEASURED IN NUMBER, AVG","CHEMICAL, FUNGICIDE","CHEMICAL, FUNGICIDE: (ISOFETAMID = 270000)",NA
2021,"YEAR","STATE","CALIFORNIA","06","STRAWBERRIES, BEARING - APPLICATIONS, MEASURED IN NUMBER, AVG","CHEMICAL, FUNGICIDE","CHEMICAL, FUNGICIDE: (MEFENOXAM = 113502)",1.2
2021,"YEAR","STATE","CALIFORNIA","06","STRAWBERRIES, BEARING - APPLICATIONS, MEASURED IN NUMBER, AVG","CHEMICAL, FUNGICIDE","CHEMICAL, FUNGICIDE: (MONO-POTASSIUM SALT = 76416)",NA
2021,"YEAR","STATE","CALIFORNIA","06","STRAWBERRIES, BEARING - APPLICATIONS, MEASURED IN NUMBER, AVG","CHEMICAL, FUNGICIDE","CHEMICAL, FUNGICIDE: (MYCLOBUTANIL = 128857)",2.3
2021,"YEAR","STATE","CALIFORNIA","06","STRAWBERRIES, BEARING - APPLICATIONS, MEASURED IN NUMBER, AVG","CHEMICAL, FUNGICIDE","CHEMICAL, FUNGICIDE: (PENTHIOPYRAD = 90112)",1.3
2021,"YEAR","STATE","CALIFORNIA","06","STRAWBERRIES, BEARING - APPLICATIONS, MEASURED IN NUMBER, AVG","CHEMICAL, FUNGICIDE","CHEMICAL, FUNGICIDE: (POLYOXIN D ZINC SALT = 230000)",1.9
2021,"YEAR","STATE","CALIFORNIA","06","STRAWBERRIES, BEARING - APPLICATIONS, MEASURED IN NUMBER, AVG","CHEMICAL, FUNGICIDE","CHEMICAL, FUNGICIDE: (POTASSIUM BICARBON. = 73508)",5
2021,"YEAR","STATE","CALIFORNIA","06","STRAWBERRIES, BEARING - APPLICATIONS, MEASURED IN NUMBER, AVG","CHEMICAL, FUNGICIDE","CHEMICAL, FUNGICIDE: (PROPICONAZOLE = 122101)",1.2
2021,"YEAR","STATE","CALIFORNIA","06","STRAWBERRIES, BEARING - APPLICATIONS, MEASURED IN NUMBER, AVG","CHEMICAL, FUNGICIDE","CHEMICAL, FUNGICIDE: (PYRACLOSTROBIN = 99100)",1.3
2021,"YEAR","STATE","CALIFORNIA","06","STRAWBERRIES, BEARING - APPLICATIONS, MEASURED IN NUMBER, AVG","CHEMICAL, FUNGICIDE","CHEMICAL, FUNGICIDE: (PYRIMETHANIL = 288201)",1.4
2021,"YEAR","STATE","CALIFORNIA","06","STRAWBERRIES, BEARING - APPLICATIONS, MEASURED IN NUMBER, AVG","CHEMICAL, FUNGICIDE","CHEMICAL, FUNGICIDE: (QUINOLINE = 55459)",1.4
2021,"YEAR","STATE","CALIFORNIA","06","STRAWBERRIES, BEARING - APPLICATIONS, MEASURED IN NUMBER, AVG","CHEMICAL, FUNGICIDE","CHEMICAL, FUNGICIDE: (STREPTOMYCES LYDICUS = 6327)",NA
2021,"YEAR","STATE","CALIFORNIA","06","STRAWBERRIES, BEARING - APPLICATIONS, MEASURED IN NUMBER, AVG","CHEMICAL, FUNGICIDE","CHEMICAL, FUNGICIDE: (SULFUR = 77501)",4.6
2021,"YEAR","STATE","CALIFORNIA","06","STRAWBERRIES, BEARING - APPLICATIONS, MEASURED IN NUMBER, AVG","CHEMICAL, FUNGICIDE","CHEMICAL, FUNGICIDE: (TETRACONAZOLE = 120603)",1.5
2021,"YEAR","STATE","CALIFORNIA","06","STRAWBERRIES, BEARING - APPLICATIONS, MEASURED IN NUMBER, AVG","CHEMICAL, FUNGICIDE","CHEMICAL, FUNGICIDE: (THIOPHANATE-METHYL = 102001)",1.2
2021,"YEAR","STATE","CALIFORNIA","06","STRAWBERRIES, BEARING - APPLICATIONS, MEASURED IN NUMBER, AVG","CHEMICAL, FUNGICIDE","CHEMICAL, FUNGICIDE: (THIRAM = 79801)",2.3
2021,"YEAR","STATE","CALIFORNIA","06","STRAWBERRIES, BEARING - APPLICATIONS, MEASURED IN NUMBER, AVG","CHEMICAL, FUNGICIDE","CHEMICAL, FUNGICIDE: (TRIFLOXYSTROBIN = 129112)",2
2021,"YEAR","STATE","CALIFORNIA","06","STRAWBERRIES, BEARING - APPLICATIONS, MEASURED IN NUMBER, AVG","CHEMICAL, FUNGICIDE","CHEMICAL, FUNGICIDE: (TRIFLUMIZOLE = 128879)",1.8
2021,"YEAR","STATE","CALIFORNIA","06","STRAWBERRIES, BEARING - APPLICATIONS, MEASURED IN NUMBER, AVG","CHEMICAL, HERBICIDE","CHEMICAL, HERBICIDE: (CARFENTRAZONE-ETHYL = 128712)",NA
2021,"YEAR","STATE","CALIFORNIA","06","STRAWBERRIES, BEARING - APPLICATIONS, MEASURED IN NUMBER, AVG","CHEMICAL, HERBICIDE","CHEMICAL, HERBICIDE: (FLUMIOXAZIN = 129034)",1.2
2021,"YEAR","STATE","CALIFORNIA","06","STRAWBERRIES, BEARING - APPLICATIONS, MEASURED IN NUMBER, AVG","CHEMICAL, HERBICIDE","CHEMICAL, HERBICIDE: (GLYPHOSATE ISO. SALT = 103601)",NA
2021,"YEAR","STATE","CALIFORNIA","06","STRAWBERRIES, BEARING - APPLICATIONS, MEASURED IN NUMBER, AVG","CHEMICAL, HERBICIDE","CHEMICAL, HERBICIDE: (GLYPHOSATE POT. SALT = 103613)",NA
2021,"YEAR","STATE","CALIFORNIA","06","STRAWBERRIES, BEARING - APPLICATIONS, MEASURED IN NUMBER, AVG","CHEMICAL, HERBICIDE","CHEMICAL, HERBICIDE: (NAPROPAMIDE = 103001)",NA
2021,"YEAR","STATE","CALIFORNIA","06","STRAWBERRIES, BEARING - APPLICATIONS, MEASURED IN NUMBER, AVG","CHEMICAL, HERBICIDE","CHEMICAL, HERBICIDE: (OXYFLUORFEN = 111601)",1.3
2021,"YEAR","STATE","CALIFORNIA","06","STRAWBERRIES, BEARING - APPLICATIONS, MEASURED IN NUMBER, AVG","CHEMICAL, HERBICIDE","CHEMICAL, HERBICIDE: (PARAQUAT = 61601)",NA
2021,"YEAR","STATE","CALIFORNIA","06","STRAWBERRIES, BEARING - APPLICATIONS, MEASURED IN NUMBER, AVG","CHEMICAL, HERBICIDE","CHEMICAL, HERBICIDE: (PENDIMETHALIN = 108501)",1
2021,"YEAR","STATE","CALIFORNIA","06","STRAWBERRIES, BEARING - APPLICATIONS, MEASURED IN NUMBER, AVG","CHEMICAL, INSECTICIDE","CHEMICAL, INSECTICIDE: (ABAMECTIN = 122804)",1.4
2021,"YEAR","STATE","CALIFORNIA","06","STRAWBERRIES, BEARING - APPLICATIONS, MEASURED IN NUMBER, AVG","CHEMICAL, INSECTICIDE","CHEMICAL, INSECTICIDE: (ACEQUINOCYL = 6329)",1.5
2021,"YEAR","STATE","CALIFORNIA","06","STRAWBERRIES, BEARING - APPLICATIONS, MEASURED IN NUMBER, AVG","CHEMICAL, INSECTICIDE","CHEMICAL, INSECTICIDE: (ACETAMIPRID = 99050)",1.3
2021,"YEAR","STATE","CALIFORNIA","06","STRAWBERRIES, BEARING - APPLICATIONS, MEASURED IN NUMBER, AVG","CHEMICAL, INSECTICIDE","CHEMICAL, INSECTICIDE: (AZADIRACHTIN = 121701)",1.6
2021,"YEAR","STATE","CALIFORNIA","06","STRAWBERRIES, BEARING - APPLICATIONS, MEASURED IN NUMBER, AVG","CHEMICAL, INSECTICIDE","CHEMICAL, INSECTICIDE: (BEAUVERIA BASSIANA = 128924)",NA
2021,"YEAR","STATE","CALIFORNIA","06","STRAWBERRIES, BEARING - APPLICATIONS, MEASURED IN NUMBER, AVG","CHEMICAL, INSECTICIDE","CHEMICAL, INSECTICIDE: (BIFENAZATE = 586)",1.7
2021,"YEAR","STATE","CALIFORNIA","06","STRAWBERRIES, BEARING - APPLICATIONS, MEASURED IN NUMBER, AVG","CHEMICAL, INSECTICIDE","CHEMICAL, INSECTICIDE: (BIFENTHRIN = 128825)",1.6
2021,"YEAR","STATE","CALIFORNIA","06","STRAWBERRIES, BEARING - APPLICATIONS, MEASURED IN NUMBER, AVG","CHEMICAL, INSECTICIDE","CHEMICAL, INSECTICIDE: (BT KURSTAK ABTS-1857 = 6523)",1.5
2021,"YEAR","STATE","CALIFORNIA","06","STRAWBERRIES, BEARING - APPLICATIONS, MEASURED IN NUMBER, AVG","CHEMICAL, INSECTICIDE","CHEMICAL, INSECTICIDE: (BT KURSTAKI ABTS-351 = 6522)",2
2021,"YEAR","STATE","CALIFORNIA","06","STRAWBERRIES, BEARING - APPLICATIONS, MEASURED IN NUMBER, AVG","CHEMICAL, INSECTICIDE","CHEMICAL, INSECTICIDE: (BT KURSTAKI EG7841 = 6453)",NA
2021,"YEAR","STATE","CALIFORNIA","06","STRAWBERRIES, BEARING - APPLICATIONS, MEASURED IN NUMBER, AVG","CHEMICAL, INSECTICIDE","CHEMICAL, INSECTICIDE: (BT KURSTAKI SA-11 = 6519)",1.7
2021,"YEAR","STATE","CALIFORNIA","06","STRAWBERRIES, BEARING - APPLICATIONS, MEASURED IN NUMBER, AVG","CHEMICAL, INSECTICIDE","CHEMICAL, INSECTICIDE: (BT SUB AIZAWAI GC-91 = 6426)",NA
2021,"YEAR","STATE","CALIFORNIA","06","STRAWBERRIES, BEARING - APPLICATIONS, MEASURED IN NUMBER, AVG","CHEMICAL, INSECTICIDE","CHEMICAL, INSECTICIDE: (BUPROFEZIN = 275100)",NA
2021,"YEAR","STATE","CALIFORNIA","06","STRAWBERRIES, BEARING - APPLICATIONS, MEASURED IN NUMBER, AVG","CHEMICAL, INSECTICIDE","CHEMICAL, INSECTICIDE: (BURKHOLDERIA A396 CELLS & MEDIA = 6534)",NA
2021,"YEAR","STATE","CALIFORNIA","06","STRAWBERRIES, BEARING - APPLICATIONS, MEASURED IN NUMBER, AVG","CHEMICAL, INSECTICIDE","CHEMICAL, INSECTICIDE: (CANOLA OIL = 11332)",NA
2021,"YEAR","STATE","CALIFORNIA","06","STRAWBERRIES, BEARING - APPLICATIONS, MEASURED IN NUMBER, AVG","CHEMICAL, INSECTICIDE","CHEMICAL, INSECTICIDE: (CHLORANTRANILIPROLE = 90100)",1.6
2021,"YEAR","STATE","CALIFORNIA","06","STRAWBERRIES, BEARING - APPLICATIONS, MEASURED IN NUMBER, AVG","CHEMICAL, INSECTICIDE","CHEMICAL, INSECTICIDE: (CHROMOBAC SUBTSUGAE PRAA4-1 CELLS AND SPENT MEDIA = 16329)",1.9
2021,"YEAR","STATE","CALIFORNIA","06","STRAWBERRIES, BEARING - APPLICATIONS, MEASURED IN NUMBER, AVG","CHEMICAL, INSECTICIDE","CHEMICAL, INSECTICIDE: (CYANTRANILIPROLE = 90098)",1.3
2021,"YEAR","STATE","CALIFORNIA","06","STRAWBERRIES, BEARING - APPLICATIONS, MEASURED IN NUMBER, AVG","CHEMICAL, INSECTICIDE","CHEMICAL, INSECTICIDE: (CYFLUMETOFEN = 138831)",1.6
2021,"YEAR","STATE","CALIFORNIA","06","STRAWBERRIES, BEARING - APPLICATIONS, MEASURED IN NUMBER, AVG","CHEMICAL, INSECTICIDE","CHEMICAL, INSECTICIDE: (DIAZINON = 57801)",NA
2021,"YEAR","STATE","CALIFORNIA","06","STRAWBERRIES, BEARING - APPLICATIONS, MEASURED IN NUMBER, AVG","CHEMICAL, INSECTICIDE","CHEMICAL, INSECTICIDE: (ETOXAZOLE = 107091)",NA
2021,"YEAR","STATE","CALIFORNIA","06","STRAWBERRIES, BEARING - APPLICATIONS, MEASURED IN NUMBER, AVG","CHEMICAL, INSECTICIDE","CHEMICAL, INSECTICIDE: (FENBUTATIN-OXIDE = 104601)",NA
2021,"YEAR","STATE","CALIFORNIA","06","STRAWBERRIES, BEARING - APPLICATIONS, MEASURED IN NUMBER, AVG","CHEMICAL, INSECTICIDE","CHEMICAL, INSECTICIDE: (FENPROPATHRIN = 127901)",1.1
2021,"YEAR","STATE","CALIFORNIA","06","STRAWBERRIES, BEARING - APPLICATIONS, MEASURED IN NUMBER, AVG","CHEMICAL, INSECTICIDE","CHEMICAL, INSECTICIDE: (FENPYROXIMATE = 129131)",1.1
2021,"YEAR","STATE","CALIFORNIA","06","STRAWBERRIES, BEARING - APPLICATIONS, MEASURED IN NUMBER, AVG","CHEMICAL, INSECTICIDE","CHEMICAL, INSECTICIDE: (FLONICAMID = 128016)",1.8
2021,"YEAR","STATE","CALIFORNIA","06","STRAWBERRIES, BEARING - APPLICATIONS, MEASURED IN NUMBER, AVG","CHEMICAL, INSECTICIDE","CHEMICAL, INSECTICIDE: (FLUPYRADIFURONE = 122304)",1.4
2021,"YEAR","STATE","CALIFORNIA","06","STRAWBERRIES, BEARING - APPLICATIONS, MEASURED IN NUMBER, AVG","CHEMICAL, INSECTICIDE","CHEMICAL, INSECTICIDE: (HELICOVERPA ZEA NPV = 107300)",NA
2021,"YEAR","STATE","CALIFORNIA","06","STRAWBERRIES, BEARING - APPLICATIONS, MEASURED IN NUMBER, AVG","CHEMICAL, INSECTICIDE","CHEMICAL, INSECTICIDE: (HEXYTHIAZOX = 128849)",1.2
2021,"YEAR","STATE","CALIFORNIA","06","STRAWBERRIES, BEARING - APPLICATIONS, MEASURED IN NUMBER, AVG","CHEMICAL, INSECTICIDE","CHEMICAL, INSECTICIDE: (IMIDACLOPRID = 129099)",1.2
2021,"YEAR","STATE","CALIFORNIA","06","STRAWBERRIES, BEARING - APPLICATIONS, MEASURED IN NUMBER, AVG","CHEMICAL, INSECTICIDE","CHEMICAL, INSECTICIDE: (MALATHION = 57701)",1.2
2021,"YEAR","STATE","CALIFORNIA","06","STRAWBERRIES, BEARING - APPLICATIONS, MEASURED IN NUMBER, AVG","CHEMICAL, INSECTICIDE","CHEMICAL, INSECTICIDE: (METHOXYFENOZIDE = 121027)",1.3
2021,"YEAR","STATE","CALIFORNIA","06","STRAWBERRIES, BEARING - APPLICATIONS, MEASURED IN NUMBER, AVG","CHEMICAL, INSECTICIDE","CHEMICAL, INSECTICIDE: (NALED = 34401)",1.2
2021,"YEAR","STATE","CALIFORNIA","06","STRAWBERRIES, BEARING - APPLICATIONS, MEASURED IN NUMBER, AVG","CHEMICAL, INSECTICIDE","CHEMICAL, INSECTICIDE: (NEEM OIL = 25006)",1.5
2021,"YEAR","STATE","CALIFORNIA","06","STRAWBERRIES, BEARING - APPLICATIONS, MEASURED IN NUMBER, AVG","CHEMICAL, INSECTICIDE","CHEMICAL, INSECTICIDE: (NEEM OIL, CLAR. HYD. = 25007)",1.2
2021,"YEAR","STATE","CALIFORNIA","06","STRAWBERRIES, BEARING - APPLICATIONS, MEASURED IN NUMBER, AVG","CHEMICAL, INSECTICIDE","CHEMICAL, INSECTICIDE: (NOVALURON = 124002)",2.2
2021,"YEAR","STATE","CALIFORNIA","06","STRAWBERRIES, BEARING - APPLICATIONS, MEASURED IN NUMBER, AVG","CHEMICAL, INSECTICIDE","CHEMICAL, INSECTICIDE: (PETROLEUM DISTILLATE = 63503)",NA
2021,"YEAR","STATE","CALIFORNIA","06","STRAWBERRIES, BEARING - APPLICATIONS, MEASURED IN NUMBER, AVG","CHEMICAL, INSECTICIDE","CHEMICAL, INSECTICIDE: (PIPERONYL BUTOXIDE = 67501)",NA
2021,"YEAR","STATE","CALIFORNIA","06","STRAWBERRIES, BEARING - APPLICATIONS, MEASURED IN NUMBER, AVG","CHEMICAL, INSECTICIDE","CHEMICAL, INSECTICIDE: (POTASSIUM SALTS = 79021)",NA
2021,"YEAR","STATE","CALIFORNIA","06","STRAWBERRIES, BEARING - APPLICATIONS, MEASURED IN NUMBER, AVG","CHEMICAL, INSECTICIDE","CHEMICAL, INSECTICIDE: (PYRETHRINS = 69001)",1.6
2021,"YEAR","STATE","CALIFORNIA","06","STRAWBERRIES, BEARING - APPLICATIONS, MEASURED IN NUMBER, AVG","CHEMICAL, INSECTICIDE","CHEMICAL, INSECTICIDE: (PYRIDABEN = 129105)",NA
2021,"YEAR","STATE","CALIFORNIA","06","STRAWBERRIES, BEARING - APPLICATIONS, MEASURED IN NUMBER, AVG","CHEMICAL, INSECTICIDE","CHEMICAL, INSECTICIDE: (PYRIPROXYFEN = 129032)",NA
2021,"YEAR","STATE","CALIFORNIA","06","STRAWBERRIES, BEARING - APPLICATIONS, MEASURED IN NUMBER, AVG","CHEMICAL, INSECTICIDE","CHEMICAL, INSECTICIDE: (SPINETORAM = 110007)",1.5
2021,"YEAR","STATE","CALIFORNIA","06","STRAWBERRIES, BEARING - APPLICATIONS, MEASURED IN NUMBER, AVG","CHEMICAL, INSECTICIDE","CHEMICAL, INSECTICIDE: (SPINOSAD = 110003)",1.3
2021,"YEAR","STATE","CALIFORNIA","06","STRAWBERRIES, BEARING - APPLICATIONS, MEASURED IN NUMBER, AVG","CHEMICAL, INSECTICIDE","CHEMICAL, INSECTICIDE: (SPIROMESIFEN = 24875)",1.1
2021,"YEAR","STATE","CALIFORNIA","06","STRAWBERRIES, BEARING - APPLICATIONS, MEASURED IN NUMBER, AVG","CHEMICAL, INSECTICIDE","CHEMICAL, INSECTICIDE: (THIAMETHOXAM = 60109)",1.4
2021,"YEAR","STATE","CALIFORNIA","06","STRAWBERRIES, BEARING - APPLICATIONS, MEASURED IN NUMBER, AVG","CHEMICAL, OTHER","CHEMICAL, OTHER: (ACIBENZOLAR-S-METHYL = 61402)",NA
2021,"YEAR","STATE","CALIFORNIA","06","STRAWBERRIES, BEARING - APPLICATIONS, MEASURED IN NUMBER, AVG","CHEMICAL, OTHER","CHEMICAL, OTHER: (CAPRIC ACID = 128955)",NA
2021,"YEAR","STATE","CALIFORNIA","06","STRAWBERRIES, BEARING - APPLICATIONS, MEASURED IN NUMBER, AVG","CHEMICAL, OTHER","CHEMICAL, OTHER: (CAPRYLIC ACID = 128919)",NA
2021,"YEAR","STATE","CALIFORNIA","06","STRAWBERRIES, BEARING - APPLICATIONS, MEASURED IN NUMBER, AVG","CHEMICAL, OTHER","CHEMICAL, OTHER: (CAPSICUM OLEORESIN EXTRACT = 70704)",NA
2021,"YEAR","STATE","CALIFORNIA","06","STRAWBERRIES, BEARING - APPLICATIONS, MEASURED IN NUMBER, AVG","CHEMICAL, OTHER","CHEMICAL, OTHER: (CHLOROPICRIN = 81501)",1.1
2021,"YEAR","STATE","CALIFORNIA","06","STRAWBERRIES, BEARING - APPLICATIONS, MEASURED IN NUMBER, AVG","CHEMICAL, OTHER","CHEMICAL, OTHER: (DICHLOROPROPENE = 29001)",1.1
2021,"YEAR","STATE","CALIFORNIA","06","STRAWBERRIES, BEARING - APPLICATIONS, MEASURED IN NUMBER, AVG","CHEMICAL, OTHER","CHEMICAL, OTHER: (FLUTRIAFOL = 128940)",1.6
2021,"YEAR","STATE","CALIFORNIA","06","STRAWBERRIES, BEARING - APPLICATIONS, MEASURED IN NUMBER, AVG","CHEMICAL, OTHER","CHEMICAL, OTHER: (GARLIC OIL = 128827)",NA
2021,"YEAR","STATE","CALIFORNIA","06","STRAWBERRIES, BEARING - APPLICATIONS, MEASURED IN NUMBER, AVG","CHEMICAL, OTHER","CHEMICAL, OTHER: (HYDROGEN PEROXIDE = 595)",2
2021,"YEAR","STATE","CALIFORNIA","06","STRAWBERRIES, BEARING - APPLICATIONS, MEASURED IN NUMBER, AVG","CHEMICAL, OTHER","CHEMICAL, OTHER: (IRON PHOSPHATE = 34903)",NA
2021,"YEAR","STATE","CALIFORNIA","06","STRAWBERRIES, BEARING - APPLICATIONS, MEASURED IN NUMBER, AVG","CHEMICAL, OTHER","CHEMICAL, OTHER: (METAM-POTASSIUM = 39002)",1.2
2021,"YEAR","STATE","CALIFORNIA","06","STRAWBERRIES, BEARING - APPLICATIONS, MEASURED IN NUMBER, AVG","CHEMICAL, OTHER","CHEMICAL, OTHER: (MINERAL OIL = 63502)",NA
2021,"YEAR","STATE","CALIFORNIA","06","STRAWBERRIES, BEARING - APPLICATIONS, MEASURED IN NUMBER, AVG","CHEMICAL, OTHER","CHEMICAL, OTHER: (PAECILOMYCES FUMOSOR = 115002)",NA
2021,"YEAR","STATE","CALIFORNIA","06","STRAWBERRIES, BEARING - APPLICATIONS, MEASURED IN NUMBER, AVG","CHEMICAL, OTHER","CHEMICAL, OTHER: (PEROXYACETIC ACID = 63201)",2
2021,"YEAR","STATE","CALIFORNIA","06","STRAWBERRIES, BEARING - APPLICATIONS, MEASURED IN NUMBER, AVG","CHEMICAL, OTHER","CHEMICAL, OTHER: (POTASSIUM SILICATE = 72606)",NA
2021,"YEAR","STATE","CALIFORNIA","06","STRAWBERRIES, BEARING - APPLICATIONS, MEASURED IN NUMBER, AVG","CHEMICAL, OTHER","CHEMICAL, OTHER: (PSEUDOMONAS CHLORORAPHIS STRAIN AFS009 = 6800)",NA
2021,"YEAR","STATE","CALIFORNIA","06","STRAWBERRIES, BEARING - APPLICATIONS, MEASURED IN NUMBER, AVG","CHEMICAL, OTHER","CHEMICAL, OTHER: (REYNOUTRIA SACHALINE = 55809)",1.3
2021,"YEAR","STATE","CALIFORNIA","06","STRAWBERRIES, BEARING - TREATED, MEASURED IN PCT OF AREA BEARING, AVG","CHEMICAL, FUNGICIDE","CHEMICAL, FUNGICIDE: (AZOXYSTROBIN = 128810)",18
2021,"YEAR","STATE","CALIFORNIA","06","STRAWBERRIES, BEARING - TREATED, MEASURED IN PCT OF AREA BEARING, AVG","CHEMICAL, FUNGICIDE","CHEMICAL, FUNGICIDE: (BACILLUS AMYLOLIQUEFAC F727 = 16489)",NA
2021,"YEAR","STATE","CALIFORNIA","06","STRAWBERRIES, BEARING - TREATED, MEASURED IN PCT OF AREA BEARING, AVG","CHEMICAL, FUNGICIDE","CHEMICAL, FUNGICIDE: (BACILLUS AMYLOLIQUEFACIENS MBI 600 = 129082)",NA
2021,"YEAR","STATE","CALIFORNIA","06","STRAWBERRIES, BEARING - TREATED, MEASURED IN PCT OF AREA BEARING, AVG","CHEMICAL, FUNGICIDE","CHEMICAL, FUNGICIDE: (BACILLUS AMYLOLIQUEFACIENS STRAIN D747 = 16482)",48
2021,"YEAR","STATE","CALIFORNIA","06","STRAWBERRIES, BEARING - TREATED, MEASURED IN PCT OF AREA BEARING, AVG","CHEMICAL, FUNGICIDE","CHEMICAL, FUNGICIDE: (BACILLUS PUMILUS = 6485)",NA
2021,"YEAR","STATE","CALIFORNIA","06","STRAWBERRIES, BEARING - TREATED, MEASURED IN PCT OF AREA BEARING, AVG","CHEMICAL, FUNGICIDE","CHEMICAL, FUNGICIDE: (BACILLUS SUBTILIS = 6479)",11
2021,"YEAR","STATE","CALIFORNIA","06","STRAWBERRIES, BEARING - TREATED, MEASURED IN PCT OF AREA BEARING, AVG","CHEMICAL, FUNGICIDE","CHEMICAL, FUNGICIDE: (BLAD = 30006)",NA
2021,"YEAR","STATE","CALIFORNIA","06","STRAWBERRIES, BEARING - TREATED, MEASURED IN PCT OF AREA BEARING, AVG","CHEMICAL, FUNGICIDE","CHEMICAL, FUNGICIDE: (BORAX DECAHYDRATE = 11102)",7
2021,"YEAR","STATE","CALIFORNIA","06","STRAWBERRIES, BEARING - TREATED, MEASURED IN PCT OF AREA BEARING, AVG","CHEMICAL, FUNGICIDE","CHEMICAL, FUNGICIDE: (BOSCALID = 128008)",10
2021,"YEAR","STATE","CALIFORNIA","06","STRAWBERRIES, BEARING - TREATED, MEASURED IN PCT OF AREA BEARING, AVG","CHEMICAL, FUNGICIDE","CHEMICAL, FUNGICIDE: (BT SUBSP KURSTAKI EVB-113-19 = 6544)",NA
2021,"YEAR","STATE","CALIFORNIA","06","STRAWBERRIES, BEARING - TREATED, MEASURED IN PCT OF AREA BEARING, AVG","CHEMICAL, FUNGICIDE","CHEMICAL, FUNGICIDE: (CAPTAN = 81301)",45
2021,"YEAR","STATE","CALIFORNIA","06","STRAWBERRIES, BEARING - TREATED, MEASURED IN PCT OF AREA BEARING, AVG","CHEMICAL, FUNGICIDE","CHEMICAL, FUNGICIDE: (COPPER OCTANOATE = 23306)",NA
2021,"YEAR","STATE","CALIFORNIA","06","STRAWBERRIES, BEARING - TREATED, MEASURED IN PCT OF AREA BEARING, AVG","CHEMICAL, FUNGICIDE","CHEMICAL, FUNGICIDE: (CYFLUFENAMID = 555550)",41
2021,"YEAR","STATE","CALIFORNIA","06","STRAWBERRIES, BEARING - TREATED, MEASURED IN PCT OF AREA BEARING, AVG","CHEMICAL, FUNGICIDE","CHEMICAL, FUNGICIDE: (CYPRODINIL = 288202)",49
2021,"YEAR","STATE","CALIFORNIA","06","STRAWBERRIES, BEARING - TREATED, MEASURED IN PCT OF AREA BEARING, AVG","CHEMICAL, FUNGICIDE","CHEMICAL, FUNGICIDE: (DIFENOCONAZOLE = 128847)",NA
2021,"YEAR","STATE","CALIFORNIA","06","STRAWBERRIES, BEARING - TREATED, MEASURED IN PCT OF AREA BEARING, AVG","CHEMICAL, FUNGICIDE","CHEMICAL, FUNGICIDE: (FENHEXAMID = 90209)",44
2021,"YEAR","STATE","CALIFORNIA","06","STRAWBERRIES, BEARING - TREATED, MEASURED IN PCT OF AREA BEARING, AVG","CHEMICAL, FUNGICIDE","CHEMICAL, FUNGICIDE: (FLUDIOXONIL = 71503)",49
2021,"YEAR","STATE","CALIFORNIA","06","STRAWBERRIES, BEARING - TREATED, MEASURED IN PCT OF AREA BEARING, AVG","CHEMICAL, FUNGICIDE","CHEMICAL, FUNGICIDE: (FLUOPYRAM = 80302)",39
2021,"YEAR","STATE","CALIFORNIA","06","STRAWBERRIES, BEARING - TREATED, MEASURED IN PCT OF AREA BEARING, AVG","CHEMICAL, FUNGICIDE","CHEMICAL, FUNGICIDE: (FLUXAPYROXAD = 138009)",23
2021,"YEAR","STATE","CALIFORNIA","06","STRAWBERRIES, BEARING - TREATED, MEASURED IN PCT OF AREA BEARING, AVG","CHEMICAL, FUNGICIDE","CHEMICAL, FUNGICIDE: (FOSETYL-AL = 123301)",NA
2021,"YEAR","STATE","CALIFORNIA","06","STRAWBERRIES, BEARING - TREATED, MEASURED IN PCT OF AREA BEARING, AVG","CHEMICAL, FUNGICIDE","CHEMICAL, FUNGICIDE: (ISOFETAMID = 270000)",NA
2021,"YEAR","STATE","CALIFORNIA","06","STRAWBERRIES, BEARING - TREATED, MEASURED IN PCT OF AREA BEARING, AVG","CHEMICAL, FUNGICIDE","CHEMICAL, FUNGICIDE: (MEFENOXAM = 113502)",11
2021,"YEAR","STATE","CALIFORNIA","06","STRAWBERRIES, BEARING - TREATED, MEASURED IN PCT OF AREA BEARING, AVG","CHEMICAL, FUNGICIDE","CHEMICAL, FUNGICIDE: (MONO-POTASSIUM SALT = 76416)",NA
2021,"YEAR","STATE","CALIFORNIA","06","STRAWBERRIES, BEARING - TREATED, MEASURED IN PCT OF AREA BEARING, AVG","CHEMICAL, FUNGICIDE","CHEMICAL, FUNGICIDE: (MYCLOBUTANIL = 128857)",44
2021,"YEAR","STATE","CALIFORNIA","06","STRAWBERRIES, BEARING - TREATED, MEASURED IN PCT OF AREA BEARING, AVG","CHEMICAL, FUNGICIDE","CHEMICAL, FUNGICIDE: (PENTHIOPYRAD = 90112)",25
2021,"YEAR","STATE","CALIFORNIA","06","STRAWBERRIES, BEARING - TREATED, MEASURED IN PCT OF AREA BEARING, AVG","CHEMICAL, FUNGICIDE","CHEMICAL, FUNGICIDE: (POLYOXIN D ZINC SALT = 230000)",32
2021,"YEAR","STATE","CALIFORNIA","06","STRAWBERRIES, BEARING - TREATED, MEASURED IN PCT OF AREA BEARING, AVG","CHEMICAL, FUNGICIDE","CHEMICAL, FUNGICIDE: (POTASSIUM BICARBON. = 73508)",3
2021,"YEAR","STATE","CALIFORNIA","06","STRAWBERRIES, BEARING - TREATED, MEASURED IN PCT OF AREA BEARING, AVG","CHEMICAL, FUNGICIDE","CHEMICAL, FUNGICIDE: (PROPICONAZOLE = 122101)",21
2021,"YEAR","STATE","CALIFORNIA","06","STRAWBERRIES, BEARING - TREATED, MEASURED IN PCT OF AREA BEARING, AVG","CHEMICAL, FUNGICIDE","CHEMICAL, FUNGICIDE: (PYRACLOSTROBIN = 99100)",35
2021,"YEAR","STATE","CALIFORNIA","06","STRAWBERRIES, BEARING - TREATED, MEASURED IN PCT OF AREA BEARING, AVG","CHEMICAL, FUNGICIDE","CHEMICAL, FUNGICIDE: (PYRIMETHANIL = 288201)",28
2021,"YEAR","STATE","CALIFORNIA","06","STRAWBERRIES, BEARING - TREATED, MEASURED IN PCT OF AREA BEARING, AVG","CHEMICAL, FUNGICIDE","CHEMICAL, FUNGICIDE: (QUINOLINE = 55459)",37
2021,"YEAR","STATE","CALIFORNIA","06","STRAWBERRIES, BEARING - TREATED, MEASURED IN PCT OF AREA BEARING, AVG","CHEMICAL, FUNGICIDE","CHEMICAL, FUNGICIDE: (STREPTOMYCES LYDICUS = 6327)",NA
2021,"YEAR","STATE","CALIFORNIA","06","STRAWBERRIES, BEARING - TREATED, MEASURED IN PCT OF AREA BEARING, AVG","CHEMICAL, FUNGICIDE","CHEMICAL, FUNGICIDE: (SULFUR = 77501)",88
2021,"YEAR","STATE","CALIFORNIA","06","STRAWBERRIES, BEARING - TREATED, MEASURED IN PCT OF AREA BEARING, AVG","CHEMICAL, FUNGICIDE","CHEMICAL, FUNGICIDE: (TETRACONAZOLE = 120603)",38
2021,"YEAR","STATE","CALIFORNIA","06","STRAWBERRIES, BEARING - TREATED, MEASURED IN PCT OF AREA BEARING, AVG","CHEMICAL, FUNGICIDE","CHEMICAL, FUNGICIDE: (THIOPHANATE-METHYL = 102001)",29
2021,"YEAR","STATE","CALIFORNIA","06","STRAWBERRIES, BEARING - TREATED, MEASURED IN PCT OF AREA BEARING, AVG","CHEMICAL, FUNGICIDE","CHEMICAL, FUNGICIDE: (THIRAM = 79801)",49
2021,"YEAR","STATE","CALIFORNIA","06","STRAWBERRIES, BEARING - TREATED, MEASURED IN PCT OF AREA BEARING, AVG","CHEMICAL, FUNGICIDE","CHEMICAL, FUNGICIDE: (TOTAL)",99
2021,"YEAR","STATE","CALIFORNIA","06","STRAWBERRIES, BEARING - TREATED, MEASURED IN PCT OF AREA BEARING, AVG","CHEMICAL, FUNGICIDE","CHEMICAL, FUNGICIDE: (TRIFLOXYSTROBIN = 129112)",40
2021,"YEAR","STATE","CALIFORNIA","06","STRAWBERRIES, BEARING - TREATED, MEASURED IN PCT OF AREA BEARING, AVG","CHEMICAL, FUNGICIDE","CHEMICAL, FUNGICIDE: (TRIFLUMIZOLE = 128879)",35
2021,"YEAR","STATE","CALIFORNIA","06","STRAWBERRIES, BEARING - TREATED, MEASURED IN PCT OF AREA BEARING, AVG","CHEMICAL, HERBICIDE","CHEMICAL, HERBICIDE: (CARFENTRAZONE-ETHYL = 128712)",NA
2021,"YEAR","STATE","CALIFORNIA","06","STRAWBERRIES, BEARING - TREATED, MEASURED IN PCT OF AREA BEARING, AVG","CHEMICAL, HERBICIDE","CHEMICAL, HERBICIDE: (FLUMIOXAZIN = 129034)",12
2021,"YEAR","STATE","CALIFORNIA","06","STRAWBERRIES, BEARING - TREATED, MEASURED IN PCT OF AREA BEARING, AVG","CHEMICAL, HERBICIDE","CHEMICAL, HERBICIDE: (GLYPHOSATE ISO. SALT = 103601)",NA
2021,"YEAR","STATE","CALIFORNIA","06","STRAWBERRIES, BEARING - TREATED, MEASURED IN PCT OF AREA BEARING, AVG","CHEMICAL, HERBICIDE","CHEMICAL, HERBICIDE: (GLYPHOSATE POT. SALT = 103613)",NA
2021,"YEAR","STATE","CALIFORNIA","06","STRAWBERRIES, BEARING - TREATED, MEASURED IN PCT OF AREA BEARING, AVG","CHEMICAL, HERBICIDE","CHEMICAL, HERBICIDE: (NAPROPAMIDE = 103001)",NA
2021,"YEAR","STATE","CALIFORNIA","06","STRAWBERRIES, BEARING - TREATED, MEASURED IN PCT OF AREA BEARING, AVG","CHEMICAL, HERBICIDE","CHEMICAL, HERBICIDE: (OXYFLUORFEN = 111601)",11
2021,"YEAR","STATE","CALIFORNIA","06","STRAWBERRIES, BEARING - TREATED, MEASURED IN PCT OF AREA BEARING, AVG","CHEMICAL, HERBICIDE","CHEMICAL, HERBICIDE: (PARAQUAT = 61601)",NA
2021,"YEAR","STATE","CALIFORNIA","06","STRAWBERRIES, BEARING - TREATED, MEASURED IN PCT OF AREA BEARING, AVG","CHEMICAL, HERBICIDE","CHEMICAL, HERBICIDE: (PENDIMETHALIN = 108501)",20
2021,"YEAR","STATE","CALIFORNIA","06","STRAWBERRIES, BEARING - TREATED, MEASURED IN PCT OF AREA BEARING, AVG","CHEMICAL, HERBICIDE","CHEMICAL, HERBICIDE: (TOTAL)",27
2021,"YEAR","STATE","CALIFORNIA","06","STRAWBERRIES, BEARING - TREATED, MEASURED IN PCT OF AREA BEARING, AVG","CHEMICAL, INSECTICIDE","CHEMICAL, INSECTICIDE: (ABAMECTIN = 122804)",20
2021,"YEAR","STATE","CALIFORNIA","06","STRAWBERRIES, BEARING - TREATED, MEASURED IN PCT OF AREA BEARING, AVG","CHEMICAL, INSECTICIDE","CHEMICAL, INSECTICIDE: (ACEQUINOCYL = 6329)",42
2021,"YEAR","STATE","CALIFORNIA","06","STRAWBERRIES, BEARING - TREATED, MEASURED IN PCT OF AREA BEARING, AVG","CHEMICAL, INSECTICIDE","CHEMICAL, INSECTICIDE: (ACETAMIPRID = 99050)",32
2021,"YEAR","STATE","CALIFORNIA","06","STRAWBERRIES, BEARING - TREATED, MEASURED IN PCT OF AREA BEARING, AVG","CHEMICAL, INSECTICIDE","CHEMICAL, INSECTICIDE: (AZADIRACHTIN = 121701)",30
2021,"YEAR","STATE","CALIFORNIA","06","STRAWBERRIES, BEARING - TREATED, MEASURED IN PCT OF AREA BEARING, AVG","CHEMICAL, INSECTICIDE","CHEMICAL, INSECTICIDE: (BEAUVERIA BASSIANA = 128924)",NA
2021,"YEAR","STATE","CALIFORNIA","06","STRAWBERRIES, BEARING - TREATED, MEASURED IN PCT OF AREA BEARING, AVG","CHEMICAL, INSECTICIDE","CHEMICAL, INSECTICIDE: (BIFENAZATE = 586)",49
2021,"YEAR","STATE","CALIFORNIA","06","STRAWBERRIES, BEARING - TREATED, MEASURED IN PCT OF AREA BEARING, AVG","CHEMICAL, INSECTICIDE","CHEMICAL, INSECTICIDE: (BIFENTHRIN = 128825)",45
2021,"YEAR","STATE","CALIFORNIA","06","STRAWBERRIES, BEARING - TREATED, MEASURED IN PCT OF AREA BEARING, AVG","CHEMICAL, INSECTICIDE","CHEMICAL, INSECTICIDE: (BT KURSTAK ABTS-1857 = 6523)",61
2021,"YEAR","STATE","CALIFORNIA","06","STRAWBERRIES, BEARING - TREATED, MEASURED IN PCT OF AREA BEARING, AVG","CHEMICAL, INSECTICIDE","CHEMICAL, INSECTICIDE: (BT KURSTAKI ABTS-351 = 6522)",5
2021,"YEAR","STATE","CALIFORNIA","06","STRAWBERRIES, BEARING - TREATED, MEASURED IN PCT OF AREA BEARING, AVG","CHEMICAL, INSECTICIDE","CHEMICAL, INSECTICIDE: (BT KURSTAKI EG7841 = 6453)",NA
2021,"YEAR","STATE","CALIFORNIA","06","STRAWBERRIES, BEARING - TREATED, MEASURED IN PCT OF AREA BEARING, AVG","CHEMICAL, INSECTICIDE","CHEMICAL, INSECTICIDE: (BT KURSTAKI SA-11 = 6519)",17
2021,"YEAR","STATE","CALIFORNIA","06","STRAWBERRIES, BEARING - TREATED, MEASURED IN PCT OF AREA BEARING, AVG","CHEMICAL, INSECTICIDE","CHEMICAL, INSECTICIDE: (BT SUB AIZAWAI GC-91 = 6426)",NA
2021,"YEAR","STATE","CALIFORNIA","06","STRAWBERRIES, BEARING - TREATED, MEASURED IN PCT OF AREA BEARING, AVG","CHEMICAL, INSECTICIDE","CHEMICAL, INSECTICIDE: (BUPROFEZIN = 275100)",NA
2021,"YEAR","STATE","CALIFORNIA","06","STRAWBERRIES, BEARING - TREATED, MEASURED IN PCT OF AREA BEARING, AVG","CHEMICAL, INSECTICIDE","CHEMICAL, INSECTICIDE: (BURKHOLDERIA A396 CELLS & MEDIA = 6534)",NA
2021,"YEAR","STATE","CALIFORNIA","06","STRAWBERRIES, BEARING - TREATED, MEASURED IN PCT OF AREA BEARING, AVG","CHEMICAL, INSECTICIDE","CHEMICAL, INSECTICIDE: (CANOLA OIL = 11332)",NA
2021,"YEAR","STATE","CALIFORNIA","06","STRAWBERRIES, BEARING - TREATED, MEASURED IN PCT OF AREA BEARING, AVG","CHEMICAL, INSECTICIDE","CHEMICAL, INSECTICIDE: (CHLORANTRANILIPROLE = 90100)",43
2021,"YEAR","STATE","CALIFORNIA","06","STRAWBERRIES, BEARING - TREATED, MEASURED IN PCT OF AREA BEARING, AVG","CHEMICAL, INSECTICIDE","CHEMICAL, INSECTICIDE: (CHROMOBAC SUBTSUGAE PRAA4-1 CELLS AND SPENT MEDIA = 16329)",7
2021,"YEAR","STATE","CALIFORNIA","06","STRAWBERRIES, BEARING - TREATED, MEASURED IN PCT OF AREA BEARING, AVG","CHEMICAL, INSECTICIDE","CHEMICAL, INSECTICIDE: (CYANTRANILIPROLE = 90098)",19
2021,"YEAR","STATE","CALIFORNIA","06","STRAWBERRIES, BEARING - TREATED, MEASURED IN PCT OF AREA BEARING, AVG","CHEMICAL, INSECTICIDE","CHEMICAL, INSECTICIDE: (CYFLUMETOFEN = 138831)",49
2021,"YEAR","STATE","CALIFORNIA","06","STRAWBERRIES, BEARING - TREATED, MEASURED IN PCT OF AREA BEARING, AVG","CHEMICAL, INSECTICIDE","CHEMICAL, INSECTICIDE: (DIAZINON = 57801)",NA
2021,"YEAR","STATE","CALIFORNIA","06","STRAWBERRIES, BEARING - TREATED, MEASURED IN PCT OF AREA BEARING, AVG","CHEMICAL, INSECTICIDE","CHEMICAL, INSECTICIDE: (ETOXAZOLE = 107091)",NA
2021,"YEAR","STATE","CALIFORNIA","06","STRAWBERRIES, BEARING - TREATED, MEASURED IN PCT OF AREA BEARING, AVG","CHEMICAL, INSECTICIDE","CHEMICAL, INSECTICIDE: (FENBUTATIN-OXIDE = 104601)",NA
2021,"YEAR","STATE","CALIFORNIA","06","STRAWBERRIES, BEARING - TREATED, MEASURED IN PCT OF AREA BEARING, AVG","CHEMICAL, INSECTICIDE","CHEMICAL, INSECTICIDE: (FENPROPATHRIN = 127901)",25
2021,"YEAR","STATE","CALIFORNIA","06","STRAWBERRIES, BEARING - TREATED, MEASURED IN PCT OF AREA BEARING, AVG","CHEMICAL, INSECTICIDE","CHEMICAL, INSECTICIDE: (FENPYROXIMATE = 129131)",4
2021,"YEAR","STATE","CALIFORNIA","06","STRAWBERRIES, BEARING - TREATED, MEASURED IN PCT OF AREA BEARING, AVG","CHEMICAL, INSECTICIDE","CHEMICAL, INSECTICIDE: (FLONICAMID = 128016)",57
2021,"YEAR","STATE","CALIFORNIA","06","STRAWBERRIES, BEARING - TREATED, MEASURED IN PCT OF AREA BEARING, AVG","CHEMICAL, INSECTICIDE","CHEMICAL, INSECTICIDE: (FLUPYRADIFURONE = 122304)",38
2021,"YEAR","STATE","CALIFORNIA","06","STRAWBERRIES, BEARING - TREATED, MEASURED IN PCT OF AREA BEARING, AVG","CHEMICAL, INSECTICIDE","CHEMICAL, INSECTICIDE: (HELICOVERPA ZEA NPV = 107300)",NA
2021,"YEAR","STATE","CALIFORNIA","06","STRAWBERRIES, BEARING - TREATED, MEASURED IN PCT OF AREA BEARING, AVG","CHEMICAL, INSECTICIDE","CHEMICAL, INSECTICIDE: (HEXYTHIAZOX = 128849)",26
2021,"YEAR","STATE","CALIFORNIA","06","STRAWBERRIES, BEARING - TREATED, MEASURED IN PCT OF AREA BEARING, AVG","CHEMICAL, INSECTICIDE","CHEMICAL, INSECTICIDE: (IMIDACLOPRID = 129099)",10
2021,"YEAR","STATE","CALIFORNIA","06","STRAWBERRIES, BEARING - TREATED, MEASURED IN PCT OF AREA BEARING, AVG","CHEMICAL, INSECTICIDE","CHEMICAL, INSECTICIDE: (MALATHION = 57701)",30
2021,"YEAR","STATE","CALIFORNIA","06","STRAWBERRIES, BEARING - TREATED, MEASURED IN PCT OF AREA BEARING, AVG","CHEMICAL, INSECTICIDE","CHEMICAL, INSECTICIDE: (METHOXYFENOZIDE = 121027)",30
2021,"YEAR","STATE","CALIFORNIA","06","STRAWBERRIES, BEARING - TREATED, MEASURED IN PCT OF AREA BEARING, AVG","CHEMICAL, INSECTICIDE","CHEMICAL, INSECTICIDE: (NALED = 34401)",7
2021,"YEAR","STATE","CALIFORNIA","06","STRAWBERRIES, BEARING - TREATED, MEASURED IN PCT OF AREA BEARING, AVG","CHEMICAL, INSECTICIDE","CHEMICAL, INSECTICIDE: (NEEM OIL = 25006)",7
2021,"YEAR","STATE","CALIFORNIA","06","STRAWBERRIES, BEARING - TREATED, MEASURED IN PCT OF AREA BEARING, AVG","CHEMICAL, INSECTICIDE","CHEMICAL, INSECTICIDE: (NEEM OIL, CLAR. HYD. = 25007)",6
2021,"YEAR","STATE","CALIFORNIA","06","STRAWBERRIES, BEARING - TREATED, MEASURED IN PCT OF AREA BEARING, AVG","CHEMICAL, INSECTICIDE","CHEMICAL, INSECTICIDE: (NOVALURON = 124002)",49
2021,"YEAR","STATE","CALIFORNIA","06","STRAWBERRIES, BEARING - TREATED, MEASURED IN PCT OF AREA BEARING, AVG","CHEMICAL, INSECTICIDE","CHEMICAL, INSECTICIDE: (PETROLEUM DISTILLATE = 63503)",NA
2021,"YEAR","STATE","CALIFORNIA","06","STRAWBERRIES, BEARING - TREATED, MEASURED IN PCT OF AREA BEARING, AVG","CHEMICAL, INSECTICIDE","CHEMICAL, INSECTICIDE: (PIPERONYL BUTOXIDE = 67501)",NA
2021,"YEAR","STATE","CALIFORNIA","06","STRAWBERRIES, BEARING - TREATED, MEASURED IN PCT OF AREA BEARING, AVG","CHEMICAL, INSECTICIDE","CHEMICAL, INSECTICIDE: (POTASSIUM SALTS = 79021)",NA
2021,"YEAR","STATE","CALIFORNIA","06","STRAWBERRIES, BEARING - TREATED, MEASURED IN PCT OF AREA BEARING, AVG","CHEMICAL, INSECTICIDE","CHEMICAL, INSECTICIDE: (PYRETHRINS = 69001)",3
2021,"YEAR","STATE","CALIFORNIA","06","STRAWBERRIES, BEARING - TREATED, MEASURED IN PCT OF AREA BEARING, AVG","CHEMICAL, INSECTICIDE","CHEMICAL, INSECTICIDE: (PYRIDABEN = 129105)",NA
2021,"YEAR","STATE","CALIFORNIA","06","STRAWBERRIES, BEARING - TREATED, MEASURED IN PCT OF AREA BEARING, AVG","CHEMICAL, INSECTICIDE","CHEMICAL, INSECTICIDE: (PYRIPROXYFEN = 129032)",NA
2021,"YEAR","STATE","CALIFORNIA","06","STRAWBERRIES, BEARING - TREATED, MEASURED IN PCT OF AREA BEARING, AVG","CHEMICAL, INSECTICIDE","CHEMICAL, INSECTICIDE: (SPINETORAM = 110007)",48
2021,"YEAR","STATE","CALIFORNIA","06","STRAWBERRIES, BEARING - TREATED, MEASURED IN PCT OF AREA BEARING, AVG","CHEMICAL, INSECTICIDE","CHEMICAL, INSECTICIDE: (SPINOSAD = 110003)",36
2021,"YEAR","STATE","CALIFORNIA","06","STRAWBERRIES, BEARING - TREATED, MEASURED IN PCT OF AREA BEARING, AVG","CHEMICAL, INSECTICIDE","CHEMICAL, INSECTICIDE: (SPIROMESIFEN = 24875)",7
2021,"YEAR","STATE","CALIFORNIA","06","STRAWBERRIES, BEARING - TREATED, MEASURED IN PCT OF AREA BEARING, AVG","CHEMICAL, INSECTICIDE","CHEMICAL, INSECTICIDE: (THIAMETHOXAM = 60109)",17
2021,"YEAR","STATE","CALIFORNIA","06","STRAWBERRIES, BEARING - TREATED, MEASURED IN PCT OF AREA BEARING, AVG","CHEMICAL, INSECTICIDE","CHEMICAL, INSECTICIDE: (TOTAL)",99
2021,"YEAR","STATE","CALIFORNIA","06","STRAWBERRIES, BEARING - TREATED, MEASURED IN PCT OF AREA BEARING, AVG","CHEMICAL, OTHER","CHEMICAL, OTHER: (ACIBENZOLAR-S-METHYL = 61402)",NA
2021,"YEAR","STATE","CALIFORNIA","06","STRAWBERRIES, BEARING - TREATED, MEASURED IN PCT OF AREA BEARING, AVG","CHEMICAL, OTHER","CHEMICAL, OTHER: (CAPRIC ACID = 128955)",NA
2021,"YEAR","STATE","CALIFORNIA","06","STRAWBERRIES, BEARING - TREATED, MEASURED IN PCT OF AREA BEARING, AVG","CHEMICAL, OTHER","CHEMICAL, OTHER: (CAPRYLIC ACID = 128919)",NA
2021,"YEAR","STATE","CALIFORNIA","06","STRAWBERRIES, BEARING - TREATED, MEASURED IN PCT OF AREA BEARING, AVG","CHEMICAL, OTHER","CHEMICAL, OTHER: (CAPSICUM OLEORESIN EXTRACT = 70704)",NA
2021,"YEAR","STATE","CALIFORNIA","06","STRAWBERRIES, BEARING - TREATED, MEASURED IN PCT OF AREA BEARING, AVG","CHEMICAL, OTHER","CHEMICAL, OTHER: (CHLOROPICRIN = 81501)",66
2021,"YEAR","STATE","CALIFORNIA","06","STRAWBERRIES, BEARING - TREATED, MEASURED IN PCT OF AREA BEARING, AVG","CHEMICAL, OTHER","CHEMICAL, OTHER: (DICHLOROPROPENE = 29001)",28
2021,"YEAR","STATE","CALIFORNIA","06","STRAWBERRIES, BEARING - TREATED, MEASURED IN PCT OF AREA BEARING, AVG","CHEMICAL, OTHER","CHEMICAL, OTHER: (FLUTRIAFOL = 128940)",36
2021,"YEAR","STATE","CALIFORNIA","06","STRAWBERRIES, BEARING - TREATED, MEASURED IN PCT OF AREA BEARING, AVG","CHEMICAL, OTHER","CHEMICAL, OTHER: (GARLIC OIL = 128827)",NA
2021,"YEAR","STATE","CALIFORNIA","06","STRAWBERRIES, BEARING - TREATED, MEASURED IN PCT OF AREA BEARING, AVG","CHEMICAL, OTHER","CHEMICAL, OTHER: (HYDROGEN PEROXIDE = 595)",5
2021,"YEAR","STATE","CALIFORNIA","06","STRAWBERRIES, BEARING - TREATED, MEASURED IN PCT OF AREA BEARING, AVG","CHEMICAL, OTHER","CHEMICAL, OTHER: (IRON PHOSPHATE = 34903)",NA
2021,"YEAR","STATE","CALIFORNIA","06","STRAWBERRIES, BEARING - TREATED, MEASURED IN PCT OF AREA BEARING, AVG","CHEMICAL, OTHER","CHEMICAL, OTHER: (METAM-POTASSIUM = 39002)",9
2021,"YEAR","STATE","CALIFORNIA","06","STRAWBERRIES, BEARING - TREATED, MEASURED IN PCT OF AREA BEARING, AVG","CHEMICAL, OTHER","CHEMICAL, OTHER: (MINERAL OIL = 63502)",NA
2021,"YEAR","STATE","CALIFORNIA","06","STRAWBERRIES, BEARING - TREATED, MEASURED IN PCT OF AREA BEARING, AVG","CHEMICAL, OTHER","CHEMICAL, OTHER: (PAECILOMYCES FUMOSOR = 115002)",NA
2021,"YEAR","STATE","CALIFORNIA","06","STRAWBERRIES, BEARING - TREATED, MEASURED IN PCT OF AREA BEARING, AVG","CHEMICAL, OTHER","CHEMICAL, OTHER: (PEROXYACETIC ACID = 63201)",5
2021,"YEAR","STATE","CALIFORNIA","06","STRAWBERRIES, BEARING - TREATED, MEASURED IN PCT OF AREA BEARING, AVG","CHEMICAL, OTHER","CHEMICAL, OTHER: (POTASSIUM SILICATE = 72606)",NA
2021,"YEAR","STATE","CALIFORNIA","06","STRAWBERRIES, BEARING - TREATED, MEASURED IN PCT OF AREA BEARING, AVG","CHEMICAL, OTHER","CHEMICAL, OTHER: (PSEUDOMONAS CHLORORAPHIS STRAIN AFS009 = 6800)",NA
2021,"YEAR","STATE","CALIFORNIA","06","STRAWBERRIES, BEARING - TREATED, MEASURED IN PCT OF AREA BEARING, AVG","CHEMICAL, OTHER","CHEMICAL, OTHER: (REYNOUTRIA SACHALINE = 55809)",29
2021,"YEAR","STATE","CALIFORNIA","06","STRAWBERRIES, BEARING - TREATED, MEASURED IN PCT OF AREA BEARING, AVG","CHEMICAL, OTHER","CHEMICAL, OTHER: (TOTAL)",86
2021,"YEAR","STATE","CALIFORNIA","06","STRAWBERRIES, FRESH MARKET - PRODUCTION, MEASURED IN $","TOTAL","NOT SPECIFIED",NA
2021,"YEAR","STATE","CALIFORNIA","06","STRAWBERRIES, FRESH MARKET, UTILIZED - PRODUCTION, MEASURED IN CWT","TOTAL","NOT SPECIFIED",NA
2021,"YEAR","STATE","CALIFORNIA","06","STRAWBERRIES, NOT SOLD - PRODUCTION, MEASURED IN CWT","TOTAL","NOT SPECIFIED",75300
2021,"YEAR","STATE","CALIFORNIA","06","STRAWBERRIES, PROCESSING - PRODUCTION, MEASURED IN $","TOTAL","NOT SPECIFIED",NA
2021,"YEAR","STATE","CALIFORNIA","06","STRAWBERRIES, PROCESSING, UTILIZED - PRODUCTION, MEASURED IN CWT","TOTAL","NOT SPECIFIED",NA
2021,"YEAR","STATE","CALIFORNIA","06","STRAWBERRIES, UTILIZED - PRODUCTION, MEASURED IN CWT","TOTAL","NOT SPECIFIED",25024700
2021,"YEAR","STATE","FLORIDA","12","STRAWBERRIES - ACRES HARVESTED","TOTAL","NOT SPECIFIED",12300
2021,"YEAR","STATE","FLORIDA","12","STRAWBERRIES - ACRES PLANTED","TOTAL","NOT SPECIFIED",12300
2021,"YEAR","STATE","FLORIDA","12","STRAWBERRIES - PRODUCTION, MEASURED IN $","TOTAL","NOT SPECIFIED",451681000
2021,"YEAR","STATE","FLORIDA","12","STRAWBERRIES - PRODUCTION, MEASURED IN CWT","TOTAL","NOT SPECIFIED",2830000
2021,"YEAR","STATE","FLORIDA","12","STRAWBERRIES - YIELD, MEASURED IN CWT / ACRE","TOTAL","NOT SPECIFIED",230
2021,"YEAR","STATE","FLORIDA","12","STRAWBERRIES, BEARING - APPLICATIONS, MEASURED IN LB","CHEMICAL, FUNGICIDE","CHEMICAL, FUNGICIDE: (AZOXYSTROBIN = 128810)",NA
2021,"YEAR","STATE","FLORIDA","12","STRAWBERRIES, BEARING - APPLICATIONS, MEASURED IN LB","CHEMICAL, FUNGICIDE","CHEMICAL, FUNGICIDE: (BACILLUS SUBTILIS = 6479)",NA
2021,"YEAR","STATE","FLORIDA","12","STRAWBERRIES, BEARING - APPLICATIONS, MEASURED IN LB","CHEMICAL, FUNGICIDE","CHEMICAL, FUNGICIDE: (BORAX DECAHYDRATE = 11102)",NA
2021,"YEAR","STATE","FLORIDA","12","STRAWBERRIES, BEARING - APPLICATIONS, MEASURED IN LB","CHEMICAL, FUNGICIDE","CHEMICAL, FUNGICIDE: (BOSCALID = 128008)",NA
2021,"YEAR","STATE","FLORIDA","12","STRAWBERRIES, BEARING - APPLICATIONS, MEASURED IN LB","CHEMICAL, FUNGICIDE","CHEMICAL, FUNGICIDE: (CAPTAN = 81301)",135100
2021,"YEAR","STATE","FLORIDA","12","STRAWBERRIES, BEARING - APPLICATIONS, MEASURED IN LB","CHEMICAL, FUNGICIDE","CHEMICAL, FUNGICIDE: (CYFLUFENAMID = 555550)",NA
2021,"YEAR","STATE","FLORIDA","12","STRAWBERRIES, BEARING - APPLICATIONS, MEASURED IN LB","CHEMICAL, FUNGICIDE","CHEMICAL, FUNGICIDE: (CYPRODINIL = 288202)",5500
2021,"YEAR","STATE","FLORIDA","12","STRAWBERRIES, BEARING - APPLICATIONS, MEASURED IN LB","CHEMICAL, FUNGICIDE","CHEMICAL, FUNGICIDE: (DIFENOCONAZOLE = 128847)",NA
2021,"YEAR","STATE","FLORIDA","12","STRAWBERRIES, BEARING - APPLICATIONS, MEASURED IN LB","CHEMICAL, FUNGICIDE","CHEMICAL, FUNGICIDE: (FENHEXAMID = 90209)",NA
2021,"YEAR","STATE","FLORIDA","12","STRAWBERRIES, BEARING - APPLICATIONS, MEASURED IN LB","CHEMICAL, FUNGICIDE","CHEMICAL, FUNGICIDE: (FLUDIOXONIL = 71503)",4500
2021,"YEAR","STATE","FLORIDA","12","STRAWBERRIES, BEARING - APPLICATIONS, MEASURED IN LB","CHEMICAL, FUNGICIDE","CHEMICAL, FUNGICIDE: (FLUOPYRAM = 80302)",NA
2021,"YEAR","STATE","FLORIDA","12","STRAWBERRIES, BEARING - APPLICATIONS, MEASURED IN LB","CHEMICAL, FUNGICIDE","CHEMICAL, FUNGICIDE: (FOSETYL-AL = 123301)",NA
2021,"YEAR","STATE","FLORIDA","12","STRAWBERRIES, BEARING - APPLICATIONS, MEASURED IN LB","CHEMICAL, FUNGICIDE","CHEMICAL, FUNGICIDE: (MEFENOXAM = 113502)",NA
2021,"YEAR","STATE","FLORIDA","12","STRAWBERRIES, BEARING - APPLICATIONS, MEASURED IN LB","CHEMICAL, FUNGICIDE","CHEMICAL, FUNGICIDE: (MONO-POTASSIUM SALT = 76416)",NA
2021,"YEAR","STATE","FLORIDA","12","STRAWBERRIES, BEARING - APPLICATIONS, MEASURED IN LB","CHEMICAL, FUNGICIDE","CHEMICAL, FUNGICIDE: (PROPICONAZOLE = 122101)",NA
2021,"YEAR","STATE","FLORIDA","12","STRAWBERRIES, BEARING - APPLICATIONS, MEASURED IN LB","CHEMICAL, FUNGICIDE","CHEMICAL, FUNGICIDE: (PYDIFLUMETOFEN = 90110)",NA
2021,"YEAR","STATE","FLORIDA","12","STRAWBERRIES, BEARING - APPLICATIONS, MEASURED IN LB","CHEMICAL, FUNGICIDE","CHEMICAL, FUNGICIDE: (PYRACLOSTROBIN = 99100)",NA
2021,"YEAR","STATE","FLORIDA","12","STRAWBERRIES, BEARING - APPLICATIONS, MEASURED IN LB","CHEMICAL, FUNGICIDE","CHEMICAL, FUNGICIDE: (PYRIMETHANIL = 288201)",NA
2021,"YEAR","STATE","FLORIDA","12","STRAWBERRIES, BEARING - APPLICATIONS, MEASURED IN LB","CHEMICAL, FUNGICIDE","CHEMICAL, FUNGICIDE: (TETRACONAZOLE = 120603)",NA
2021,"YEAR","STATE","FLORIDA","12","STRAWBERRIES, BEARING - APPLICATIONS, MEASURED IN LB","CHEMICAL, FUNGICIDE","CHEMICAL, FUNGICIDE: (THIOPHANATE-METHYL = 102001)",NA
2021,"YEAR","STATE","FLORIDA","12","STRAWBERRIES, BEARING - APPLICATIONS, MEASURED IN LB","CHEMICAL, FUNGICIDE","CHEMICAL, FUNGICIDE: (THIRAM = 79801)",142400
2021,"YEAR","STATE","FLORIDA","12","STRAWBERRIES, BEARING - APPLICATIONS, MEASURED IN LB","CHEMICAL, FUNGICIDE","CHEMICAL, FUNGICIDE: (TOTAL)",303200
2021,"YEAR","STATE","FLORIDA","12","STRAWBERRIES, BEARING - APPLICATIONS, MEASURED IN LB","CHEMICAL, FUNGICIDE","CHEMICAL, FUNGICIDE: (TRIFLUMIZOLE = 128879)",NA
2021,"YEAR","STATE","FLORIDA","12","STRAWBERRIES, BEARING - APPLICATIONS, MEASURED IN LB","CHEMICAL, HERBICIDE","CHEMICAL, HERBICIDE: (CARFENTRAZONE-ETHYL = 128712)",NA
2021,"YEAR","STATE","FLORIDA","12","STRAWBERRIES, BEARING - APPLICATIONS, MEASURED IN LB","CHEMICAL, HERBICIDE","CHEMICAL, HERBICIDE: (CLETHODIM = 121011)",NA
2021,"YEAR","STATE","FLORIDA","12","STRAWBERRIES, BEARING - APPLICATIONS, MEASURED IN LB","CHEMICAL, HERBICIDE","CHEMICAL, HERBICIDE: (COPPER ETHANOLAMINE = 24409)",NA
2021,"YEAR","STATE","FLORIDA","12","STRAWBERRIES, BEARING - APPLICATIONS, MEASURED IN LB","CHEMICAL, HERBICIDE","CHEMICAL, HERBICIDE: (DIMETHENAMID = 129051)",NA
2021,"YEAR","STATE","FLORIDA","12","STRAWBERRIES, BEARING - APPLICATIONS, MEASURED IN LB","CHEMICAL, HERBICIDE","CHEMICAL, HERBICIDE: (FLUMIOXAZIN = 129034)",NA
2021,"YEAR","STATE","FLORIDA","12","STRAWBERRIES, BEARING - APPLICATIONS, MEASURED IN LB","CHEMICAL, HERBICIDE","CHEMICAL, HERBICIDE: (FLUROXYPYR 1-MHE = 128968)",NA
2021,"YEAR","STATE","FLORIDA","12","STRAWBERRIES, BEARING - APPLICATIONS, MEASURED IN LB","CHEMICAL, HERBICIDE","CHEMICAL, HERBICIDE: (GLYPHOSATE ISO. SALT = 103601)",NA
2021,"YEAR","STATE","FLORIDA","12","STRAWBERRIES, BEARING - APPLICATIONS, MEASURED IN LB","CHEMICAL, HERBICIDE","CHEMICAL, HERBICIDE: (HALOSULFURON-METHYL = 128721)",NA
2021,"YEAR","STATE","FLORIDA","12","STRAWBERRIES, BEARING - APPLICATIONS, MEASURED IN LB","CHEMICAL, HERBICIDE","CHEMICAL, HERBICIDE: (KANTOR = 129108)",NA
2021,"YEAR","STATE","FLORIDA","12","STRAWBERRIES, BEARING - APPLICATIONS, MEASURED IN LB","CHEMICAL, HERBICIDE","CHEMICAL, HERBICIDE: (TOTAL)",2600
2021,"YEAR","STATE","FLORIDA","12","STRAWBERRIES, BEARING - APPLICATIONS, MEASURED IN LB","CHEMICAL, INSECTICIDE","CHEMICAL, INSECTICIDE: (ABAMECTIN = 122804)",NA
2021,"YEAR","STATE","FLORIDA","12","STRAWBERRIES, BEARING - APPLICATIONS, MEASURED IN LB","CHEMICAL, INSECTICIDE","CHEMICAL, INSECTICIDE: (ACETAMIPRID = 99050)",NA
2021,"YEAR","STATE","FLORIDA","12","STRAWBERRIES, BEARING - APPLICATIONS, MEASURED IN LB","CHEMICAL, INSECTICIDE","CHEMICAL, INSECTICIDE: (BIFENAZATE = 586)",NA
2021,"YEAR","STATE","FLORIDA","12","STRAWBERRIES, BEARING - APPLICATIONS, MEASURED IN LB","CHEMICAL, INSECTICIDE","CHEMICAL, INSECTICIDE: (BIFENTHRIN = 128825)",NA
2021,"YEAR","STATE","FLORIDA","12","STRAWBERRIES, BEARING - APPLICATIONS, MEASURED IN LB","CHEMICAL, INSECTICIDE","CHEMICAL, INSECTICIDE: (CARBARYL = 56801)",NA
2021,"YEAR","STATE","FLORIDA","12","STRAWBERRIES, BEARING - APPLICATIONS, MEASURED IN LB","CHEMICAL, INSECTICIDE","CHEMICAL, INSECTICIDE: (CHLORANTRANILIPROLE = 90100)",NA
2021,"YEAR","STATE","FLORIDA","12","STRAWBERRIES, BEARING - APPLICATIONS, MEASURED IN LB","CHEMICAL, INSECTICIDE","CHEMICAL, INSECTICIDE: (CYANTRANILIPROLE = 90098)",NA
2021,"YEAR","STATE","FLORIDA","12","STRAWBERRIES, BEARING - APPLICATIONS, MEASURED IN LB","CHEMICAL, INSECTICIDE","CHEMICAL, INSECTICIDE: (CYFLUMETOFEN = 138831)",NA
2021,"YEAR","STATE","FLORIDA","12","STRAWBERRIES, BEARING - APPLICATIONS, MEASURED IN LB","CHEMICAL, INSECTICIDE","CHEMICAL, INSECTICIDE: (DIAZINON = 57801)",NA
2021,"YEAR","STATE","FLORIDA","12","STRAWBERRIES, BEARING - APPLICATIONS, MEASURED IN LB","CHEMICAL, INSECTICIDE","CHEMICAL, INSECTICIDE: (FENAZAQUIN = 44501)",NA
2021,"YEAR","STATE","FLORIDA","12","STRAWBERRIES, BEARING - APPLICATIONS, MEASURED IN LB","CHEMICAL, INSECTICIDE","CHEMICAL, INSECTICIDE: (FENPYROXIMATE = 129131)",NA
2021,"YEAR","STATE","FLORIDA","12","STRAWBERRIES, BEARING - APPLICATIONS, MEASURED IN LB","CHEMICAL, INSECTICIDE","CHEMICAL, INSECTICIDE: (IMIDACLOPRID = 129099)",NA
2021,"YEAR","STATE","FLORIDA","12","STRAWBERRIES, BEARING - APPLICATIONS, MEASURED IN LB","CHEMICAL, INSECTICIDE","CHEMICAL, INSECTICIDE: (MALATHION = 57701)",NA
2021,"YEAR","STATE","FLORIDA","12","STRAWBERRIES, BEARING - APPLICATIONS, MEASURED IN LB","CHEMICAL, INSECTICIDE","CHEMICAL, INSECTICIDE: (METHOXYFENOZIDE = 121027)",NA
2021,"YEAR","STATE","FLORIDA","12","STRAWBERRIES, BEARING - APPLICATIONS, MEASURED IN LB","CHEMICAL, INSECTICIDE","CHEMICAL, INSECTICIDE: (NALED = 34401)",NA
2021,"YEAR","STATE","FLORIDA","12","STRAWBERRIES, BEARING - APPLICATIONS, MEASURED IN LB","CHEMICAL, INSECTICIDE","CHEMICAL, INSECTICIDE: (NOVALURON = 124002)",1100
2021,"YEAR","STATE","FLORIDA","12","STRAWBERRIES, BEARING - APPLICATIONS, MEASURED IN LB","CHEMICAL, INSECTICIDE","CHEMICAL, INSECTICIDE: (SPINETORAM = 110007)",700
2021,"YEAR","STATE","FLORIDA","12","STRAWBERRIES, BEARING - APPLICATIONS, MEASURED IN LB","CHEMICAL, INSECTICIDE","CHEMICAL, INSECTICIDE: (SPIROMESIFEN = 24875)",NA
2021,"YEAR","STATE","FLORIDA","12","STRAWBERRIES, BEARING - APPLICATIONS, MEASURED IN LB","CHEMICAL, INSECTICIDE","CHEMICAL, INSECTICIDE: (SULFOXAFLOR = 5210)",NA
2021,"YEAR","STATE","FLORIDA","12","STRAWBERRIES, BEARING - APPLICATIONS, MEASURED IN LB","CHEMICAL, INSECTICIDE","CHEMICAL, INSECTICIDE: (THIAMETHOXAM = 60109)",NA
2021,"YEAR","STATE","FLORIDA","12","STRAWBERRIES, BEARING - APPLICATIONS, MEASURED IN LB","CHEMICAL, INSECTICIDE","CHEMICAL, INSECTICIDE: (TOTAL)",6200
2021,"YEAR","STATE","FLORIDA","12","STRAWBERRIES, BEARING - APPLICATIONS, MEASURED IN LB","CHEMICAL, OTHER","CHEMICAL, OTHER: (ACIBENZOLAR-S-METHYL = 61402)",NA
2021,"YEAR","STATE","FLORIDA","12","STRAWBERRIES, BEARING - APPLICATIONS, MEASURED IN LB","CHEMICAL, OTHER","CHEMICAL, OTHER: (CYTOKININS = 116801)",NA
2021,"YEAR","STATE","FLORIDA","12","STRAWBERRIES, BEARING - APPLICATIONS, MEASURED IN LB","CHEMICAL, OTHER","CHEMICAL, OTHER: (ETHEPHON = 99801)",NA
2021,"YEAR","STATE","FLORIDA","12","STRAWBERRIES, BEARING - APPLICATIONS, MEASURED IN LB","CHEMICAL, OTHER","CHEMICAL, OTHER: (INDOLEBUTYRIC ACID = 46701)",NA
2021,"YEAR","STATE","FLORIDA","12","STRAWBERRIES, BEARING - APPLICATIONS, MEASURED IN LB","CHEMICAL, OTHER","CHEMICAL, OTHER: (METAM-POTASSIUM = 39002)",NA
2021,"YEAR","STATE","FLORIDA","12","STRAWBERRIES, BEARING - APPLICATIONS, MEASURED IN LB","CHEMICAL, OTHER","CHEMICAL, OTHER: (PSEUDOMONAS CHLORORAPHIS STRAIN AFS009 = 6800)",NA
2021,"YEAR","STATE","FLORIDA","12","STRAWBERRIES, BEARING - APPLICATIONS, MEASURED IN LB","CHEMICAL, OTHER","CHEMICAL, OTHER: (TOTAL)",8600
2021,"YEAR","STATE","FLORIDA","12","STRAWBERRIES, BEARING - APPLICATIONS, MEASURED IN LB / ACRE / APPLICATION, AVG","CHEMICAL, FUNGICIDE","CHEMICAL, FUNGICIDE: (AZOXYSTROBIN = 128810)",NA
2021,"YEAR","STATE","FLORIDA","12","STRAWBERRIES, BEARING - APPLICATIONS, MEASURED IN LB / ACRE / APPLICATION, AVG","CHEMICAL, FUNGICIDE","CHEMICAL, FUNGICIDE: (BACILLUS SUBTILIS = 6479)",NA
2021,"YEAR","STATE","FLORIDA","12","STRAWBERRIES, BEARING - APPLICATIONS, MEASURED IN LB / ACRE / APPLICATION, AVG","CHEMICAL, FUNGICIDE","CHEMICAL, FUNGICIDE: (BORAX DECAHYDRATE = 11102)",NA
2021,"YEAR","STATE","FLORIDA","12","STRAWBERRIES, BEARING - APPLICATIONS, MEASURED IN LB / ACRE / APPLICATION, AVG","CHEMICAL, FUNGICIDE","CHEMICAL, FUNGICIDE: (BOSCALID = 128008)",NA
2021,"YEAR","STATE","FLORIDA","12","STRAWBERRIES, BEARING - APPLICATIONS, MEASURED IN LB / ACRE / APPLICATION, AVG","CHEMICAL, FUNGICIDE","CHEMICAL, FUNGICIDE: (CAPTAN = 81301)",2.025
2021,"YEAR","STATE","FLORIDA","12","STRAWBERRIES, BEARING - APPLICATIONS, MEASURED IN LB / ACRE / APPLICATION, AVG","CHEMICAL, FUNGICIDE","CHEMICAL, FUNGICIDE: (CYFLUFENAMID = 555550)",NA
2021,"YEAR","STATE","FLORIDA","12","STRAWBERRIES, BEARING - APPLICATIONS, MEASURED IN LB / ACRE / APPLICATION, AVG","CHEMICAL, FUNGICIDE","CHEMICAL, FUNGICIDE: (CYPRODINIL = 288202)",0.294
2021,"YEAR","STATE","FLORIDA","12","STRAWBERRIES, BEARING - APPLICATIONS, MEASURED IN LB / ACRE / APPLICATION, AVG","CHEMICAL, FUNGICIDE","CHEMICAL, FUNGICIDE: (DIFENOCONAZOLE = 128847)",NA
2021,"YEAR","STATE","FLORIDA","12","STRAWBERRIES, BEARING - APPLICATIONS, MEASURED IN LB / ACRE / APPLICATION, AVG","CHEMICAL, FUNGICIDE","CHEMICAL, FUNGICIDE: (FENHEXAMID = 90209)",NA
2021,"YEAR","STATE","FLORIDA","12","STRAWBERRIES, BEARING - APPLICATIONS, MEASURED IN LB / ACRE / APPLICATION, AVG","CHEMICAL, FUNGICIDE","CHEMICAL, FUNGICIDE: (FLUDIOXONIL = 71503)",0.189
2021,"YEAR","STATE","FLORIDA","12","STRAWBERRIES, BEARING - APPLICATIONS, MEASURED IN LB / ACRE / APPLICATION, AVG","CHEMICAL, FUNGICIDE","CHEMICAL, FUNGICIDE: (FLUOPYRAM = 80302)",NA
2021,"YEAR","STATE","FLORIDA","12","STRAWBERRIES, BEARING - APPLICATIONS, MEASURED IN LB / ACRE / APPLICATION, AVG","CHEMICAL, FUNGICIDE","CHEMICAL, FUNGICIDE: (FOSETYL-AL = 123301)",NA
2021,"YEAR","STATE","FLORIDA","12","STRAWBERRIES, BEARING - APPLICATIONS, MEASURED IN LB / ACRE / APPLICATION, AVG","CHEMICAL, FUNGICIDE","CHEMICAL, FUNGICIDE: (MEFENOXAM = 113502)",NA
2021,"YEAR","STATE","FLORIDA","12","STRAWBERRIES, BEARING - APPLICATIONS, MEASURED IN LB / ACRE / APPLICATION, AVG","CHEMICAL, FUNGICIDE","CHEMICAL, FUNGICIDE: (MONO-POTASSIUM SALT = 76416)",NA
2021,"YEAR","STATE","FLORIDA","12","STRAWBERRIES, BEARING - APPLICATIONS, MEASURED IN LB / ACRE / APPLICATION, AVG","CHEMICAL, FUNGICIDE","CHEMICAL, FUNGICIDE: (PROPICONAZOLE = 122101)",NA
2021,"YEAR","STATE","FLORIDA","12","STRAWBERRIES, BEARING - APPLICATIONS, MEASURED IN LB / ACRE / APPLICATION, AVG","CHEMICAL, FUNGICIDE","CHEMICAL, FUNGICIDE: (PYDIFLUMETOFEN = 90110)",NA
2021,"YEAR","STATE","FLORIDA","12","STRAWBERRIES, BEARING - APPLICATIONS, MEASURED IN LB / ACRE / APPLICATION, AVG","CHEMICAL, FUNGICIDE","CHEMICAL, FUNGICIDE: (PYRACLOSTROBIN = 99100)",NA
2021,"YEAR","STATE","FLORIDA","12","STRAWBERRIES, BEARING - APPLICATIONS, MEASURED IN LB / ACRE / APPLICATION, AVG","CHEMICAL, FUNGICIDE","CHEMICAL, FUNGICIDE: (PYRIMETHANIL = 288201)",NA
2021,"YEAR","STATE","FLORIDA","12","STRAWBERRIES, BEARING - APPLICATIONS, MEASURED IN LB / ACRE / APPLICATION, AVG","CHEMICAL, FUNGICIDE","CHEMICAL, FUNGICIDE: (TETRACONAZOLE = 120603)",NA
2021,"YEAR","STATE","FLORIDA","12","STRAWBERRIES, BEARING - APPLICATIONS, MEASURED IN LB / ACRE / APPLICATION, AVG","CHEMICAL, FUNGICIDE","CHEMICAL, FUNGICIDE: (THIOPHANATE-METHYL = 102001)",NA
2021,"YEAR","STATE","FLORIDA","12","STRAWBERRIES, BEARING - APPLICATIONS, MEASURED IN LB / ACRE / APPLICATION, AVG","CHEMICAL, FUNGICIDE","CHEMICAL, FUNGICIDE: (THIRAM = 79801)",2.38
2021,"YEAR","STATE","FLORIDA","12","STRAWBERRIES, BEARING - APPLICATIONS, MEASURED IN LB / ACRE / APPLICATION, AVG","CHEMICAL, FUNGICIDE","CHEMICAL, FUNGICIDE: (TRIFLUMIZOLE = 128879)",NA
2021,"YEAR","STATE","FLORIDA","12","STRAWBERRIES, BEARING - APPLICATIONS, MEASURED IN LB / ACRE / APPLICATION, AVG","CHEMICAL, HERBICIDE","CHEMICAL, HERBICIDE: (CARFENTRAZONE-ETHYL = 128712)",NA
2021,"YEAR","STATE","FLORIDA","12","STRAWBERRIES, BEARING - APPLICATIONS, MEASURED IN LB / ACRE / APPLICATION, AVG","CHEMICAL, HERBICIDE","CHEMICAL, HERBICIDE: (CLETHODIM = 121011)",NA
2021,"YEAR","STATE","FLORIDA","12","STRAWBERRIES, BEARING - APPLICATIONS, MEASURED IN LB / ACRE / APPLICATION, AVG","CHEMICAL, HERBICIDE","CHEMICAL, HERBICIDE: (COPPER ETHANOLAMINE = 24409)",NA
2021,"YEAR","STATE","FLORIDA","12","STRAWBERRIES, BEARING - APPLICATIONS, MEASURED IN LB / ACRE / APPLICATION, AVG","CHEMICAL, HERBICIDE","CHEMICAL, HERBICIDE: (DIMETHENAMID = 129051)",NA
2021,"YEAR","STATE","FLORIDA","12","STRAWBERRIES, BEARING - APPLICATIONS, MEASURED IN LB / ACRE / APPLICATION, AVG","CHEMICAL, HERBICIDE","CHEMICAL, HERBICIDE: (FLUMIOXAZIN = 129034)",NA
2021,"YEAR","STATE","FLORIDA","12","STRAWBERRIES, BEARING - APPLICATIONS, MEASURED IN LB / ACRE / APPLICATION, AVG","CHEMICAL, HERBICIDE","CHEMICAL, HERBICIDE: (FLUROXYPYR 1-MHE = 128968)",NA
2021,"YEAR","STATE","FLORIDA","12","STRAWBERRIES, BEARING - APPLICATIONS, MEASURED IN LB / ACRE / APPLICATION, AVG","CHEMICAL, HERBICIDE","CHEMICAL, HERBICIDE: (GLYPHOSATE ISO. SALT = 103601)",NA
2021,"YEAR","STATE","FLORIDA","12","STRAWBERRIES, BEARING - APPLICATIONS, MEASURED IN LB / ACRE / APPLICATION, AVG","CHEMICAL, HERBICIDE","CHEMICAL, HERBICIDE: (HALOSULFURON-METHYL = 128721)",NA
2021,"YEAR","STATE","FLORIDA","12","STRAWBERRIES, BEARING - APPLICATIONS, MEASURED IN LB / ACRE / APPLICATION, AVG","CHEMICAL, HERBICIDE","CHEMICAL, HERBICIDE: (KANTOR = 129108)",NA
2021,"YEAR","STATE","FLORIDA","12","STRAWBERRIES, BEARING - APPLICATIONS, MEASURED IN LB / ACRE / APPLICATION, AVG","CHEMICAL, INSECTICIDE","CHEMICAL, INSECTICIDE: (ABAMECTIN = 122804)",0.017
2021,"YEAR","STATE","FLORIDA","12","STRAWBERRIES, BEARING - APPLICATIONS, MEASURED IN LB / ACRE / APPLICATION, AVG","CHEMICAL, INSECTICIDE","CHEMICAL, INSECTICIDE: (ACETAMIPRID = 99050)",NA
2021,"YEAR","STATE","FLORIDA","12","STRAWBERRIES, BEARING - APPLICATIONS, MEASURED IN LB / ACRE / APPLICATION, AVG","CHEMICAL, INSECTICIDE","CHEMICAL, INSECTICIDE: (BIFENAZATE = 586)",NA
2021,"YEAR","STATE","FLORIDA","12","STRAWBERRIES, BEARING - APPLICATIONS, MEASURED IN LB / ACRE / APPLICATION, AVG","CHEMICAL, INSECTICIDE","CHEMICAL, INSECTICIDE: (BIFENTHRIN = 128825)",NA
2021,"YEAR","STATE","FLORIDA","12","STRAWBERRIES, BEARING - APPLICATIONS, MEASURED IN LB / ACRE / APPLICATION, AVG","CHEMICAL, INSECTICIDE","CHEMICAL, INSECTICIDE: (CARBARYL = 56801)",NA
2021,"YEAR","STATE","FLORIDA","12","STRAWBERRIES, BEARING - APPLICATIONS, MEASURED IN LB / ACRE / APPLICATION, AVG","CHEMICAL, INSECTICIDE","CHEMICAL, INSECTICIDE: (CHLORANTRANILIPROLE = 90100)",NA
2021,"YEAR","STATE","FLORIDA","12","STRAWBERRIES, BEARING - APPLICATIONS, MEASURED IN LB / ACRE / APPLICATION, AVG","CHEMICAL, INSECTICIDE","CHEMICAL, INSECTICIDE: (CYANTRANILIPROLE = 90098)",NA
2021,"YEAR","STATE","FLORIDA","12","STRAWBERRIES, BEARING - APPLICATIONS, MEASURED IN LB / ACRE / APPLICATION, AVG","CHEMICAL, INSECTICIDE","CHEMICAL, INSECTICIDE: (CYFLUMETOFEN = 138831)",NA
2021,"YEAR","STATE","FLORIDA","12","STRAWBERRIES, BEARING - APPLICATIONS, MEASURED IN LB / ACRE / APPLICATION, AVG","CHEMICAL, INSECTICIDE","CHEMICAL, INSECTICIDE: (DIAZINON = 57801)",NA
2021,"YEAR","STATE","FLORIDA","12","STRAWBERRIES, BEARING - APPLICATIONS, MEASURED IN LB / ACRE / APPLICATION, AVG","CHEMICAL, INSECTICIDE","CHEMICAL, INSECTICIDE: (FENAZAQUIN = 44501)",NA
2021,"YEAR","STATE","FLORIDA","12","STRAWBERRIES, BEARING - APPLICATIONS, MEASURED IN LB / ACRE / APPLICATION, AVG","CHEMICAL, INSECTICIDE","CHEMICAL, INSECTICIDE: (FENPYROXIMATE = 129131)",NA
2021,"YEAR","STATE","FLORIDA","12","STRAWBERRIES, BEARING - APPLICATIONS, MEASURED IN LB / ACRE / APPLICATION, AVG","CHEMICAL, INSECTICIDE","CHEMICAL, INSECTICIDE: (IMIDACLOPRID = 129099)",NA
2021,"YEAR","STATE","FLORIDA","12","STRAWBERRIES, BEARING - APPLICATIONS, MEASURED IN LB / ACRE / APPLICATION, AVG","CHEMICAL, INSECTICIDE","CHEMICAL, INSECTICIDE: (MALATHION = 57701)",NA
2021,"YEAR","STATE","FLORIDA","12","STRAWBERRIES, BEARING - APPLICATIONS, MEASURED IN LB / ACRE / APPLICATION, AVG","CHEMICAL, INSECTICIDE","CHEMICAL, INSECTICIDE: (METHOXYFENOZIDE = 121027)",NA
2021,"YEAR","STATE","FLORIDA","12","STRAWBERRIES, BEARING - APPLICATIONS, MEASURED IN LB / ACRE / APPLICATION, AVG","CHEMICAL, INSECTICIDE","CHEMICAL, INSECTICIDE: (NALED = 34401)",NA
2021,"YEAR","STATE","FLORIDA","12","STRAWBERRIES, BEARING - APPLICATIONS, MEASURED IN LB / ACRE / APPLICATION, AVG","CHEMICAL, INSECTICIDE","CHEMICAL, INSECTICIDE: (NOVALURON = 124002)",0.072
2021,"YEAR","STATE","FLORIDA","12","STRAWBERRIES, BEARING - APPLICATIONS, MEASURED IN LB / ACRE / APPLICATION, AVG","CHEMICAL, INSECTICIDE","CHEMICAL, INSECTICIDE: (SPINETORAM = 110007)",0.069
2021,"YEAR","STATE","FLORIDA","12","STRAWBERRIES, BEARING - APPLICATIONS, MEASURED IN LB / ACRE / APPLICATION, AVG","CHEMICAL, INSECTICIDE","CHEMICAL, INSECTICIDE: (SPIROMESIFEN = 24875)",NA
2021,"YEAR","STATE","FLORIDA","12","STRAWBERRIES, BEARING - APPLICATIONS, MEASURED IN LB / ACRE / APPLICATION, AVG","CHEMICAL, INSECTICIDE","CHEMICAL, INSECTICIDE: (SULFOXAFLOR = 5210)",NA
2021,"YEAR","STATE","FLORIDA","12","STRAWBERRIES, BEARING - APPLICATIONS, MEASURED IN LB / ACRE / APPLICATION, AVG","CHEMICAL, INSECTICIDE","CHEMICAL, INSECTICIDE: (THIAMETHOXAM = 60109)",NA
2021,"YEAR","STATE","FLORIDA","12","STRAWBERRIES, BEARING - APPLICATIONS, MEASURED IN LB / ACRE / APPLICATION, AVG","CHEMICAL, OTHER","CHEMICAL, OTHER: (ACIBENZOLAR-S-METHYL = 61402)",NA
2021,"YEAR","STATE","FLORIDA","12","STRAWBERRIES, BEARING - APPLICATIONS, MEASURED IN LB / ACRE / APPLICATION, AVG","CHEMICAL, OTHER","CHEMICAL, OTHER: (CYTOKININS = 116801)",NA
2021,"YEAR","STATE","FLORIDA","12","STRAWBERRIES, BEARING - APPLICATIONS, MEASURED IN LB / ACRE / APPLICATION, AVG","CHEMICAL, OTHER","CHEMICAL, OTHER: (ETHEPHON = 99801)",NA
2021,"YEAR","STATE","FLORIDA","12","STRAWBERRIES, BEARING - APPLICATIONS, MEASURED IN LB / ACRE / APPLICATION, AVG","CHEMICAL, OTHER","CHEMICAL, OTHER: (INDOLEBUTYRIC ACID = 46701)",NA
2021,"YEAR","STATE","FLORIDA","12","STRAWBERRIES, BEARING - APPLICATIONS, MEASURED IN LB / ACRE / APPLICATION, AVG","CHEMICAL, OTHER","CHEMICAL, OTHER: (METAM-POTASSIUM = 39002)",NA
2021,"YEAR","STATE","FLORIDA","12","STRAWBERRIES, BEARING - APPLICATIONS, MEASURED IN LB / ACRE / APPLICATION, AVG","CHEMICAL, OTHER","CHEMICAL, OTHER: (PSEUDOMONAS CHLORORAPHIS STRAIN AFS009 = 6800)",NA
2021,"YEAR","STATE","FLORIDA","12","STRAWBERRIES, BEARING - APPLICATIONS, MEASURED IN LB / ACRE / YEAR, AVG","CHEMICAL, FUNGICIDE","CHEMICAL, FUNGICIDE: (AZOXYSTROBIN = 128810)",NA
2021,"YEAR","STATE","FLORIDA","12","STRAWBERRIES, BEARING - APPLICATIONS, MEASURED IN LB / ACRE / YEAR, AVG","CHEMICAL, FUNGICIDE","CHEMICAL, FUNGICIDE: (BACILLUS SUBTILIS = 6479)",NA
2021,"YEAR","STATE","FLORIDA","12","STRAWBERRIES, BEARING - APPLICATIONS, MEASURED IN LB / ACRE / YEAR, AVG","CHEMICAL, FUNGICIDE","CHEMICAL, FUNGICIDE: (BORAX DECAHYDRATE = 11102)",NA
2021,"YEAR","STATE","FLORIDA","12","STRAWBERRIES, BEARING - APPLICATIONS, MEASURED IN LB / ACRE / YEAR, AVG","CHEMICAL, FUNGICIDE","CHEMICAL, FUNGICIDE: (BOSCALID = 128008)",NA
2021,"YEAR","STATE","FLORIDA","12","STRAWBERRIES, BEARING - APPLICATIONS, MEASURED IN LB / ACRE / YEAR, AVG","CHEMICAL, FUNGICIDE","CHEMICAL, FUNGICIDE: (CAPTAN = 81301)",21.339
2021,"YEAR","STATE","FLORIDA","12","STRAWBERRIES, BEARING - APPLICATIONS, MEASURED IN LB / ACRE / YEAR, AVG","CHEMICAL, FUNGICIDE","CHEMICAL, FUNGICIDE: (CYFLUFENAMID = 555550)",NA
2021,"YEAR","STATE","FLORIDA","12","STRAWBERRIES, BEARING - APPLICATIONS, MEASURED IN LB / ACRE / YEAR, AVG","CHEMICAL, FUNGICIDE","CHEMICAL, FUNGICIDE: (CYPRODINIL = 288202)",0.816
2021,"YEAR","STATE","FLORIDA","12","STRAWBERRIES, BEARING - APPLICATIONS, MEASURED IN LB / ACRE / YEAR, AVG","CHEMICAL, FUNGICIDE","CHEMICAL, FUNGICIDE: (DIFENOCONAZOLE = 128847)",NA
2021,"YEAR","STATE","FLORIDA","12","STRAWBERRIES, BEARING - APPLICATIONS, MEASURED IN LB / ACRE / YEAR, AVG","CHEMICAL, FUNGICIDE","CHEMICAL, FUNGICIDE: (FENHEXAMID = 90209)",NA
2021,"YEAR","STATE","FLORIDA","12","STRAWBERRIES, BEARING - APPLICATIONS, MEASURED IN LB / ACRE / YEAR, AVG","CHEMICAL, FUNGICIDE","CHEMICAL, FUNGICIDE: (FLUDIOXONIL = 71503)",0.652
2021,"YEAR","STATE","FLORIDA","12","STRAWBERRIES, BEARING - APPLICATIONS, MEASURED IN LB / ACRE / YEAR, AVG","CHEMICAL, FUNGICIDE","CHEMICAL, FUNGICIDE: (FLUOPYRAM = 80302)",NA
2021,"YEAR","STATE","FLORIDA","12","STRAWBERRIES, BEARING - APPLICATIONS, MEASURED IN LB / ACRE / YEAR, AVG","CHEMICAL, FUNGICIDE","CHEMICAL, FUNGICIDE: (FOSETYL-AL = 123301)",NA
2021,"YEAR","STATE","FLORIDA","12","STRAWBERRIES, BEARING - APPLICATIONS, MEASURED IN LB / ACRE / YEAR, AVG","CHEMICAL, FUNGICIDE","CHEMICAL, FUNGICIDE: (MEFENOXAM = 113502)",NA
2021,"YEAR","STATE","FLORIDA","12","STRAWBERRIES, BEARING - APPLICATIONS, MEASURED IN LB / ACRE / YEAR, AVG","CHEMICAL, FUNGICIDE","CHEMICAL, FUNGICIDE: (MONO-POTASSIUM SALT = 76416)",NA
2021,"YEAR","STATE","FLORIDA","12","STRAWBERRIES, BEARING - APPLICATIONS, MEASURED IN LB / ACRE / YEAR, AVG","CHEMICAL, FUNGICIDE","CHEMICAL, FUNGICIDE: (PROPICONAZOLE = 122101)",NA
2021,"YEAR","STATE","FLORIDA","12","STRAWBERRIES, BEARING - APPLICATIONS, MEASURED IN LB / ACRE / YEAR, AVG","CHEMICAL, FUNGICIDE","CHEMICAL, FUNGICIDE: (PYDIFLUMETOFEN = 90110)",NA
2021,"YEAR","STATE","FLORIDA","12","STRAWBERRIES, BEARING - APPLICATIONS, MEASURED IN LB / ACRE / YEAR, AVG","CHEMICAL, FUNGICIDE","CHEMICAL, FUNGICIDE: (PYRACLOSTROBIN = 99100)",NA
2021,"YEAR","STATE","FLORIDA","12","STRAWBERRIES, BEARING - APPLICATIONS, MEASURED IN LB / ACRE / YEAR, AVG","CHEMICAL, FUNGICIDE","CHEMICAL, FUNGICIDE: (PYRIMETHANIL = 288201)",NA
2021,"YEAR","STATE","FLORIDA","12","STRAWBERRIES, BEARING - APPLICATIONS, MEASURED IN LB / ACRE / YEAR, AVG","CHEMICAL, FUNGICIDE","CHEMICAL, FUNGICIDE: (TETRACONAZOLE = 120603)",NA
2021,"YEAR","STATE","FLORIDA","12","STRAWBERRIES, BEARING - APPLICATIONS, MEASURED IN LB / ACRE / YEAR, AVG","CHEMICAL, FUNGICIDE","CHEMICAL, FUNGICIDE: (THIOPHANATE-METHYL = 102001)",NA
2021,"YEAR","STATE","FLORIDA","12","STRAWBERRIES, BEARING - APPLICATIONS, MEASURED IN LB / ACRE / YEAR, AVG","CHEMICAL, FUNGICIDE","CHEMICAL, FUNGICIDE: (THIRAM = 79801)",22.509
2021,"YEAR","STATE","FLORIDA","12","STRAWBERRIES, BEARING - APPLICATIONS, MEASURED IN LB / ACRE / YEAR, AVG","CHEMICAL, FUNGICIDE","CHEMICAL, FUNGICIDE: (TRIFLUMIZOLE = 128879)",NA
2021,"YEAR","STATE","FLORIDA","12","STRAWBERRIES, BEARING - APPLICATIONS, MEASURED IN LB / ACRE / YEAR, AVG","CHEMICAL, HERBICIDE","CHEMICAL, HERBICIDE: (CARFENTRAZONE-ETHYL = 128712)",NA
2021,"YEAR","STATE","FLORIDA","12","STRAWBERRIES, BEARING - APPLICATIONS, MEASURED IN LB / ACRE / YEAR, AVG","CHEMICAL, HERBICIDE","CHEMICAL, HERBICIDE: (CLETHODIM = 121011)",NA
2021,"YEAR","STATE","FLORIDA","12","STRAWBERRIES, BEARING - APPLICATIONS, MEASURED IN LB / ACRE / YEAR, AVG","CHEMICAL, HERBICIDE","CHEMICAL, HERBICIDE: (COPPER ETHANOLAMINE = 24409)",NA
2021,"YEAR","STATE","FLORIDA","12","STRAWBERRIES, BEARING - APPLICATIONS, MEASURED IN LB / ACRE / YEAR, AVG","CHEMICAL, HERBICIDE","CHEMICAL, HERBICIDE: (DIMETHENAMID = 129051)",NA
2021,"YEAR","STATE","FLORIDA","12","STRAWBERRIES, BEARING - APPLICATIONS, MEASURED IN LB / ACRE / YEAR, AVG","CHEMICAL, HERBICIDE","CHEMICAL, HERBICIDE: (FLUMIOXAZIN = 129034)",NA
2021,"YEAR","STATE","FLORIDA","12","STRAWBERRIES, BEARING - APPLICATIONS, MEASURED IN LB / ACRE / YEAR, AVG","CHEMICAL, HERBICIDE","CHEMICAL, HERBICIDE: (FLUROXYPYR 1-MHE = 128968)",NA
2021,"YEAR","STATE","FLORIDA","12","STRAWBERRIES, BEARING - APPLICATIONS, MEASURED IN LB / ACRE / YEAR, AVG","CHEMICAL, HERBICIDE","CHEMICAL, HERBICIDE: (GLYPHOSATE ISO. SALT = 103601)",NA
2021,"YEAR","STATE","FLORIDA","12","STRAWBERRIES, BEARING - APPLICATIONS, MEASURED IN LB / ACRE / YEAR, AVG","CHEMICAL, HERBICIDE","CHEMICAL, HERBICIDE: (HALOSULFURON-METHYL = 128721)",NA
2021,"YEAR","STATE","FLORIDA","12","STRAWBERRIES, BEARING - APPLICATIONS, MEASURED IN LB / ACRE / YEAR, AVG","CHEMICAL, HERBICIDE","CHEMICAL, HERBICIDE: (KANTOR = 129108)",NA
2021,"YEAR","STATE","FLORIDA","12","STRAWBERRIES, BEARING - APPLICATIONS, MEASURED IN LB / ACRE / YEAR, AVG","CHEMICAL, INSECTICIDE","CHEMICAL, INSECTICIDE: (ABAMECTIN = 122804)",0.037
2021,"YEAR","STATE","FLORIDA","12","STRAWBERRIES, BEARING - APPLICATIONS, MEASURED IN LB / ACRE / YEAR, AVG","CHEMICAL, INSECTICIDE","CHEMICAL, INSECTICIDE: (ACETAMIPRID = 99050)",NA
2021,"YEAR","STATE","FLORIDA","12","STRAWBERRIES, BEARING - APPLICATIONS, MEASURED IN LB / ACRE / YEAR, AVG","CHEMICAL, INSECTICIDE","CHEMICAL, INSECTICIDE: (BIFENAZATE = 586)",NA
2021,"YEAR","STATE","FLORIDA","12","STRAWBERRIES, BEARING - APPLICATIONS, MEASURED IN LB / ACRE / YEAR, AVG","CHEMICAL, INSECTICIDE","CHEMICAL, INSECTICIDE: (BIFENTHRIN = 128825)",NA
2021,"YEAR","STATE","FLORIDA","12","STRAWBERRIES, BEARING - APPLICATIONS, MEASURED IN LB / ACRE / YEAR, AVG","CHEMICAL, INSECTICIDE","CHEMICAL, INSECTICIDE: (CARBARYL = 56801)",NA
2021,"YEAR","STATE","FLORIDA","12","STRAWBERRIES, BEARING - APPLICATIONS, MEASURED IN LB / ACRE / YEAR, AVG","CHEMICAL, INSECTICIDE","CHEMICAL, INSECTICIDE: (CHLORANTRANILIPROLE = 90100)",NA
2021,"YEAR","STATE","FLORIDA","12","STRAWBERRIES, BEARING - APPLICATIONS, MEASURED IN LB / ACRE / YEAR, AVG","CHEMICAL, INSECTICIDE","CHEMICAL, INSECTICIDE: (CYANTRANILIPROLE = 90098)",NA
2021,"YEAR","STATE","FLORIDA","12","STRAWBERRIES, BEARING - APPLICATIONS, MEASURED IN LB / ACRE / YEAR, AVG","CHEMICAL, INSECTICIDE","CHEMICAL, INSECTICIDE: (CYFLUMETOFEN = 138831)",NA
2021,"YEAR","STATE","FLORIDA","12","STRAWBERRIES, BEARING - APPLICATIONS, MEASURED IN LB / ACRE / YEAR, AVG","CHEMICAL, INSECTICIDE","CHEMICAL, INSECTICIDE: (DIAZINON = 57801)",NA
2021,"YEAR","STATE","FLORIDA","12","STRAWBERRIES, BEARING - APPLICATIONS, MEASURED IN LB / ACRE / YEAR, AVG","CHEMICAL, INSECTICIDE","CHEMICAL, INSECTICIDE: (FENAZAQUIN = 44501)",NA
2021,"YEAR","STATE","FLORIDA","12","STRAWBERRIES, BEARING - APPLICATIONS, MEASURED IN LB / ACRE / YEAR, AVG","CHEMICAL, INSECTICIDE","CHEMICAL, INSECTICIDE: (FENPYROXIMATE = 129131)",NA
2021,"YEAR","STATE","FLORIDA","12","STRAWBERRIES, BEARING - APPLICATIONS, MEASURED IN LB / ACRE / YEAR, AVG","CHEMICAL, INSECTICIDE","CHEMICAL, INSECTICIDE: (IMIDACLOPRID = 129099)",NA
2021,"YEAR","STATE","FLORIDA","12","STRAWBERRIES, BEARING - APPLICATIONS, MEASURED IN LB / ACRE / YEAR, AVG","CHEMICAL, INSECTICIDE","CHEMICAL, INSECTICIDE: (MALATHION = 57701)",NA
2021,"YEAR","STATE","FLORIDA","12","STRAWBERRIES, BEARING - APPLICATIONS, MEASURED IN LB / ACRE / YEAR, AVG","CHEMICAL, INSECTICIDE","CHEMICAL, INSECTICIDE: (METHOXYFENOZIDE = 121027)",NA
2021,"YEAR","STATE","FLORIDA","12","STRAWBERRIES, BEARING - APPLICATIONS, MEASURED IN LB / ACRE / YEAR, AVG","CHEMICAL, INSECTICIDE","CHEMICAL, INSECTICIDE: (NALED = 34401)",NA
2021,"YEAR","STATE","FLORIDA","12","STRAWBERRIES, BEARING - APPLICATIONS, MEASURED IN LB / ACRE / YEAR, AVG","CHEMICAL, INSECTICIDE","CHEMICAL, INSECTICIDE: (NOVALURON = 124002)",0.187
2021,"YEAR","STATE","FLORIDA","12","STRAWBERRIES, BEARING - APPLICATIONS, MEASURED IN LB / ACRE / YEAR, AVG","CHEMICAL, INSECTICIDE","CHEMICAL, INSECTICIDE: (SPINETORAM = 110007)",0.124
2021,"YEAR","STATE","FLORIDA","12","STRAWBERRIES, BEARING - APPLICATIONS, MEASURED IN LB / ACRE / YEAR, AVG","CHEMICAL, INSECTICIDE","CHEMICAL, INSECTICIDE: (SPIROMESIFEN = 24875)",NA
2021,"YEAR","STATE","FLORIDA","12","STRAWBERRIES, BEARING - APPLICATIONS, MEASURED IN LB / ACRE / YEAR, AVG","CHEMICAL, INSECTICIDE","CHEMICAL, INSECTICIDE: (SULFOXAFLOR = 5210)",NA
2021,"YEAR","STATE","FLORIDA","12","STRAWBERRIES, BEARING - APPLICATIONS, MEASURED IN LB / ACRE / YEAR, AVG","CHEMICAL, INSECTICIDE","CHEMICAL, INSECTICIDE: (THIAMETHOXAM = 60109)",NA
2021,"YEAR","STATE","FLORIDA","12","STRAWBERRIES, BEARING - APPLICATIONS, MEASURED IN LB / ACRE / YEAR, AVG","CHEMICAL, OTHER","CHEMICAL, OTHER: (ACIBENZOLAR-S-METHYL = 61402)",NA
2021,"YEAR","STATE","FLORIDA","12","STRAWBERRIES, BEARING - APPLICATIONS, MEASURED IN LB / ACRE / YEAR, AVG","CHEMICAL, OTHER","CHEMICAL, OTHER: (CYTOKININS = 116801)",NA
2021,"YEAR","STATE","FLORIDA","12","STRAWBERRIES, BEARING - APPLICATIONS, MEASURED IN LB / ACRE / YEAR, AVG","CHEMICAL, OTHER","CHEMICAL, OTHER: (ETHEPHON = 99801)",NA
2021,"YEAR","STATE","FLORIDA","12","STRAWBERRIES, BEARING - APPLICATIONS, MEASURED IN LB / ACRE / YEAR, AVG","CHEMICAL, OTHER","CHEMICAL, OTHER: (INDOLEBUTYRIC ACID = 46701)",NA
2021,"YEAR","STATE","FLORIDA","12","STRAWBERRIES, BEARING - APPLICATIONS, MEASURED IN LB / ACRE / YEAR, AVG","CHEMICAL, OTHER","CHEMICAL, OTHER: (METAM-POTASSIUM = 39002)",NA
2021,"YEAR","STATE","FLORIDA","12","STRAWBERRIES, BEARING - APPLICATIONS, MEASURED IN LB / ACRE / YEAR, AVG","CHEMICAL, OTHER","CHEMICAL, OTHER: (PSEUDOMONAS CHLORORAPHIS STRAIN AFS009 = 6800)",NA
2021,"YEAR","STATE","FLORIDA","12","STRAWBERRIES, BEARING - APPLICATIONS, MEASURED IN NUMBER, AVG","CHEMICAL, FUNGICIDE","CHEMICAL, FUNGICIDE: (AZOXYSTROBIN = 128810)",NA
2021,"YEAR","STATE","FLORIDA","12","STRAWBERRIES, BEARING - APPLICATIONS, MEASURED IN NUMBER, AVG","CHEMICAL, FUNGICIDE","CHEMICAL, FUNGICIDE: (BACILLUS SUBTILIS = 6479)",NA
2021,"YEAR","STATE","FLORIDA","12","STRAWBERRIES, BEARING - APPLICATIONS, MEASURED IN NUMBER, AVG","CHEMICAL, FUNGICIDE","CHEMICAL, FUNGICIDE: (BORAX DECAHYDRATE = 11102)",NA
2021,"YEAR","STATE","FLORIDA","12","STRAWBERRIES, BEARING - APPLICATIONS, MEASURED IN NUMBER, AVG","CHEMICAL, FUNGICIDE","CHEMICAL, FUNGICIDE: (BOSCALID = 128008)",NA
2021,"YEAR","STATE","FLORIDA","12","STRAWBERRIES, BEARING - APPLICATIONS, MEASURED IN NUMBER, AVG","CHEMICAL, FUNGICIDE","CHEMICAL, FUNGICIDE: (CAPTAN = 81301)",10.5
2021,"YEAR","STATE","FLORIDA","12","STRAWBERRIES, BEARING - APPLICATIONS, MEASURED IN NUMBER, AVG","CHEMICAL, FUNGICIDE","CHEMICAL, FUNGICIDE: (CYFLUFENAMID = 555550)",NA
2021,"YEAR","STATE","FLORIDA","12","STRAWBERRIES, BEARING - APPLICATIONS, MEASURED IN NUMBER, AVG","CHEMICAL, FUNGICIDE","CHEMICAL, FUNGICIDE: (CYPRODINIL = 288202)",2.8
2021,"YEAR","STATE","FLORIDA","12","STRAWBERRIES, BEARING - APPLICATIONS, MEASURED IN NUMBER, AVG","CHEMICAL, FUNGICIDE","CHEMICAL, FUNGICIDE: (DIFENOCONAZOLE = 128847)",NA
2021,"YEAR","STATE","FLORIDA","12","STRAWBERRIES, BEARING - APPLICATIONS, MEASURED IN NUMBER, AVG","CHEMICAL, FUNGICIDE","CHEMICAL, FUNGICIDE: (FENHEXAMID = 90209)",NA
2021,"YEAR","STATE","FLORIDA","12","STRAWBERRIES, BEARING - APPLICATIONS, MEASURED IN NUMBER, AVG","CHEMICAL, FUNGICIDE","CHEMICAL, FUNGICIDE: (FLUDIOXONIL = 71503)",3.4
2021,"YEAR","STATE","FLORIDA","12","STRAWBERRIES, BEARING - APPLICATIONS, MEASURED IN NUMBER, AVG","CHEMICAL, FUNGICIDE","CHEMICAL, FUNGICIDE: (FLUOPYRAM = 80302)",NA
2021,"YEAR","STATE","FLORIDA","12","STRAWBERRIES, BEARING - APPLICATIONS, MEASURED IN NUMBER, AVG","CHEMICAL, FUNGICIDE","CHEMICAL, FUNGICIDE: (FOSETYL-AL = 123301)",NA
2021,"YEAR","STATE","FLORIDA","12","STRAWBERRIES, BEARING - APPLICATIONS, MEASURED IN NUMBER, AVG","CHEMICAL, FUNGICIDE","CHEMICAL, FUNGICIDE: (MEFENOXAM = 113502)",NA
2021,"YEAR","STATE","FLORIDA","12","STRAWBERRIES, BEARING - APPLICATIONS, MEASURED IN NUMBER, AVG","CHEMICAL, FUNGICIDE","CHEMICAL, FUNGICIDE: (MONO-POTASSIUM SALT = 76416)",NA
2021,"YEAR","STATE","FLORIDA","12","STRAWBERRIES, BEARING - APPLICATIONS, MEASURED IN NUMBER, AVG","CHEMICAL, FUNGICIDE","CHEMICAL, FUNGICIDE: (PROPICONAZOLE = 122101)",NA
2021,"YEAR","STATE","FLORIDA","12","STRAWBERRIES, BEARING - APPLICATIONS, MEASURED IN NUMBER, AVG","CHEMICAL, FUNGICIDE","CHEMICAL, FUNGICIDE: (PYDIFLUMETOFEN = 90110)",NA
2021,"YEAR","STATE","FLORIDA","12","STRAWBERRIES, BEARING - APPLICATIONS, MEASURED IN NUMBER, AVG","CHEMICAL, FUNGICIDE","CHEMICAL, FUNGICIDE: (PYRACLOSTROBIN = 99100)",NA
2021,"YEAR","STATE","FLORIDA","12","STRAWBERRIES, BEARING - APPLICATIONS, MEASURED IN NUMBER, AVG","CHEMICAL, FUNGICIDE","CHEMICAL, FUNGICIDE: (PYRIMETHANIL = 288201)",NA
2021,"YEAR","STATE","FLORIDA","12","STRAWBERRIES, BEARING - APPLICATIONS, MEASURED IN NUMBER, AVG","CHEMICAL, FUNGICIDE","CHEMICAL, FUNGICIDE: (TETRACONAZOLE = 120603)",NA
2021,"YEAR","STATE","FLORIDA","12","STRAWBERRIES, BEARING - APPLICATIONS, MEASURED IN NUMBER, AVG","CHEMICAL, FUNGICIDE","CHEMICAL, FUNGICIDE: (THIOPHANATE-METHYL = 102001)",NA
2021,"YEAR","STATE","FLORIDA","12","STRAWBERRIES, BEARING - APPLICATIONS, MEASURED IN NUMBER, AVG","CHEMICAL, FUNGICIDE","CHEMICAL, FUNGICIDE: (THIRAM = 79801)",9.5
2021,"YEAR","STATE","FLORIDA","12","STRAWBERRIES, BEARING - APPLICATIONS, MEASURED IN NUMBER, AVG","CHEMICAL, FUNGICIDE","CHEMICAL, FUNGICIDE: (TRIFLUMIZOLE = 128879)",NA
2021,"YEAR","STATE","FLORIDA","12","STRAWBERRIES, BEARING - APPLICATIONS, MEASURED IN NUMBER, AVG","CHEMICAL, HERBICIDE","CHEMICAL, HERBICIDE: (CARFENTRAZONE-ETHYL = 128712)",NA
2021,"YEAR","STATE","FLORIDA","12","STRAWBERRIES, BEARING - APPLICATIONS, MEASURED IN NUMBER, AVG","CHEMICAL, HERBICIDE","CHEMICAL, HERBICIDE: (CLETHODIM = 121011)",NA
2021,"YEAR","STATE","FLORIDA","12","STRAWBERRIES, BEARING - APPLICATIONS, MEASURED IN NUMBER, AVG","CHEMICAL, HERBICIDE","CHEMICAL, HERBICIDE: (COPPER ETHANOLAMINE = 24409)",NA
2021,"YEAR","STATE","FLORIDA","12","STRAWBERRIES, BEARING - APPLICATIONS, MEASURED IN NUMBER, AVG","CHEMICAL, HERBICIDE","CHEMICAL, HERBICIDE: (DIMETHENAMID = 129051)",NA
2021,"YEAR","STATE","FLORIDA","12","STRAWBERRIES, BEARING - APPLICATIONS, MEASURED IN NUMBER, AVG","CHEMICAL, HERBICIDE","CHEMICAL, HERBICIDE: (FLUMIOXAZIN = 129034)",NA
2021,"YEAR","STATE","FLORIDA","12","STRAWBERRIES, BEARING - APPLICATIONS, MEASURED IN NUMBER, AVG","CHEMICAL, HERBICIDE","CHEMICAL, HERBICIDE: (FLUROXYPYR 1-MHE = 128968)",NA
2021,"YEAR","STATE","FLORIDA","12","STRAWBERRIES, BEARING - APPLICATIONS, MEASURED IN NUMBER, AVG","CHEMICAL, HERBICIDE","CHEMICAL, HERBICIDE: (GLYPHOSATE ISO. SALT = 103601)",NA
2021,"YEAR","STATE","FLORIDA","12","STRAWBERRIES, BEARING - APPLICATIONS, MEASURED IN NUMBER, AVG","CHEMICAL, HERBICIDE","CHEMICAL, HERBICIDE: (HALOSULFURON-METHYL = 128721)",NA
2021,"YEAR","STATE","FLORIDA","12","STRAWBERRIES, BEARING - APPLICATIONS, MEASURED IN NUMBER, AVG","CHEMICAL, HERBICIDE","CHEMICAL, HERBICIDE: (KANTOR = 129108)",NA
2021,"YEAR","STATE","FLORIDA","12","STRAWBERRIES, BEARING - APPLICATIONS, MEASURED IN NUMBER, AVG","CHEMICAL, INSECTICIDE","CHEMICAL, INSECTICIDE: (ABAMECTIN = 122804)",2.1
2021,"YEAR","STATE","FLORIDA","12","STRAWBERRIES, BEARING - APPLICATIONS, MEASURED IN NUMBER, AVG","CHEMICAL, INSECTICIDE","CHEMICAL, INSECTICIDE: (ACETAMIPRID = 99050)",NA
2021,"YEAR","STATE","FLORIDA","12","STRAWBERRIES, BEARING - APPLICATIONS, MEASURED IN NUMBER, AVG","CHEMICAL, INSECTICIDE","CHEMICAL, INSECTICIDE: (BIFENAZATE = 586)",NA
2021,"YEAR","STATE","FLORIDA","12","STRAWBERRIES, BEARING - APPLICATIONS, MEASURED IN NUMBER, AVG","CHEMICAL, INSECTICIDE","CHEMICAL, INSECTICIDE: (BIFENTHRIN = 128825)",NA
2021,"YEAR","STATE","FLORIDA","12","STRAWBERRIES, BEARING - APPLICATIONS, MEASURED IN NUMBER, AVG","CHEMICAL, INSECTICIDE","CHEMICAL, INSECTICIDE: (CARBARYL = 56801)",NA
2021,"YEAR","STATE","FLORIDA","12","STRAWBERRIES, BEARING - APPLICATIONS, MEASURED IN NUMBER, AVG","CHEMICAL, INSECTICIDE","CHEMICAL, INSECTICIDE: (CHLORANTRANILIPROLE = 90100)",NA
2021,"YEAR","STATE","FLORIDA","12","STRAWBERRIES, BEARING - APPLICATIONS, MEASURED IN NUMBER, AVG","CHEMICAL, INSECTICIDE","CHEMICAL, INSECTICIDE: (CYANTRANILIPROLE = 90098)",NA
2021,"YEAR","STATE","FLORIDA","12","STRAWBERRIES, BEARING - APPLICATIONS, MEASURED IN NUMBER, AVG","CHEMICAL, INSECTICIDE","CHEMICAL, INSECTICIDE: (CYFLUMETOFEN = 138831)",NA
2021,"YEAR","STATE","FLORIDA","12","STRAWBERRIES, BEARING - APPLICATIONS, MEASURED IN NUMBER, AVG","CHEMICAL, INSECTICIDE","CHEMICAL, INSECTICIDE: (DIAZINON = 57801)",NA
2021,"YEAR","STATE","FLORIDA","12","STRAWBERRIES, BEARING - APPLICATIONS, MEASURED IN NUMBER, AVG","CHEMICAL, INSECTICIDE","CHEMICAL, INSECTICIDE: (FENAZAQUIN = 44501)",NA
2021,"YEAR","STATE","FLORIDA","12","STRAWBERRIES, BEARING - APPLICATIONS, MEASURED IN NUMBER, AVG","CHEMICAL, INSECTICIDE","CHEMICAL, INSECTICIDE: (FENPYROXIMATE = 129131)",NA
2021,"YEAR","STATE","FLORIDA","12","STRAWBERRIES, BEARING - APPLICATIONS, MEASURED IN NUMBER, AVG","CHEMICAL, INSECTICIDE","CHEMICAL, INSECTICIDE: (IMIDACLOPRID = 129099)",NA
2021,"YEAR","STATE","FLORIDA","12","STRAWBERRIES, BEARING - APPLICATIONS, MEASURED IN NUMBER, AVG","CHEMICAL, INSECTICIDE","CHEMICAL, INSECTICIDE: (MALATHION = 57701)",NA
2021,"YEAR","STATE","FLORIDA","12","STRAWBERRIES, BEARING - APPLICATIONS, MEASURED IN NUMBER, AVG","CHEMICAL, INSECTICIDE","CHEMICAL, INSECTICIDE: (METHOXYFENOZIDE = 121027)",NA
2021,"YEAR","STATE","FLORIDA","12","STRAWBERRIES, BEARING - APPLICATIONS, MEASURED IN NUMBER, AVG","CHEMICAL, INSECTICIDE","CHEMICAL, INSECTICIDE: (NALED = 34401)",NA
2021,"YEAR","STATE","FLORIDA","12","STRAWBERRIES, BEARING - APPLICATIONS, MEASURED IN NUMBER, AVG","CHEMICAL, INSECTICIDE","CHEMICAL, INSECTICIDE: (NOVALURON = 124002)",2.6
2021,"YEAR","STATE","FLORIDA","12","STRAWBERRIES, BEARING - APPLICATIONS, MEASURED IN NUMBER, AVG","CHEMICAL, INSECTICIDE","CHEMICAL, INSECTICIDE: (SPINETORAM = 110007)",1.8
2021,"YEAR","STATE","FLORIDA","12","STRAWBERRIES, BEARING - APPLICATIONS, MEASURED IN NUMBER, AVG","CHEMICAL, INSECTICIDE","CHEMICAL, INSECTICIDE: (SPIROMESIFEN = 24875)",NA
2021,"YEAR","STATE","FLORIDA","12","STRAWBERRIES, BEARING - APPLICATIONS, MEASURED IN NUMBER, AVG","CHEMICAL, INSECTICIDE","CHEMICAL, INSECTICIDE: (SULFOXAFLOR = 5210)",NA
2021,"YEAR","STATE","FLORIDA","12","STRAWBERRIES, BEARING - APPLICATIONS, MEASURED IN NUMBER, AVG","CHEMICAL, INSECTICIDE","CHEMICAL, INSECTICIDE: (THIAMETHOXAM = 60109)",NA
2021,"YEAR","STATE","FLORIDA","12","STRAWBERRIES, BEARING - APPLICATIONS, MEASURED IN NUMBER, AVG","CHEMICAL, OTHER","CHEMICAL, OTHER: (ACIBENZOLAR-S-METHYL = 61402)",NA
2021,"YEAR","STATE","FLORIDA","12","STRAWBERRIES, BEARING - APPLICATIONS, MEASURED IN NUMBER, AVG","CHEMICAL, OTHER","CHEMICAL, OTHER: (CYTOKININS = 116801)",NA
2021,"YEAR","STATE","FLORIDA","12","STRAWBERRIES, BEARING - APPLICATIONS, MEASURED IN NUMBER, AVG","CHEMICAL, OTHER","CHEMICAL, OTHER: (ETHEPHON = 99801)",NA
2021,"YEAR","STATE","FLORIDA","12","STRAWBERRIES, BEARING - APPLICATIONS, MEASURED IN NUMBER, AVG","CHEMICAL, OTHER","CHEMICAL, OTHER: (INDOLEBUTYRIC ACID = 46701)",NA
2021,"YEAR","STATE","FLORIDA","12","STRAWBERRIES, BEARING - APPLICATIONS, MEASURED IN NUMBER, AVG","CHEMICAL, OTHER","CHEMICAL, OTHER: (METAM-POTASSIUM = 39002)",NA
2021,"YEAR","STATE","FLORIDA","12","STRAWBERRIES, BEARING - APPLICATIONS, MEASURED IN NUMBER, AVG","CHEMICAL, OTHER","CHEMICAL, OTHER: (PSEUDOMONAS CHLORORAPHIS STRAIN AFS009 = 6800)",NA
2021,"YEAR","STATE","FLORIDA","12","STRAWBERRIES, BEARING - TREATED, MEASURED IN PCT OF AREA BEARING, AVG","CHEMICAL, FUNGICIDE","CHEMICAL, FUNGICIDE: (AZOXYSTROBIN = 128810)",NA
2021,"YEAR","STATE","FLORIDA","12","STRAWBERRIES, BEARING - TREATED, MEASURED IN PCT OF AREA BEARING, AVG","CHEMICAL, FUNGICIDE","CHEMICAL, FUNGICIDE: (BACILLUS SUBTILIS = 6479)",NA
2021,"YEAR","STATE","FLORIDA","12","STRAWBERRIES, BEARING - TREATED, MEASURED IN PCT OF AREA BEARING, AVG","CHEMICAL, FUNGICIDE","CHEMICAL, FUNGICIDE: (BORAX DECAHYDRATE = 11102)",NA
2021,"YEAR","STATE","FLORIDA","12","STRAWBERRIES, BEARING - TREATED, MEASURED IN PCT OF AREA BEARING, AVG","CHEMICAL, FUNGICIDE","CHEMICAL, FUNGICIDE: (BOSCALID = 128008)",NA
2021,"YEAR","STATE","FLORIDA","12","STRAWBERRIES, BEARING - TREATED, MEASURED IN PCT OF AREA BEARING, AVG","CHEMICAL, FUNGICIDE","CHEMICAL, FUNGICIDE: (CAPTAN = 81301)",61
2021,"YEAR","STATE","FLORIDA","12","STRAWBERRIES, BEARING - TREATED, MEASURED IN PCT OF AREA BEARING, AVG","CHEMICAL, FUNGICIDE","CHEMICAL, FUNGICIDE: (CYFLUFENAMID = 555550)",NA
2021,"YEAR","STATE","FLORIDA","12","STRAWBERRIES, BEARING - TREATED, MEASURED IN PCT OF AREA BEARING, AVG","CHEMICAL, FUNGICIDE","CHEMICAL, FUNGICIDE: (CYPRODINIL = 288202)",65
2021,"YEAR","STATE","FLORIDA","12","STRAWBERRIES, BEARING - TREATED, MEASURED IN PCT OF AREA BEARING, AVG","CHEMICAL, FUNGICIDE","CHEMICAL, FUNGICIDE: (DIFENOCONAZOLE = 128847)",NA
2021,"YEAR","STATE","FLORIDA","12","STRAWBERRIES, BEARING - TREATED, MEASURED IN PCT OF AREA BEARING, AVG","CHEMICAL, FUNGICIDE","CHEMICAL, FUNGICIDE: (FENHEXAMID = 90209)",NA
2021,"YEAR","STATE","FLORIDA","12","STRAWBERRIES, BEARING - TREATED, MEASURED IN PCT OF AREA BEARING, AVG","CHEMICAL, FUNGICIDE","CHEMICAL, FUNGICIDE: (FLUDIOXONIL = 71503)",66
2021,"YEAR","STATE","FLORIDA","12","STRAWBERRIES, BEARING - TREATED, MEASURED IN PCT OF AREA BEARING, AVG","CHEMICAL, FUNGICIDE","CHEMICAL, FUNGICIDE: (FLUOPYRAM = 80302)",NA
2021,"YEAR","STATE","FLORIDA","12","STRAWBERRIES, BEARING - TREATED, MEASURED IN PCT OF AREA BEARING, AVG","CHEMICAL, FUNGICIDE","CHEMICAL, FUNGICIDE: (FOSETYL-AL = 123301)",NA
2021,"YEAR","STATE","FLORIDA","12","STRAWBERRIES, BEARING - TREATED, MEASURED IN PCT OF AREA BEARING, AVG","CHEMICAL, FUNGICIDE","CHEMICAL, FUNGICIDE: (MEFENOXAM = 113502)",NA
2021,"YEAR","STATE","FLORIDA","12","STRAWBERRIES, BEARING - TREATED, MEASURED IN PCT OF AREA BEARING, AVG","CHEMICAL, FUNGICIDE","CHEMICAL, FUNGICIDE: (MONO-POTASSIUM SALT = 76416)",NA
2021,"YEAR","STATE","FLORIDA","12","STRAWBERRIES, BEARING - TREATED, MEASURED IN PCT OF AREA BEARING, AVG","CHEMICAL, FUNGICIDE","CHEMICAL, FUNGICIDE: (PROPICONAZOLE = 122101)",NA
2021,"YEAR","STATE","FLORIDA","12","STRAWBERRIES, BEARING - TREATED, MEASURED IN PCT OF AREA BEARING, AVG","CHEMICAL, FUNGICIDE","CHEMICAL, FUNGICIDE: (PYDIFLUMETOFEN = 90110)",NA
2021,"YEAR","STATE","FLORIDA","12","STRAWBERRIES, BEARING - TREATED, MEASURED IN PCT OF AREA BEARING, AVG","CHEMICAL, FUNGICIDE","CHEMICAL, FUNGICIDE: (PYRACLOSTROBIN = 99100)",NA
2021,"YEAR","STATE","FLORIDA","12","STRAWBERRIES, BEARING - TREATED, MEASURED IN PCT OF AREA BEARING, AVG","CHEMICAL, FUNGICIDE","CHEMICAL, FUNGICIDE: (PYRIMETHANIL = 288201)",NA
2021,"YEAR","STATE","FLORIDA","12","STRAWBERRIES, BEARING - TREATED, MEASURED IN PCT OF AREA BEARING, AVG","CHEMICAL, FUNGICIDE","CHEMICAL, FUNGICIDE: (TETRACONAZOLE = 120603)",NA
2021,"YEAR","STATE","FLORIDA","12","STRAWBERRIES, BEARING - TREATED, MEASURED IN PCT OF AREA BEARING, AVG","CHEMICAL, FUNGICIDE","CHEMICAL, FUNGICIDE: (THIOPHANATE-METHYL = 102001)",NA
2021,"YEAR","STATE","FLORIDA","12","STRAWBERRIES, BEARING - TREATED, MEASURED IN PCT OF AREA BEARING, AVG","CHEMICAL, FUNGICIDE","CHEMICAL, FUNGICIDE: (THIRAM = 79801)",61
2021,"YEAR","STATE","FLORIDA","12","STRAWBERRIES, BEARING - TREATED, MEASURED IN PCT OF AREA BEARING, AVG","CHEMICAL, FUNGICIDE","CHEMICAL, FUNGICIDE: (TOTAL)",66
2021,"YEAR","STATE","FLORIDA","12","STRAWBERRIES, BEARING - TREATED, MEASURED IN PCT OF AREA BEARING, AVG","CHEMICAL, FUNGICIDE","CHEMICAL, FUNGICIDE: (TRIFLUMIZOLE = 128879)",NA
2021,"YEAR","STATE","FLORIDA","12","STRAWBERRIES, BEARING - TREATED, MEASURED IN PCT OF AREA BEARING, AVG","CHEMICAL, HERBICIDE","CHEMICAL, HERBICIDE: (CARFENTRAZONE-ETHYL = 128712)",NA
2021,"YEAR","STATE","FLORIDA","12","STRAWBERRIES, BEARING - TREATED, MEASURED IN PCT OF AREA BEARING, AVG","CHEMICAL, HERBICIDE","CHEMICAL, HERBICIDE: (CLETHODIM = 121011)",NA
2021,"YEAR","STATE","FLORIDA","12","STRAWBERRIES, BEARING - TREATED, MEASURED IN PCT OF AREA BEARING, AVG","CHEMICAL, HERBICIDE","CHEMICAL, HERBICIDE: (COPPER ETHANOLAMINE = 24409)",NA
2021,"YEAR","STATE","FLORIDA","12","STRAWBERRIES, BEARING - TREATED, MEASURED IN PCT OF AREA BEARING, AVG","CHEMICAL, HERBICIDE","CHEMICAL, HERBICIDE: (DIMETHENAMID = 129051)",NA
2021,"YEAR","STATE","FLORIDA","12","STRAWBERRIES, BEARING - TREATED, MEASURED IN PCT OF AREA BEARING, AVG","CHEMICAL, HERBICIDE","CHEMICAL, HERBICIDE: (FLUMIOXAZIN = 129034)",NA
2021,"YEAR","STATE","FLORIDA","12","STRAWBERRIES, BEARING - TREATED, MEASURED IN PCT OF AREA BEARING, AVG","CHEMICAL, HERBICIDE","CHEMICAL, HERBICIDE: (FLUROXYPYR 1-MHE = 128968)",NA
2021,"YEAR","STATE","FLORIDA","12","STRAWBERRIES, BEARING - TREATED, MEASURED IN PCT OF AREA BEARING, AVG","CHEMICAL, HERBICIDE","CHEMICAL, HERBICIDE: (GLYPHOSATE ISO. SALT = 103601)",NA
2021,"YEAR","STATE","FLORIDA","12","STRAWBERRIES, BEARING - TREATED, MEASURED IN PCT OF AREA BEARING, AVG","CHEMICAL, HERBICIDE","CHEMICAL, HERBICIDE: (HALOSULFURON-METHYL = 128721)",NA
2021,"YEAR","STATE","FLORIDA","12","STRAWBERRIES, BEARING - TREATED, MEASURED IN PCT OF AREA BEARING, AVG","CHEMICAL, HERBICIDE","CHEMICAL, HERBICIDE: (KANTOR = 129108)",NA
2021,"YEAR","STATE","FLORIDA","12","STRAWBERRIES, BEARING - TREATED, MEASURED IN PCT OF AREA BEARING, AVG","CHEMICAL, HERBICIDE","CHEMICAL, HERBICIDE: (TOTAL)",9
2021,"YEAR","STATE","FLORIDA","12","STRAWBERRIES, BEARING - TREATED, MEASURED IN PCT OF AREA BEARING, AVG","CHEMICAL, INSECTICIDE","CHEMICAL, INSECTICIDE: (ABAMECTIN = 122804)",7
2021,"YEAR","STATE","FLORIDA","12","STRAWBERRIES, BEARING - TREATED, MEASURED IN PCT OF AREA BEARING, AVG","CHEMICAL, INSECTICIDE","CHEMICAL, INSECTICIDE: (ACETAMIPRID = 99050)",NA
2021,"YEAR","STATE","FLORIDA","12","STRAWBERRIES, BEARING - TREATED, MEASURED IN PCT OF AREA BEARING, AVG","CHEMICAL, INSECTICIDE","CHEMICAL, INSECTICIDE: (BIFENAZATE = 586)",NA
2021,"YEAR","STATE","FLORIDA","12","STRAWBERRIES, BEARING - TREATED, MEASURED IN PCT OF AREA BEARING, AVG","CHEMICAL, INSECTICIDE","CHEMICAL, INSECTICIDE: (BIFENTHRIN = 128825)",NA
2021,"YEAR","STATE","FLORIDA","12","STRAWBERRIES, BEARING - TREATED, MEASURED IN PCT OF AREA BEARING, AVG","CHEMICAL, INSECTICIDE","CHEMICAL, INSECTICIDE: (CARBARYL = 56801)",NA
2021,"YEAR","STATE","FLORIDA","12","STRAWBERRIES, BEARING - TREATED, MEASURED IN PCT OF AREA BEARING, AVG","CHEMICAL, INSECTICIDE","CHEMICAL, INSECTICIDE: (CHLORANTRANILIPROLE = 90100)",NA
2021,"YEAR","STATE","FLORIDA","12","STRAWBERRIES, BEARING - TREATED, MEASURED IN PCT OF AREA BEARING, AVG","CHEMICAL, INSECTICIDE","CHEMICAL, INSECTICIDE: (CYANTRANILIPROLE = 90098)",NA
2021,"YEAR","STATE","FLORIDA","12","STRAWBERRIES, BEARING - TREATED, MEASURED IN PCT OF AREA BEARING, AVG","CHEMICAL, INSECTICIDE","CHEMICAL, INSECTICIDE: (CYFLUMETOFEN = 138831)",NA
2021,"YEAR","STATE","FLORIDA","12","STRAWBERRIES, BEARING - TREATED, MEASURED IN PCT OF AREA BEARING, AVG","CHEMICAL, INSECTICIDE","CHEMICAL, INSECTICIDE: (DIAZINON = 57801)",NA
2021,"YEAR","STATE","FLORIDA","12","STRAWBERRIES, BEARING - TREATED, MEASURED IN PCT OF AREA BEARING, AVG","CHEMICAL, INSECTICIDE","CHEMICAL, INSECTICIDE: (FENAZAQUIN = 44501)",NA
2021,"YEAR","STATE","FLORIDA","12","STRAWBERRIES, BEARING - TREATED, MEASURED IN PCT OF AREA BEARING, AVG","CHEMICAL, INSECTICIDE","CHEMICAL, INSECTICIDE: (FENPYROXIMATE = 129131)",NA
2021,"YEAR","STATE","FLORIDA","12","STRAWBERRIES, BEARING - TREATED, MEASURED IN PCT OF AREA BEARING, AVG","CHEMICAL, INSECTICIDE","CHEMICAL, INSECTICIDE: (IMIDACLOPRID = 129099)",NA
2021,"YEAR","STATE","FLORIDA","12","STRAWBERRIES, BEARING - TREATED, MEASURED IN PCT OF AREA BEARING, AVG","CHEMICAL, INSECTICIDE","CHEMICAL, INSECTICIDE: (MALATHION = 57701)",NA
2021,"YEAR","STATE","FLORIDA","12","STRAWBERRIES, BEARING - TREATED, MEASURED IN PCT OF AREA BEARING, AVG","CHEMICAL, INSECTICIDE","CHEMICAL, INSECTICIDE: (METHOXYFENOZIDE = 121027)",NA
2021,"YEAR","STATE","FLORIDA","12","STRAWBERRIES, BEARING - TREATED, MEASURED IN PCT OF AREA BEARING, AVG","CHEMICAL, INSECTICIDE","CHEMICAL, INSECTICIDE: (NALED = 34401)",NA
2021,"YEAR","STATE","FLORIDA","12","STRAWBERRIES, BEARING - TREATED, MEASURED IN PCT OF AREA BEARING, AVG","CHEMICAL, INSECTICIDE","CHEMICAL, INSECTICIDE: (NOVALURON = 124002)",58
2021,"YEAR","STATE","FLORIDA","12","STRAWBERRIES, BEARING - TREATED, MEASURED IN PCT OF AREA BEARING, AVG","CHEMICAL, INSECTICIDE","CHEMICAL, INSECTICIDE: (SPINETORAM = 110007)",57
2021,"YEAR","STATE","FLORIDA","12","STRAWBERRIES, BEARING - TREATED, MEASURED IN PCT OF AREA BEARING, AVG","CHEMICAL, INSECTICIDE","CHEMICAL, INSECTICIDE: (SPIROMESIFEN = 24875)",NA
2021,"YEAR","STATE","FLORIDA","12","STRAWBERRIES, BEARING - TREATED, MEASURED IN PCT OF AREA BEARING, AVG","CHEMICAL, INSECTICIDE","CHEMICAL, INSECTICIDE: (SULFOXAFLOR = 5210)",NA
2021,"YEAR","STATE","FLORIDA","12","STRAWBERRIES, BEARING - TREATED, MEASURED IN PCT OF AREA BEARING, AVG","CHEMICAL, INSECTICIDE","CHEMICAL, INSECTICIDE: (THIAMETHOXAM = 60109)",NA
2021,"YEAR","STATE","FLORIDA","12","STRAWBERRIES, BEARING - TREATED, MEASURED IN PCT OF AREA BEARING, AVG","CHEMICAL, INSECTICIDE","CHEMICAL, INSECTICIDE: (TOTAL)",62
2021,"YEAR","STATE","FLORIDA","12","STRAWBERRIES, BEARING - TREATED, MEASURED IN PCT OF AREA BEARING, AVG","CHEMICAL, OTHER","CHEMICAL, OTHER: (ACIBENZOLAR-S-METHYL = 61402)",NA
2021,"YEAR","STATE","FLORIDA","12","STRAWBERRIES, BEARING - TREATED, MEASURED IN PCT OF AREA BEARING, AVG","CHEMICAL, OTHER","CHEMICAL, OTHER: (CYTOKININS = 116801)",NA
2021,"YEAR","STATE","FLORIDA","12","STRAWBERRIES, BEARING - TREATED, MEASURED IN PCT OF AREA BEARING, AVG","CHEMICAL, OTHER","CHEMICAL, OTHER: (ETHEPHON = 99801)",NA
2021,"YEAR","STATE","FLORIDA","12","STRAWBERRIES, BEARING - TREATED, MEASURED IN PCT OF AREA BEARING, AVG","CHEMICAL, OTHER","CHEMICAL, OTHER: (INDOLEBUTYRIC ACID = 46701)",NA
2021,"YEAR","STATE","FLORIDA","12","STRAWBERRIES, BEARING - TREATED, MEASURED IN PCT OF AREA BEARING, AVG","CHEMICAL, OTHER","CHEMICAL, OTHER: (METAM-POTASSIUM = 39002)",NA
2021,"YEAR","STATE","FLORIDA","12","STRAWBERRIES, BEARING - TREATED, MEASURED IN PCT OF AREA BEARING, AVG","CHEMICAL, OTHER","CHEMICAL, OTHER: (PSEUDOMONAS CHLORORAPHIS STRAIN AFS009 = 6800)",NA
2021,"YEAR","STATE","FLORIDA","12","STRAWBERRIES, BEARING - TREATED, MEASURED IN PCT OF AREA BEARING, AVG","CHEMICAL, OTHER","CHEMICAL, OTHER: (TOTAL)",49
2021,"YEAR","STATE","FLORIDA","12","STRAWBERRIES, FRESH MARKET - PRODUCTION, MEASURED IN $","TOTAL","NOT SPECIFIED",NA
2021,"YEAR","STATE","FLORIDA","12","STRAWBERRIES, FRESH MARKET, UTILIZED - PRODUCTION, MEASURED IN CWT","TOTAL","NOT SPECIFIED",NA
2021,"YEAR","STATE","FLORIDA","12","STRAWBERRIES, NOT SOLD - PRODUCTION, MEASURED IN CWT","TOTAL","NOT SPECIFIED",0
2021,"YEAR","STATE","FLORIDA","12","STRAWBERRIES, PROCESSING - PRODUCTION, MEASURED IN $","TOTAL","NOT SPECIFIED",NA
2021,"YEAR","STATE","FLORIDA","12","STRAWBERRIES, PROCESSING, UTILIZED - PRODUCTION, MEASURED IN CWT","TOTAL","NOT SPECIFIED",NA
2021,"YEAR","STATE","FLORIDA","12","STRAWBERRIES, UTILIZED - PRODUCTION, MEASURED IN CWT","TOTAL","NOT SPECIFIED",2830000
2021,"YEAR","STATE","OTHER STATES",NA,"STRAWBERRIES - ACRES HARVESTED","TOTAL","NOT SPECIFIED",0
2021,"YEAR","STATE","OTHER STATES",NA,"STRAWBERRIES - ACRES PLANTED","TOTAL","NOT SPECIFIED",0
2021,"YEAR","STATE","OTHER STATES",NA,"STRAWBERRIES - PRODUCTION, MEASURED IN $","TOTAL","NOT SPECIFIED",0
2021,"YEAR","STATE","OTHER STATES",NA,"STRAWBERRIES - PRODUCTION, MEASURED IN CWT","TOTAL","NOT SPECIFIED",0
2021,"YEAR","STATE","OTHER STATES",NA,"STRAWBERRIES - YIELD, MEASURED IN CWT / ACRE","TOTAL","NOT SPECIFIED",0
2021,"YEAR","STATE","OTHER STATES",NA,"STRAWBERRIES, FRESH MARKET - PRODUCTION, MEASURED IN $","TOTAL","NOT SPECIFIED",3253959000
2021,"YEAR","STATE","OTHER STATES",NA,"STRAWBERRIES, FRESH MARKET, UTILIZED - PRODUCTION, MEASURED IN CWT","TOTAL","NOT SPECIFIED",22697900
2021,"YEAR","STATE","OTHER STATES",NA,"STRAWBERRIES, NOT SOLD - PRODUCTION, MEASURED IN CWT","TOTAL","NOT SPECIFIED",0
2021,"YEAR","STATE","OTHER STATES",NA,"STRAWBERRIES, PROCESSING - PRODUCTION, MEASURED IN $","TOTAL","NOT SPECIFIED",330001000
2021,"YEAR","STATE","OTHER STATES",NA,"STRAWBERRIES, PROCESSING, UTILIZED - PRODUCTION, MEASURED IN CWT","TOTAL","NOT SPECIFIED",5156800
2021,"YEAR","STATE","OTHER STATES",NA,"STRAWBERRIES, UTILIZED - PRODUCTION, MEASURED IN CWT","TOTAL","NOT SPECIFIED",0
2020,"MARKETING YEAR","NATIONAL","US TOTAL",NA,"STRAWBERRIES - PRICE RECEIVED, MEASURED IN $ / CWT","TOTAL","NOT SPECIFIED",97.1
2020,"MARKETING YEAR","NATIONAL","US TOTAL",NA,"STRAWBERRIES, FRESH MARKET - PRICE RECEIVED, MEASURED IN $ / CWT","TOTAL","NOT SPECIFIED",111
2020,"MARKETING YEAR","NATIONAL","US TOTAL",NA,"STRAWBERRIES, PROCESSING - PRICE RECEIVED, MEASURED IN $ / CWT","TOTAL","NOT SPECIFIED",38.1
2020,"MARKETING YEAR","STATE","CALIFORNIA","06","STRAWBERRIES - PRICE RECEIVED, MEASURED IN $ / CWT","TOTAL","NOT SPECIFIED",93.1
2020,"MARKETING YEAR","STATE","CALIFORNIA","06","STRAWBERRIES, FRESH MARKET - PRICE RECEIVED, MEASURED IN $ / CWT","TOTAL","NOT SPECIFIED",NA
2020,"MARKETING YEAR","STATE","CALIFORNIA","06","STRAWBERRIES, PROCESSING - PRICE RECEIVED, MEASURED IN $ / CWT","TOTAL","NOT SPECIFIED",NA
2020,"MARKETING YEAR","STATE","FLORIDA","12","STRAWBERRIES - PRICE RECEIVED, MEASURED IN $ / CWT","TOTAL","NOT SPECIFIED",139
2020,"MARKETING YEAR","STATE","FLORIDA","12","STRAWBERRIES, FRESH MARKET - PRICE RECEIVED, MEASURED IN $ / CWT","TOTAL","NOT SPECIFIED",NA
2020,"MARKETING YEAR","STATE","FLORIDA","12","STRAWBERRIES, PROCESSING - PRICE RECEIVED, MEASURED IN $ / CWT","TOTAL","NOT SPECIFIED",NA
2020,"MARKETING YEAR","STATE","OTHER STATES",NA,"STRAWBERRIES - PRICE RECEIVED, MEASURED IN $ / CWT","TOTAL","NOT SPECIFIED",0
2020,"MARKETING YEAR","STATE","OTHER STATES",NA,"STRAWBERRIES, FRESH MARKET - PRICE RECEIVED, MEASURED IN $ / CWT","TOTAL","NOT SPECIFIED",111
2020,"MARKETING YEAR","STATE","OTHER STATES",NA,"STRAWBERRIES, PROCESSING - PRICE RECEIVED, MEASURED IN $ / CWT","TOTAL","NOT SPECIFIED",38.1
2020,"YEAR","NATIONAL","US TOTAL",NA,"STRAWBERRIES - ACRES HARVESTED","TOTAL","NOT SPECIFIED",49300
2020,"YEAR","NATIONAL","US TOTAL",NA,"STRAWBERRIES - ACRES PLANTED","TOTAL","NOT SPECIFIED",49700
2020,"YEAR","NATIONAL","US TOTAL",NA,"STRAWBERRIES - PRODUCTION, MEASURED IN $","TOTAL","NOT SPECIFIED",2591759000
2020,"YEAR","NATIONAL","US TOTAL",NA,"STRAWBERRIES - PRODUCTION, MEASURED IN CWT","TOTAL","NOT SPECIFIED",26740000
2020,"YEAR","NATIONAL","US TOTAL",NA,"STRAWBERRIES - PRODUCTION, MEASURED IN TONS","TOTAL","NOT SPECIFIED",1337000
2020,"YEAR","NATIONAL","US TOTAL",NA,"STRAWBERRIES - YIELD, MEASURED IN CWT / ACRE","TOTAL","NOT SPECIFIED",542
2020,"YEAR","NATIONAL","US TOTAL",NA,"STRAWBERRIES - YIELD, MEASURED IN TONS / ACRE","TOTAL","NOT SPECIFIED",27.12
2020,"YEAR","NATIONAL","US TOTAL",NA,"STRAWBERRIES, FRESH MARKET - PRODUCTION, MEASURED IN $","TOTAL","NOT SPECIFIED",2404152000
2020,"YEAR","NATIONAL","US TOTAL",NA,"STRAWBERRIES, FRESH MARKET, UTILIZED - PRODUCTION, MEASURED IN CWT","TOTAL","NOT SPECIFIED",21756400
2020,"YEAR","NATIONAL","US TOTAL",NA,"STRAWBERRIES, NOT SOLD - PRODUCTION, MEASURED IN CWT","TOTAL","NOT SPECIFIED",55800
2020,"YEAR","NATIONAL","US TOTAL",NA,"STRAWBERRIES, PROCESSING - PRODUCTION, MEASURED IN $","TOTAL","NOT SPECIFIED",187607000
2020,"YEAR","NATIONAL","US TOTAL",NA,"STRAWBERRIES, PROCESSING, UTILIZED - PRODUCTION, MEASURED IN CWT","TOTAL","NOT SPECIFIED",4927800
2020,"YEAR","NATIONAL","US TOTAL",NA,"STRAWBERRIES, UTILIZED - PRODUCTION, MEASURED IN CWT","TOTAL","NOT SPECIFIED",26684200
2020,"YEAR","NATIONAL","US TOTAL",NA,"STRAWBERRIES, UTILIZED - PRODUCTION, MEASURED IN TONS","TOTAL","NOT SPECIFIED",1334210
2020,"YEAR","STATE","CALIFORNIA","06","STRAWBERRIES - ACRES HARVESTED","TOTAL","NOT SPECIFIED",37600
2020,"YEAR","STATE","CALIFORNIA","06","STRAWBERRIES - ACRES PLANTED","TOTAL","NOT SPECIFIED",38000
2020,"YEAR","STATE","CALIFORNIA","06","STRAWBERRIES - PRODUCTION, MEASURED IN $","TOTAL","NOT SPECIFIED",2267175000
2020,"YEAR","STATE","CALIFORNIA","06","STRAWBERRIES - PRODUCTION, MEASURED IN CWT","TOTAL","NOT SPECIFIED",24400000
2020,"YEAR","STATE","CALIFORNIA","06","STRAWBERRIES - YIELD, MEASURED IN CWT / ACRE","TOTAL","NOT SPECIFIED",650
2020,"YEAR","STATE","CALIFORNIA","06","STRAWBERRIES, FRESH MARKET - PRODUCTION, MEASURED IN $","TOTAL","NOT SPECIFIED",NA
2020,"YEAR","STATE","CALIFORNIA","06","STRAWBERRIES, FRESH MARKET, UTILIZED - PRODUCTION, MEASURED IN CWT","TOTAL","NOT SPECIFIED",NA
2020,"YEAR","STATE","CALIFORNIA","06","STRAWBERRIES, NOT SOLD - PRODUCTION, MEASURED IN CWT","TOTAL","NOT SPECIFIED",48800
2020,"YEAR","STATE","CALIFORNIA","06","STRAWBERRIES, PROCESSING - PRODUCTION, MEASURED IN $","TOTAL","NOT SPECIFIED",NA
2020,"YEAR","STATE","CALIFORNIA","06","STRAWBERRIES, PROCESSING, UTILIZED - PRODUCTION, MEASURED IN CWT","TOTAL","NOT SPECIFIED",NA
2020,"YEAR","STATE","CALIFORNIA","06","STRAWBERRIES, UTILIZED - PRODUCTION, MEASURED IN CWT","TOTAL","NOT SPECIFIED",24351200
2020,"YEAR","STATE","FLORIDA","12","STRAWBERRIES - ACRES HARVESTED","TOTAL","NOT SPECIFIED",11700
2020,"YEAR","STATE","FLORIDA","12","STRAWBERRIES - ACRES PLANTED","TOTAL","NOT SPECIFIED",11700
2020,"YEAR","STATE","FLORIDA","12","STRAWBERRIES - PRODUCTION, MEASURED IN $","TOTAL","NOT SPECIFIED",324584000
2020,"YEAR","STATE","FLORIDA","12","STRAWBERRIES - PRODUCTION, MEASURED IN CWT","TOTAL","NOT SPECIFIED",2340000
2020,"YEAR","STATE","FLORIDA","12","STRAWBERRIES - YIELD, MEASURED IN CWT / ACRE","TOTAL","NOT SPECIFIED",200
2020,"YEAR","STATE","FLORIDA","12","STRAWBERRIES, FRESH MARKET - PRODUCTION, MEASURED IN $","TOTAL","NOT SPECIFIED",NA
2020,"YEAR","STATE","FLORIDA","12","STRAWBERRIES, FRESH MARKET, UTILIZED - PRODUCTION, MEASURED IN CWT","TOTAL","NOT SPECIFIED",NA
2020,"YEAR","STATE","FLORIDA","12","STRAWBERRIES, NOT SOLD - PRODUCTION, MEASURED IN CWT","TOTAL","NOT SPECIFIED",7000
2020,"YEAR","STATE","FLORIDA","12","STRAWBERRIES, PROCESSING - PRODUCTION, MEASURED IN $","TOTAL","NOT SPECIFIED",NA
2020,"YEAR","STATE","FLORIDA","12","STRAWBERRIES, PROCESSING, UTILIZED - PRODUCTION, MEASURED IN CWT","TOTAL","NOT SPECIFIED",NA
2020,"YEAR","STATE","FLORIDA","12","STRAWBERRIES, UTILIZED - PRODUCTION, MEASURED IN CWT","TOTAL","NOT SPECIFIED",2333000
2020,"YEAR","STATE","OTHER STATES",NA,"STRAWBERRIES - ACRES HARVESTED","TOTAL","NOT SPECIFIED",0
2020,"YEAR","STATE","OTHER STATES",NA,"STRAWBERRIES - ACRES PLANTED","TOTAL","NOT SPECIFIED",0
2020,"YEAR","STATE","OTHER STATES",NA,"STRAWBERRIES - PRODUCTION, MEASURED IN $","TOTAL","NOT SPECIFIED",0
2020,"YEAR","STATE","OTHER STATES",NA,"STRAWBERRIES - PRODUCTION, MEASURED IN CWT","TOTAL","NOT SPECIFIED",0
2020,"YEAR","STATE","OTHER STATES",NA,"STRAWBERRIES - YIELD, MEASURED IN CWT / ACRE","TOTAL","NOT SPECIFIED",0
2020,"YEAR","STATE","OTHER STATES",NA,"STRAWBERRIES, FRESH MARKET - PRODUCTION, MEASURED IN $","TOTAL","NOT SPECIFIED",2404152000
2020,"YEAR","STATE","OTHER STATES",NA,"STRAWBERRIES, FRESH MARKET, UTILIZED - PRODUCTION, MEASURED IN CWT","TOTAL","NOT SPECIFIED",21756400
2020,"YEAR","STATE","OTHER STATES",NA,"STRAWBERRIES, NOT SOLD - PRODUCTION, MEASURED IN CWT","TOTAL","NOT SPECIFIED",0
2020,"YEAR","STATE","OTHER STATES",NA,"STRAWBERRIES, PROCESSING - PRODUCTION, MEASURED IN $","TOTAL","NOT SPECIFIED",187607000
2020,"YEAR","STATE","OTHER STATES",NA,"STRAWBERRIES, PROCESSING, UTILIZED - PRODUCTION, MEASURED IN CWT","TOTAL","NOT SPECIFIED",4927800
2020,"YEAR","STATE","OTHER STATES",NA,"STRAWBERRIES, UTILIZED - PRODUCTION, MEASURED IN CWT","TOTAL","NOT SPECIFIED",0
2019,"MARKETING YEAR","NATIONAL","US TOTAL",NA,"STRAWBERRIES - PRICE RECEIVED, MEASURED IN $ / CWT","TOTAL","NOT SPECIFIED",115
2019,"MARKETING YEAR","NATIONAL","US TOTAL",NA,"STRAWBERRIES, FRESH MARKET - PRICE RECEIVED, MEASURED IN $ / CWT","TOTAL","NOT SPECIFIED",130
2019,"MARKETING YEAR","NATIONAL","US TOTAL",NA,"STRAWBERRIES, PROCESSING - PRICE RECEIVED, MEASURED IN $ / CWT","TOTAL","NOT SPECIFIED",52.8
2019,"MARKETING YEAR","STATE","CALIFORNIA","06","STRAWBERRIES - PRICE RECEIVED, MEASURED IN $ / CWT","TOTAL","NOT SPECIFIED",110
2019,"MARKETING YEAR","STATE","CALIFORNIA","06","STRAWBERRIES, FRESH MARKET - PRICE RECEIVED, MEASURED IN $ / CWT","TOTAL","NOT SPECIFIED",NA
2019,"MARKETING YEAR","STATE","CALIFORNIA","06","STRAWBERRIES, PROCESSING - PRICE RECEIVED, MEASURED IN $ / CWT","TOTAL","NOT SPECIFIED",NA
2019,"MARKETING YEAR","STATE","FLORIDA","12","STRAWBERRIES - PRICE RECEIVED, MEASURED IN $ / CWT","TOTAL","NOT SPECIFIED",152
2019,"MARKETING YEAR","STATE","FLORIDA","12","STRAWBERRIES, FRESH MARKET - PRICE RECEIVED, MEASURED IN $ / CWT","TOTAL","NOT SPECIFIED",NA
2019,"MARKETING YEAR","STATE","FLORIDA","12","STRAWBERRIES, PROCESSING - PRICE RECEIVED, MEASURED IN $ / CWT","TOTAL","NOT SPECIFIED",NA
2019,"MARKETING YEAR","STATE","OTHER STATES",NA,"STRAWBERRIES, FRESH MARKET - PRICE RECEIVED, MEASURED IN $ / CWT","TOTAL","NOT SPECIFIED",130
2019,"MARKETING YEAR","STATE","OTHER STATES",NA,"STRAWBERRIES, PROCESSING - PRICE RECEIVED, MEASURED IN $ / CWT","TOTAL","NOT SPECIFIED",52.8
2019,"YEAR","NATIONAL","US TOTAL",NA,"STRAWBERRIES - ACRES HARVESTED","TOTAL","NOT SPECIFIED",45400
2019,"YEAR","NATIONAL","US TOTAL",NA,"STRAWBERRIES - ACRES PLANTED","TOTAL","NOT SPECIFIED",45800
2019,"YEAR","NATIONAL","US TOTAL",NA,"STRAWBERRIES - PRODUCTION, MEASURED IN $","TOTAL","NOT SPECIFIED",2749961000
2019,"YEAR","NATIONAL","US TOTAL",NA,"STRAWBERRIES - PRODUCTION, MEASURED IN CWT","TOTAL","NOT SPECIFIED",23980000
2019,"YEAR","NATIONAL","US TOTAL",NA,"STRAWBERRIES - PRODUCTION, MEASURED IN TONS","TOTAL","NOT SPECIFIED",1199000
2019,"YEAR","NATIONAL","US TOTAL",NA,"STRAWBERRIES - YIELD, MEASURED IN CWT / ACRE","TOTAL","NOT SPECIFIED",528
2019,"YEAR","NATIONAL","US TOTAL",NA,"STRAWBERRIES - YIELD, MEASURED IN TONS / ACRE","TOTAL","NOT SPECIFIED",26.41
2019,"YEAR","NATIONAL","US TOTAL",NA,"STRAWBERRIES, FRESH MARKET - PRODUCTION, MEASURED IN $","TOTAL","NOT SPECIFIED",2501482000
2019,"YEAR","NATIONAL","US TOTAL",NA,"STRAWBERRIES, FRESH MARKET, UTILIZED - PRODUCTION, MEASURED IN CWT","TOTAL","NOT SPECIFIED",19251000
2019,"YEAR","NATIONAL","US TOTAL",NA,"STRAWBERRIES, NOT SOLD - PRODUCTION, MEASURED IN CWT","TOTAL","NOT SPECIFIED",21300
2019,"YEAR","NATIONAL","US TOTAL",NA,"STRAWBERRIES, PROCESSING - PRODUCTION, MEASURED IN $","TOTAL","NOT SPECIFIED",248479000
2019,"YEAR","NATIONAL","US TOTAL",NA,"STRAWBERRIES, PROCESSING, UTILIZED - PRODUCTION, MEASURED IN CWT","TOTAL","NOT SPECIFIED",4707700
2019,"YEAR","NATIONAL","US TOTAL",NA,"STRAWBERRIES, UTILIZED - PRODUCTION, MEASURED IN CWT","TOTAL","NOT SPECIFIED",23958700
2019,"YEAR","NATIONAL","US TOTAL",NA,"STRAWBERRIES, UTILIZED - PRODUCTION, MEASURED IN TONS","TOTAL","NOT SPECIFIED",1197935
2019,"YEAR","STATE","CALIFORNIA","06","STRAWBERRIES - ACRES HARVESTED","TOTAL","NOT SPECIFIED",34900
2019,"YEAR","STATE","CALIFORNIA","06","STRAWBERRIES - ACRES PLANTED","TOTAL","NOT SPECIFIED",35300
2019,"YEAR","STATE","CALIFORNIA","06","STRAWBERRIES - PRODUCTION, MEASURED IN $","TOTAL","NOT SPECIFIED",2342148000
2019,"YEAR","STATE","CALIFORNIA","06","STRAWBERRIES - PRODUCTION, MEASURED IN CWT","TOTAL","NOT SPECIFIED",21300000
2019,"YEAR","STATE","CALIFORNIA","06","STRAWBERRIES - YIELD, MEASURED IN CWT / ACRE","TOTAL","NOT SPECIFIED",610
2019,"YEAR","STATE","CALIFORNIA","06","STRAWBERRIES, BEARING - APPLICATIONS, MEASURED IN LB","CHEMICAL, FUNGICIDE","CHEMICAL, FUNGICIDE: (AZOXYSTROBIN = 128810)",5500
2019,"YEAR","STATE","CALIFORNIA","06","STRAWBERRIES, BEARING - APPLICATIONS, MEASURED IN LB","CHEMICAL, FUNGICIDE","CHEMICAL, FUNGICIDE: (BACILLUS AMYLOLIQUEFACIENS MBI 600 = 129082)",NA
2019,"YEAR","STATE","CALIFORNIA","06","STRAWBERRIES, BEARING - APPLICATIONS, MEASURED IN LB","CHEMICAL, FUNGICIDE","CHEMICAL, FUNGICIDE: (BACILLUS AMYLOLIQUEFACIENS STRAIN D747 = 16482)",NA
2019,"YEAR","STATE","CALIFORNIA","06","STRAWBERRIES, BEARING - APPLICATIONS, MEASURED IN LB","CHEMICAL, FUNGICIDE","CHEMICAL, FUNGICIDE: (BACILLUS PUMILUS = 6485)",NA
2019,"YEAR","STATE","CALIFORNIA","06","STRAWBERRIES, BEARING - APPLICATIONS, MEASURED IN LB","CHEMICAL, FUNGICIDE","CHEMICAL, FUNGICIDE: (BACILLUS SUBT. GB03 = 129068)",NA
2019,"YEAR","STATE","CALIFORNIA","06","STRAWBERRIES, BEARING - APPLICATIONS, MEASURED IN LB","CHEMICAL, FUNGICIDE","CHEMICAL, FUNGICIDE: (BACILLUS SUBTILIS = 6479)",NA
2019,"YEAR","STATE","CALIFORNIA","06","STRAWBERRIES, BEARING - APPLICATIONS, MEASURED IN LB","CHEMICAL, FUNGICIDE","CHEMICAL, FUNGICIDE: (BLAD = 30006)",1200
2019,"YEAR","STATE","CALIFORNIA","06","STRAWBERRIES, BEARING - APPLICATIONS, MEASURED IN LB","CHEMICAL, FUNGICIDE","CHEMICAL, FUNGICIDE: (BORAX DECAHYDRATE = 11102)",300
2019,"YEAR","STATE","CALIFORNIA","06","STRAWBERRIES, BEARING - APPLICATIONS, MEASURED IN LB","CHEMICAL, FUNGICIDE","CHEMICAL, FUNGICIDE: (BOSCALID = 128008)",6200
2019,"YEAR","STATE","CALIFORNIA","06","STRAWBERRIES, BEARING - APPLICATIONS, MEASURED IN LB","CHEMICAL, FUNGICIDE","CHEMICAL, FUNGICIDE: (BT SUBSP KURSTAKI EVB-113-19 = 6544)",NA
2019,"YEAR","STATE","CALIFORNIA","06","STRAWBERRIES, BEARING - APPLICATIONS, MEASURED IN LB","CHEMICAL, FUNGICIDE","CHEMICAL, FUNGICIDE: (CAPTAN = 81301)",283500
2019,"YEAR","STATE","CALIFORNIA","06","STRAWBERRIES, BEARING - APPLICATIONS, MEASURED IN LB","CHEMICAL, FUNGICIDE","CHEMICAL, FUNGICIDE: (COPPER HYDROXIDE = 23401)",NA
2019,"YEAR","STATE","CALIFORNIA","06","STRAWBERRIES, BEARING - APPLICATIONS, MEASURED IN LB","CHEMICAL, FUNGICIDE","CHEMICAL, FUNGICIDE: (COPPER OCTANOATE = 23306)",NA
2019,"YEAR","STATE","CALIFORNIA","06","STRAWBERRIES, BEARING - APPLICATIONS, MEASURED IN LB","CHEMICAL, FUNGICIDE","CHEMICAL, FUNGICIDE: (CYFLUFENAMID = 555550)",400
2019,"YEAR","STATE","CALIFORNIA","06","STRAWBERRIES, BEARING - APPLICATIONS, MEASURED IN LB","CHEMICAL, FUNGICIDE","CHEMICAL, FUNGICIDE: (CYPRODINIL = 288202)",16600
2019,"YEAR","STATE","CALIFORNIA","06","STRAWBERRIES, BEARING - APPLICATIONS, MEASURED IN LB","CHEMICAL, FUNGICIDE","CHEMICAL, FUNGICIDE: (DIFENOCONAZOLE = 128847)",900
2019,"YEAR","STATE","CALIFORNIA","06","STRAWBERRIES, BEARING - APPLICATIONS, MEASURED IN LB","CHEMICAL, FUNGICIDE","CHEMICAL, FUNGICIDE: (FENHEXAMID = 90209)",15000
2019,"YEAR","STATE","CALIFORNIA","06","STRAWBERRIES, BEARING - APPLICATIONS, MEASURED IN LB","CHEMICAL, FUNGICIDE","CHEMICAL, FUNGICIDE: (FLUDIOXONIL = 71503)",11100
2019,"YEAR","STATE","CALIFORNIA","06","STRAWBERRIES, BEARING - APPLICATIONS, MEASURED IN LB","CHEMICAL, FUNGICIDE","CHEMICAL, FUNGICIDE: (FLUOPYRAM = 80302)",3900
2019,"YEAR","STATE","CALIFORNIA","06","STRAWBERRIES, BEARING - APPLICATIONS, MEASURED IN LB","CHEMICAL, FUNGICIDE","CHEMICAL, FUNGICIDE: (FLUXAPYROXAD = 138009)",3900
2019,"YEAR","STATE","CALIFORNIA","06","STRAWBERRIES, BEARING - APPLICATIONS, MEASURED IN LB","CHEMICAL, FUNGICIDE","CHEMICAL, FUNGICIDE: (FOSETYL-AL = 123301)",34200
2019,"YEAR","STATE","CALIFORNIA","06","STRAWBERRIES, BEARING - APPLICATIONS, MEASURED IN LB","CHEMICAL, FUNGICIDE","CHEMICAL, FUNGICIDE: (ISOFETAMID = 270000)",NA
2019,"YEAR","STATE","CALIFORNIA","06","STRAWBERRIES, BEARING - APPLICATIONS, MEASURED IN LB","CHEMICAL, FUNGICIDE","CHEMICAL, FUNGICIDE: (MEFENOXAM = 113502)",9300
2019,"YEAR","STATE","CALIFORNIA","06","STRAWBERRIES, BEARING - APPLICATIONS, MEASURED IN LB","CHEMICAL, FUNGICIDE","CHEMICAL, FUNGICIDE: (MONO-POTASSIUM SALT = 76416)",NA
2019,"YEAR","STATE","CALIFORNIA","06","STRAWBERRIES, BEARING - APPLICATIONS, MEASURED IN LB","CHEMICAL, FUNGICIDE","CHEMICAL, FUNGICIDE: (MYCLOBUTANIL = 128857)",5600
2019,"YEAR","STATE","CALIFORNIA","06","STRAWBERRIES, BEARING - APPLICATIONS, MEASURED IN LB","CHEMICAL, FUNGICIDE","CHEMICAL, FUNGICIDE: (PENTHIOPYRAD = 90112)",7000
2019,"YEAR","STATE","CALIFORNIA","06","STRAWBERRIES, BEARING - APPLICATIONS, MEASURED IN LB","CHEMICAL, FUNGICIDE","CHEMICAL, FUNGICIDE: (POLYOXIN D ZINC SALT = 230000)",1400
2019,"YEAR","STATE","CALIFORNIA","06","STRAWBERRIES, BEARING - APPLICATIONS, MEASURED IN LB","CHEMICAL, FUNGICIDE","CHEMICAL, FUNGICIDE: (POTASSIUM BICARBON. = 73508)",11300
2019,"YEAR","STATE","CALIFORNIA","06","STRAWBERRIES, BEARING - APPLICATIONS, MEASURED IN LB","CHEMICAL, FUNGICIDE","CHEMICAL, FUNGICIDE: (PROPICONAZOLE = 122101)",1600
2019,"YEAR","STATE","CALIFORNIA","06","STRAWBERRIES, BEARING - APPLICATIONS, MEASURED IN LB","CHEMICAL, FUNGICIDE","CHEMICAL, FUNGICIDE: (PYRACLOSTROBIN = 99100)",7400
2019,"YEAR","STATE","CALIFORNIA","06","STRAWBERRIES, BEARING - APPLICATIONS, MEASURED IN LB","CHEMICAL, FUNGICIDE","CHEMICAL, FUNGICIDE: (PYRIMETHANIL = 288201)",9300
2019,"YEAR","STATE","CALIFORNIA","06","STRAWBERRIES, BEARING - APPLICATIONS, MEASURED IN LB","CHEMICAL, FUNGICIDE","CHEMICAL, FUNGICIDE: (QUINOLINE = 55459)",4800
2019,"YEAR","STATE","CALIFORNIA","06","STRAWBERRIES, BEARING - APPLICATIONS, MEASURED IN LB","CHEMICAL, FUNGICIDE","CHEMICAL, FUNGICIDE: (STREPTOMYCES LYDICUS = 6327)",NA
2019,"YEAR","STATE","CALIFORNIA","06","STRAWBERRIES, BEARING - APPLICATIONS, MEASURED IN LB","CHEMICAL, FUNGICIDE","CHEMICAL, FUNGICIDE: (SULFUR = 77501)",686000
2019,"YEAR","STATE","CALIFORNIA","06","STRAWBERRIES, BEARING - APPLICATIONS, MEASURED IN LB","CHEMICAL, FUNGICIDE","CHEMICAL, FUNGICIDE: (TETRACONAZOLE = 120603)",600
2019,"YEAR","STATE","CALIFORNIA","06","STRAWBERRIES, BEARING - APPLICATIONS, MEASURED IN LB","CHEMICAL, FUNGICIDE","CHEMICAL, FUNGICIDE: (THIOPHANATE-METHYL = 102001)",3300
2019,"YEAR","STATE","CALIFORNIA","06","STRAWBERRIES, BEARING - APPLICATIONS, MEASURED IN LB","CHEMICAL, FUNGICIDE","CHEMICAL, FUNGICIDE: (THIRAM = 79801)",90900
2019,"YEAR","STATE","CALIFORNIA","06","STRAWBERRIES, BEARING - APPLICATIONS, MEASURED IN LB","CHEMICAL, FUNGICIDE","CHEMICAL, FUNGICIDE: (TOTAL)",1233500
2019,"YEAR","STATE","CALIFORNIA","06","STRAWBERRIES, BEARING - APPLICATIONS, MEASURED IN LB","CHEMICAL, FUNGICIDE","CHEMICAL, FUNGICIDE: (TRICHODERMA HARZ. = 119202)",NA
2019,"YEAR","STATE","CALIFORNIA","06","STRAWBERRIES, BEARING - APPLICATIONS, MEASURED IN LB","CHEMICAL, FUNGICIDE","CHEMICAL, FUNGICIDE: (TRIFLOXYSTROBIN = 129112)",4200
2019,"YEAR","STATE","CALIFORNIA","06","STRAWBERRIES, BEARING - APPLICATIONS, MEASURED IN LB","CHEMICAL, FUNGICIDE","CHEMICAL, FUNGICIDE: (TRIFLUMIZOLE = 128879)",7200
2019,"YEAR","STATE","CALIFORNIA","06","STRAWBERRIES, BEARING - APPLICATIONS, MEASURED IN LB","CHEMICAL, HERBICIDE","CHEMICAL, HERBICIDE: (CARFENTRAZONE-ETHYL = 128712)",200
2019,"YEAR","STATE","CALIFORNIA","06","STRAWBERRIES, BEARING - APPLICATIONS, MEASURED IN LB","CHEMICAL, HERBICIDE","CHEMICAL, HERBICIDE: (FLUMIOXAZIN = 129034)",1100
2019,"YEAR","STATE","CALIFORNIA","06","STRAWBERRIES, BEARING - APPLICATIONS, MEASURED IN LB","CHEMICAL, HERBICIDE","CHEMICAL, HERBICIDE: (GLUFOSINATE-AMMONIUM = 128850)",NA
2019,"YEAR","STATE","CALIFORNIA","06","STRAWBERRIES, BEARING - APPLICATIONS, MEASURED IN LB","CHEMICAL, HERBICIDE","CHEMICAL, HERBICIDE: (GLYPHOSATE ISO. SALT = 103601)",NA
2019,"YEAR","STATE","CALIFORNIA","06","STRAWBERRIES, BEARING - APPLICATIONS, MEASURED IN LB","CHEMICAL, HERBICIDE","CHEMICAL, HERBICIDE: (GLYPHOSATE POT. SALT = 103613)",NA
2019,"YEAR","STATE","CALIFORNIA","06","STRAWBERRIES, BEARING - APPLICATIONS, MEASURED IN LB","CHEMICAL, HERBICIDE","CHEMICAL, HERBICIDE: (NAPROPAMIDE = 103001)",NA
2019,"YEAR","STATE","CALIFORNIA","06","STRAWBERRIES, BEARING - APPLICATIONS, MEASURED IN LB","CHEMICAL, HERBICIDE","CHEMICAL, HERBICIDE: (OXYFLUORFEN = 111601)",1300
2019,"YEAR","STATE","CALIFORNIA","06","STRAWBERRIES, BEARING - APPLICATIONS, MEASURED IN LB","CHEMICAL, HERBICIDE","CHEMICAL, HERBICIDE: (PARAQUAT = 61601)",NA
2019,"YEAR","STATE","CALIFORNIA","06","STRAWBERRIES, BEARING - APPLICATIONS, MEASURED IN LB","CHEMICAL, HERBICIDE","CHEMICAL, HERBICIDE: (PENDIMETHALIN = 108501)",5500
2019,"YEAR","STATE","CALIFORNIA","06","STRAWBERRIES, BEARING - APPLICATIONS, MEASURED IN LB","CHEMICAL, HERBICIDE","CHEMICAL, HERBICIDE: (SULFENTRAZONE = 129081)",NA
2019,"YEAR","STATE","CALIFORNIA","06","STRAWBERRIES, BEARING - APPLICATIONS, MEASURED IN LB","CHEMICAL, HERBICIDE","CHEMICAL, HERBICIDE: (TOTAL)",10200
2019,"YEAR","STATE","CALIFORNIA","06","STRAWBERRIES, BEARING - APPLICATIONS, MEASURED IN LB","CHEMICAL, INSECTICIDE","CHEMICAL, INSECTICIDE: (ABAMECTIN = 122804)",500
2019,"YEAR","STATE","CALIFORNIA","06","STRAWBERRIES, BEARING - APPLICATIONS, MEASURED IN LB","CHEMICAL, INSECTICIDE","CHEMICAL, INSECTICIDE: (ACEQUINOCYL = 6329)",5400
2019,"YEAR","STATE","CALIFORNIA","06","STRAWBERRIES, BEARING - APPLICATIONS, MEASURED IN LB","CHEMICAL, INSECTICIDE","CHEMICAL, INSECTICIDE: (ACETAMIPRID = 99050)",2800
2019,"YEAR","STATE","CALIFORNIA","06","STRAWBERRIES, BEARING - APPLICATIONS, MEASURED IN LB","CHEMICAL, INSECTICIDE","CHEMICAL, INSECTICIDE: (AZADIRACHTIN = 121701)",800
2019,"YEAR","STATE","CALIFORNIA","06","STRAWBERRIES, BEARING - APPLICATIONS, MEASURED IN LB","CHEMICAL, INSECTICIDE","CHEMICAL, INSECTICIDE: (BEAUVERIA BASSIANA = 128924)",NA
2019,"YEAR","STATE","CALIFORNIA","06","STRAWBERRIES, BEARING - APPLICATIONS, MEASURED IN LB","CHEMICAL, INSECTICIDE","CHEMICAL, INSECTICIDE: (BIFENAZATE = 586)",17900
2019,"YEAR","STATE","CALIFORNIA","06","STRAWBERRIES, BEARING - APPLICATIONS, MEASURED IN LB","CHEMICAL, INSECTICIDE","CHEMICAL, INSECTICIDE: (BIFENTHRIN = 128825)",7300
2019,"YEAR","STATE","CALIFORNIA","06","STRAWBERRIES, BEARING - APPLICATIONS, MEASURED IN LB","CHEMICAL, INSECTICIDE","CHEMICAL, INSECTICIDE: (BT KURSTAK ABTS-1857 = 6523)",NA
2019,"YEAR","STATE","CALIFORNIA","06","STRAWBERRIES, BEARING - APPLICATIONS, MEASURED IN LB","CHEMICAL, INSECTICIDE","CHEMICAL, INSECTICIDE: (BT KURSTAKI ABTS-351 = 6522)",NA
2019,"YEAR","STATE","CALIFORNIA","06","STRAWBERRIES, BEARING - APPLICATIONS, MEASURED IN LB","CHEMICAL, INSECTICIDE","CHEMICAL, INSECTICIDE: (BT KURSTAKI SA-11 = 6519)",NA
2019,"YEAR","STATE","CALIFORNIA","06","STRAWBERRIES, BEARING - APPLICATIONS, MEASURED IN LB","CHEMICAL, INSECTICIDE","CHEMICAL, INSECTICIDE: (BT SUB AIZAWAI GC-91 = 6426)",NA
2019,"YEAR","STATE","CALIFORNIA","06","STRAWBERRIES, BEARING - APPLICATIONS, MEASURED IN LB","CHEMICAL, INSECTICIDE","CHEMICAL, INSECTICIDE: (BUPROFEZIN = 275100)",NA
2019,"YEAR","STATE","CALIFORNIA","06","STRAWBERRIES, BEARING - APPLICATIONS, MEASURED IN LB","CHEMICAL, INSECTICIDE","CHEMICAL, INSECTICIDE: (BURKHOLDERIA A396 CELLS & MEDIA = 6534)",NA
2019,"YEAR","STATE","CALIFORNIA","06","STRAWBERRIES, BEARING - APPLICATIONS, MEASURED IN LB","CHEMICAL, INSECTICIDE","CHEMICAL, INSECTICIDE: (CARBARYL = 56801)",NA
2019,"YEAR","STATE","CALIFORNIA","06","STRAWBERRIES, BEARING - APPLICATIONS, MEASURED IN LB","CHEMICAL, INSECTICIDE","CHEMICAL, INSECTICIDE: (CHLORANTRANILIPROLE = 90100)",1900
2019,"YEAR","STATE","CALIFORNIA","06","STRAWBERRIES, BEARING - APPLICATIONS, MEASURED IN LB","CHEMICAL, INSECTICIDE","CHEMICAL, INSECTICIDE: (CHLORPYRIFOS = 59101)",NA
2019,"YEAR","STATE","CALIFORNIA","06","STRAWBERRIES, BEARING - APPLICATIONS, MEASURED IN LB","CHEMICAL, INSECTICIDE","CHEMICAL, INSECTICIDE: (CHROMOBAC SUBTSUGAE PRAA4-1 CELLS AND SPENT MEDIA = 16329)",NA
2019,"YEAR","STATE","CALIFORNIA","06","STRAWBERRIES, BEARING - APPLICATIONS, MEASURED IN LB","CHEMICAL, INSECTICIDE","CHEMICAL, INSECTICIDE: (CYANTRANILIPROLE = 90098)",900
2019,"YEAR","STATE","CALIFORNIA","06","STRAWBERRIES, BEARING - APPLICATIONS, MEASURED IN LB","CHEMICAL, INSECTICIDE","CHEMICAL, INSECTICIDE: (CYFLUMETOFEN = 138831)",5200
2019,"YEAR","STATE","CALIFORNIA","06","STRAWBERRIES, BEARING - APPLICATIONS, MEASURED IN LB","CHEMICAL, INSECTICIDE","CHEMICAL, INSECTICIDE: (ETOXAZOLE = 107091)",1200
2019,"YEAR","STATE","CALIFORNIA","06","STRAWBERRIES, BEARING - APPLICATIONS, MEASURED IN LB","CHEMICAL, INSECTICIDE","CHEMICAL, INSECTICIDE: (FENBUTATIN-OXIDE = 104601)",NA
2019,"YEAR","STATE","CALIFORNIA","06","STRAWBERRIES, BEARING - APPLICATIONS, MEASURED IN LB","CHEMICAL, INSECTICIDE","CHEMICAL, INSECTICIDE: (FENPROPATHRIN = 127901)",6000
2019,"YEAR","STATE","CALIFORNIA","06","STRAWBERRIES, BEARING - APPLICATIONS, MEASURED IN LB","CHEMICAL, INSECTICIDE","CHEMICAL, INSECTICIDE: (FENPYROXIMATE = 129131)",400
2019,"YEAR","STATE","CALIFORNIA","06","STRAWBERRIES, BEARING - APPLICATIONS, MEASURED IN LB","CHEMICAL, INSECTICIDE","CHEMICAL, INSECTICIDE: (FLONICAMID = 128016)",3300
2019,"YEAR","STATE","CALIFORNIA","06","STRAWBERRIES, BEARING - APPLICATIONS, MEASURED IN LB","CHEMICAL, INSECTICIDE","CHEMICAL, INSECTICIDE: (FLUPYRADIFURONE = 122304)",4800
2019,"YEAR","STATE","CALIFORNIA","06","STRAWBERRIES, BEARING - APPLICATIONS, MEASURED IN LB","CHEMICAL, INSECTICIDE","CHEMICAL, INSECTICIDE: (HELICOVERPA ZEA NPV = 107300)",NA
2019,"YEAR","STATE","CALIFORNIA","06","STRAWBERRIES, BEARING - APPLICATIONS, MEASURED IN LB","CHEMICAL, INSECTICIDE","CHEMICAL, INSECTICIDE: (HEXYTHIAZOX = 128849)",2300
2019,"YEAR","STATE","CALIFORNIA","06","STRAWBERRIES, BEARING - APPLICATIONS, MEASURED IN LB","CHEMICAL, INSECTICIDE","CHEMICAL, INSECTICIDE: (IMIDACLOPRID = 129099)",3500
2019,"YEAR","STATE","CALIFORNIA","06","STRAWBERRIES, BEARING - APPLICATIONS, MEASURED IN LB","CHEMICAL, INSECTICIDE","CHEMICAL, INSECTICIDE: (MALATHION = 57701)",56700
2019,"YEAR","STATE","CALIFORNIA","06","STRAWBERRIES, BEARING - APPLICATIONS, MEASURED IN LB","CHEMICAL, INSECTICIDE","CHEMICAL, INSECTICIDE: (METHOXYFENOZIDE = 121027)",3300
2019,"YEAR","STATE","CALIFORNIA","06","STRAWBERRIES, BEARING - APPLICATIONS, MEASURED IN LB","CHEMICAL, INSECTICIDE","CHEMICAL, INSECTICIDE: (NALED = 34401)",12700
2019,"YEAR","STATE","CALIFORNIA","06","STRAWBERRIES, BEARING - APPLICATIONS, MEASURED IN LB","CHEMICAL, INSECTICIDE","CHEMICAL, INSECTICIDE: (NEEM OIL = 25006)",1100
2019,"YEAR","STATE","CALIFORNIA","06","STRAWBERRIES, BEARING - APPLICATIONS, MEASURED IN LB","CHEMICAL, INSECTICIDE","CHEMICAL, INSECTICIDE: (NEEM OIL, CLAR. HYD. = 25007)",51600
2019,"YEAR","STATE","CALIFORNIA","06","STRAWBERRIES, BEARING - APPLICATIONS, MEASURED IN LB","CHEMICAL, INSECTICIDE","CHEMICAL, INSECTICIDE: (NOVALURON = 124002)",4600
2019,"YEAR","STATE","CALIFORNIA","06","STRAWBERRIES, BEARING - APPLICATIONS, MEASURED IN LB","CHEMICAL, INSECTICIDE","CHEMICAL, INSECTICIDE: (PIPERONYL BUTOXIDE = 67501)",1200
2019,"YEAR","STATE","CALIFORNIA","06","STRAWBERRIES, BEARING - APPLICATIONS, MEASURED IN LB","CHEMICAL, INSECTICIDE","CHEMICAL, INSECTICIDE: (POTASSIUM SALTS = 79021)",NA
2019,"YEAR","STATE","CALIFORNIA","06","STRAWBERRIES, BEARING - APPLICATIONS, MEASURED IN LB","CHEMICAL, INSECTICIDE","CHEMICAL, INSECTICIDE: (PYRETHRINS = 69001)",200
2019,"YEAR","STATE","CALIFORNIA","06","STRAWBERRIES, BEARING - APPLICATIONS, MEASURED IN LB","CHEMICAL, INSECTICIDE","CHEMICAL, INSECTICIDE: (PYRIDABEN = 129105)",NA
2019,"YEAR","STATE","CALIFORNIA","06","STRAWBERRIES, BEARING - APPLICATIONS, MEASURED IN LB","CHEMICAL, INSECTICIDE","CHEMICAL, INSECTICIDE: (PYRIPROXYFEN = 129032)",100
2019,"YEAR","STATE","CALIFORNIA","06","STRAWBERRIES, BEARING - APPLICATIONS, MEASURED IN LB","CHEMICAL, INSECTICIDE","CHEMICAL, INSECTICIDE: (SOYBEAN OIL = 31605)",NA
2019,"YEAR","STATE","CALIFORNIA","06","STRAWBERRIES, BEARING - APPLICATIONS, MEASURED IN LB","CHEMICAL, INSECTICIDE","CHEMICAL, INSECTICIDE: (SPINETORAM = 110007)",2300
2019,"YEAR","STATE","CALIFORNIA","06","STRAWBERRIES, BEARING - APPLICATIONS, MEASURED IN LB","CHEMICAL, INSECTICIDE","CHEMICAL, INSECTICIDE: (SPINOSAD = 110003)",600
2019,"YEAR","STATE","CALIFORNIA","06","STRAWBERRIES, BEARING - APPLICATIONS, MEASURED IN LB","CHEMICAL, INSECTICIDE","CHEMICAL, INSECTICIDE: (SPIROMESIFEN = 24875)",1800
2019,"YEAR","STATE","CALIFORNIA","06","STRAWBERRIES, BEARING - APPLICATIONS, MEASURED IN LB","CHEMICAL, INSECTICIDE","CHEMICAL, INSECTICIDE: (SULFOXAFLOR = 5210)",1000
2019,"YEAR","STATE","CALIFORNIA","06","STRAWBERRIES, BEARING - APPLICATIONS, MEASURED IN LB","CHEMICAL, INSECTICIDE","CHEMICAL, INSECTICIDE: (THIAMETHOXAM = 60109)",1400
2019,"YEAR","STATE","CALIFORNIA","06","STRAWBERRIES, BEARING - APPLICATIONS, MEASURED IN LB","CHEMICAL, INSECTICIDE","CHEMICAL, INSECTICIDE: (TOTAL)",212600
2019,"YEAR","STATE","CALIFORNIA","06","STRAWBERRIES, BEARING - APPLICATIONS, MEASURED IN LB","CHEMICAL, INSECTICIDE","CHEMICAL, INSECTICIDE: (ZETA-CYPERMETHRIN = 129064)",NA
2019,"YEAR","STATE","CALIFORNIA","06","STRAWBERRIES, BEARING - APPLICATIONS, MEASURED IN LB","CHEMICAL, OTHER","CHEMICAL, OTHER: (ACIBENZOLAR-S-METHYL = 61402)",NA
2019,"YEAR","STATE","CALIFORNIA","06","STRAWBERRIES, BEARING - APPLICATIONS, MEASURED IN LB","CHEMICAL, OTHER","CHEMICAL, OTHER: (AUREOBASIDIUM PULLULANS DSM 14940 = 46010)",NA
2019,"YEAR","STATE","CALIFORNIA","06","STRAWBERRIES, BEARING - APPLICATIONS, MEASURED IN LB","CHEMICAL, OTHER","CHEMICAL, OTHER: (AUREOBASIDIUM PULLULANS DSM 14941 = 36010)",NA
2019,"YEAR","STATE","CALIFORNIA","06","STRAWBERRIES, BEARING - APPLICATIONS, MEASURED IN LB","CHEMICAL, OTHER","CHEMICAL, OTHER: (BT KURSTAKI SA-12 = 6518)",NA
2019,"YEAR","STATE","CALIFORNIA","06","STRAWBERRIES, BEARING - APPLICATIONS, MEASURED IN LB","CHEMICAL, OTHER","CHEMICAL, OTHER: (CAPRIC ACID = 128955)",NA
2019,"YEAR","STATE","CALIFORNIA","06","STRAWBERRIES, BEARING - APPLICATIONS, MEASURED IN LB","CHEMICAL, OTHER","CHEMICAL, OTHER: (CAPRYLIC ACID = 128919)",NA
2019,"YEAR","STATE","CALIFORNIA","06","STRAWBERRIES, BEARING - APPLICATIONS, MEASURED IN LB","CHEMICAL, OTHER","CHEMICAL, OTHER: (CHLOROPICRIN = 81501)",6146600
2019,"YEAR","STATE","CALIFORNIA","06","STRAWBERRIES, BEARING - APPLICATIONS, MEASURED IN LB","CHEMICAL, OTHER","CHEMICAL, OTHER: (DICHLOROPROPENE = 29001)",1045700
2019,"YEAR","STATE","CALIFORNIA","06","STRAWBERRIES, BEARING - APPLICATIONS, MEASURED IN LB","CHEMICAL, OTHER","CHEMICAL, OTHER: (FLUTRIAFOL = 128940)",1700
2019,"YEAR","STATE","CALIFORNIA","06","STRAWBERRIES, BEARING - APPLICATIONS, MEASURED IN LB","CHEMICAL, OTHER","CHEMICAL, OTHER: (GLIOCLADIUM VIRENS = 129000)",NA
2019,"YEAR","STATE","CALIFORNIA","06","STRAWBERRIES, BEARING - APPLICATIONS, MEASURED IN LB","CHEMICAL, OTHER","CHEMICAL, OTHER: (HYDROGEN PEROXIDE = 595)",NA
2019,"YEAR","STATE","CALIFORNIA","06","STRAWBERRIES, BEARING - APPLICATIONS, MEASURED IN LB","CHEMICAL, OTHER","CHEMICAL, OTHER: (IRON PHOSPHATE = 34903)",100
2019,"YEAR","STATE","CALIFORNIA","06","STRAWBERRIES, BEARING - APPLICATIONS, MEASURED IN LB","CHEMICAL, OTHER","CHEMICAL, OTHER: (METALDEHYDE = 53001)",NA
2019,"YEAR","STATE","CALIFORNIA","06","STRAWBERRIES, BEARING - APPLICATIONS, MEASURED IN LB","CHEMICAL, OTHER","CHEMICAL, OTHER: (METAM-POTASSIUM = 39002)",254000
2019,"YEAR","STATE","CALIFORNIA","06","STRAWBERRIES, BEARING - APPLICATIONS, MEASURED IN LB","CHEMICAL, OTHER","CHEMICAL, OTHER: (METAM-SODIUM = 39003)",244000
2019,"YEAR","STATE","CALIFORNIA","06","STRAWBERRIES, BEARING - APPLICATIONS, MEASURED IN LB","CHEMICAL, OTHER","CHEMICAL, OTHER: (PAECILOMYCES FUMOSOR = 115002)",NA
2019,"YEAR","STATE","CALIFORNIA","06","STRAWBERRIES, BEARING - APPLICATIONS, MEASURED IN LB","CHEMICAL, OTHER","CHEMICAL, OTHER: (PEROXYACETIC ACID = 63201)",NA
2019,"YEAR","STATE","CALIFORNIA","06","STRAWBERRIES, BEARING - APPLICATIONS, MEASURED IN LB","CHEMICAL, OTHER","CHEMICAL, OTHER: (POTASSIUM SILICATE = 72606)",NA
2019,"YEAR","STATE","CALIFORNIA","06","STRAWBERRIES, BEARING - APPLICATIONS, MEASURED IN LB","CHEMICAL, OTHER","CHEMICAL, OTHER: (REYNOUTRIA SACHALINE = 55809)",600
2019,"YEAR","STATE","CALIFORNIA","06","STRAWBERRIES, BEARING - APPLICATIONS, MEASURED IN LB","CHEMICAL, OTHER","CHEMICAL, OTHER: (TOTAL)",7698900
2019,"YEAR","STATE","CALIFORNIA","06","STRAWBERRIES, BEARING - APPLICATIONS, MEASURED IN LB","CHEMICAL, OTHER","CHEMICAL, OTHER: (TRICHODERMA VIRENS STRAIN G-41 = 176604)",NA
2019,"YEAR","STATE","CALIFORNIA","06","STRAWBERRIES, BEARING - APPLICATIONS, MEASURED IN LB","FERTILIZER","FERTILIZER: (NITROGEN)",668000
2019,"YEAR","STATE","CALIFORNIA","06","STRAWBERRIES, BEARING - APPLICATIONS, MEASURED IN LB","FERTILIZER","FERTILIZER: (PHOSPHATE)",493000
2019,"YEAR","STATE","CALIFORNIA","06","STRAWBERRIES, BEARING - APPLICATIONS, MEASURED IN LB","FERTILIZER","FERTILIZER: (POTASH)",430000
2019,"YEAR","STATE","CALIFORNIA","06","STRAWBERRIES, BEARING - APPLICATIONS, MEASURED IN LB","FERTILIZER","FERTILIZER: (SULFUR)",57000
2019,"YEAR","STATE","CALIFORNIA","06","STRAWBERRIES, BEARING - APPLICATIONS, MEASURED IN LB / ACRE / APPLICATION, AVG","CHEMICAL, FUNGICIDE","CHEMICAL, FUNGICIDE: (AZOXYSTROBIN = 128810)",0.205
2019,"YEAR","STATE","CALIFORNIA","06","STRAWBERRIES, BEARING - APPLICATIONS, MEASURED IN LB / ACRE / APPLICATION, AVG","CHEMICAL, FUNGICIDE","CHEMICAL, FUNGICIDE: (BACILLUS AMYLOLIQUEFACIENS MBI 600 = 129082)",NA
2019,"YEAR","STATE","CALIFORNIA","06","STRAWBERRIES, BEARING - APPLICATIONS, MEASURED IN LB / ACRE / APPLICATION, AVG","CHEMICAL, FUNGICIDE","CHEMICAL, FUNGICIDE: (BACILLUS AMYLOLIQUEFACIENS STRAIN D747 = 16482)",NA
2019,"YEAR","STATE","CALIFORNIA","06","STRAWBERRIES, BEARING - APPLICATIONS, MEASURED IN LB / ACRE / APPLICATION, AVG","CHEMICAL, FUNGICIDE","CHEMICAL, FUNGICIDE: (BACILLUS PUMILUS = 6485)",NA
2019,"YEAR","STATE","CALIFORNIA","06","STRAWBERRIES, BEARING - APPLICATIONS, MEASURED IN LB / ACRE / APPLICATION, AVG","CHEMICAL, FUNGICIDE","CHEMICAL, FUNGICIDE: (BACILLUS SUBT. GB03 = 129068)",NA
2019,"YEAR","STATE","CALIFORNIA","06","STRAWBERRIES, BEARING - APPLICATIONS, MEASURED IN LB / ACRE / APPLICATION, AVG","CHEMICAL, FUNGICIDE","CHEMICAL, FUNGICIDE: (BACILLUS SUBTILIS = 6479)",NA
2019,"YEAR","STATE","CALIFORNIA","06","STRAWBERRIES, BEARING - APPLICATIONS, MEASURED IN LB / ACRE / APPLICATION, AVG","CHEMICAL, FUNGICIDE","CHEMICAL, FUNGICIDE: (BLAD = 30006)",0.482
2019,"YEAR","STATE","CALIFORNIA","06","STRAWBERRIES, BEARING - APPLICATIONS, MEASURED IN LB / ACRE / APPLICATION, AVG","CHEMICAL, FUNGICIDE","CHEMICAL, FUNGICIDE: (BORAX DECAHYDRATE = 11102)",0.023
2019,"YEAR","STATE","CALIFORNIA","06","STRAWBERRIES, BEARING - APPLICATIONS, MEASURED IN LB / ACRE / APPLICATION, AVG","CHEMICAL, FUNGICIDE","CHEMICAL, FUNGICIDE: (BOSCALID = 128008)",0.337
2019,"YEAR","STATE","CALIFORNIA","06","STRAWBERRIES, BEARING - APPLICATIONS, MEASURED IN LB / ACRE / APPLICATION, AVG","CHEMICAL, FUNGICIDE","CHEMICAL, FUNGICIDE: (BT SUBSP KURSTAKI EVB-113-19 = 6544)",NA
2019,"YEAR","STATE","CALIFORNIA","06","STRAWBERRIES, BEARING - APPLICATIONS, MEASURED IN LB / ACRE / APPLICATION, AVG","CHEMICAL, FUNGICIDE","CHEMICAL, FUNGICIDE: (CAPTAN = 81301)",1.739
2019,"YEAR","STATE","CALIFORNIA","06","STRAWBERRIES, BEARING - APPLICATIONS, MEASURED IN LB / ACRE / APPLICATION, AVG","CHEMICAL, FUNGICIDE","CHEMICAL, FUNGICIDE: (COPPER HYDROXIDE = 23401)",NA
2019,"YEAR","STATE","CALIFORNIA","06","STRAWBERRIES, BEARING - APPLICATIONS, MEASURED IN LB / ACRE / APPLICATION, AVG","CHEMICAL, FUNGICIDE","CHEMICAL, FUNGICIDE: (COPPER OCTANOATE = 23306)",NA
2019,"YEAR","STATE","CALIFORNIA","06","STRAWBERRIES, BEARING - APPLICATIONS, MEASURED IN LB / ACRE / APPLICATION, AVG","CHEMICAL, FUNGICIDE","CHEMICAL, FUNGICIDE: (CYFLUFENAMID = 555550)",0.023
2019,"YEAR","STATE","CALIFORNIA","06","STRAWBERRIES, BEARING - APPLICATIONS, MEASURED IN LB / ACRE / APPLICATION, AVG","CHEMICAL, FUNGICIDE","CHEMICAL, FUNGICIDE: (CYPRODINIL = 288202)",0.32
2019,"YEAR","STATE","CALIFORNIA","06","STRAWBERRIES, BEARING - APPLICATIONS, MEASURED IN LB / ACRE / APPLICATION, AVG","CHEMICAL, FUNGICIDE","CHEMICAL, FUNGICIDE: (DIFENOCONAZOLE = 128847)",0.114
2019,"YEAR","STATE","CALIFORNIA","06","STRAWBERRIES, BEARING - APPLICATIONS, MEASURED IN LB / ACRE / APPLICATION, AVG","CHEMICAL, FUNGICIDE","CHEMICAL, FUNGICIDE: (FENHEXAMID = 90209)",0.623
2019,"YEAR","STATE","CALIFORNIA","06","STRAWBERRIES, BEARING - APPLICATIONS, MEASURED IN LB / ACRE / APPLICATION, AVG","CHEMICAL, FUNGICIDE","CHEMICAL, FUNGICIDE: (FLUDIOXONIL = 71503)",0.213
2019,"YEAR","STATE","CALIFORNIA","06","STRAWBERRIES, BEARING - APPLICATIONS, MEASURED IN LB / ACRE / APPLICATION, AVG","CHEMICAL, FUNGICIDE","CHEMICAL, FUNGICIDE: (FLUOPYRAM = 80302)",0.113
2019,"YEAR","STATE","CALIFORNIA","06","STRAWBERRIES, BEARING - APPLICATIONS, MEASURED IN LB / ACRE / APPLICATION, AVG","CHEMICAL, FUNGICIDE","CHEMICAL, FUNGICIDE: (FLUXAPYROXAD = 138009)",0.168
2019,"YEAR","STATE","CALIFORNIA","06","STRAWBERRIES, BEARING - APPLICATIONS, MEASURED IN LB / ACRE / APPLICATION, AVG","CHEMICAL, FUNGICIDE","CHEMICAL, FUNGICIDE: (FOSETYL-AL = 123301)",3.997
2019,"YEAR","STATE","CALIFORNIA","06","STRAWBERRIES, BEARING - APPLICATIONS, MEASURED IN LB / ACRE / APPLICATION, AVG","CHEMICAL, FUNGICIDE","CHEMICAL, FUNGICIDE: (ISOFETAMID = 270000)",NA
2019,"YEAR","STATE","CALIFORNIA","06","STRAWBERRIES, BEARING - APPLICATIONS, MEASURED IN LB / ACRE / APPLICATION, AVG","CHEMICAL, FUNGICIDE","CHEMICAL, FUNGICIDE: (MEFENOXAM = 113502)",0.493
2019,"YEAR","STATE","CALIFORNIA","06","STRAWBERRIES, BEARING - APPLICATIONS, MEASURED IN LB / ACRE / APPLICATION, AVG","CHEMICAL, FUNGICIDE","CHEMICAL, FUNGICIDE: (MONO-POTASSIUM SALT = 76416)",NA
2019,"YEAR","STATE","CALIFORNIA","06","STRAWBERRIES, BEARING - APPLICATIONS, MEASURED IN LB / ACRE / APPLICATION, AVG","CHEMICAL, FUNGICIDE","CHEMICAL, FUNGICIDE: (MYCLOBUTANIL = 128857)",0.106
2019,"YEAR","STATE","CALIFORNIA","06","STRAWBERRIES, BEARING - APPLICATIONS, MEASURED IN LB / ACRE / APPLICATION, AVG","CHEMICAL, FUNGICIDE","CHEMICAL, FUNGICIDE: (PENTHIOPYRAD = 90112)",0.303
2019,"YEAR","STATE","CALIFORNIA","06","STRAWBERRIES, BEARING - APPLICATIONS, MEASURED IN LB / ACRE / APPLICATION, AVG","CHEMICAL, FUNGICIDE","CHEMICAL, FUNGICIDE: (POLYOXIN D ZINC SALT = 230000)",0.073
2019,"YEAR","STATE","CALIFORNIA","06","STRAWBERRIES, BEARING - APPLICATIONS, MEASURED IN LB / ACRE / APPLICATION, AVG","CHEMICAL, FUNGICIDE","CHEMICAL, FUNGICIDE: (POTASSIUM BICARBON. = 73508)",2.381
2019,"YEAR","STATE","CALIFORNIA","06","STRAWBERRIES, BEARING - APPLICATIONS, MEASURED IN LB / ACRE / APPLICATION, AVG","CHEMICAL, FUNGICIDE","CHEMICAL, FUNGICIDE: (PROPICONAZOLE = 122101)",0.112
2019,"YEAR","STATE","CALIFORNIA","06","STRAWBERRIES, BEARING - APPLICATIONS, MEASURED IN LB / ACRE / APPLICATION, AVG","CHEMICAL, FUNGICIDE","CHEMICAL, FUNGICIDE: (PYRACLOSTROBIN = 99100)",0.169
2019,"YEAR","STATE","CALIFORNIA","06","STRAWBERRIES, BEARING - APPLICATIONS, MEASURED IN LB / ACRE / APPLICATION, AVG","CHEMICAL, FUNGICIDE","CHEMICAL, FUNGICIDE: (PYRIMETHANIL = 288201)",0.51
2019,"YEAR","STATE","CALIFORNIA","06","STRAWBERRIES, BEARING - APPLICATIONS, MEASURED IN LB / ACRE / APPLICATION, AVG","CHEMICAL, FUNGICIDE","CHEMICAL, FUNGICIDE: (QUINOLINE = 55459)",0.097
2019,"YEAR","STATE","CALIFORNIA","06","STRAWBERRIES, BEARING - APPLICATIONS, MEASURED IN LB / ACRE / APPLICATION, AVG","CHEMICAL, FUNGICIDE","CHEMICAL, FUNGICIDE: (STREPTOMYCES LYDICUS = 6327)",NA
2019,"YEAR","STATE","CALIFORNIA","06","STRAWBERRIES, BEARING - APPLICATIONS, MEASURED IN LB / ACRE / APPLICATION, AVG","CHEMICAL, FUNGICIDE","CHEMICAL, FUNGICIDE: (SULFUR = 77501)",3.656
2019,"YEAR","STATE","CALIFORNIA","06","STRAWBERRIES, BEARING - APPLICATIONS, MEASURED IN LB / ACRE / APPLICATION, AVG","CHEMICAL, FUNGICIDE","CHEMICAL, FUNGICIDE: (TETRACONAZOLE = 120603)",0.039
2019,"YEAR","STATE","CALIFORNIA","06","STRAWBERRIES, BEARING - APPLICATIONS, MEASURED IN LB / ACRE / APPLICATION, AVG","CHEMICAL, FUNGICIDE","CHEMICAL, FUNGICIDE: (THIOPHANATE-METHYL = 102001)",0.669
2019,"YEAR","STATE","CALIFORNIA","06","STRAWBERRIES, BEARING - APPLICATIONS, MEASURED IN LB / ACRE / APPLICATION, AVG","CHEMICAL, FUNGICIDE","CHEMICAL, FUNGICIDE: (THIRAM = 79801)",2.219
2019,"YEAR","STATE","CALIFORNIA","06","STRAWBERRIES, BEARING - APPLICATIONS, MEASURED IN LB / ACRE / APPLICATION, AVG","CHEMICAL, FUNGICIDE","CHEMICAL, FUNGICIDE: (TRICHODERMA HARZ. = 119202)",NA
2019,"YEAR","STATE","CALIFORNIA","06","STRAWBERRIES, BEARING - APPLICATIONS, MEASURED IN LB / ACRE / APPLICATION, AVG","CHEMICAL, FUNGICIDE","CHEMICAL, FUNGICIDE: (TRIFLOXYSTROBIN = 129112)",0.113
2019,"YEAR","STATE","CALIFORNIA","06","STRAWBERRIES, BEARING - APPLICATIONS, MEASURED IN LB / ACRE / APPLICATION, AVG","CHEMICAL, FUNGICIDE","CHEMICAL, FUNGICIDE: (TRIFLUMIZOLE = 128879)",0.23
2019,"YEAR","STATE","CALIFORNIA","06","STRAWBERRIES, BEARING - APPLICATIONS, MEASURED IN LB / ACRE / APPLICATION, AVG","CHEMICAL, HERBICIDE","CHEMICAL, HERBICIDE: (CARFENTRAZONE-ETHYL = 128712)",0.024
2019,"YEAR","STATE","CALIFORNIA","06","STRAWBERRIES, BEARING - APPLICATIONS, MEASURED IN LB / ACRE / APPLICATION, AVG","CHEMICAL, HERBICIDE","CHEMICAL, HERBICIDE: (FLUMIOXAZIN = 129034)",0.089
2019,"YEAR","STATE","CALIFORNIA","06","STRAWBERRIES, BEARING - APPLICATIONS, MEASURED IN LB / ACRE / APPLICATION, AVG","CHEMICAL, HERBICIDE","CHEMICAL, HERBICIDE: (GLUFOSINATE-AMMONIUM = 128850)",NA
2019,"YEAR","STATE","CALIFORNIA","06","STRAWBERRIES, BEARING - APPLICATIONS, MEASURED IN LB / ACRE / APPLICATION, AVG","CHEMICAL, HERBICIDE","CHEMICAL, HERBICIDE: (GLYPHOSATE ISO. SALT = 103601)",NA
2019,"YEAR","STATE","CALIFORNIA","06","STRAWBERRIES, BEARING - APPLICATIONS, MEASURED IN LB / ACRE / APPLICATION, AVG","CHEMICAL, HERBICIDE","CHEMICAL, HERBICIDE: (GLYPHOSATE POT. SALT = 103613)",NA
2019,"YEAR","STATE","CALIFORNIA","06","STRAWBERRIES, BEARING - APPLICATIONS, MEASURED IN LB / ACRE / APPLICATION, AVG","CHEMICAL, HERBICIDE","CHEMICAL, HERBICIDE: (NAPROPAMIDE = 103001)",NA
2019,"YEAR","STATE","CALIFORNIA","06","STRAWBERRIES, BEARING - APPLICATIONS, MEASURED IN LB / ACRE / APPLICATION, AVG","CHEMICAL, HERBICIDE","CHEMICAL, HERBICIDE: (OXYFLUORFEN = 111601)",0.313
2019,"YEAR","STATE","CALIFORNIA","06","STRAWBERRIES, BEARING - APPLICATIONS, MEASURED IN LB / ACRE / APPLICATION, AVG","CHEMICAL, HERBICIDE","CHEMICAL, HERBICIDE: (PARAQUAT = 61601)",NA
2019,"YEAR","STATE","CALIFORNIA","06","STRAWBERRIES, BEARING - APPLICATIONS, MEASURED IN LB / ACRE / APPLICATION, AVG","CHEMICAL, HERBICIDE","CHEMICAL, HERBICIDE: (PENDIMETHALIN = 108501)",1.202
2019,"YEAR","STATE","CALIFORNIA","06","STRAWBERRIES, BEARING - APPLICATIONS, MEASURED IN LB / ACRE / APPLICATION, AVG","CHEMICAL, HERBICIDE","CHEMICAL, HERBICIDE: (SULFENTRAZONE = 129081)",NA
2019,"YEAR","STATE","CALIFORNIA","06","STRAWBERRIES, BEARING - APPLICATIONS, MEASURED IN LB / ACRE / APPLICATION, AVG","CHEMICAL, INSECTICIDE","CHEMICAL, INSECTICIDE: (ABAMECTIN = 122804)",0.019
2019,"YEAR","STATE","CALIFORNIA","06","STRAWBERRIES, BEARING - APPLICATIONS, MEASURED IN LB / ACRE / APPLICATION, AVG","CHEMICAL, INSECTICIDE","CHEMICAL, INSECTICIDE: (ACEQUINOCYL = 6329)",0.297
2019,"YEAR","STATE","CALIFORNIA","06","STRAWBERRIES, BEARING - APPLICATIONS, MEASURED IN LB / ACRE / APPLICATION, AVG","CHEMICAL, INSECTICIDE","CHEMICAL, INSECTICIDE: (ACETAMIPRID = 99050)",0.126
2019,"YEAR","STATE","CALIFORNIA","06","STRAWBERRIES, BEARING - APPLICATIONS, MEASURED IN LB / ACRE / APPLICATION, AVG","CHEMICAL, INSECTICIDE","CHEMICAL, INSECTICIDE: (AZADIRACHTIN = 121701)",0.034
2019,"YEAR","STATE","CALIFORNIA","06","STRAWBERRIES, BEARING - APPLICATIONS, MEASURED IN LB / ACRE / APPLICATION, AVG","CHEMICAL, INSECTICIDE","CHEMICAL, INSECTICIDE: (BEAUVERIA BASSIANA = 128924)",NA
2019,"YEAR","STATE","CALIFORNIA","06","STRAWBERRIES, BEARING - APPLICATIONS, MEASURED IN LB / ACRE / APPLICATION, AVG","CHEMICAL, INSECTICIDE","CHEMICAL, INSECTICIDE: (BIFENAZATE = 586)",0.496
2019,"YEAR","STATE","CALIFORNIA","06","STRAWBERRIES, BEARING - APPLICATIONS, MEASURED IN LB / ACRE / APPLICATION, AVG","CHEMICAL, INSECTICIDE","CHEMICAL, INSECTICIDE: (BIFENTHRIN = 128825)",0.109
2019,"YEAR","STATE","CALIFORNIA","06","STRAWBERRIES, BEARING - APPLICATIONS, MEASURED IN LB / ACRE / APPLICATION, AVG","CHEMICAL, INSECTICIDE","CHEMICAL, INSECTICIDE: (BT KURSTAK ABTS-1857 = 6523)",NA
2019,"YEAR","STATE","CALIFORNIA","06","STRAWBERRIES, BEARING - APPLICATIONS, MEASURED IN LB / ACRE / APPLICATION, AVG","CHEMICAL, INSECTICIDE","CHEMICAL, INSECTICIDE: (BT KURSTAKI ABTS-351 = 6522)",NA
2019,"YEAR","STATE","CALIFORNIA","06","STRAWBERRIES, BEARING - APPLICATIONS, MEASURED IN LB / ACRE / APPLICATION, AVG","CHEMICAL, INSECTICIDE","CHEMICAL, INSECTICIDE: (BT KURSTAKI SA-11 = 6519)",NA
2019,"YEAR","STATE","CALIFORNIA","06","STRAWBERRIES, BEARING - APPLICATIONS, MEASURED IN LB / ACRE / APPLICATION, AVG","CHEMICAL, INSECTICIDE","CHEMICAL, INSECTICIDE: (BT SUB AIZAWAI GC-91 = 6426)",NA
2019,"YEAR","STATE","CALIFORNIA","06","STRAWBERRIES, BEARING - APPLICATIONS, MEASURED IN LB / ACRE / APPLICATION, AVG","CHEMICAL, INSECTICIDE","CHEMICAL, INSECTICIDE: (BUPROFEZIN = 275100)",NA
2019,"YEAR","STATE","CALIFORNIA","06","STRAWBERRIES, BEARING - APPLICATIONS, MEASURED IN LB / ACRE / APPLICATION, AVG","CHEMICAL, INSECTICIDE","CHEMICAL, INSECTICIDE: (BURKHOLDERIA A396 CELLS & MEDIA = 6534)",NA
2019,"YEAR","STATE","CALIFORNIA","06","STRAWBERRIES, BEARING - APPLICATIONS, MEASURED IN LB / ACRE / APPLICATION, AVG","CHEMICAL, INSECTICIDE","CHEMICAL, INSECTICIDE: (CARBARYL = 56801)",NA
2019,"YEAR","STATE","CALIFORNIA","06","STRAWBERRIES, BEARING - APPLICATIONS, MEASURED IN LB / ACRE / APPLICATION, AVG","CHEMICAL, INSECTICIDE","CHEMICAL, INSECTICIDE: (CHLORANTRANILIPROLE = 90100)",0.067
2019,"YEAR","STATE","CALIFORNIA","06","STRAWBERRIES, BEARING - APPLICATIONS, MEASURED IN LB / ACRE / APPLICATION, AVG","CHEMICAL, INSECTICIDE","CHEMICAL, INSECTICIDE: (CHLORPYRIFOS = 59101)",NA
2019,"YEAR","STATE","CALIFORNIA","06","STRAWBERRIES, BEARING - APPLICATIONS, MEASURED IN LB / ACRE / APPLICATION, AVG","CHEMICAL, INSECTICIDE","CHEMICAL, INSECTICIDE: (CHROMOBAC SUBTSUGAE PRAA4-1 CELLS AND SPENT MEDIA = 16329)",NA
2019,"YEAR","STATE","CALIFORNIA","06","STRAWBERRIES, BEARING - APPLICATIONS, MEASURED IN LB / ACRE / APPLICATION, AVG","CHEMICAL, INSECTICIDE","CHEMICAL, INSECTICIDE: (CYANTRANILIPROLE = 90098)",0.111
2019,"YEAR","STATE","CALIFORNIA","06","STRAWBERRIES, BEARING - APPLICATIONS, MEASURED IN LB / ACRE / APPLICATION, AVG","CHEMICAL, INSECTICIDE","CHEMICAL, INSECTICIDE: (CYFLUMETOFEN = 138831)",0.178
2019,"YEAR","STATE","CALIFORNIA","06","STRAWBERRIES, BEARING - APPLICATIONS, MEASURED IN LB / ACRE / APPLICATION, AVG","CHEMICAL, INSECTICIDE","CHEMICAL, INSECTICIDE: (ETOXAZOLE = 107091)",0.135
2019,"YEAR","STATE","CALIFORNIA","06","STRAWBERRIES, BEARING - APPLICATIONS, MEASURED IN LB / ACRE / APPLICATION, AVG","CHEMICAL, INSECTICIDE","CHEMICAL, INSECTICIDE: (FENBUTATIN-OXIDE = 104601)",NA
2019,"YEAR","STATE","CALIFORNIA","06","STRAWBERRIES, BEARING - APPLICATIONS, MEASURED IN LB / ACRE / APPLICATION, AVG","CHEMICAL, INSECTICIDE","CHEMICAL, INSECTICIDE: (FENPROPATHRIN = 127901)",0.286
2019,"YEAR","STATE","CALIFORNIA","06","STRAWBERRIES, BEARING - APPLICATIONS, MEASURED IN LB / ACRE / APPLICATION, AVG","CHEMICAL, INSECTICIDE","CHEMICAL, INSECTICIDE: (FENPYROXIMATE = 129131)",0.103
2019,"YEAR","STATE","CALIFORNIA","06","STRAWBERRIES, BEARING - APPLICATIONS, MEASURED IN LB / ACRE / APPLICATION, AVG","CHEMICAL, INSECTICIDE","CHEMICAL, INSECTICIDE: (FLONICAMID = 128016)",0.085
2019,"YEAR","STATE","CALIFORNIA","06","STRAWBERRIES, BEARING - APPLICATIONS, MEASURED IN LB / ACRE / APPLICATION, AVG","CHEMICAL, INSECTICIDE","CHEMICAL, INSECTICIDE: (FLUPYRADIFURONE = 122304)",0.158
2019,"YEAR","STATE","CALIFORNIA","06","STRAWBERRIES, BEARING - APPLICATIONS, MEASURED IN LB / ACRE / APPLICATION, AVG","CHEMICAL, INSECTICIDE","CHEMICAL, INSECTICIDE: (HELICOVERPA ZEA NPV = 107300)",NA
2019,"YEAR","STATE","CALIFORNIA","06","STRAWBERRIES, BEARING - APPLICATIONS, MEASURED IN LB / ACRE / APPLICATION, AVG","CHEMICAL, INSECTICIDE","CHEMICAL, INSECTICIDE: (HEXYTHIAZOX = 128849)",0.177
2019,"YEAR","STATE","CALIFORNIA","06","STRAWBERRIES, BEARING - APPLICATIONS, MEASURED IN LB / ACRE / APPLICATION, AVG","CHEMICAL, INSECTICIDE","CHEMICAL, INSECTICIDE: (IMIDACLOPRID = 129099)",0.515
2019,"YEAR","STATE","CALIFORNIA","06","STRAWBERRIES, BEARING - APPLICATIONS, MEASURED IN LB / ACRE / APPLICATION, AVG","CHEMICAL, INSECTICIDE","CHEMICAL, INSECTICIDE: (MALATHION = 57701)",1.991
2019,"YEAR","STATE","CALIFORNIA","06","STRAWBERRIES, BEARING - APPLICATIONS, MEASURED IN LB / ACRE / APPLICATION, AVG","CHEMICAL, INSECTICIDE","CHEMICAL, INSECTICIDE: (METHOXYFENOZIDE = 121027)",0.174
2019,"YEAR","STATE","CALIFORNIA","06","STRAWBERRIES, BEARING - APPLICATIONS, MEASURED IN LB / ACRE / APPLICATION, AVG","CHEMICAL, INSECTICIDE","CHEMICAL, INSECTICIDE: (NALED = 34401)",0.904
2019,"YEAR","STATE","CALIFORNIA","06","STRAWBERRIES, BEARING - APPLICATIONS, MEASURED IN LB / ACRE / APPLICATION, AVG","CHEMICAL, INSECTICIDE","CHEMICAL, INSECTICIDE: (NEEM OIL = 25006)",0.095
2019,"YEAR","STATE","CALIFORNIA","06","STRAWBERRIES, BEARING - APPLICATIONS, MEASURED IN LB / ACRE / APPLICATION, AVG","CHEMICAL, INSECTICIDE","CHEMICAL, INSECTICIDE: (NEEM OIL, CLAR. HYD. = 25007)",5.151
2019,"YEAR","STATE","CALIFORNIA","06","STRAWBERRIES, BEARING - APPLICATIONS, MEASURED IN LB / ACRE / APPLICATION, AVG","CHEMICAL, INSECTICIDE","CHEMICAL, INSECTICIDE: (NOVALURON = 124002)",0.059
2019,"YEAR","STATE","CALIFORNIA","06","STRAWBERRIES, BEARING - APPLICATIONS, MEASURED IN LB / ACRE / APPLICATION, AVG","CHEMICAL, INSECTICIDE","CHEMICAL, INSECTICIDE: (PIPERONYL BUTOXIDE = 67501)",0.478
2019,"YEAR","STATE","CALIFORNIA","06","STRAWBERRIES, BEARING - APPLICATIONS, MEASURED IN LB / ACRE / APPLICATION, AVG","CHEMICAL, INSECTICIDE","CHEMICAL, INSECTICIDE: (POTASSIUM SALTS = 79021)",NA
2019,"YEAR","STATE","CALIFORNIA","06","STRAWBERRIES, BEARING - APPLICATIONS, MEASURED IN LB / ACRE / APPLICATION, AVG","CHEMICAL, INSECTICIDE","CHEMICAL, INSECTICIDE: (PYRETHRINS = 69001)",0.044
2019,"YEAR","STATE","CALIFORNIA","06","STRAWBERRIES, BEARING - APPLICATIONS, MEASURED IN LB / ACRE / APPLICATION, AVG","CHEMICAL, INSECTICIDE","CHEMICAL, INSECTICIDE: (PYRIDABEN = 129105)",NA
2019,"YEAR","STATE","CALIFORNIA","06","STRAWBERRIES, BEARING - APPLICATIONS, MEASURED IN LB / ACRE / APPLICATION, AVG","CHEMICAL, INSECTICIDE","CHEMICAL, INSECTICIDE: (PYRIPROXYFEN = 129032)",0.067
2019,"YEAR","STATE","CALIFORNIA","06","STRAWBERRIES, BEARING - APPLICATIONS, MEASURED IN LB / ACRE / APPLICATION, AVG","CHEMICAL, INSECTICIDE","CHEMICAL, INSECTICIDE: (SOYBEAN OIL = 31605)",NA
2019,"YEAR","STATE","CALIFORNIA","06","STRAWBERRIES, BEARING - APPLICATIONS, MEASURED IN LB / ACRE / APPLICATION, AVG","CHEMICAL, INSECTICIDE","CHEMICAL, INSECTICIDE: (SPINETORAM = 110007)",0.068
2019,"YEAR","STATE","CALIFORNIA","06","STRAWBERRIES, BEARING - APPLICATIONS, MEASURED IN LB / ACRE / APPLICATION, AVG","CHEMICAL, INSECTICIDE","CHEMICAL, INSECTICIDE: (SPINOSAD = 110003)",0.093
2019,"YEAR","STATE","CALIFORNIA","06","STRAWBERRIES, BEARING - APPLICATIONS, MEASURED IN LB / ACRE / APPLICATION, AVG","CHEMICAL, INSECTICIDE","CHEMICAL, INSECTICIDE: (SPIROMESIFEN = 24875)",0.243
2019,"YEAR","STATE","CALIFORNIA","06","STRAWBERRIES, BEARING - APPLICATIONS, MEASURED IN LB / ACRE / APPLICATION, AVG","CHEMICAL, INSECTICIDE","CHEMICAL, INSECTICIDE: (SULFOXAFLOR = 5210)",0.069
2019,"YEAR","STATE","CALIFORNIA","06","STRAWBERRIES, BEARING - APPLICATIONS, MEASURED IN LB / ACRE / APPLICATION, AVG","CHEMICAL, INSECTICIDE","CHEMICAL, INSECTICIDE: (THIAMETHOXAM = 60109)",0.062
2019,"YEAR","STATE","CALIFORNIA","06","STRAWBERRIES, BEARING - APPLICATIONS, MEASURED IN LB / ACRE / APPLICATION, AVG","CHEMICAL, INSECTICIDE","CHEMICAL, INSECTICIDE: (ZETA-CYPERMETHRIN = 129064)",NA
2019,"YEAR","STATE","CALIFORNIA","06","STRAWBERRIES, BEARING - APPLICATIONS, MEASURED IN LB / ACRE / APPLICATION, AVG","CHEMICAL, OTHER","CHEMICAL, OTHER: (ACIBENZOLAR-S-METHYL = 61402)",NA
2019,"YEAR","STATE","CALIFORNIA","06","STRAWBERRIES, BEARING - APPLICATIONS, MEASURED IN LB / ACRE / APPLICATION, AVG","CHEMICAL, OTHER","CHEMICAL, OTHER: (AUREOBASIDIUM PULLULANS DSM 14940 = 46010)",NA
2019,"YEAR","STATE","CALIFORNIA","06","STRAWBERRIES, BEARING - APPLICATIONS, MEASURED IN LB / ACRE / APPLICATION, AVG","CHEMICAL, OTHER","CHEMICAL, OTHER: (AUREOBASIDIUM PULLULANS DSM 14941 = 36010)",NA
2019,"YEAR","STATE","CALIFORNIA","06","STRAWBERRIES, BEARING - APPLICATIONS, MEASURED IN LB / ACRE / APPLICATION, AVG","CHEMICAL, OTHER","CHEMICAL, OTHER: (BT KURSTAKI SA-12 = 6518)",NA
2019,"YEAR","STATE","CALIFORNIA","06","STRAWBERRIES, BEARING - APPLICATIONS, MEASURED IN LB / ACRE / APPLICATION, AVG","CHEMICAL, OTHER","CHEMICAL, OTHER: (CAPRIC ACID = 128955)",NA
2019,"YEAR","STATE","CALIFORNIA","06","STRAWBERRIES, BEARING - APPLICATIONS, MEASURED IN LB / ACRE / APPLICATION, AVG","CHEMICAL, OTHER","CHEMICAL, OTHER: (CAPRYLIC ACID = 128919)",NA
2019,"YEAR","STATE","CALIFORNIA","06","STRAWBERRIES, BEARING - APPLICATIONS, MEASURED IN LB / ACRE / APPLICATION, AVG","CHEMICAL, OTHER","CHEMICAL, OTHER: (CHLOROPICRIN = 81501)",244.066
2019,"YEAR","STATE","CALIFORNIA","06","STRAWBERRIES, BEARING - APPLICATIONS, MEASURED IN LB / ACRE / APPLICATION, AVG","CHEMICAL, OTHER","CHEMICAL, OTHER: (DICHLOROPROPENE = 29001)",83.557
2019,"YEAR","STATE","CALIFORNIA","06","STRAWBERRIES, BEARING - APPLICATIONS, MEASURED IN LB / ACRE / APPLICATION, AVG","CHEMICAL, OTHER","CHEMICAL, OTHER: (FLUTRIAFOL = 128940)",0.112
2019,"YEAR","STATE","CALIFORNIA","06","STRAWBERRIES, BEARING - APPLICATIONS, MEASURED IN LB / ACRE / APPLICATION, AVG","CHEMICAL, OTHER","CHEMICAL, OTHER: (GLIOCLADIUM VIRENS = 129000)",NA
2019,"YEAR","STATE","CALIFORNIA","06","STRAWBERRIES, BEARING - APPLICATIONS, MEASURED IN LB / ACRE / APPLICATION, AVG","CHEMICAL, OTHER","CHEMICAL, OTHER: (HYDROGEN PEROXIDE = 595)",NA
2019,"YEAR","STATE","CALIFORNIA","06","STRAWBERRIES, BEARING - APPLICATIONS, MEASURED IN LB / ACRE / APPLICATION, AVG","CHEMICAL, OTHER","CHEMICAL, OTHER: (IRON PHOSPHATE = 34903)",0.161
2019,"YEAR","STATE","CALIFORNIA","06","STRAWBERRIES, BEARING - APPLICATIONS, MEASURED IN LB / ACRE / APPLICATION, AVG","CHEMICAL, OTHER","CHEMICAL, OTHER: (METALDEHYDE = 53001)",NA
2019,"YEAR","STATE","CALIFORNIA","06","STRAWBERRIES, BEARING - APPLICATIONS, MEASURED IN LB / ACRE / APPLICATION, AVG","CHEMICAL, OTHER","CHEMICAL, OTHER: (METAM-POTASSIUM = 39002)",214.011
2019,"YEAR","STATE","CALIFORNIA","06","STRAWBERRIES, BEARING - APPLICATIONS, MEASURED IN LB / ACRE / APPLICATION, AVG","CHEMICAL, OTHER","CHEMICAL, OTHER: (METAM-SODIUM = 39003)",228.063
2019,"YEAR","STATE","CALIFORNIA","06","STRAWBERRIES, BEARING - APPLICATIONS, MEASURED IN LB / ACRE / APPLICATION, AVG","CHEMICAL, OTHER","CHEMICAL, OTHER: (PAECILOMYCES FUMOSOR = 115002)",NA
2019,"YEAR","STATE","CALIFORNIA","06","STRAWBERRIES, BEARING - APPLICATIONS, MEASURED IN LB / ACRE / APPLICATION, AVG","CHEMICAL, OTHER","CHEMICAL, OTHER: (PEROXYACETIC ACID = 63201)",NA
2019,"YEAR","STATE","CALIFORNIA","06","STRAWBERRIES, BEARING - APPLICATIONS, MEASURED IN LB / ACRE / APPLICATION, AVG","CHEMICAL, OTHER","CHEMICAL, OTHER: (POTASSIUM SILICATE = 72606)",NA
2019,"YEAR","STATE","CALIFORNIA","06","STRAWBERRIES, BEARING - APPLICATIONS, MEASURED IN LB / ACRE / APPLICATION, AVG","CHEMICAL, OTHER","CHEMICAL, OTHER: (REYNOUTRIA SACHALINE = 55809)",0.191
2019,"YEAR","STATE","CALIFORNIA","06","STRAWBERRIES, BEARING - APPLICATIONS, MEASURED IN LB / ACRE / APPLICATION, AVG","CHEMICAL, OTHER","CHEMICAL, OTHER: (TRICHODERMA VIRENS STRAIN G-41 = 176604)",NA
2019,"YEAR","STATE","CALIFORNIA","06","STRAWBERRIES, BEARING - APPLICATIONS, MEASURED IN LB / ACRE / APPLICATION, AVG","FERTILIZER","FERTILIZER: (NITROGEN)",6
2019,"YEAR","STATE","CALIFORNIA","06","STRAWBERRIES, BEARING - APPLICATIONS, MEASURED IN LB / ACRE / APPLICATION, AVG","FERTILIZER","FERTILIZER: (PHOSPHATE)",8
2019,"YEAR","STATE","CALIFORNIA","06","STRAWBERRIES, BEARING - APPLICATIONS, MEASURED IN LB / ACRE / APPLICATION, AVG","FERTILIZER","FERTILIZER: (POTASH)",5
2019,"YEAR","STATE","CALIFORNIA","06","STRAWBERRIES, BEARING - APPLICATIONS, MEASURED IN LB / ACRE / APPLICATION, AVG","FERTILIZER","FERTILIZER: (SULFUR)",2
2019,"YEAR","STATE","CALIFORNIA","06","STRAWBERRIES, BEARING - APPLICATIONS, MEASURED IN LB / ACRE / YEAR, AVG","CHEMICAL, FUNGICIDE","CHEMICAL, FUNGICIDE: (AZOXYSTROBIN = 128810)",0.447
2019,"YEAR","STATE","CALIFORNIA","06","STRAWBERRIES, BEARING - APPLICATIONS, MEASURED IN LB / ACRE / YEAR, AVG","CHEMICAL, FUNGICIDE","CHEMICAL, FUNGICIDE: (BACILLUS AMYLOLIQUEFACIENS MBI 600 = 129082)",NA
2019,"YEAR","STATE","CALIFORNIA","06","STRAWBERRIES, BEARING - APPLICATIONS, MEASURED IN LB / ACRE / YEAR, AVG","CHEMICAL, FUNGICIDE","CHEMICAL, FUNGICIDE: (BACILLUS AMYLOLIQUEFACIENS STRAIN D747 = 16482)",NA
2019,"YEAR","STATE","CALIFORNIA","06","STRAWBERRIES, BEARING - APPLICATIONS, MEASURED IN LB / ACRE / YEAR, AVG","CHEMICAL, FUNGICIDE","CHEMICAL, FUNGICIDE: (BACILLUS PUMILUS = 6485)",NA
2019,"YEAR","STATE","CALIFORNIA","06","STRAWBERRIES, BEARING - APPLICATIONS, MEASURED IN LB / ACRE / YEAR, AVG","CHEMICAL, FUNGICIDE","CHEMICAL, FUNGICIDE: (BACILLUS SUBT. GB03 = 129068)",NA
2019,"YEAR","STATE","CALIFORNIA","06","STRAWBERRIES, BEARING - APPLICATIONS, MEASURED IN LB / ACRE / YEAR, AVG","CHEMICAL, FUNGICIDE","CHEMICAL, FUNGICIDE: (BACILLUS SUBTILIS = 6479)",NA
2019,"YEAR","STATE","CALIFORNIA","06","STRAWBERRIES, BEARING - APPLICATIONS, MEASURED IN LB / ACRE / YEAR, AVG","CHEMICAL, FUNGICIDE","CHEMICAL, FUNGICIDE: (BLAD = 30006)",0.54
2019,"YEAR","STATE","CALIFORNIA","06","STRAWBERRIES, BEARING - APPLICATIONS, MEASURED IN LB / ACRE / YEAR, AVG","CHEMICAL, FUNGICIDE","CHEMICAL, FUNGICIDE: (BORAX DECAHYDRATE = 11102)",0.051
2019,"YEAR","STATE","CALIFORNIA","06","STRAWBERRIES, BEARING - APPLICATIONS, MEASURED IN LB / ACRE / YEAR, AVG","CHEMICAL, FUNGICIDE","CHEMICAL, FUNGICIDE: (BOSCALID = 128008)",0.508
2019,"YEAR","STATE","CALIFORNIA","06","STRAWBERRIES, BEARING - APPLICATIONS, MEASURED IN LB / ACRE / YEAR, AVG","CHEMICAL, FUNGICIDE","CHEMICAL, FUNGICIDE: (BT SUBSP KURSTAKI EVB-113-19 = 6544)",NA
2019,"YEAR","STATE","CALIFORNIA","06","STRAWBERRIES, BEARING - APPLICATIONS, MEASURED IN LB / ACRE / YEAR, AVG","CHEMICAL, FUNGICIDE","CHEMICAL, FUNGICIDE: (CAPTAN = 81301)",10.456
2019,"YEAR","STATE","CALIFORNIA","06","STRAWBERRIES, BEARING - APPLICATIONS, MEASURED IN LB / ACRE / YEAR, AVG","CHEMICAL, FUNGICIDE","CHEMICAL, FUNGICIDE: (COPPER HYDROXIDE = 23401)",NA
2019,"YEAR","STATE","CALIFORNIA","06","STRAWBERRIES, BEARING - APPLICATIONS, MEASURED IN LB / ACRE / YEAR, AVG","CHEMICAL, FUNGICIDE","CHEMICAL, FUNGICIDE: (COPPER OCTANOATE = 23306)",NA
2019,"YEAR","STATE","CALIFORNIA","06","STRAWBERRIES, BEARING - APPLICATIONS, MEASURED IN LB / ACRE / YEAR, AVG","CHEMICAL, FUNGICIDE","CHEMICAL, FUNGICIDE: (CYFLUFENAMID = 555550)",0.034
2019,"YEAR","STATE","CALIFORNIA","06","STRAWBERRIES, BEARING - APPLICATIONS, MEASURED IN LB / ACRE / YEAR, AVG","CHEMICAL, FUNGICIDE","CHEMICAL, FUNGICIDE: (CYPRODINIL = 288202)",0.765
2019,"YEAR","STATE","CALIFORNIA","06","STRAWBERRIES, BEARING - APPLICATIONS, MEASURED IN LB / ACRE / YEAR, AVG","CHEMICAL, FUNGICIDE","CHEMICAL, FUNGICIDE: (DIFENOCONAZOLE = 128847)",0.25
2019,"YEAR","STATE","CALIFORNIA","06","STRAWBERRIES, BEARING - APPLICATIONS, MEASURED IN LB / ACRE / YEAR, AVG","CHEMICAL, FUNGICIDE","CHEMICAL, FUNGICIDE: (FENHEXAMID = 90209)",1.163
2019,"YEAR","STATE","CALIFORNIA","06","STRAWBERRIES, BEARING - APPLICATIONS, MEASURED IN LB / ACRE / YEAR, AVG","CHEMICAL, FUNGICIDE","CHEMICAL, FUNGICIDE: (FLUDIOXONIL = 71503)",0.51
2019,"YEAR","STATE","CALIFORNIA","06","STRAWBERRIES, BEARING - APPLICATIONS, MEASURED IN LB / ACRE / YEAR, AVG","CHEMICAL, FUNGICIDE","CHEMICAL, FUNGICIDE: (FLUOPYRAM = 80302)",0.224
2019,"YEAR","STATE","CALIFORNIA","06","STRAWBERRIES, BEARING - APPLICATIONS, MEASURED IN LB / ACRE / YEAR, AVG","CHEMICAL, FUNGICIDE","CHEMICAL, FUNGICIDE: (FLUXAPYROXAD = 138009)",0.361
2019,"YEAR","STATE","CALIFORNIA","06","STRAWBERRIES, BEARING - APPLICATIONS, MEASURED IN LB / ACRE / YEAR, AVG","CHEMICAL, FUNGICIDE","CHEMICAL, FUNGICIDE: (FOSETYL-AL = 123301)",18.136
2019,"YEAR","STATE","CALIFORNIA","06","STRAWBERRIES, BEARING - APPLICATIONS, MEASURED IN LB / ACRE / YEAR, AVG","CHEMICAL, FUNGICIDE","CHEMICAL, FUNGICIDE: (ISOFETAMID = 270000)",NA
2019,"YEAR","STATE","CALIFORNIA","06","STRAWBERRIES, BEARING - APPLICATIONS, MEASURED IN LB / ACRE / YEAR, AVG","CHEMICAL, FUNGICIDE","CHEMICAL, FUNGICIDE: (MEFENOXAM = 113502)",1.215
2019,"YEAR","STATE","CALIFORNIA","06","STRAWBERRIES, BEARING - APPLICATIONS, MEASURED IN LB / ACRE / YEAR, AVG","CHEMICAL, FUNGICIDE","CHEMICAL, FUNGICIDE: (MONO-POTASSIUM SALT = 76416)",NA
2019,"YEAR","STATE","CALIFORNIA","06","STRAWBERRIES, BEARING - APPLICATIONS, MEASURED IN LB / ACRE / YEAR, AVG","CHEMICAL, FUNGICIDE","CHEMICAL, FUNGICIDE: (MYCLOBUTANIL = 128857)",0.281
2019,"YEAR","STATE","CALIFORNIA","06","STRAWBERRIES, BEARING - APPLICATIONS, MEASURED IN LB / ACRE / YEAR, AVG","CHEMICAL, FUNGICIDE","CHEMICAL, FUNGICIDE: (PENTHIOPYRAD = 90112)",0.625
2019,"YEAR","STATE","CALIFORNIA","06","STRAWBERRIES, BEARING - APPLICATIONS, MEASURED IN LB / ACRE / YEAR, AVG","CHEMICAL, FUNGICIDE","CHEMICAL, FUNGICIDE: (POLYOXIN D ZINC SALT = 230000)",0.149
2019,"YEAR","STATE","CALIFORNIA","06","STRAWBERRIES, BEARING - APPLICATIONS, MEASURED IN LB / ACRE / YEAR, AVG","CHEMICAL, FUNGICIDE","CHEMICAL, FUNGICIDE: (POTASSIUM BICARBON. = 73508)",2.908
2019,"YEAR","STATE","CALIFORNIA","06","STRAWBERRIES, BEARING - APPLICATIONS, MEASURED IN LB / ACRE / YEAR, AVG","CHEMICAL, FUNGICIDE","CHEMICAL, FUNGICIDE: (PROPICONAZOLE = 122101)",0.174
2019,"YEAR","STATE","CALIFORNIA","06","STRAWBERRIES, BEARING - APPLICATIONS, MEASURED IN LB / ACRE / YEAR, AVG","CHEMICAL, FUNGICIDE","CHEMICAL, FUNGICIDE: (PYRACLOSTROBIN = 99100)",0.317
2019,"YEAR","STATE","CALIFORNIA","06","STRAWBERRIES, BEARING - APPLICATIONS, MEASURED IN LB / ACRE / YEAR, AVG","CHEMICAL, FUNGICIDE","CHEMICAL, FUNGICIDE: (PYRIMETHANIL = 288201)",0.883
2019,"YEAR","STATE","CALIFORNIA","06","STRAWBERRIES, BEARING - APPLICATIONS, MEASURED IN LB / ACRE / YEAR, AVG","CHEMICAL, FUNGICIDE","CHEMICAL, FUNGICIDE: (QUINOLINE = 55459)",0.264
2019,"YEAR","STATE","CALIFORNIA","06","STRAWBERRIES, BEARING - APPLICATIONS, MEASURED IN LB / ACRE / YEAR, AVG","CHEMICAL, FUNGICIDE","CHEMICAL, FUNGICIDE: (STREPTOMYCES LYDICUS = 6327)",NA
2019,"YEAR","STATE","CALIFORNIA","06","STRAWBERRIES, BEARING - APPLICATIONS, MEASURED IN LB / ACRE / YEAR, AVG","CHEMICAL, FUNGICIDE","CHEMICAL, FUNGICIDE: (SULFUR = 77501)",26.646
2019,"YEAR","STATE","CALIFORNIA","06","STRAWBERRIES, BEARING - APPLICATIONS, MEASURED IN LB / ACRE / YEAR, AVG","CHEMICAL, FUNGICIDE","CHEMICAL, FUNGICIDE: (TETRACONAZOLE = 120603)",0.058
2019,"YEAR","STATE","CALIFORNIA","06","STRAWBERRIES, BEARING - APPLICATIONS, MEASURED IN LB / ACRE / YEAR, AVG","CHEMICAL, FUNGICIDE","CHEMICAL, FUNGICIDE: (THIOPHANATE-METHYL = 102001)",1.041
2019,"YEAR","STATE","CALIFORNIA","06","STRAWBERRIES, BEARING - APPLICATIONS, MEASURED IN LB / ACRE / YEAR, AVG","CHEMICAL, FUNGICIDE","CHEMICAL, FUNGICIDE: (THIRAM = 79801)",5.064
2019,"YEAR","STATE","CALIFORNIA","06","STRAWBERRIES, BEARING - APPLICATIONS, MEASURED IN LB / ACRE / YEAR, AVG","CHEMICAL, FUNGICIDE","CHEMICAL, FUNGICIDE: (TRICHODERMA HARZ. = 119202)",NA
2019,"YEAR","STATE","CALIFORNIA","06","STRAWBERRIES, BEARING - APPLICATIONS, MEASURED IN LB / ACRE / YEAR, AVG","CHEMICAL, FUNGICIDE","CHEMICAL, FUNGICIDE: (TRIFLOXYSTROBIN = 129112)",0.235
2019,"YEAR","STATE","CALIFORNIA","06","STRAWBERRIES, BEARING - APPLICATIONS, MEASURED IN LB / ACRE / YEAR, AVG","CHEMICAL, FUNGICIDE","CHEMICAL, FUNGICIDE: (TRIFLUMIZOLE = 128879)",0.55
2019,"YEAR","STATE","CALIFORNIA","06","STRAWBERRIES, BEARING - APPLICATIONS, MEASURED IN LB / ACRE / YEAR, AVG","CHEMICAL, HERBICIDE","CHEMICAL, HERBICIDE: (CARFENTRAZONE-ETHYL = 128712)",0.074
2019,"YEAR","STATE","CALIFORNIA","06","STRAWBERRIES, BEARING - APPLICATIONS, MEASURED IN LB / ACRE / YEAR, AVG","CHEMICAL, HERBICIDE","CHEMICAL, HERBICIDE: (FLUMIOXAZIN = 129034)",0.217
2019,"YEAR","STATE","CALIFORNIA","06","STRAWBERRIES, BEARING - APPLICATIONS, MEASURED IN LB / ACRE / YEAR, AVG","CHEMICAL, HERBICIDE","CHEMICAL, HERBICIDE: (GLUFOSINATE-AMMONIUM = 128850)",NA
2019,"YEAR","STATE","CALIFORNIA","06","STRAWBERRIES, BEARING - APPLICATIONS, MEASURED IN LB / ACRE / YEAR, AVG","CHEMICAL, HERBICIDE","CHEMICAL, HERBICIDE: (GLYPHOSATE ISO. SALT = 103601)",NA
2019,"YEAR","STATE","CALIFORNIA","06","STRAWBERRIES, BEARING - APPLICATIONS, MEASURED IN LB / ACRE / YEAR, AVG","CHEMICAL, HERBICIDE","CHEMICAL, HERBICIDE: (GLYPHOSATE POT. SALT = 103613)",NA
2019,"YEAR","STATE","CALIFORNIA","06","STRAWBERRIES, BEARING - APPLICATIONS, MEASURED IN LB / ACRE / YEAR, AVG","CHEMICAL, HERBICIDE","CHEMICAL, HERBICIDE: (NAPROPAMIDE = 103001)",NA
2019,"YEAR","STATE","CALIFORNIA","06","STRAWBERRIES, BEARING - APPLICATIONS, MEASURED IN LB / ACRE / YEAR, AVG","CHEMICAL, HERBICIDE","CHEMICAL, HERBICIDE: (OXYFLUORFEN = 111601)",0.428
2019,"YEAR","STATE","CALIFORNIA","06","STRAWBERRIES, BEARING - APPLICATIONS, MEASURED IN LB / ACRE / YEAR, AVG","CHEMICAL, HERBICIDE","CHEMICAL, HERBICIDE: (PARAQUAT = 61601)",NA
2019,"YEAR","STATE","CALIFORNIA","06","STRAWBERRIES, BEARING - APPLICATIONS, MEASURED IN LB / ACRE / YEAR, AVG","CHEMICAL, HERBICIDE","CHEMICAL, HERBICIDE: (PENDIMETHALIN = 108501)",1.84
2019,"YEAR","STATE","CALIFORNIA","06","STRAWBERRIES, BEARING - APPLICATIONS, MEASURED IN LB / ACRE / YEAR, AVG","CHEMICAL, HERBICIDE","CHEMICAL, HERBICIDE: (SULFENTRAZONE = 129081)",NA
2019,"YEAR","STATE","CALIFORNIA","06","STRAWBERRIES, BEARING - APPLICATIONS, MEASURED IN LB / ACRE / YEAR, AVG","CHEMICAL, INSECTICIDE","CHEMICAL, INSECTICIDE: (ABAMECTIN = 122804)",0.04
2019,"YEAR","STATE","CALIFORNIA","06","STRAWBERRIES, BEARING - APPLICATIONS, MEASURED IN LB / ACRE / YEAR, AVG","CHEMICAL, INSECTICIDE","CHEMICAL, INSECTICIDE: (ACEQUINOCYL = 6329)",0.47
2019,"YEAR","STATE","CALIFORNIA","06","STRAWBERRIES, BEARING - APPLICATIONS, MEASURED IN LB / ACRE / YEAR, AVG","CHEMICAL, INSECTICIDE","CHEMICAL, INSECTICIDE: (ACETAMIPRID = 99050)",0.182
2019,"YEAR","STATE","CALIFORNIA","06","STRAWBERRIES, BEARING - APPLICATIONS, MEASURED IN LB / ACRE / YEAR, AVG","CHEMICAL, INSECTICIDE","CHEMICAL, INSECTICIDE: (AZADIRACHTIN = 121701)",0.091
2019,"YEAR","STATE","CALIFORNIA","06","STRAWBERRIES, BEARING - APPLICATIONS, MEASURED IN LB / ACRE / YEAR, AVG","CHEMICAL, INSECTICIDE","CHEMICAL, INSECTICIDE: (BEAUVERIA BASSIANA = 128924)",NA
2019,"YEAR","STATE","CALIFORNIA","06","STRAWBERRIES, BEARING - APPLICATIONS, MEASURED IN LB / ACRE / YEAR, AVG","CHEMICAL, INSECTICIDE","CHEMICAL, INSECTICIDE: (BIFENAZATE = 586)",0.978
2019,"YEAR","STATE","CALIFORNIA","06","STRAWBERRIES, BEARING - APPLICATIONS, MEASURED IN LB / ACRE / YEAR, AVG","CHEMICAL, INSECTICIDE","CHEMICAL, INSECTICIDE: (BIFENTHRIN = 128825)",0.346
2019,"YEAR","STATE","CALIFORNIA","06","STRAWBERRIES, BEARING - APPLICATIONS, MEASURED IN LB / ACRE / YEAR, AVG","CHEMICAL, INSECTICIDE","CHEMICAL, INSECTICIDE: (BT KURSTAK ABTS-1857 = 6523)",NA
2019,"YEAR","STATE","CALIFORNIA","06","STRAWBERRIES, BEARING - APPLICATIONS, MEASURED IN LB / ACRE / YEAR, AVG","CHEMICAL, INSECTICIDE","CHEMICAL, INSECTICIDE: (BT KURSTAKI ABTS-351 = 6522)",NA
2019,"YEAR","STATE","CALIFORNIA","06","STRAWBERRIES, BEARING - APPLICATIONS, MEASURED IN LB / ACRE / YEAR, AVG","CHEMICAL, INSECTICIDE","CHEMICAL, INSECTICIDE: (BT KURSTAKI SA-11 = 6519)",NA
2019,"YEAR","STATE","CALIFORNIA","06","STRAWBERRIES, BEARING - APPLICATIONS, MEASURED IN LB / ACRE / YEAR, AVG","CHEMICAL, INSECTICIDE","CHEMICAL, INSECTICIDE: (BT SUB AIZAWAI GC-91 = 6426)",NA
2019,"YEAR","STATE","CALIFORNIA","06","STRAWBERRIES, BEARING - APPLICATIONS, MEASURED IN LB / ACRE / YEAR, AVG","CHEMICAL, INSECTICIDE","CHEMICAL, INSECTICIDE: (BUPROFEZIN = 275100)",NA
2019,"YEAR","STATE","CALIFORNIA","06","STRAWBERRIES, BEARING - APPLICATIONS, MEASURED IN LB / ACRE / YEAR, AVG","CHEMICAL, INSECTICIDE","CHEMICAL, INSECTICIDE: (BURKHOLDERIA A396 CELLS & MEDIA = 6534)",NA
2019,"YEAR","STATE","CALIFORNIA","06","STRAWBERRIES, BEARING - APPLICATIONS, MEASURED IN LB / ACRE / YEAR, AVG","CHEMICAL, INSECTICIDE","CHEMICAL, INSECTICIDE: (CARBARYL = 56801)",NA
2019,"YEAR","STATE","CALIFORNIA","06","STRAWBERRIES, BEARING - APPLICATIONS, MEASURED IN LB / ACRE / YEAR, AVG","CHEMICAL, INSECTICIDE","CHEMICAL, INSECTICIDE: (CHLORANTRANILIPROLE = 90100)",0.119
2019,"YEAR","STATE","CALIFORNIA","06","STRAWBERRIES, BEARING - APPLICATIONS, MEASURED IN LB / ACRE / YEAR, AVG","CHEMICAL, INSECTICIDE","CHEMICAL, INSECTICIDE: (CHLORPYRIFOS = 59101)",NA
2019,"YEAR","STATE","CALIFORNIA","06","STRAWBERRIES, BEARING - APPLICATIONS, MEASURED IN LB / ACRE / YEAR, AVG","CHEMICAL, INSECTICIDE","CHEMICAL, INSECTICIDE: (CHROMOBAC SUBTSUGAE PRAA4-1 CELLS AND SPENT MEDIA = 16329)",NA
2019,"YEAR","STATE","CALIFORNIA","06","STRAWBERRIES, BEARING - APPLICATIONS, MEASURED IN LB / ACRE / YEAR, AVG","CHEMICAL, INSECTICIDE","CHEMICAL, INSECTICIDE: (CYANTRANILIPROLE = 90098)",0.222
2019,"YEAR","STATE","CALIFORNIA","06","STRAWBERRIES, BEARING - APPLICATIONS, MEASURED IN LB / ACRE / YEAR, AVG","CHEMICAL, INSECTICIDE","CHEMICAL, INSECTICIDE: (CYFLUMETOFEN = 138831)",0.299
2019,"YEAR","STATE","CALIFORNIA","06","STRAWBERRIES, BEARING - APPLICATIONS, MEASURED IN LB / ACRE / YEAR, AVG","CHEMICAL, INSECTICIDE","CHEMICAL, INSECTICIDE: (ETOXAZOLE = 107091)",0.581
2019,"YEAR","STATE","CALIFORNIA","06","STRAWBERRIES, BEARING - APPLICATIONS, MEASURED IN LB / ACRE / YEAR, AVG","CHEMICAL, INSECTICIDE","CHEMICAL, INSECTICIDE: (FENBUTATIN-OXIDE = 104601)",NA
2019,"YEAR","STATE","CALIFORNIA","06","STRAWBERRIES, BEARING - APPLICATIONS, MEASURED IN LB / ACRE / YEAR, AVG","CHEMICAL, INSECTICIDE","CHEMICAL, INSECTICIDE: (FENPROPATHRIN = 127901)",0.531
2019,"YEAR","STATE","CALIFORNIA","06","STRAWBERRIES, BEARING - APPLICATIONS, MEASURED IN LB / ACRE / YEAR, AVG","CHEMICAL, INSECTICIDE","CHEMICAL, INSECTICIDE: (FENPYROXIMATE = 129131)",0.128
2019,"YEAR","STATE","CALIFORNIA","06","STRAWBERRIES, BEARING - APPLICATIONS, MEASURED IN LB / ACRE / YEAR, AVG","CHEMICAL, INSECTICIDE","CHEMICAL, INSECTICIDE: (FLONICAMID = 128016)",0.161
2019,"YEAR","STATE","CALIFORNIA","06","STRAWBERRIES, BEARING - APPLICATIONS, MEASURED IN LB / ACRE / YEAR, AVG","CHEMICAL, INSECTICIDE","CHEMICAL, INSECTICIDE: (FLUPYRADIFURONE = 122304)",0.399
2019,"YEAR","STATE","CALIFORNIA","06","STRAWBERRIES, BEARING - APPLICATIONS, MEASURED IN LB / ACRE / YEAR, AVG","CHEMICAL, INSECTICIDE","CHEMICAL, INSECTICIDE: (HELICOVERPA ZEA NPV = 107300)",NA
2019,"YEAR","STATE","CALIFORNIA","06","STRAWBERRIES, BEARING - APPLICATIONS, MEASURED IN LB / ACRE / YEAR, AVG","CHEMICAL, INSECTICIDE","CHEMICAL, INSECTICIDE: (HEXYTHIAZOX = 128849)",0.269
2019,"YEAR","STATE","CALIFORNIA","06","STRAWBERRIES, BEARING - APPLICATIONS, MEASURED IN LB / ACRE / YEAR, AVG","CHEMICAL, INSECTICIDE","CHEMICAL, INSECTICIDE: (IMIDACLOPRID = 129099)",0.793
2019,"YEAR","STATE","CALIFORNIA","06","STRAWBERRIES, BEARING - APPLICATIONS, MEASURED IN LB / ACRE / YEAR, AVG","CHEMICAL, INSECTICIDE","CHEMICAL, INSECTICIDE: (MALATHION = 57701)",5.571
2019,"YEAR","STATE","CALIFORNIA","06","STRAWBERRIES, BEARING - APPLICATIONS, MEASURED IN LB / ACRE / YEAR, AVG","CHEMICAL, INSECTICIDE","CHEMICAL, INSECTICIDE: (METHOXYFENOZIDE = 121027)",0.245
2019,"YEAR","STATE","CALIFORNIA","06","STRAWBERRIES, BEARING - APPLICATIONS, MEASURED IN LB / ACRE / YEAR, AVG","CHEMICAL, INSECTICIDE","CHEMICAL, INSECTICIDE: (NALED = 34401)",1.665
2019,"YEAR","STATE","CALIFORNIA","06","STRAWBERRIES, BEARING - APPLICATIONS, MEASURED IN LB / ACRE / YEAR, AVG","CHEMICAL, INSECTICIDE","CHEMICAL, INSECTICIDE: (NEEM OIL = 25006)",0.334
2019,"YEAR","STATE","CALIFORNIA","06","STRAWBERRIES, BEARING - APPLICATIONS, MEASURED IN LB / ACRE / YEAR, AVG","CHEMICAL, INSECTICIDE","CHEMICAL, INSECTICIDE: (NEEM OIL, CLAR. HYD. = 25007)",7.924
2019,"YEAR","STATE","CALIFORNIA","06","STRAWBERRIES, BEARING - APPLICATIONS, MEASURED IN LB / ACRE / YEAR, AVG","CHEMICAL, INSECTICIDE","CHEMICAL, INSECTICIDE: (NOVALURON = 124002)",0.192
2019,"YEAR","STATE","CALIFORNIA","06","STRAWBERRIES, BEARING - APPLICATIONS, MEASURED IN LB / ACRE / YEAR, AVG","CHEMICAL, INSECTICIDE","CHEMICAL, INSECTICIDE: (PIPERONYL BUTOXIDE = 67501)",0.884
2019,"YEAR","STATE","CALIFORNIA","06","STRAWBERRIES, BEARING - APPLICATIONS, MEASURED IN LB / ACRE / YEAR, AVG","CHEMICAL, INSECTICIDE","CHEMICAL, INSECTICIDE: (POTASSIUM SALTS = 79021)",NA
2019,"YEAR","STATE","CALIFORNIA","06","STRAWBERRIES, BEARING - APPLICATIONS, MEASURED IN LB / ACRE / YEAR, AVG","CHEMICAL, INSECTICIDE","CHEMICAL, INSECTICIDE: (PYRETHRINS = 69001)",0.074
2019,"YEAR","STATE","CALIFORNIA","06","STRAWBERRIES, BEARING - APPLICATIONS, MEASURED IN LB / ACRE / YEAR, AVG","CHEMICAL, INSECTICIDE","CHEMICAL, INSECTICIDE: (PYRIDABEN = 129105)",NA
2019,"YEAR","STATE","CALIFORNIA","06","STRAWBERRIES, BEARING - APPLICATIONS, MEASURED IN LB / ACRE / YEAR, AVG","CHEMICAL, INSECTICIDE","CHEMICAL, INSECTICIDE: (PYRIPROXYFEN = 129032)",0.074
2019,"YEAR","STATE","CALIFORNIA","06","STRAWBERRIES, BEARING - APPLICATIONS, MEASURED IN LB / ACRE / YEAR, AVG","CHEMICAL, INSECTICIDE","CHEMICAL, INSECTICIDE: (SOYBEAN OIL = 31605)",NA
2019,"YEAR","STATE","CALIFORNIA","06","STRAWBERRIES, BEARING - APPLICATIONS, MEASURED IN LB / ACRE / YEAR, AVG","CHEMICAL, INSECTICIDE","CHEMICAL, INSECTICIDE: (SPINETORAM = 110007)",0.108
2019,"YEAR","STATE","CALIFORNIA","06","STRAWBERRIES, BEARING - APPLICATIONS, MEASURED IN LB / ACRE / YEAR, AVG","CHEMICAL, INSECTICIDE","CHEMICAL, INSECTICIDE: (SPINOSAD = 110003)",0.113
2019,"YEAR","STATE","CALIFORNIA","06","STRAWBERRIES, BEARING - APPLICATIONS, MEASURED IN LB / ACRE / YEAR, AVG","CHEMICAL, INSECTICIDE","CHEMICAL, INSECTICIDE: (SPIROMESIFEN = 24875)",0.307
2019,"YEAR","STATE","CALIFORNIA","06","STRAWBERRIES, BEARING - APPLICATIONS, MEASURED IN LB / ACRE / YEAR, AVG","CHEMICAL, INSECTICIDE","CHEMICAL, INSECTICIDE: (SULFOXAFLOR = 5210)",0.137
2019,"YEAR","STATE","CALIFORNIA","06","STRAWBERRIES, BEARING - APPLICATIONS, MEASURED IN LB / ACRE / YEAR, AVG","CHEMICAL, INSECTICIDE","CHEMICAL, INSECTICIDE: (THIAMETHOXAM = 60109)",0.164
2019,"YEAR","STATE","CALIFORNIA","06","STRAWBERRIES, BEARING - APPLICATIONS, MEASURED IN LB / ACRE / YEAR, AVG","CHEMICAL, INSECTICIDE","CHEMICAL, INSECTICIDE: (ZETA-CYPERMETHRIN = 129064)",NA
2019,"YEAR","STATE","CALIFORNIA","06","STRAWBERRIES, BEARING - APPLICATIONS, MEASURED IN LB / ACRE / YEAR, AVG","CHEMICAL, OTHER","CHEMICAL, OTHER: (ACIBENZOLAR-S-METHYL = 61402)",NA
2019,"YEAR","STATE","CALIFORNIA","06","STRAWBERRIES, BEARING - APPLICATIONS, MEASURED IN LB / ACRE / YEAR, AVG","CHEMICAL, OTHER","CHEMICAL, OTHER: (AUREOBASIDIUM PULLULANS DSM 14940 = 46010)",NA
2019,"YEAR","STATE","CALIFORNIA","06","STRAWBERRIES, BEARING - APPLICATIONS, MEASURED IN LB / ACRE / YEAR, AVG","CHEMICAL, OTHER","CHEMICAL, OTHER: (AUREOBASIDIUM PULLULANS DSM 14941 = 36010)",NA
2019,"YEAR","STATE","CALIFORNIA","06","STRAWBERRIES, BEARING - APPLICATIONS, MEASURED IN LB / ACRE / YEAR, AVG","CHEMICAL, OTHER","CHEMICAL, OTHER: (BT KURSTAKI SA-12 = 6518)",NA
2019,"YEAR","STATE","CALIFORNIA","06","STRAWBERRIES, BEARING - APPLICATIONS, MEASURED IN LB / ACRE / YEAR, AVG","CHEMICAL, OTHER","CHEMICAL, OTHER: (CAPRIC ACID = 128955)",NA
2019,"YEAR","STATE","CALIFORNIA","06","STRAWBERRIES, BEARING - APPLICATIONS, MEASURED IN LB / ACRE / YEAR, AVG","CHEMICAL, OTHER","CHEMICAL, OTHER: (CAPRYLIC ACID = 128919)",NA
2019,"YEAR","STATE","CALIFORNIA","06","STRAWBERRIES, BEARING - APPLICATIONS, MEASURED IN LB / ACRE / YEAR, AVG","CHEMICAL, OTHER","CHEMICAL, OTHER: (CHLOROPICRIN = 81501)",345.893
2019,"YEAR","STATE","CALIFORNIA","06","STRAWBERRIES, BEARING - APPLICATIONS, MEASURED IN LB / ACRE / YEAR, AVG","CHEMICAL, OTHER","CHEMICAL, OTHER: (DICHLOROPROPENE = 29001)",125.71
2019,"YEAR","STATE","CALIFORNIA","06","STRAWBERRIES, BEARING - APPLICATIONS, MEASURED IN LB / ACRE / YEAR, AVG","CHEMICAL, OTHER","CHEMICAL, OTHER: (FLUTRIAFOL = 128940)",0.188
2019,"YEAR","STATE","CALIFORNIA","06","STRAWBERRIES, BEARING - APPLICATIONS, MEASURED IN LB / ACRE / YEAR, AVG","CHEMICAL, OTHER","CHEMICAL, OTHER: (GLIOCLADIUM VIRENS = 129000)",NA
2019,"YEAR","STATE","CALIFORNIA","06","STRAWBERRIES, BEARING - APPLICATIONS, MEASURED IN LB / ACRE / YEAR, AVG","CHEMICAL, OTHER","CHEMICAL, OTHER: (HYDROGEN PEROXIDE = 595)",NA
2019,"YEAR","STATE","CALIFORNIA","06","STRAWBERRIES, BEARING - APPLICATIONS, MEASURED IN LB / ACRE / YEAR, AVG","CHEMICAL, OTHER","CHEMICAL, OTHER: (IRON PHOSPHATE = 34903)",0.235
2019,"YEAR","STATE","CALIFORNIA","06","STRAWBERRIES, BEARING - APPLICATIONS, MEASURED IN LB / ACRE / YEAR, AVG","CHEMICAL, OTHER","CHEMICAL, OTHER: (METALDEHYDE = 53001)",NA
2019,"YEAR","STATE","CALIFORNIA","06","STRAWBERRIES, BEARING - APPLICATIONS, MEASURED IN LB / ACRE / YEAR, AVG","CHEMICAL, OTHER","CHEMICAL, OTHER: (METAM-POTASSIUM = 39002)",244.72
2019,"YEAR","STATE","CALIFORNIA","06","STRAWBERRIES, BEARING - APPLICATIONS, MEASURED IN LB / ACRE / YEAR, AVG","CHEMICAL, OTHER","CHEMICAL, OTHER: (METAM-SODIUM = 39003)",303.425
2019,"YEAR","STATE","CALIFORNIA","06","STRAWBERRIES, BEARING - APPLICATIONS, MEASURED IN LB / ACRE / YEAR, AVG","CHEMICAL, OTHER","CHEMICAL, OTHER: (PAECILOMYCES FUMOSOR = 115002)",NA
2019,"YEAR","STATE","CALIFORNIA","06","STRAWBERRIES, BEARING - APPLICATIONS, MEASURED IN LB / ACRE / YEAR, AVG","CHEMICAL, OTHER","CHEMICAL, OTHER: (PEROXYACETIC ACID = 63201)",NA
2019,"YEAR","STATE","CALIFORNIA","06","STRAWBERRIES, BEARING - APPLICATIONS, MEASURED IN LB / ACRE / YEAR, AVG","CHEMICAL, OTHER","CHEMICAL, OTHER: (POTASSIUM SILICATE = 72606)",NA
2019,"YEAR","STATE","CALIFORNIA","06","STRAWBERRIES, BEARING - APPLICATIONS, MEASURED IN LB / ACRE / YEAR, AVG","CHEMICAL, OTHER","CHEMICAL, OTHER: (REYNOUTRIA SACHALINE = 55809)",0.231
2019,"YEAR","STATE","CALIFORNIA","06","STRAWBERRIES, BEARING - APPLICATIONS, MEASURED IN LB / ACRE / YEAR, AVG","CHEMICAL, OTHER","CHEMICAL, OTHER: (TRICHODERMA VIRENS STRAIN G-41 = 176604)",NA
2019,"YEAR","STATE","CALIFORNIA","06","STRAWBERRIES, BEARING - APPLICATIONS, MEASURED IN LB / ACRE / YEAR, AVG","FERTILIZER","FERTILIZER: (NITROGEN)",58
2019,"YEAR","STATE","CALIFORNIA","06","STRAWBERRIES, BEARING - APPLICATIONS, MEASURED IN LB / ACRE / YEAR, AVG","FERTILIZER","FERTILIZER: (PHOSPHATE)",86
2019,"YEAR","STATE","CALIFORNIA","06","STRAWBERRIES, BEARING - APPLICATIONS, MEASURED IN LB / ACRE / YEAR, AVG","FERTILIZER","FERTILIZER: (POTASH)",75
2019,"YEAR","STATE","CALIFORNIA","06","STRAWBERRIES, BEARING - APPLICATIONS, MEASURED IN LB / ACRE / YEAR, AVG","FERTILIZER","FERTILIZER: (SULFUR)",16
2019,"YEAR","STATE","CALIFORNIA","06","STRAWBERRIES, BEARING - APPLICATIONS, MEASURED IN NUMBER, AVG","CHEMICAL, FUNGICIDE","CHEMICAL, FUNGICIDE: (AZOXYSTROBIN = 128810)",2.2
2019,"YEAR","STATE","CALIFORNIA","06","STRAWBERRIES, BEARING - APPLICATIONS, MEASURED IN NUMBER, AVG","CHEMICAL, FUNGICIDE","CHEMICAL, FUNGICIDE: (BACILLUS AMYLOLIQUEFACIENS MBI 600 = 129082)",NA
2019,"YEAR","STATE","CALIFORNIA","06","STRAWBERRIES, BEARING - APPLICATIONS, MEASURED IN NUMBER, AVG","CHEMICAL, FUNGICIDE","CHEMICAL, FUNGICIDE: (BACILLUS AMYLOLIQUEFACIENS STRAIN D747 = 16482)",1.2
2019,"YEAR","STATE","CALIFORNIA","06","STRAWBERRIES, BEARING - APPLICATIONS, MEASURED IN NUMBER, AVG","CHEMICAL, FUNGICIDE","CHEMICAL, FUNGICIDE: (BACILLUS PUMILUS = 6485)",NA
2019,"YEAR","STATE","CALIFORNIA","06","STRAWBERRIES, BEARING - APPLICATIONS, MEASURED IN NUMBER, AVG","CHEMICAL, FUNGICIDE","CHEMICAL, FUNGICIDE: (BACILLUS SUBT. GB03 = 129068)",NA
2019,"YEAR","STATE","CALIFORNIA","06","STRAWBERRIES, BEARING - APPLICATIONS, MEASURED IN NUMBER, AVG","CHEMICAL, FUNGICIDE","CHEMICAL, FUNGICIDE: (BACILLUS SUBTILIS = 6479)",1.5
2019,"YEAR","STATE","CALIFORNIA","06","STRAWBERRIES, BEARING - APPLICATIONS, MEASURED IN NUMBER, AVG","CHEMICAL, FUNGICIDE","CHEMICAL, FUNGICIDE: (BLAD = 30006)",1.1
2019,"YEAR","STATE","CALIFORNIA","06","STRAWBERRIES, BEARING - APPLICATIONS, MEASURED IN NUMBER, AVG","CHEMICAL, FUNGICIDE","CHEMICAL, FUNGICIDE: (BORAX DECAHYDRATE = 11102)",2.3
2019,"YEAR","STATE","CALIFORNIA","06","STRAWBERRIES, BEARING - APPLICATIONS, MEASURED IN NUMBER, AVG","CHEMICAL, FUNGICIDE","CHEMICAL, FUNGICIDE: (BOSCALID = 128008)",1.5
2019,"YEAR","STATE","CALIFORNIA","06","STRAWBERRIES, BEARING - APPLICATIONS, MEASURED IN NUMBER, AVG","CHEMICAL, FUNGICIDE","CHEMICAL, FUNGICIDE: (BT SUBSP KURSTAKI EVB-113-19 = 6544)",2.6
2019,"YEAR","STATE","CALIFORNIA","06","STRAWBERRIES, BEARING - APPLICATIONS, MEASURED IN NUMBER, AVG","CHEMICAL, FUNGICIDE","CHEMICAL, FUNGICIDE: (CAPTAN = 81301)",6
2019,"YEAR","STATE","CALIFORNIA","06","STRAWBERRIES, BEARING - APPLICATIONS, MEASURED IN NUMBER, AVG","CHEMICAL, FUNGICIDE","CHEMICAL, FUNGICIDE: (COPPER HYDROXIDE = 23401)",NA
2019,"YEAR","STATE","CALIFORNIA","06","STRAWBERRIES, BEARING - APPLICATIONS, MEASURED IN NUMBER, AVG","CHEMICAL, FUNGICIDE","CHEMICAL, FUNGICIDE: (COPPER OCTANOATE = 23306)",NA
2019,"YEAR","STATE","CALIFORNIA","06","STRAWBERRIES, BEARING - APPLICATIONS, MEASURED IN NUMBER, AVG","CHEMICAL, FUNGICIDE","CHEMICAL, FUNGICIDE: (CYFLUFENAMID = 555550)",1.5
2019,"YEAR","STATE","CALIFORNIA","06","STRAWBERRIES, BEARING - APPLICATIONS, MEASURED IN NUMBER, AVG","CHEMICAL, FUNGICIDE","CHEMICAL, FUNGICIDE: (CYPRODINIL = 288202)",2.4
2019,"YEAR","STATE","CALIFORNIA","06","STRAWBERRIES, BEARING - APPLICATIONS, MEASURED IN NUMBER, AVG","CHEMICAL, FUNGICIDE","CHEMICAL, FUNGICIDE: (DIFENOCONAZOLE = 128847)",2.2
2019,"YEAR","STATE","CALIFORNIA","06","STRAWBERRIES, BEARING - APPLICATIONS, MEASURED IN NUMBER, AVG","CHEMICAL, FUNGICIDE","CHEMICAL, FUNGICIDE: (FENHEXAMID = 90209)",1.9
2019,"YEAR","STATE","CALIFORNIA","06","STRAWBERRIES, BEARING - APPLICATIONS, MEASURED IN NUMBER, AVG","CHEMICAL, FUNGICIDE","CHEMICAL, FUNGICIDE: (FLUDIOXONIL = 71503)",2.4
2019,"YEAR","STATE","CALIFORNIA","06","STRAWBERRIES, BEARING - APPLICATIONS, MEASURED IN NUMBER, AVG","CHEMICAL, FUNGICIDE","CHEMICAL, FUNGICIDE: (FLUOPYRAM = 80302)",2
2019,"YEAR","STATE","CALIFORNIA","06","STRAWBERRIES, BEARING - APPLICATIONS, MEASURED IN NUMBER, AVG","CHEMICAL, FUNGICIDE","CHEMICAL, FUNGICIDE: (FLUXAPYROXAD = 138009)",2.2
2019,"YEAR","STATE","CALIFORNIA","06","STRAWBERRIES, BEARING - APPLICATIONS, MEASURED IN NUMBER, AVG","CHEMICAL, FUNGICIDE","CHEMICAL, FUNGICIDE: (FOSETYL-AL = 123301)",4.5
2019,"YEAR","STATE","CALIFORNIA","06","STRAWBERRIES, BEARING - APPLICATIONS, MEASURED IN NUMBER, AVG","CHEMICAL, FUNGICIDE","CHEMICAL, FUNGICIDE: (ISOFETAMID = 270000)",NA
2019,"YEAR","STATE","CALIFORNIA","06","STRAWBERRIES, BEARING - APPLICATIONS, MEASURED IN NUMBER, AVG","CHEMICAL, FUNGICIDE","CHEMICAL, FUNGICIDE: (MEFENOXAM = 113502)",2.5
2019,"YEAR","STATE","CALIFORNIA","06","STRAWBERRIES, BEARING - APPLICATIONS, MEASURED IN NUMBER, AVG","CHEMICAL, FUNGICIDE","CHEMICAL, FUNGICIDE: (MONO-POTASSIUM SALT = 76416)",NA
2019,"YEAR","STATE","CALIFORNIA","06","STRAWBERRIES, BEARING - APPLICATIONS, MEASURED IN NUMBER, AVG","CHEMICAL, FUNGICIDE","CHEMICAL, FUNGICIDE: (MYCLOBUTANIL = 128857)",2.6
2019,"YEAR","STATE","CALIFORNIA","06","STRAWBERRIES, BEARING - APPLICATIONS, MEASURED IN NUMBER, AVG","CHEMICAL, FUNGICIDE","CHEMICAL, FUNGICIDE: (PENTHIOPYRAD = 90112)",2.1
2019,"YEAR","STATE","CALIFORNIA","06","STRAWBERRIES, BEARING - APPLICATIONS, MEASURED IN NUMBER, AVG","CHEMICAL, FUNGICIDE","CHEMICAL, FUNGICIDE: (POLYOXIN D ZINC SALT = 230000)",2.1
2019,"YEAR","STATE","CALIFORNIA","06","STRAWBERRIES, BEARING - APPLICATIONS, MEASURED IN NUMBER, AVG","CHEMICAL, FUNGICIDE","CHEMICAL, FUNGICIDE: (POTASSIUM BICARBON. = 73508)",1.2
2019,"YEAR","STATE","CALIFORNIA","06","STRAWBERRIES, BEARING - APPLICATIONS, MEASURED IN NUMBER, AVG","CHEMICAL, FUNGICIDE","CHEMICAL, FUNGICIDE: (PROPICONAZOLE = 122101)",1.6
2019,"YEAR","STATE","CALIFORNIA","06","STRAWBERRIES, BEARING - APPLICATIONS, MEASURED IN NUMBER, AVG","CHEMICAL, FUNGICIDE","CHEMICAL, FUNGICIDE: (PYRACLOSTROBIN = 99100)",1.9
2019,"YEAR","STATE","CALIFORNIA","06","STRAWBERRIES, BEARING - APPLICATIONS, MEASURED IN NUMBER, AVG","CHEMICAL, FUNGICIDE","CHEMICAL, FUNGICIDE: (PYRIMETHANIL = 288201)",1.7
2019,"YEAR","STATE","CALIFORNIA","06","STRAWBERRIES, BEARING - APPLICATIONS, MEASURED IN NUMBER, AVG","CHEMICAL, FUNGICIDE","CHEMICAL, FUNGICIDE: (QUINOLINE = 55459)",2.7
2019,"YEAR","STATE","CALIFORNIA","06","STRAWBERRIES, BEARING - APPLICATIONS, MEASURED IN NUMBER, AVG","CHEMICAL, FUNGICIDE","CHEMICAL, FUNGICIDE: (STREPTOMYCES LYDICUS = 6327)",NA
2019,"YEAR","STATE","CALIFORNIA","06","STRAWBERRIES, BEARING - APPLICATIONS, MEASURED IN NUMBER, AVG","CHEMICAL, FUNGICIDE","CHEMICAL, FUNGICIDE: (SULFUR = 77501)",7.3
2019,"YEAR","STATE","CALIFORNIA","06","STRAWBERRIES, BEARING - APPLICATIONS, MEASURED IN NUMBER, AVG","CHEMICAL, FUNGICIDE","CHEMICAL, FUNGICIDE: (TETRACONAZOLE = 120603)",1.5
2019,"YEAR","STATE","CALIFORNIA","06","STRAWBERRIES, BEARING - APPLICATIONS, MEASURED IN NUMBER, AVG","CHEMICAL, FUNGICIDE","CHEMICAL, FUNGICIDE: (THIOPHANATE-METHYL = 102001)",1.6
2019,"YEAR","STATE","CALIFORNIA","06","STRAWBERRIES, BEARING - APPLICATIONS, MEASURED IN NUMBER, AVG","CHEMICAL, FUNGICIDE","CHEMICAL, FUNGICIDE: (THIRAM = 79801)",2.3
2019,"YEAR","STATE","CALIFORNIA","06","STRAWBERRIES, BEARING - APPLICATIONS, MEASURED IN NUMBER, AVG","CHEMICAL, FUNGICIDE","CHEMICAL, FUNGICIDE: (TRICHODERMA HARZ. = 119202)",NA
2019,"YEAR","STATE","CALIFORNIA","06","STRAWBERRIES, BEARING - APPLICATIONS, MEASURED IN NUMBER, AVG","CHEMICAL, FUNGICIDE","CHEMICAL, FUNGICIDE: (TRIFLOXYSTROBIN = 129112)",2.1
2019,"YEAR","STATE","CALIFORNIA","06","STRAWBERRIES, BEARING - APPLICATIONS, MEASURED IN NUMBER, AVG","CHEMICAL, FUNGICIDE","CHEMICAL, FUNGICIDE: (TRIFLUMIZOLE = 128879)",2.4
2019,"YEAR","STATE","CALIFORNIA","06","STRAWBERRIES, BEARING - APPLICATIONS, MEASURED IN NUMBER, AVG","CHEMICAL, HERBICIDE","CHEMICAL, HERBICIDE: (CARFENTRAZONE-ETHYL = 128712)",3
2019,"YEAR","STATE","CALIFORNIA","06","STRAWBERRIES, BEARING - APPLICATIONS, MEASURED IN NUMBER, AVG","CHEMICAL, HERBICIDE","CHEMICAL, HERBICIDE: (FLUMIOXAZIN = 129034)",2.4
2019,"YEAR","STATE","CALIFORNIA","06","STRAWBERRIES, BEARING - APPLICATIONS, MEASURED IN NUMBER, AVG","CHEMICAL, HERBICIDE","CHEMICAL, HERBICIDE: (GLUFOSINATE-AMMONIUM = 128850)",NA
2019,"YEAR","STATE","CALIFORNIA","06","STRAWBERRIES, BEARING - APPLICATIONS, MEASURED IN NUMBER, AVG","CHEMICAL, HERBICIDE","CHEMICAL, HERBICIDE: (GLYPHOSATE ISO. SALT = 103601)",NA
2019,"YEAR","STATE","CALIFORNIA","06","STRAWBERRIES, BEARING - APPLICATIONS, MEASURED IN NUMBER, AVG","CHEMICAL, HERBICIDE","CHEMICAL, HERBICIDE: (GLYPHOSATE POT. SALT = 103613)",NA
2019,"YEAR","STATE","CALIFORNIA","06","STRAWBERRIES, BEARING - APPLICATIONS, MEASURED IN NUMBER, AVG","CHEMICAL, HERBICIDE","CHEMICAL, HERBICIDE: (NAPROPAMIDE = 103001)",NA
2019,"YEAR","STATE","CALIFORNIA","06","STRAWBERRIES, BEARING - APPLICATIONS, MEASURED IN NUMBER, AVG","CHEMICAL, HERBICIDE","CHEMICAL, HERBICIDE: (OXYFLUORFEN = 111601)",1.4
2019,"YEAR","STATE","CALIFORNIA","06","STRAWBERRIES, BEARING - APPLICATIONS, MEASURED IN NUMBER, AVG","CHEMICAL, HERBICIDE","CHEMICAL, HERBICIDE: (PARAQUAT = 61601)",NA
2019,"YEAR","STATE","CALIFORNIA","06","STRAWBERRIES, BEARING - APPLICATIONS, MEASURED IN NUMBER, AVG","CHEMICAL, HERBICIDE","CHEMICAL, HERBICIDE: (PENDIMETHALIN = 108501)",1.5
2019,"YEAR","STATE","CALIFORNIA","06","STRAWBERRIES, BEARING - APPLICATIONS, MEASURED IN NUMBER, AVG","CHEMICAL, HERBICIDE","CHEMICAL, HERBICIDE: (SULFENTRAZONE = 129081)",NA
2019,"YEAR","STATE","CALIFORNIA","06","STRAWBERRIES, BEARING - APPLICATIONS, MEASURED IN NUMBER, AVG","CHEMICAL, INSECTICIDE","CHEMICAL, INSECTICIDE: (ABAMECTIN = 122804)",2.2
2019,"YEAR","STATE","CALIFORNIA","06","STRAWBERRIES, BEARING - APPLICATIONS, MEASURED IN NUMBER, AVG","CHEMICAL, INSECTICIDE","CHEMICAL, INSECTICIDE: (ACEQUINOCYL = 6329)",1.6
2019,"YEAR","STATE","CALIFORNIA","06","STRAWBERRIES, BEARING - APPLICATIONS, MEASURED IN NUMBER, AVG","CHEMICAL, INSECTICIDE","CHEMICAL, INSECTICIDE: (ACETAMIPRID = 99050)",1.4
2019,"YEAR","STATE","CALIFORNIA","06","STRAWBERRIES, BEARING - APPLICATIONS, MEASURED IN NUMBER, AVG","CHEMICAL, INSECTICIDE","CHEMICAL, INSECTICIDE: (AZADIRACHTIN = 121701)",2.7
2019,"YEAR","STATE","CALIFORNIA","06","STRAWBERRIES, BEARING - APPLICATIONS, MEASURED IN NUMBER, AVG","CHEMICAL, INSECTICIDE","CHEMICAL, INSECTICIDE: (BEAUVERIA BASSIANA = 128924)",NA
2019,"YEAR","STATE","CALIFORNIA","06","STRAWBERRIES, BEARING - APPLICATIONS, MEASURED IN NUMBER, AVG","CHEMICAL, INSECTICIDE","CHEMICAL, INSECTICIDE: (BIFENAZATE = 586)",2
2019,"YEAR","STATE","CALIFORNIA","06","STRAWBERRIES, BEARING - APPLICATIONS, MEASURED IN NUMBER, AVG","CHEMICAL, INSECTICIDE","CHEMICAL, INSECTICIDE: (BIFENTHRIN = 128825)",3.2
2019,"YEAR","STATE","CALIFORNIA","06","STRAWBERRIES, BEARING - APPLICATIONS, MEASURED IN NUMBER, AVG","CHEMICAL, INSECTICIDE","CHEMICAL, INSECTICIDE: (BT KURSTAK ABTS-1857 = 6523)",1.5
2019,"YEAR","STATE","CALIFORNIA","06","STRAWBERRIES, BEARING - APPLICATIONS, MEASURED IN NUMBER, AVG","CHEMICAL, INSECTICIDE","CHEMICAL, INSECTICIDE: (BT KURSTAKI ABTS-351 = 6522)",1.6
2019,"YEAR","STATE","CALIFORNIA","06","STRAWBERRIES, BEARING - APPLICATIONS, MEASURED IN NUMBER, AVG","CHEMICAL, INSECTICIDE","CHEMICAL, INSECTICIDE: (BT KURSTAKI SA-11 = 6519)",1.3
2019,"YEAR","STATE","CALIFORNIA","06","STRAWBERRIES, BEARING - APPLICATIONS, MEASURED IN NUMBER, AVG","CHEMICAL, INSECTICIDE","CHEMICAL, INSECTICIDE: (BT SUB AIZAWAI GC-91 = 6426)",1.6
2019,"YEAR","STATE","CALIFORNIA","06","STRAWBERRIES, BEARING - APPLICATIONS, MEASURED IN NUMBER, AVG","CHEMICAL, INSECTICIDE","CHEMICAL, INSECTICIDE: (BUPROFEZIN = 275100)",NA
2019,"YEAR","STATE","CALIFORNIA","06","STRAWBERRIES, BEARING - APPLICATIONS, MEASURED IN NUMBER, AVG","CHEMICAL, INSECTICIDE","CHEMICAL, INSECTICIDE: (BURKHOLDERIA A396 CELLS & MEDIA = 6534)",1.7
2019,"YEAR","STATE","CALIFORNIA","06","STRAWBERRIES, BEARING - APPLICATIONS, MEASURED IN NUMBER, AVG","CHEMICAL, INSECTICIDE","CHEMICAL, INSECTICIDE: (CARBARYL = 56801)",NA
2019,"YEAR","STATE","CALIFORNIA","06","STRAWBERRIES, BEARING - APPLICATIONS, MEASURED IN NUMBER, AVG","CHEMICAL, INSECTICIDE","CHEMICAL, INSECTICIDE: (CHLORANTRANILIPROLE = 90100)",1.8
2019,"YEAR","STATE","CALIFORNIA","06","STRAWBERRIES, BEARING - APPLICATIONS, MEASURED IN NUMBER, AVG","CHEMICAL, INSECTICIDE","CHEMICAL, INSECTICIDE: (CHLORPYRIFOS = 59101)",NA
2019,"YEAR","STATE","CALIFORNIA","06","STRAWBERRIES, BEARING - APPLICATIONS, MEASURED IN NUMBER, AVG","CHEMICAL, INSECTICIDE","CHEMICAL, INSECTICIDE: (CHROMOBAC SUBTSUGAE PRAA4-1 CELLS AND SPENT MEDIA = 16329)",1.3
2019,"YEAR","STATE","CALIFORNIA","06","STRAWBERRIES, BEARING - APPLICATIONS, MEASURED IN NUMBER, AVG","CHEMICAL, INSECTICIDE","CHEMICAL, INSECTICIDE: (CYANTRANILIPROLE = 90098)",2
2019,"YEAR","STATE","CALIFORNIA","06","STRAWBERRIES, BEARING - APPLICATIONS, MEASURED IN NUMBER, AVG","CHEMICAL, INSECTICIDE","CHEMICAL, INSECTICIDE: (CYFLUMETOFEN = 138831)",1.7
2019,"YEAR","STATE","CALIFORNIA","06","STRAWBERRIES, BEARING - APPLICATIONS, MEASURED IN NUMBER, AVG","CHEMICAL, INSECTICIDE","CHEMICAL, INSECTICIDE: (ETOXAZOLE = 107091)",4.3
2019,"YEAR","STATE","CALIFORNIA","06","STRAWBERRIES, BEARING - APPLICATIONS, MEASURED IN NUMBER, AVG","CHEMICAL, INSECTICIDE","CHEMICAL, INSECTICIDE: (FENBUTATIN-OXIDE = 104601)",NA
2019,"YEAR","STATE","CALIFORNIA","06","STRAWBERRIES, BEARING - APPLICATIONS, MEASURED IN NUMBER, AVG","CHEMICAL, INSECTICIDE","CHEMICAL, INSECTICIDE: (FENPROPATHRIN = 127901)",1.9
2019,"YEAR","STATE","CALIFORNIA","06","STRAWBERRIES, BEARING - APPLICATIONS, MEASURED IN NUMBER, AVG","CHEMICAL, INSECTICIDE","CHEMICAL, INSECTICIDE: (FENPYROXIMATE = 129131)",1.2
2019,"YEAR","STATE","CALIFORNIA","06","STRAWBERRIES, BEARING - APPLICATIONS, MEASURED IN NUMBER, AVG","CHEMICAL, INSECTICIDE","CHEMICAL, INSECTICIDE: (FLONICAMID = 128016)",1.9
2019,"YEAR","STATE","CALIFORNIA","06","STRAWBERRIES, BEARING - APPLICATIONS, MEASURED IN NUMBER, AVG","CHEMICAL, INSECTICIDE","CHEMICAL, INSECTICIDE: (FLUPYRADIFURONE = 122304)",2.5
2019,"YEAR","STATE","CALIFORNIA","06","STRAWBERRIES, BEARING - APPLICATIONS, MEASURED IN NUMBER, AVG","CHEMICAL, INSECTICIDE","CHEMICAL, INSECTICIDE: (HELICOVERPA ZEA NPV = 107300)",NA
2019,"YEAR","STATE","CALIFORNIA","06","STRAWBERRIES, BEARING - APPLICATIONS, MEASURED IN NUMBER, AVG","CHEMICAL, INSECTICIDE","CHEMICAL, INSECTICIDE: (HEXYTHIAZOX = 128849)",1.5
2019,"YEAR","STATE","CALIFORNIA","06","STRAWBERRIES, BEARING - APPLICATIONS, MEASURED IN NUMBER, AVG","CHEMICAL, INSECTICIDE","CHEMICAL, INSECTICIDE: (IMIDACLOPRID = 129099)",1.5
2019,"YEAR","STATE","CALIFORNIA","06","STRAWBERRIES, BEARING - APPLICATIONS, MEASURED IN NUMBER, AVG","CHEMICAL, INSECTICIDE","CHEMICAL, INSECTICIDE: (MALATHION = 57701)",2.8
2019,"YEAR","STATE","CALIFORNIA","06","STRAWBERRIES, BEARING - APPLICATIONS, MEASURED IN NUMBER, AVG","CHEMICAL, INSECTICIDE","CHEMICAL, INSECTICIDE: (METHOXYFENOZIDE = 121027)",1.4
2019,"YEAR","STATE","CALIFORNIA","06","STRAWBERRIES, BEARING - APPLICATIONS, MEASURED IN NUMBER, AVG","CHEMICAL, INSECTICIDE","CHEMICAL, INSECTICIDE: (NALED = 34401)",1.8
2019,"YEAR","STATE","CALIFORNIA","06","STRAWBERRIES, BEARING - APPLICATIONS, MEASURED IN NUMBER, AVG","CHEMICAL, INSECTICIDE","CHEMICAL, INSECTICIDE: (NEEM OIL = 25006)",3.5
2019,"YEAR","STATE","CALIFORNIA","06","STRAWBERRIES, BEARING - APPLICATIONS, MEASURED IN NUMBER, AVG","CHEMICAL, INSECTICIDE","CHEMICAL, INSECTICIDE: (NEEM OIL, CLAR. HYD. = 25007)",1.5
2019,"YEAR","STATE","CALIFORNIA","06","STRAWBERRIES, BEARING - APPLICATIONS, MEASURED IN NUMBER, AVG","CHEMICAL, INSECTICIDE","CHEMICAL, INSECTICIDE: (NOVALURON = 124002)",3.2
2019,"YEAR","STATE","CALIFORNIA","06","STRAWBERRIES, BEARING - APPLICATIONS, MEASURED IN NUMBER, AVG","CHEMICAL, INSECTICIDE","CHEMICAL, INSECTICIDE: (PIPERONYL BUTOXIDE = 67501)",1.8
2019,"YEAR","STATE","CALIFORNIA","06","STRAWBERRIES, BEARING - APPLICATIONS, MEASURED IN NUMBER, AVG","CHEMICAL, INSECTICIDE","CHEMICAL, INSECTICIDE: (POTASSIUM SALTS = 79021)",NA
2019,"YEAR","STATE","CALIFORNIA","06","STRAWBERRIES, BEARING - APPLICATIONS, MEASURED IN NUMBER, AVG","CHEMICAL, INSECTICIDE","CHEMICAL, INSECTICIDE: (PYRETHRINS = 69001)",1.7
2019,"YEAR","STATE","CALIFORNIA","06","STRAWBERRIES, BEARING - APPLICATIONS, MEASURED IN NUMBER, AVG","CHEMICAL, INSECTICIDE","CHEMICAL, INSECTICIDE: (PYRIDABEN = 129105)",NA
2019,"YEAR","STATE","CALIFORNIA","06","STRAWBERRIES, BEARING - APPLICATIONS, MEASURED IN NUMBER, AVG","CHEMICAL, INSECTICIDE","CHEMICAL, INSECTICIDE: (PYRIPROXYFEN = 129032)",1.1
2019,"YEAR","STATE","CALIFORNIA","06","STRAWBERRIES, BEARING - APPLICATIONS, MEASURED IN NUMBER, AVG","CHEMICAL, INSECTICIDE","CHEMICAL, INSECTICIDE: (SOYBEAN OIL = 31605)",NA
2019,"YEAR","STATE","CALIFORNIA","06","STRAWBERRIES, BEARING - APPLICATIONS, MEASURED IN NUMBER, AVG","CHEMICAL, INSECTICIDE","CHEMICAL, INSECTICIDE: (SPINETORAM = 110007)",1.6
2019,"YEAR","STATE","CALIFORNIA","06","STRAWBERRIES, BEARING - APPLICATIONS, MEASURED IN NUMBER, AVG","CHEMICAL, INSECTICIDE","CHEMICAL, INSECTICIDE: (SPINOSAD = 110003)",1.2
2019,"YEAR","STATE","CALIFORNIA","06","STRAWBERRIES, BEARING - APPLICATIONS, MEASURED IN NUMBER, AVG","CHEMICAL, INSECTICIDE","CHEMICAL, INSECTICIDE: (SPIROMESIFEN = 24875)",1.3
2019,"YEAR","STATE","CALIFORNIA","06","STRAWBERRIES, BEARING - APPLICATIONS, MEASURED IN NUMBER, AVG","CHEMICAL, INSECTICIDE","CHEMICAL, INSECTICIDE: (SULFOXAFLOR = 5210)",2
2019,"YEAR","STATE","CALIFORNIA","06","STRAWBERRIES, BEARING - APPLICATIONS, MEASURED IN NUMBER, AVG","CHEMICAL, INSECTICIDE","CHEMICAL, INSECTICIDE: (THIAMETHOXAM = 60109)",2.7
2019,"YEAR","STATE","CALIFORNIA","06","STRAWBERRIES, BEARING - APPLICATIONS, MEASURED IN NUMBER, AVG","CHEMICAL, INSECTICIDE","CHEMICAL, INSECTICIDE: (ZETA-CYPERMETHRIN = 129064)",NA
2019,"YEAR","STATE","CALIFORNIA","06","STRAWBERRIES, BEARING - APPLICATIONS, MEASURED IN NUMBER, AVG","CHEMICAL, OTHER","CHEMICAL, OTHER: (ACIBENZOLAR-S-METHYL = 61402)",NA
2019,"YEAR","STATE","CALIFORNIA","06","STRAWBERRIES, BEARING - APPLICATIONS, MEASURED IN NUMBER, AVG","CHEMICAL, OTHER","CHEMICAL, OTHER: (AUREOBASIDIUM PULLULANS DSM 14940 = 46010)",NA
2019,"YEAR","STATE","CALIFORNIA","06","STRAWBERRIES, BEARING - APPLICATIONS, MEASURED IN NUMBER, AVG","CHEMICAL, OTHER","CHEMICAL, OTHER: (AUREOBASIDIUM PULLULANS DSM 14941 = 36010)",NA
2019,"YEAR","STATE","CALIFORNIA","06","STRAWBERRIES, BEARING - APPLICATIONS, MEASURED IN NUMBER, AVG","CHEMICAL, OTHER","CHEMICAL, OTHER: (BT KURSTAKI SA-12 = 6518)",NA
2019,"YEAR","STATE","CALIFORNIA","06","STRAWBERRIES, BEARING - APPLICATIONS, MEASURED IN NUMBER, AVG","CHEMICAL, OTHER","CHEMICAL, OTHER: (CAPRIC ACID = 128955)",NA
2019,"YEAR","STATE","CALIFORNIA","06","STRAWBERRIES, BEARING - APPLICATIONS, MEASURED IN NUMBER, AVG","CHEMICAL, OTHER","CHEMICAL, OTHER: (CAPRYLIC ACID = 128919)",NA
2019,"YEAR","STATE","CALIFORNIA","06","STRAWBERRIES, BEARING - APPLICATIONS, MEASURED IN NUMBER, AVG","CHEMICAL, OTHER","CHEMICAL, OTHER: (CHLOROPICRIN = 81501)",1.4
2019,"YEAR","STATE","CALIFORNIA","06","STRAWBERRIES, BEARING - APPLICATIONS, MEASURED IN NUMBER, AVG","CHEMICAL, OTHER","CHEMICAL, OTHER: (DICHLOROPROPENE = 29001)",1.5
2019,"YEAR","STATE","CALIFORNIA","06","STRAWBERRIES, BEARING - APPLICATIONS, MEASURED IN NUMBER, AVG","CHEMICAL, OTHER","CHEMICAL, OTHER: (FLUTRIAFOL = 128940)",1.7
2019,"YEAR","STATE","CALIFORNIA","06","STRAWBERRIES, BEARING - APPLICATIONS, MEASURED IN NUMBER, AVG","CHEMICAL, OTHER","CHEMICAL, OTHER: (GLIOCLADIUM VIRENS = 129000)",NA
2019,"YEAR","STATE","CALIFORNIA","06","STRAWBERRIES, BEARING - APPLICATIONS, MEASURED IN NUMBER, AVG","CHEMICAL, OTHER","CHEMICAL, OTHER: (HYDROGEN PEROXIDE = 595)",NA
2019,"YEAR","STATE","CALIFORNIA","06","STRAWBERRIES, BEARING - APPLICATIONS, MEASURED IN NUMBER, AVG","CHEMICAL, OTHER","CHEMICAL, OTHER: (IRON PHOSPHATE = 34903)",1.5
2019,"YEAR","STATE","CALIFORNIA","06","STRAWBERRIES, BEARING - APPLICATIONS, MEASURED IN NUMBER, AVG","CHEMICAL, OTHER","CHEMICAL, OTHER: (METALDEHYDE = 53001)",NA
2019,"YEAR","STATE","CALIFORNIA","06","STRAWBERRIES, BEARING - APPLICATIONS, MEASURED IN NUMBER, AVG","CHEMICAL, OTHER","CHEMICAL, OTHER: (METAM-POTASSIUM = 39002)",1.1
2019,"YEAR","STATE","CALIFORNIA","06","STRAWBERRIES, BEARING - APPLICATIONS, MEASURED IN NUMBER, AVG","CHEMICAL, OTHER","CHEMICAL, OTHER: (METAM-SODIUM = 39003)",1.3
2019,"YEAR","STATE","CALIFORNIA","06","STRAWBERRIES, BEARING - APPLICATIONS, MEASURED IN NUMBER, AVG","CHEMICAL, OTHER","CHEMICAL, OTHER: (PAECILOMYCES FUMOSOR = 115002)",NA
2019,"YEAR","STATE","CALIFORNIA","06","STRAWBERRIES, BEARING - APPLICATIONS, MEASURED IN NUMBER, AVG","CHEMICAL, OTHER","CHEMICAL, OTHER: (PEROXYACETIC ACID = 63201)",NA
2019,"YEAR","STATE","CALIFORNIA","06","STRAWBERRIES, BEARING - APPLICATIONS, MEASURED IN NUMBER, AVG","CHEMICAL, OTHER","CHEMICAL, OTHER: (POTASSIUM SILICATE = 72606)",NA
2019,"YEAR","STATE","CALIFORNIA","06","STRAWBERRIES, BEARING - APPLICATIONS, MEASURED IN NUMBER, AVG","CHEMICAL, OTHER","CHEMICAL, OTHER: (REYNOUTRIA SACHALINE = 55809)",1.2
2019,"YEAR","STATE","CALIFORNIA","06","STRAWBERRIES, BEARING - APPLICATIONS, MEASURED IN NUMBER, AVG","CHEMICAL, OTHER","CHEMICAL, OTHER: (TRICHODERMA VIRENS STRAIN G-41 = 176604)",NA
2019,"YEAR","STATE","CALIFORNIA","06","STRAWBERRIES, BEARING - APPLICATIONS, MEASURED IN NUMBER, AVG","FERTILIZER","FERTILIZER: (NITROGEN)",9.9
2019,"YEAR","STATE","CALIFORNIA","06","STRAWBERRIES, BEARING - APPLICATIONS, MEASURED IN NUMBER, AVG","FERTILIZER","FERTILIZER: (PHOSPHATE)",11.3
2019,"YEAR","STATE","CALIFORNIA","06","STRAWBERRIES, BEARING - APPLICATIONS, MEASURED IN NUMBER, AVG","FERTILIZER","FERTILIZER: (POTASH)",14.3
2019,"YEAR","STATE","CALIFORNIA","06","STRAWBERRIES, BEARING - APPLICATIONS, MEASURED IN NUMBER, AVG","FERTILIZER","FERTILIZER: (SULFUR)",8.2
2019,"YEAR","STATE","CALIFORNIA","06","STRAWBERRIES, BEARING - TREATED, MEASURED IN PCT OF AREA BEARING, AVG","CHEMICAL, FUNGICIDE","CHEMICAL, FUNGICIDE: (AZOXYSTROBIN = 128810)",34
2019,"YEAR","STATE","CALIFORNIA","06","STRAWBERRIES, BEARING - TREATED, MEASURED IN PCT OF AREA BEARING, AVG","CHEMICAL, FUNGICIDE","CHEMICAL, FUNGICIDE: (BACILLUS AMYLOLIQUEFACIENS MBI 600 = 129082)",NA
2019,"YEAR","STATE","CALIFORNIA","06","STRAWBERRIES, BEARING - TREATED, MEASURED IN PCT OF AREA BEARING, AVG","CHEMICAL, FUNGICIDE","CHEMICAL, FUNGICIDE: (BACILLUS AMYLOLIQUEFACIENS STRAIN D747 = 16482)",26
2019,"YEAR","STATE","CALIFORNIA","06","STRAWBERRIES, BEARING - TREATED, MEASURED IN PCT OF AREA BEARING, AVG","CHEMICAL, FUNGICIDE","CHEMICAL, FUNGICIDE: (BACILLUS PUMILUS = 6485)",NA
2019,"YEAR","STATE","CALIFORNIA","06","STRAWBERRIES, BEARING - TREATED, MEASURED IN PCT OF AREA BEARING, AVG","CHEMICAL, FUNGICIDE","CHEMICAL, FUNGICIDE: (BACILLUS SUBT. GB03 = 129068)",NA
2019,"YEAR","STATE","CALIFORNIA","06","STRAWBERRIES, BEARING - TREATED, MEASURED IN PCT OF AREA BEARING, AVG","CHEMICAL, FUNGICIDE","CHEMICAL, FUNGICIDE: (BACILLUS SUBTILIS = 6479)",8
2019,"YEAR","STATE","CALIFORNIA","06","STRAWBERRIES, BEARING - TREATED, MEASURED IN PCT OF AREA BEARING, AVG","CHEMICAL, FUNGICIDE","CHEMICAL, FUNGICIDE: (BLAD = 30006)",6
2019,"YEAR","STATE","CALIFORNIA","06","STRAWBERRIES, BEARING - TREATED, MEASURED IN PCT OF AREA BEARING, AVG","CHEMICAL, FUNGICIDE","CHEMICAL, FUNGICIDE: (BORAX DECAHYDRATE = 11102)",18
2019,"YEAR","STATE","CALIFORNIA","06","STRAWBERRIES, BEARING - TREATED, MEASURED IN PCT OF AREA BEARING, AVG","CHEMICAL, FUNGICIDE","CHEMICAL, FUNGICIDE: (BOSCALID = 128008)",34
2019,"YEAR","STATE","CALIFORNIA","06","STRAWBERRIES, BEARING - TREATED, MEASURED IN PCT OF AREA BEARING, AVG","CHEMICAL, FUNGICIDE","CHEMICAL, FUNGICIDE: (BT SUBSP KURSTAKI EVB-113-19 = 6544)",7
2019,"YEAR","STATE","CALIFORNIA","06","STRAWBERRIES, BEARING - TREATED, MEASURED IN PCT OF AREA BEARING, AVG","CHEMICAL, FUNGICIDE","CHEMICAL, FUNGICIDE: (CAPTAN = 81301)",76
2019,"YEAR","STATE","CALIFORNIA","06","STRAWBERRIES, BEARING - TREATED, MEASURED IN PCT OF AREA BEARING, AVG","CHEMICAL, FUNGICIDE","CHEMICAL, FUNGICIDE: (COPPER HYDROXIDE = 23401)",NA
2019,"YEAR","STATE","CALIFORNIA","06","STRAWBERRIES, BEARING - TREATED, MEASURED IN PCT OF AREA BEARING, AVG","CHEMICAL, FUNGICIDE","CHEMICAL, FUNGICIDE: (COPPER OCTANOATE = 23306)",NA
2019,"YEAR","STATE","CALIFORNIA","06","STRAWBERRIES, BEARING - TREATED, MEASURED IN PCT OF AREA BEARING, AVG","CHEMICAL, FUNGICIDE","CHEMICAL, FUNGICIDE: (CYFLUFENAMID = 555550)",30
2019,"YEAR","STATE","CALIFORNIA","06","STRAWBERRIES, BEARING - TREATED, MEASURED IN PCT OF AREA BEARING, AVG","CHEMICAL, FUNGICIDE","CHEMICAL, FUNGICIDE: (CYPRODINIL = 288202)",61
2019,"YEAR","STATE","CALIFORNIA","06","STRAWBERRIES, BEARING - TREATED, MEASURED IN PCT OF AREA BEARING, AVG","CHEMICAL, FUNGICIDE","CHEMICAL, FUNGICIDE: (DIFENOCONAZOLE = 128847)",10
2019,"YEAR","STATE","CALIFORNIA","06","STRAWBERRIES, BEARING - TREATED, MEASURED IN PCT OF AREA BEARING, AVG","CHEMICAL, FUNGICIDE","CHEMICAL, FUNGICIDE: (FENHEXAMID = 90209)",36
2019,"YEAR","STATE","CALIFORNIA","06","STRAWBERRIES, BEARING - TREATED, MEASURED IN PCT OF AREA BEARING, AVG","CHEMICAL, FUNGICIDE","CHEMICAL, FUNGICIDE: (FLUDIOXONIL = 71503)",61
2019,"YEAR","STATE","CALIFORNIA","06","STRAWBERRIES, BEARING - TREATED, MEASURED IN PCT OF AREA BEARING, AVG","CHEMICAL, FUNGICIDE","CHEMICAL, FUNGICIDE: (FLUOPYRAM = 80302)",48
2019,"YEAR","STATE","CALIFORNIA","06","STRAWBERRIES, BEARING - TREATED, MEASURED IN PCT OF AREA BEARING, AVG","CHEMICAL, FUNGICIDE","CHEMICAL, FUNGICIDE: (FLUXAPYROXAD = 138009)",30
2019,"YEAR","STATE","CALIFORNIA","06","STRAWBERRIES, BEARING - TREATED, MEASURED IN PCT OF AREA BEARING, AVG","CHEMICAL, FUNGICIDE","CHEMICAL, FUNGICIDE: (FOSETYL-AL = 123301)",5
2019,"YEAR","STATE","CALIFORNIA","06","STRAWBERRIES, BEARING - TREATED, MEASURED IN PCT OF AREA BEARING, AVG","CHEMICAL, FUNGICIDE","CHEMICAL, FUNGICIDE: (ISOFETAMID = 270000)",NA
2019,"YEAR","STATE","CALIFORNIA","06","STRAWBERRIES, BEARING - TREATED, MEASURED IN PCT OF AREA BEARING, AVG","CHEMICAL, FUNGICIDE","CHEMICAL, FUNGICIDE: (MEFENOXAM = 113502)",21
2019,"YEAR","STATE","CALIFORNIA","06","STRAWBERRIES, BEARING - TREATED, MEASURED IN PCT OF AREA BEARING, AVG","CHEMICAL, FUNGICIDE","CHEMICAL, FUNGICIDE: (MONO-POTASSIUM SALT = 76416)",NA
2019,"YEAR","STATE","CALIFORNIA","06","STRAWBERRIES, BEARING - TREATED, MEASURED IN PCT OF AREA BEARING, AVG","CHEMICAL, FUNGICIDE","CHEMICAL, FUNGICIDE: (MYCLOBUTANIL = 128857)",56
2019,"YEAR","STATE","CALIFORNIA","06","STRAWBERRIES, BEARING - TREATED, MEASURED IN PCT OF AREA BEARING, AVG","CHEMICAL, FUNGICIDE","CHEMICAL, FUNGICIDE: (PENTHIOPYRAD = 90112)",31
2019,"YEAR","STATE","CALIFORNIA","06","STRAWBERRIES, BEARING - TREATED, MEASURED IN PCT OF AREA BEARING, AVG","CHEMICAL, FUNGICIDE","CHEMICAL, FUNGICIDE: (POLYOXIN D ZINC SALT = 230000)",26
2019,"YEAR","STATE","CALIFORNIA","06","STRAWBERRIES, BEARING - TREATED, MEASURED IN PCT OF AREA BEARING, AVG","CHEMICAL, FUNGICIDE","CHEMICAL, FUNGICIDE: (POTASSIUM BICARBON. = 73508)",11
2019,"YEAR","STATE","CALIFORNIA","06","STRAWBERRIES, BEARING - TREATED, MEASURED IN PCT OF AREA BEARING, AVG","CHEMICAL, FUNGICIDE","CHEMICAL, FUNGICIDE: (PROPICONAZOLE = 122101)",25
2019,"YEAR","STATE","CALIFORNIA","06","STRAWBERRIES, BEARING - TREATED, MEASURED IN PCT OF AREA BEARING, AVG","CHEMICAL, FUNGICIDE","CHEMICAL, FUNGICIDE: (PYRACLOSTROBIN = 99100)",65
2019,"YEAR","STATE","CALIFORNIA","06","STRAWBERRIES, BEARING - TREATED, MEASURED IN PCT OF AREA BEARING, AVG","CHEMICAL, FUNGICIDE","CHEMICAL, FUNGICIDE: (PYRIMETHANIL = 288201)",29
2019,"YEAR","STATE","CALIFORNIA","06","STRAWBERRIES, BEARING - TREATED, MEASURED IN PCT OF AREA BEARING, AVG","CHEMICAL, FUNGICIDE","CHEMICAL, FUNGICIDE: (QUINOLINE = 55459)",51
2019,"YEAR","STATE","CALIFORNIA","06","STRAWBERRIES, BEARING - TREATED, MEASURED IN PCT OF AREA BEARING, AVG","CHEMICAL, FUNGICIDE","CHEMICAL, FUNGICIDE: (STREPTOMYCES LYDICUS = 6327)",NA
2019,"YEAR","STATE","CALIFORNIA","06","STRAWBERRIES, BEARING - TREATED, MEASURED IN PCT OF AREA BEARING, AVG","CHEMICAL, FUNGICIDE","CHEMICAL, FUNGICIDE: (SULFUR = 77501)",72
2019,"YEAR","STATE","CALIFORNIA","06","STRAWBERRIES, BEARING - TREATED, MEASURED IN PCT OF AREA BEARING, AVG","CHEMICAL, FUNGICIDE","CHEMICAL, FUNGICIDE: (TETRACONAZOLE = 120603)",30
2019,"YEAR","STATE","CALIFORNIA","06","STRAWBERRIES, BEARING - TREATED, MEASURED IN PCT OF AREA BEARING, AVG","CHEMICAL, FUNGICIDE","CHEMICAL, FUNGICIDE: (THIOPHANATE-METHYL = 102001)",9
2019,"YEAR","STATE","CALIFORNIA","06","STRAWBERRIES, BEARING - TREATED, MEASURED IN PCT OF AREA BEARING, AVG","CHEMICAL, FUNGICIDE","CHEMICAL, FUNGICIDE: (THIRAM = 79801)",50
2019,"YEAR","STATE","CALIFORNIA","06","STRAWBERRIES, BEARING - TREATED, MEASURED IN PCT OF AREA BEARING, AVG","CHEMICAL, FUNGICIDE","CHEMICAL, FUNGICIDE: (TOTAL)",93
2019,"YEAR","STATE","CALIFORNIA","06","STRAWBERRIES, BEARING - TREATED, MEASURED IN PCT OF AREA BEARING, AVG","CHEMICAL, FUNGICIDE","CHEMICAL, FUNGICIDE: (TRICHODERMA HARZ. = 119202)",NA
2019,"YEAR","STATE","CALIFORNIA","06","STRAWBERRIES, BEARING - TREATED, MEASURED IN PCT OF AREA BEARING, AVG","CHEMICAL, FUNGICIDE","CHEMICAL, FUNGICIDE: (TRIFLOXYSTROBIN = 129112)",50
2019,"YEAR","STATE","CALIFORNIA","06","STRAWBERRIES, BEARING - TREATED, MEASURED IN PCT OF AREA BEARING, AVG","CHEMICAL, FUNGICIDE","CHEMICAL, FUNGICIDE: (TRIFLUMIZOLE = 128879)",37
2019,"YEAR","STATE","CALIFORNIA","06","STRAWBERRIES, BEARING - TREATED, MEASURED IN PCT OF AREA BEARING, AVG","CHEMICAL, HERBICIDE","CHEMICAL, HERBICIDE: (CARFENTRAZONE-ETHYL = 128712)",6
2019,"YEAR","STATE","CALIFORNIA","06","STRAWBERRIES, BEARING - TREATED, MEASURED IN PCT OF AREA BEARING, AVG","CHEMICAL, HERBICIDE","CHEMICAL, HERBICIDE: (FLUMIOXAZIN = 129034)",14
2019,"YEAR","STATE","CALIFORNIA","06","STRAWBERRIES, BEARING - TREATED, MEASURED IN PCT OF AREA BEARING, AVG","CHEMICAL, HERBICIDE","CHEMICAL, HERBICIDE: (GLUFOSINATE-AMMONIUM = 128850)",NA
2019,"YEAR","STATE","CALIFORNIA","06","STRAWBERRIES, BEARING - TREATED, MEASURED IN PCT OF AREA BEARING, AVG","CHEMICAL, HERBICIDE","CHEMICAL, HERBICIDE: (GLYPHOSATE ISO. SALT = 103601)",NA
2019,"YEAR","STATE","CALIFORNIA","06","STRAWBERRIES, BEARING - TREATED, MEASURED IN PCT OF AREA BEARING, AVG","CHEMICAL, HERBICIDE","CHEMICAL, HERBICIDE: (GLYPHOSATE POT. SALT = 103613)",NA
2019,"YEAR","STATE","CALIFORNIA","06","STRAWBERRIES, BEARING - TREATED, MEASURED IN PCT OF AREA BEARING, AVG","CHEMICAL, HERBICIDE","CHEMICAL, HERBICIDE: (NAPROPAMIDE = 103001)",NA
2019,"YEAR","STATE","CALIFORNIA","06","STRAWBERRIES, BEARING - TREATED, MEASURED IN PCT OF AREA BEARING, AVG","CHEMICAL, HERBICIDE","CHEMICAL, HERBICIDE: (OXYFLUORFEN = 111601)",9
2019,"YEAR","STATE","CALIFORNIA","06","STRAWBERRIES, BEARING - TREATED, MEASURED IN PCT OF AREA BEARING, AVG","CHEMICAL, HERBICIDE","CHEMICAL, HERBICIDE: (PARAQUAT = 61601)",NA
2019,"YEAR","STATE","CALIFORNIA","06","STRAWBERRIES, BEARING - TREATED, MEASURED IN PCT OF AREA BEARING, AVG","CHEMICAL, HERBICIDE","CHEMICAL, HERBICIDE: (PENDIMETHALIN = 108501)",8
2019,"YEAR","STATE","CALIFORNIA","06","STRAWBERRIES, BEARING - TREATED, MEASURED IN PCT OF AREA BEARING, AVG","CHEMICAL, HERBICIDE","CHEMICAL, HERBICIDE: (SULFENTRAZONE = 129081)",NA
2019,"YEAR","STATE","CALIFORNIA","06","STRAWBERRIES, BEARING - TREATED, MEASURED IN PCT OF AREA BEARING, AVG","CHEMICAL, HERBICIDE","CHEMICAL, HERBICIDE: (TOTAL)",20
2019,"YEAR","STATE","CALIFORNIA","06","STRAWBERRIES, BEARING - TREATED, MEASURED IN PCT OF AREA BEARING, AVG","CHEMICAL, INSECTICIDE","CHEMICAL, INSECTICIDE: (ABAMECTIN = 122804)",35
2019,"YEAR","STATE","CALIFORNIA","06","STRAWBERRIES, BEARING - TREATED, MEASURED IN PCT OF AREA BEARING, AVG","CHEMICAL, INSECTICIDE","CHEMICAL, INSECTICIDE: (ACEQUINOCYL = 6329)",32
2019,"YEAR","STATE","CALIFORNIA","06","STRAWBERRIES, BEARING - TREATED, MEASURED IN PCT OF AREA BEARING, AVG","CHEMICAL, INSECTICIDE","CHEMICAL, INSECTICIDE: (ACETAMIPRID = 99050)",42
2019,"YEAR","STATE","CALIFORNIA","06","STRAWBERRIES, BEARING - TREATED, MEASURED IN PCT OF AREA BEARING, AVG","CHEMICAL, INSECTICIDE","CHEMICAL, INSECTICIDE: (AZADIRACHTIN = 121701)",25
2019,"YEAR","STATE","CALIFORNIA","06","STRAWBERRIES, BEARING - TREATED, MEASURED IN PCT OF AREA BEARING, AVG","CHEMICAL, INSECTICIDE","CHEMICAL, INSECTICIDE: (BEAUVERIA BASSIANA = 128924)",NA
2019,"YEAR","STATE","CALIFORNIA","06","STRAWBERRIES, BEARING - TREATED, MEASURED IN PCT OF AREA BEARING, AVG","CHEMICAL, INSECTICIDE","CHEMICAL, INSECTICIDE: (BIFENAZATE = 586)",51
2019,"YEAR","STATE","CALIFORNIA","06","STRAWBERRIES, BEARING - TREATED, MEASURED IN PCT OF AREA BEARING, AVG","CHEMICAL, INSECTICIDE","CHEMICAL, INSECTICIDE: (BIFENTHRIN = 128825)",58
2019,"YEAR","STATE","CALIFORNIA","06","STRAWBERRIES, BEARING - TREATED, MEASURED IN PCT OF AREA BEARING, AVG","CHEMICAL, INSECTICIDE","CHEMICAL, INSECTICIDE: (BT KURSTAK ABTS-1857 = 6523)",43
2019,"YEAR","STATE","CALIFORNIA","06","STRAWBERRIES, BEARING - TREATED, MEASURED IN PCT OF AREA BEARING, AVG","CHEMICAL, INSECTICIDE","CHEMICAL, INSECTICIDE: (BT KURSTAKI ABTS-351 = 6522)",24
2019,"YEAR","STATE","CALIFORNIA","06","STRAWBERRIES, BEARING - TREATED, MEASURED IN PCT OF AREA BEARING, AVG","CHEMICAL, INSECTICIDE","CHEMICAL, INSECTICIDE: (BT KURSTAKI SA-11 = 6519)",37
2019,"YEAR","STATE","CALIFORNIA","06","STRAWBERRIES, BEARING - TREATED, MEASURED IN PCT OF AREA BEARING, AVG","CHEMICAL, INSECTICIDE","CHEMICAL, INSECTICIDE: (BT SUB AIZAWAI GC-91 = 6426)",5
2019,"YEAR","STATE","CALIFORNIA","06","STRAWBERRIES, BEARING - TREATED, MEASURED IN PCT OF AREA BEARING, AVG","CHEMICAL, INSECTICIDE","CHEMICAL, INSECTICIDE: (BUPROFEZIN = 275100)",NA
2019,"YEAR","STATE","CALIFORNIA","06","STRAWBERRIES, BEARING - TREATED, MEASURED IN PCT OF AREA BEARING, AVG","CHEMICAL, INSECTICIDE","CHEMICAL, INSECTICIDE: (BURKHOLDERIA A396 CELLS & MEDIA = 6534)",2
2019,"YEAR","STATE","CALIFORNIA","06","STRAWBERRIES, BEARING - TREATED, MEASURED IN PCT OF AREA BEARING, AVG","CHEMICAL, INSECTICIDE","CHEMICAL, INSECTICIDE: (CARBARYL = 56801)",NA
2019,"YEAR","STATE","CALIFORNIA","06","STRAWBERRIES, BEARING - TREATED, MEASURED IN PCT OF AREA BEARING, AVG","CHEMICAL, INSECTICIDE","CHEMICAL, INSECTICIDE: (CHLORANTRANILIPROLE = 90100)",44
2019,"YEAR","STATE","CALIFORNIA","06","STRAWBERRIES, BEARING - TREATED, MEASURED IN PCT OF AREA BEARING, AVG","CHEMICAL, INSECTICIDE","CHEMICAL, INSECTICIDE: (CHLORPYRIFOS = 59101)",NA
2019,"YEAR","STATE","CALIFORNIA","06","STRAWBERRIES, BEARING - TREATED, MEASURED IN PCT OF AREA BEARING, AVG","CHEMICAL, INSECTICIDE","CHEMICAL, INSECTICIDE: (CHROMOBAC SUBTSUGAE PRAA4-1 CELLS AND SPENT MEDIA = 16329)",19
2019,"YEAR","STATE","CALIFORNIA","06","STRAWBERRIES, BEARING - TREATED, MEASURED IN PCT OF AREA BEARING, AVG","CHEMICAL, INSECTICIDE","CHEMICAL, INSECTICIDE: (CYANTRANILIPROLE = 90098)",11
2019,"YEAR","STATE","CALIFORNIA","06","STRAWBERRIES, BEARING - TREATED, MEASURED IN PCT OF AREA BEARING, AVG","CHEMICAL, INSECTICIDE","CHEMICAL, INSECTICIDE: (CYFLUMETOFEN = 138831)",48
2019,"YEAR","STATE","CALIFORNIA","06","STRAWBERRIES, BEARING - TREATED, MEASURED IN PCT OF AREA BEARING, AVG","CHEMICAL, INSECTICIDE","CHEMICAL, INSECTICIDE: (ETOXAZOLE = 107091)",6
2019,"YEAR","STATE","CALIFORNIA","06","STRAWBERRIES, BEARING - TREATED, MEASURED IN PCT OF AREA BEARING, AVG","CHEMICAL, INSECTICIDE","CHEMICAL, INSECTICIDE: (FENBUTATIN-OXIDE = 104601)",NA
2019,"YEAR","STATE","CALIFORNIA","06","STRAWBERRIES, BEARING - TREATED, MEASURED IN PCT OF AREA BEARING, AVG","CHEMICAL, INSECTICIDE","CHEMICAL, INSECTICIDE: (FENPROPATHRIN = 127901)",31
2019,"YEAR","STATE","CALIFORNIA","06","STRAWBERRIES, BEARING - TREATED, MEASURED IN PCT OF AREA BEARING, AVG","CHEMICAL, INSECTICIDE","CHEMICAL, INSECTICIDE: (FENPYROXIMATE = 129131)",9
2019,"YEAR","STATE","CALIFORNIA","06","STRAWBERRIES, BEARING - TREATED, MEASURED IN PCT OF AREA BEARING, AVG","CHEMICAL, INSECTICIDE","CHEMICAL, INSECTICIDE: (FLONICAMID = 128016)",57
2019,"YEAR","STATE","CALIFORNIA","06","STRAWBERRIES, BEARING - TREATED, MEASURED IN PCT OF AREA BEARING, AVG","CHEMICAL, INSECTICIDE","CHEMICAL, INSECTICIDE: (FLUPYRADIFURONE = 122304)",34
2019,"YEAR","STATE","CALIFORNIA","06","STRAWBERRIES, BEARING - TREATED, MEASURED IN PCT OF AREA BEARING, AVG","CHEMICAL, INSECTICIDE","CHEMICAL, INSECTICIDE: (HELICOVERPA ZEA NPV = 107300)",NA
2019,"YEAR","STATE","CALIFORNIA","06","STRAWBERRIES, BEARING - TREATED, MEASURED IN PCT OF AREA BEARING, AVG","CHEMICAL, INSECTICIDE","CHEMICAL, INSECTICIDE: (HEXYTHIAZOX = 128849)",24
2019,"YEAR","STATE","CALIFORNIA","06","STRAWBERRIES, BEARING - TREATED, MEASURED IN PCT OF AREA BEARING, AVG","CHEMICAL, INSECTICIDE","CHEMICAL, INSECTICIDE: (IMIDACLOPRID = 129099)",12
2019,"YEAR","STATE","CALIFORNIA","06","STRAWBERRIES, BEARING - TREATED, MEASURED IN PCT OF AREA BEARING, AVG","CHEMICAL, INSECTICIDE","CHEMICAL, INSECTICIDE: (MALATHION = 57701)",28
2019,"YEAR","STATE","CALIFORNIA","06","STRAWBERRIES, BEARING - TREATED, MEASURED IN PCT OF AREA BEARING, AVG","CHEMICAL, INSECTICIDE","CHEMICAL, INSECTICIDE: (METHOXYFENOZIDE = 121027)",37
2019,"YEAR","STATE","CALIFORNIA","06","STRAWBERRIES, BEARING - TREATED, MEASURED IN PCT OF AREA BEARING, AVG","CHEMICAL, INSECTICIDE","CHEMICAL, INSECTICIDE: (NALED = 34401)",21
2019,"YEAR","STATE","CALIFORNIA","06","STRAWBERRIES, BEARING - TREATED, MEASURED IN PCT OF AREA BEARING, AVG","CHEMICAL, INSECTICIDE","CHEMICAL, INSECTICIDE: (NEEM OIL = 25006)",9
2019,"YEAR","STATE","CALIFORNIA","06","STRAWBERRIES, BEARING - TREATED, MEASURED IN PCT OF AREA BEARING, AVG","CHEMICAL, INSECTICIDE","CHEMICAL, INSECTICIDE: (NEEM OIL, CLAR. HYD. = 25007)",18
2019,"YEAR","STATE","CALIFORNIA","06","STRAWBERRIES, BEARING - TREATED, MEASURED IN PCT OF AREA BEARING, AVG","CHEMICAL, INSECTICIDE","CHEMICAL, INSECTICIDE: (NOVALURON = 124002)",66
2019,"YEAR","STATE","CALIFORNIA","06","STRAWBERRIES, BEARING - TREATED, MEASURED IN PCT OF AREA BEARING, AVG","CHEMICAL, INSECTICIDE","CHEMICAL, INSECTICIDE: (PIPERONYL BUTOXIDE = 67501)",4
2019,"YEAR","STATE","CALIFORNIA","06","STRAWBERRIES, BEARING - TREATED, MEASURED IN PCT OF AREA BEARING, AVG","CHEMICAL, INSECTICIDE","CHEMICAL, INSECTICIDE: (POTASSIUM SALTS = 79021)",NA
2019,"YEAR","STATE","CALIFORNIA","06","STRAWBERRIES, BEARING - TREATED, MEASURED IN PCT OF AREA BEARING, AVG","CHEMICAL, INSECTICIDE","CHEMICAL, INSECTICIDE: (PYRETHRINS = 69001)",8
2019,"YEAR","STATE","CALIFORNIA","06","STRAWBERRIES, BEARING - TREATED, MEASURED IN PCT OF AREA BEARING, AVG","CHEMICAL, INSECTICIDE","CHEMICAL, INSECTICIDE: (PYRIDABEN = 129105)",NA
2019,"YEAR","STATE","CALIFORNIA","06","STRAWBERRIES, BEARING - TREATED, MEASURED IN PCT OF AREA BEARING, AVG","CHEMICAL, INSECTICIDE","CHEMICAL, INSECTICIDE: (PYRIPROXYFEN = 129032)",5
2019,"YEAR","STATE","CALIFORNIA","06","STRAWBERRIES, BEARING - TREATED, MEASURED IN PCT OF AREA BEARING, AVG","CHEMICAL, INSECTICIDE","CHEMICAL, INSECTICIDE: (SOYBEAN OIL = 31605)",NA
2019,"YEAR","STATE","CALIFORNIA","06","STRAWBERRIES, BEARING - TREATED, MEASURED IN PCT OF AREA BEARING, AVG","CHEMICAL, INSECTICIDE","CHEMICAL, INSECTICIDE: (SPINETORAM = 110007)",58
2019,"YEAR","STATE","CALIFORNIA","06","STRAWBERRIES, BEARING - TREATED, MEASURED IN PCT OF AREA BEARING, AVG","CHEMICAL, INSECTICIDE","CHEMICAL, INSECTICIDE: (SPINOSAD = 110003)",15
2019,"YEAR","STATE","CALIFORNIA","06","STRAWBERRIES, BEARING - TREATED, MEASURED IN PCT OF AREA BEARING, AVG","CHEMICAL, INSECTICIDE","CHEMICAL, INSECTICIDE: (SPIROMESIFEN = 24875)",17
2019,"YEAR","STATE","CALIFORNIA","06","STRAWBERRIES, BEARING - TREATED, MEASURED IN PCT OF AREA BEARING, AVG","CHEMICAL, INSECTICIDE","CHEMICAL, INSECTICIDE: (SULFOXAFLOR = 5210)",20
2019,"YEAR","STATE","CALIFORNIA","06","STRAWBERRIES, BEARING - TREATED, MEASURED IN PCT OF AREA BEARING, AVG","CHEMICAL, INSECTICIDE","CHEMICAL, INSECTICIDE: (THIAMETHOXAM = 60109)",24
2019,"YEAR","STATE","CALIFORNIA","06","STRAWBERRIES, BEARING - TREATED, MEASURED IN PCT OF AREA BEARING, AVG","CHEMICAL, INSECTICIDE","CHEMICAL, INSECTICIDE: (TOTAL)",91
2019,"YEAR","STATE","CALIFORNIA","06","STRAWBERRIES, BEARING - TREATED, MEASURED IN PCT OF AREA BEARING, AVG","CHEMICAL, INSECTICIDE","CHEMICAL, INSECTICIDE: (ZETA-CYPERMETHRIN = 129064)",NA
2019,"YEAR","STATE","CALIFORNIA","06","STRAWBERRIES, BEARING - TREATED, MEASURED IN PCT OF AREA BEARING, AVG","CHEMICAL, OTHER","CHEMICAL, OTHER: (ACIBENZOLAR-S-METHYL = 61402)",NA
2019,"YEAR","STATE","CALIFORNIA","06","STRAWBERRIES, BEARING - TREATED, MEASURED IN PCT OF AREA BEARING, AVG","CHEMICAL, OTHER","CHEMICAL, OTHER: (AUREOBASIDIUM PULLULANS DSM 14940 = 46010)",NA
2019,"YEAR","STATE","CALIFORNIA","06","STRAWBERRIES, BEARING - TREATED, MEASURED IN PCT OF AREA BEARING, AVG","CHEMICAL, OTHER","CHEMICAL, OTHER: (AUREOBASIDIUM PULLULANS DSM 14941 = 36010)",NA
2019,"YEAR","STATE","CALIFORNIA","06","STRAWBERRIES, BEARING - TREATED, MEASURED IN PCT OF AREA BEARING, AVG","CHEMICAL, OTHER","CHEMICAL, OTHER: (BT KURSTAKI SA-12 = 6518)",NA
2019,"YEAR","STATE","CALIFORNIA","06","STRAWBERRIES, BEARING - TREATED, MEASURED IN PCT OF AREA BEARING, AVG","CHEMICAL, OTHER","CHEMICAL, OTHER: (CAPRIC ACID = 128955)",NA
2019,"YEAR","STATE","CALIFORNIA","06","STRAWBERRIES, BEARING - TREATED, MEASURED IN PCT OF AREA BEARING, AVG","CHEMICAL, OTHER","CHEMICAL, OTHER: (CAPRYLIC ACID = 128919)",NA
2019,"YEAR","STATE","CALIFORNIA","06","STRAWBERRIES, BEARING - TREATED, MEASURED IN PCT OF AREA BEARING, AVG","CHEMICAL, OTHER","CHEMICAL, OTHER: (CHLOROPICRIN = 81501)",49
2019,"YEAR","STATE","CALIFORNIA","06","STRAWBERRIES, BEARING - TREATED, MEASURED IN PCT OF AREA BEARING, AVG","CHEMICAL, OTHER","CHEMICAL, OTHER: (DICHLOROPROPENE = 29001)",23
2019,"YEAR","STATE","CALIFORNIA","06","STRAWBERRIES, BEARING - TREATED, MEASURED IN PCT OF AREA BEARING, AVG","CHEMICAL, OTHER","CHEMICAL, OTHER: (FLUTRIAFOL = 128940)",25
2019,"YEAR","STATE","CALIFORNIA","06","STRAWBERRIES, BEARING - TREATED, MEASURED IN PCT OF AREA BEARING, AVG","CHEMICAL, OTHER","CHEMICAL, OTHER: (GLIOCLADIUM VIRENS = 129000)",NA
2019,"YEAR","STATE","CALIFORNIA","06","STRAWBERRIES, BEARING - TREATED, MEASURED IN PCT OF AREA BEARING, AVG","CHEMICAL, OTHER","CHEMICAL, OTHER: (HYDROGEN PEROXIDE = 595)",NA
2019,"YEAR","STATE","CALIFORNIA","06","STRAWBERRIES, BEARING - TREATED, MEASURED IN PCT OF AREA BEARING, AVG","CHEMICAL, OTHER","CHEMICAL, OTHER: (IRON PHOSPHATE = 34903)",2
2019,"YEAR","STATE","CALIFORNIA","06","STRAWBERRIES, BEARING - TREATED, MEASURED IN PCT OF AREA BEARING, AVG","CHEMICAL, OTHER","CHEMICAL, OTHER: (METALDEHYDE = 53001)",NA
2019,"YEAR","STATE","CALIFORNIA","06","STRAWBERRIES, BEARING - TREATED, MEASURED IN PCT OF AREA BEARING, AVG","CHEMICAL, OTHER","CHEMICAL, OTHER: (METAM-POTASSIUM = 39002)",3
2019,"YEAR","STATE","CALIFORNIA","06","STRAWBERRIES, BEARING - TREATED, MEASURED IN PCT OF AREA BEARING, AVG","CHEMICAL, OTHER","CHEMICAL, OTHER: (METAM-SODIUM = 39003)",2
2019,"YEAR","STATE","CALIFORNIA","06","STRAWBERRIES, BEARING - TREATED, MEASURED IN PCT OF AREA BEARING, AVG","CHEMICAL, OTHER","CHEMICAL, OTHER: (PAECILOMYCES FUMOSOR = 115002)",NA
2019,"YEAR","STATE","CALIFORNIA","06","STRAWBERRIES, BEARING - TREATED, MEASURED IN PCT OF AREA BEARING, AVG","CHEMICAL, OTHER","CHEMICAL, OTHER: (PEROXYACETIC ACID = 63201)",NA
2019,"YEAR","STATE","CALIFORNIA","06","STRAWBERRIES, BEARING - TREATED, MEASURED IN PCT OF AREA BEARING, AVG","CHEMICAL, OTHER","CHEMICAL, OTHER: (POTASSIUM SILICATE = 72606)",NA
2019,"YEAR","STATE","CALIFORNIA","06","STRAWBERRIES, BEARING - TREATED, MEASURED IN PCT OF AREA BEARING, AVG","CHEMICAL, OTHER","CHEMICAL, OTHER: (REYNOUTRIA SACHALINE = 55809)",7
2019,"YEAR","STATE","CALIFORNIA","06","STRAWBERRIES, BEARING - TREATED, MEASURED IN PCT OF AREA BEARING, AVG","CHEMICAL, OTHER","CHEMICAL, OTHER: (TOTAL)",63
2019,"YEAR","STATE","CALIFORNIA","06","STRAWBERRIES, BEARING - TREATED, MEASURED IN PCT OF AREA BEARING, AVG","CHEMICAL, OTHER","CHEMICAL, OTHER: (TRICHODERMA VIRENS STRAIN G-41 = 176604)",NA
2019,"YEAR","STATE","CALIFORNIA","06","STRAWBERRIES, BEARING - TREATED, MEASURED IN PCT OF AREA BEARING, AVG","FERTILIZER","FERTILIZER: (NITROGEN)",98
2019,"YEAR","STATE","CALIFORNIA","06","STRAWBERRIES, BEARING - TREATED, MEASURED IN PCT OF AREA BEARING, AVG","FERTILIZER","FERTILIZER: (PHOSPHATE)",49
2019,"YEAR","STATE","CALIFORNIA","06","STRAWBERRIES, BEARING - TREATED, MEASURED IN PCT OF AREA BEARING, AVG","FERTILIZER","FERTILIZER: (POTASH)",49
2019,"YEAR","STATE","CALIFORNIA","06","STRAWBERRIES, BEARING - TREATED, MEASURED IN PCT OF AREA BEARING, AVG","FERTILIZER","FERTILIZER: (SULFUR)",30
2019,"YEAR","STATE","CALIFORNIA","06","STRAWBERRIES, FRESH MARKET - PRODUCTION, MEASURED IN $","TOTAL","NOT SPECIFIED",NA
2019,"YEAR","STATE","CALIFORNIA","06","STRAWBERRIES, FRESH MARKET, UTILIZED - PRODUCTION, MEASURED IN CWT","TOTAL","NOT SPECIFIED",NA
2019,"YEAR","STATE","CALIFORNIA","06","STRAWBERRIES, NOT SOLD - PRODUCTION, MEASURED IN CWT","TOTAL","NOT SPECIFIED",21300
2019,"YEAR","STATE","CALIFORNIA","06","STRAWBERRIES, PROCESSING - PRODUCTION, MEASURED IN $","TOTAL","NOT SPECIFIED",NA
2019,"YEAR","STATE","CALIFORNIA","06","STRAWBERRIES, PROCESSING, UTILIZED - PRODUCTION, MEASURED IN CWT","TOTAL","NOT SPECIFIED",NA
2019,"YEAR","STATE","CALIFORNIA","06","STRAWBERRIES, UTILIZED - PRODUCTION, MEASURED IN CWT","TOTAL","NOT SPECIFIED",21278700
2019,"YEAR","STATE","FLORIDA","12","STRAWBERRIES - ACRES HARVESTED","TOTAL","NOT SPECIFIED",10500
2019,"YEAR","STATE","FLORIDA","12","STRAWBERRIES - ACRES PLANTED","TOTAL","NOT SPECIFIED",10500
2019,"YEAR","STATE","FLORIDA","12","STRAWBERRIES - PRODUCTION, MEASURED IN $","TOTAL","NOT SPECIFIED",407813000
2019,"YEAR","STATE","FLORIDA","12","STRAWBERRIES - PRODUCTION, MEASURED IN CWT","TOTAL","NOT SPECIFIED",2680000
2019,"YEAR","STATE","FLORIDA","12","STRAWBERRIES - YIELD, MEASURED IN CWT / ACRE","TOTAL","NOT SPECIFIED",255
2019,"YEAR","STATE","FLORIDA","12","STRAWBERRIES, BEARING - APPLICATIONS, MEASURED IN LB","CHEMICAL, FUNGICIDE","CHEMICAL, FUNGICIDE: (AZOXYSTROBIN = 128810)",12000
2019,"YEAR","STATE","FLORIDA","12","STRAWBERRIES, BEARING - APPLICATIONS, MEASURED IN LB","CHEMICAL, FUNGICIDE","CHEMICAL, FUNGICIDE: (BACILLUS SUBTILIS = 6479)",NA
2019,"YEAR","STATE","FLORIDA","12","STRAWBERRIES, BEARING - APPLICATIONS, MEASURED IN LB","CHEMICAL, FUNGICIDE","CHEMICAL, FUNGICIDE: (CAPTAN = 81301)",146100
2019,"YEAR","STATE","FLORIDA","12","STRAWBERRIES, BEARING - APPLICATIONS, MEASURED IN LB","CHEMICAL, FUNGICIDE","CHEMICAL, FUNGICIDE: (COPPER CHLORIDE HYD. = 23501)",NA
2019,"YEAR","STATE","FLORIDA","12","STRAWBERRIES, BEARING - APPLICATIONS, MEASURED IN LB","CHEMICAL, FUNGICIDE","CHEMICAL, FUNGICIDE: (COPPER HYDROXIDE = 23401)",NA
2019,"YEAR","STATE","FLORIDA","12","STRAWBERRIES, BEARING - APPLICATIONS, MEASURED IN LB","CHEMICAL, FUNGICIDE","CHEMICAL, FUNGICIDE: (CYFLUFENAMID = 555550)",NA
2019,"YEAR","STATE","FLORIDA","12","STRAWBERRIES, BEARING - APPLICATIONS, MEASURED IN LB","CHEMICAL, FUNGICIDE","CHEMICAL, FUNGICIDE: (CYPRODINIL = 288202)",4100
2019,"YEAR","STATE","FLORIDA","12","STRAWBERRIES, BEARING - APPLICATIONS, MEASURED IN LB","CHEMICAL, FUNGICIDE","CHEMICAL, FUNGICIDE: (DIFENOCONAZOLE = 128847)",NA
2019,"YEAR","STATE","FLORIDA","12","STRAWBERRIES, BEARING - APPLICATIONS, MEASURED IN LB","CHEMICAL, FUNGICIDE","CHEMICAL, FUNGICIDE: (DODINE = 44301)",NA
2019,"YEAR","STATE","FLORIDA","12","STRAWBERRIES, BEARING - APPLICATIONS, MEASURED IN LB","CHEMICAL, FUNGICIDE","CHEMICAL, FUNGICIDE: (FENHEXAMID = 90209)",NA
2019,"YEAR","STATE","FLORIDA","12","STRAWBERRIES, BEARING - APPLICATIONS, MEASURED IN LB","CHEMICAL, FUNGICIDE","CHEMICAL, FUNGICIDE: (FLUDIOXONIL = 71503)",2700
2019,"YEAR","STATE","FLORIDA","12","STRAWBERRIES, BEARING - APPLICATIONS, MEASURED IN LB","CHEMICAL, FUNGICIDE","CHEMICAL, FUNGICIDE: (FLUTOLANIL = 128975)",NA
2019,"YEAR","STATE","FLORIDA","12","STRAWBERRIES, BEARING - APPLICATIONS, MEASURED IN LB","CHEMICAL, FUNGICIDE","CHEMICAL, FUNGICIDE: (FLUXAPYROXAD = 138009)",NA
2019,"YEAR","STATE","FLORIDA","12","STRAWBERRIES, BEARING - APPLICATIONS, MEASURED IN LB","CHEMICAL, FUNGICIDE","CHEMICAL, FUNGICIDE: (FOSETYL-AL = 123301)",NA
2019,"YEAR","STATE","FLORIDA","12","STRAWBERRIES, BEARING - APPLICATIONS, MEASURED IN LB","CHEMICAL, FUNGICIDE","CHEMICAL, FUNGICIDE: (ISOFETAMID = 270000)",NA
2019,"YEAR","STATE","FLORIDA","12","STRAWBERRIES, BEARING - APPLICATIONS, MEASURED IN LB","CHEMICAL, FUNGICIDE","CHEMICAL, FUNGICIDE: (MEFENOXAM = 113502)",NA
2019,"YEAR","STATE","FLORIDA","12","STRAWBERRIES, BEARING - APPLICATIONS, MEASURED IN LB","CHEMICAL, FUNGICIDE","CHEMICAL, FUNGICIDE: (MONO-POTASSIUM SALT = 76416)",NA
2019,"YEAR","STATE","FLORIDA","12","STRAWBERRIES, BEARING - APPLICATIONS, MEASURED IN LB","CHEMICAL, FUNGICIDE","CHEMICAL, FUNGICIDE: (MYCLOBUTANIL = 128857)",NA
2019,"YEAR","STATE","FLORIDA","12","STRAWBERRIES, BEARING - APPLICATIONS, MEASURED IN LB","CHEMICAL, FUNGICIDE","CHEMICAL, FUNGICIDE: (PENTHIOPYRAD = 90112)",NA
2019,"YEAR","STATE","FLORIDA","12","STRAWBERRIES, BEARING - APPLICATIONS, MEASURED IN LB","CHEMICAL, FUNGICIDE","CHEMICAL, FUNGICIDE: (PYRACLOSTROBIN = 99100)",NA
2019,"YEAR","STATE","FLORIDA","12","STRAWBERRIES, BEARING - APPLICATIONS, MEASURED IN LB","CHEMICAL, FUNGICIDE","CHEMICAL, FUNGICIDE: (PYRIMETHANIL = 288201)",NA
2019,"YEAR","STATE","FLORIDA","12","STRAWBERRIES, BEARING - APPLICATIONS, MEASURED IN LB","CHEMICAL, FUNGICIDE","CHEMICAL, FUNGICIDE: (SULFUR = 77501)",NA
2019,"YEAR","STATE","FLORIDA","12","STRAWBERRIES, BEARING - APPLICATIONS, MEASURED IN LB","CHEMICAL, FUNGICIDE","CHEMICAL, FUNGICIDE: (TETRACONAZOLE = 120603)",NA
2019,"YEAR","STATE","FLORIDA","12","STRAWBERRIES, BEARING - APPLICATIONS, MEASURED IN LB","CHEMICAL, FUNGICIDE","CHEMICAL, FUNGICIDE: (THIOPHANATE-METHYL = 102001)",10200
2019,"YEAR","STATE","FLORIDA","12","STRAWBERRIES, BEARING - APPLICATIONS, MEASURED IN LB","CHEMICAL, FUNGICIDE","CHEMICAL, FUNGICIDE: (THIRAM = 79801)",54800
2019,"YEAR","STATE","FLORIDA","12","STRAWBERRIES, BEARING - APPLICATIONS, MEASURED IN LB","CHEMICAL, FUNGICIDE","CHEMICAL, FUNGICIDE: (TOTAL)",286900
2019,"YEAR","STATE","FLORIDA","12","STRAWBERRIES, BEARING - APPLICATIONS, MEASURED IN LB","CHEMICAL, FUNGICIDE","CHEMICAL, FUNGICIDE: (TRIFLUMIZOLE = 128879)",NA
2019,"YEAR","STATE","FLORIDA","12","STRAWBERRIES, BEARING - APPLICATIONS, MEASURED IN LB","CHEMICAL, HERBICIDE","CHEMICAL, HERBICIDE: (2,4-D, DIMETH. SALT = 30019)",NA
2019,"YEAR","STATE","FLORIDA","12","STRAWBERRIES, BEARING - APPLICATIONS, MEASURED IN LB","CHEMICAL, HERBICIDE","CHEMICAL, HERBICIDE: (2,4-D, TRIISO. SALT = 30035)",NA
2019,"YEAR","STATE","FLORIDA","12","STRAWBERRIES, BEARING - APPLICATIONS, MEASURED IN LB","CHEMICAL, HERBICIDE","CHEMICAL, HERBICIDE: (GLYPHOSATE ISO. SALT = 103601)",NA
2019,"YEAR","STATE","FLORIDA","12","STRAWBERRIES, BEARING - APPLICATIONS, MEASURED IN LB","CHEMICAL, HERBICIDE","CHEMICAL, HERBICIDE: (GLYPHOSATE POT. SALT = 103613)",NA
2019,"YEAR","STATE","FLORIDA","12","STRAWBERRIES, BEARING - APPLICATIONS, MEASURED IN LB","CHEMICAL, HERBICIDE","CHEMICAL, HERBICIDE: (PARAQUAT = 61601)",NA
2019,"YEAR","STATE","FLORIDA","12","STRAWBERRIES, BEARING - APPLICATIONS, MEASURED IN LB","CHEMICAL, HERBICIDE","CHEMICAL, HERBICIDE: (TOTAL)",300
2019,"YEAR","STATE","FLORIDA","12","STRAWBERRIES, BEARING - APPLICATIONS, MEASURED IN LB","CHEMICAL, INSECTICIDE","CHEMICAL, INSECTICIDE: (ABAMECTIN = 122804)",300
2019,"YEAR","STATE","FLORIDA","12","STRAWBERRIES, BEARING - APPLICATIONS, MEASURED IN LB","CHEMICAL, INSECTICIDE","CHEMICAL, INSECTICIDE: (ACETAMIPRID = 99050)",200
2019,"YEAR","STATE","FLORIDA","12","STRAWBERRIES, BEARING - APPLICATIONS, MEASURED IN LB","CHEMICAL, INSECTICIDE","CHEMICAL, INSECTICIDE: (BIFENAZATE = 586)",700
2019,"YEAR","STATE","FLORIDA","12","STRAWBERRIES, BEARING - APPLICATIONS, MEASURED IN LB","CHEMICAL, INSECTICIDE","CHEMICAL, INSECTICIDE: (BIFENTHRIN = 128825)",300
2019,"YEAR","STATE","FLORIDA","12","STRAWBERRIES, BEARING - APPLICATIONS, MEASURED IN LB","CHEMICAL, INSECTICIDE","CHEMICAL, INSECTICIDE: (BT KURSTAKI ABTS-351 = 6522)",NA
2019,"YEAR","STATE","FLORIDA","12","STRAWBERRIES, BEARING - APPLICATIONS, MEASURED IN LB","CHEMICAL, INSECTICIDE","CHEMICAL, INSECTICIDE: (CHLORANTRANILIPROLE = 90100)",100
2019,"YEAR","STATE","FLORIDA","12","STRAWBERRIES, BEARING - APPLICATIONS, MEASURED IN LB","CHEMICAL, INSECTICIDE","CHEMICAL, INSECTICIDE: (CYANTRANILIPROLE = 90098)",NA
2019,"YEAR","STATE","FLORIDA","12","STRAWBERRIES, BEARING - APPLICATIONS, MEASURED IN LB","CHEMICAL, INSECTICIDE","CHEMICAL, INSECTICIDE: (CYFLUMETOFEN = 138831)",NA
2019,"YEAR","STATE","FLORIDA","12","STRAWBERRIES, BEARING - APPLICATIONS, MEASURED IN LB","CHEMICAL, INSECTICIDE","CHEMICAL, INSECTICIDE: (CYPERMETHRIN = 109702)",NA
2019,"YEAR","STATE","FLORIDA","12","STRAWBERRIES, BEARING - APPLICATIONS, MEASURED IN LB","CHEMICAL, INSECTICIDE","CHEMICAL, INSECTICIDE: (FENPYROXIMATE = 129131)",NA
2019,"YEAR","STATE","FLORIDA","12","STRAWBERRIES, BEARING - APPLICATIONS, MEASURED IN LB","CHEMICAL, INSECTICIDE","CHEMICAL, INSECTICIDE: (HEXYTHIAZOX = 128849)",NA
2019,"YEAR","STATE","FLORIDA","12","STRAWBERRIES, BEARING - APPLICATIONS, MEASURED IN LB","CHEMICAL, INSECTICIDE","CHEMICAL, INSECTICIDE: (IMIDACLOPRID = 129099)",NA
2019,"YEAR","STATE","FLORIDA","12","STRAWBERRIES, BEARING - APPLICATIONS, MEASURED IN LB","CHEMICAL, INSECTICIDE","CHEMICAL, INSECTICIDE: (MALATHION = 57701)",NA
2019,"YEAR","STATE","FLORIDA","12","STRAWBERRIES, BEARING - APPLICATIONS, MEASURED IN LB","CHEMICAL, INSECTICIDE","CHEMICAL, INSECTICIDE: (METHOXYFENOZIDE = 121027)",NA
2019,"YEAR","STATE","FLORIDA","12","STRAWBERRIES, BEARING - APPLICATIONS, MEASURED IN LB","CHEMICAL, INSECTICIDE","CHEMICAL, INSECTICIDE: (NALED = 34401)",NA
2019,"YEAR","STATE","FLORIDA","12","STRAWBERRIES, BEARING - APPLICATIONS, MEASURED IN LB","CHEMICAL, INSECTICIDE","CHEMICAL, INSECTICIDE: (NOVALURON = 124002)",1000
2019,"YEAR","STATE","FLORIDA","12","STRAWBERRIES, BEARING - APPLICATIONS, MEASURED IN LB","CHEMICAL, INSECTICIDE","CHEMICAL, INSECTICIDE: (SPINETORAM = 110007)",600
2019,"YEAR","STATE","FLORIDA","12","STRAWBERRIES, BEARING - APPLICATIONS, MEASURED IN LB","CHEMICAL, INSECTICIDE","CHEMICAL, INSECTICIDE: (SPIROMESIFEN = 24875)",NA
2019,"YEAR","STATE","FLORIDA","12","STRAWBERRIES, BEARING - APPLICATIONS, MEASURED IN LB","CHEMICAL, INSECTICIDE","CHEMICAL, INSECTICIDE: (THIAMETHOXAM = 60109)",100
2019,"YEAR","STATE","FLORIDA","12","STRAWBERRIES, BEARING - APPLICATIONS, MEASURED IN LB","CHEMICAL, INSECTICIDE","CHEMICAL, INSECTICIDE: (TOTAL)",5100
2019,"YEAR","STATE","FLORIDA","12","STRAWBERRIES, BEARING - APPLICATIONS, MEASURED IN LB","CHEMICAL, OTHER","CHEMICAL, OTHER: (ACIBENZOLAR-S-METHYL = 61402)",NA
2019,"YEAR","STATE","FLORIDA","12","STRAWBERRIES, BEARING - APPLICATIONS, MEASURED IN LB","CHEMICAL, OTHER","CHEMICAL, OTHER: (ALKYL. DIM. BENZ. AM = 69105)",NA
2019,"YEAR","STATE","FLORIDA","12","STRAWBERRIES, BEARING - APPLICATIONS, MEASURED IN LB","CHEMICAL, OTHER","CHEMICAL, OTHER: (CHLOROPICRIN = 81501)",NA
2019,"YEAR","STATE","FLORIDA","12","STRAWBERRIES, BEARING - APPLICATIONS, MEASURED IN LB","CHEMICAL, OTHER","CHEMICAL, OTHER: (DECYLDIMETHYLOCTYL = 69165)",NA
2019,"YEAR","STATE","FLORIDA","12","STRAWBERRIES, BEARING - APPLICATIONS, MEASURED IN LB","CHEMICAL, OTHER","CHEMICAL, OTHER: (DICHLOROPROPENE = 29001)",NA
2019,"YEAR","STATE","FLORIDA","12","STRAWBERRIES, BEARING - APPLICATIONS, MEASURED IN LB","CHEMICAL, OTHER","CHEMICAL, OTHER: (DIDECYL DIM. AMMON. = 69166)",NA
2019,"YEAR","STATE","FLORIDA","12","STRAWBERRIES, BEARING - APPLICATIONS, MEASURED IN LB","CHEMICAL, OTHER","CHEMICAL, OTHER: (DIMETHYLDIOCTYL = 69149)",NA
2019,"YEAR","STATE","FLORIDA","12","STRAWBERRIES, BEARING - APPLICATIONS, MEASURED IN LB","CHEMICAL, OTHER","CHEMICAL, OTHER: (FLUTRIAFOL = 128940)",NA
2019,"YEAR","STATE","FLORIDA","12","STRAWBERRIES, BEARING - APPLICATIONS, MEASURED IN LB","CHEMICAL, OTHER","CHEMICAL, OTHER: (HYDROGEN PEROXIDE = 595)",NA
2019,"YEAR","STATE","FLORIDA","12","STRAWBERRIES, BEARING - APPLICATIONS, MEASURED IN LB","CHEMICAL, OTHER","CHEMICAL, OTHER: (PEROXYACETIC ACID = 63201)",NA
2019,"YEAR","STATE","FLORIDA","12","STRAWBERRIES, BEARING - APPLICATIONS, MEASURED IN LB","CHEMICAL, OTHER","CHEMICAL, OTHER: (REYNOUTRIA SACHALINE = 55809)",NA
2019,"YEAR","STATE","FLORIDA","12","STRAWBERRIES, BEARING - APPLICATIONS, MEASURED IN LB","CHEMICAL, OTHER","CHEMICAL, OTHER: (TOTAL)",125900
2019,"YEAR","STATE","FLORIDA","12","STRAWBERRIES, BEARING - APPLICATIONS, MEASURED IN LB","FERTILIZER","FERTILIZER: (NITROGEN)",320000
2019,"YEAR","STATE","FLORIDA","12","STRAWBERRIES, BEARING - APPLICATIONS, MEASURED IN LB","FERTILIZER","FERTILIZER: (PHOSPHATE)",86000
2019,"YEAR","STATE","FLORIDA","12","STRAWBERRIES, BEARING - APPLICATIONS, MEASURED IN LB","FERTILIZER","FERTILIZER: (POTASH)",389000
2019,"YEAR","STATE","FLORIDA","12","STRAWBERRIES, BEARING - APPLICATIONS, MEASURED IN LB","FERTILIZER","FERTILIZER: (SULFUR)",NA
2019,"YEAR","STATE","FLORIDA","12","STRAWBERRIES, BEARING - APPLICATIONS, MEASURED IN LB / ACRE / APPLICATION, AVG","CHEMICAL, FUNGICIDE","CHEMICAL, FUNGICIDE: (AZOXYSTROBIN = 128810)",0.858
2019,"YEAR","STATE","FLORIDA","12","STRAWBERRIES, BEARING - APPLICATIONS, MEASURED IN LB / ACRE / APPLICATION, AVG","CHEMICAL, FUNGICIDE","CHEMICAL, FUNGICIDE: (BACILLUS SUBTILIS = 6479)",NA
2019,"YEAR","STATE","FLORIDA","12","STRAWBERRIES, BEARING - APPLICATIONS, MEASURED IN LB / ACRE / APPLICATION, AVG","CHEMICAL, FUNGICIDE","CHEMICAL, FUNGICIDE: (CAPTAN = 81301)",2.098
2019,"YEAR","STATE","FLORIDA","12","STRAWBERRIES, BEARING - APPLICATIONS, MEASURED IN LB / ACRE / APPLICATION, AVG","CHEMICAL, FUNGICIDE","CHEMICAL, FUNGICIDE: (COPPER CHLORIDE HYD. = 23501)",NA
2019,"YEAR","STATE","FLORIDA","12","STRAWBERRIES, BEARING - APPLICATIONS, MEASURED IN LB / ACRE / APPLICATION, AVG","CHEMICAL, FUNGICIDE","CHEMICAL, FUNGICIDE: (COPPER HYDROXIDE = 23401)",NA
2019,"YEAR","STATE","FLORIDA","12","STRAWBERRIES, BEARING - APPLICATIONS, MEASURED IN LB / ACRE / APPLICATION, AVG","CHEMICAL, FUNGICIDE","CHEMICAL, FUNGICIDE: (CYFLUFENAMID = 555550)",NA
2019,"YEAR","STATE","FLORIDA","12","STRAWBERRIES, BEARING - APPLICATIONS, MEASURED IN LB / ACRE / APPLICATION, AVG","CHEMICAL, FUNGICIDE","CHEMICAL, FUNGICIDE: (CYPRODINIL = 288202)",0.313
2019,"YEAR","STATE","FLORIDA","12","STRAWBERRIES, BEARING - APPLICATIONS, MEASURED IN LB / ACRE / APPLICATION, AVG","CHEMICAL, FUNGICIDE","CHEMICAL, FUNGICIDE: (DIFENOCONAZOLE = 128847)",NA
2019,"YEAR","STATE","FLORIDA","12","STRAWBERRIES, BEARING - APPLICATIONS, MEASURED IN LB / ACRE / APPLICATION, AVG","CHEMICAL, FUNGICIDE","CHEMICAL, FUNGICIDE: (DODINE = 44301)",NA
2019,"YEAR","STATE","FLORIDA","12","STRAWBERRIES, BEARING - APPLICATIONS, MEASURED IN LB / ACRE / APPLICATION, AVG","CHEMICAL, FUNGICIDE","CHEMICAL, FUNGICIDE: (FENHEXAMID = 90209)",NA
2019,"YEAR","STATE","FLORIDA","12","STRAWBERRIES, BEARING - APPLICATIONS, MEASURED IN LB / ACRE / APPLICATION, AVG","CHEMICAL, FUNGICIDE","CHEMICAL, FUNGICIDE: (FLUDIOXONIL = 71503)",0.206
2019,"YEAR","STATE","FLORIDA","12","STRAWBERRIES, BEARING - APPLICATIONS, MEASURED IN LB / ACRE / APPLICATION, AVG","CHEMICAL, FUNGICIDE","CHEMICAL, FUNGICIDE: (FLUTOLANIL = 128975)",NA
2019,"YEAR","STATE","FLORIDA","12","STRAWBERRIES, BEARING - APPLICATIONS, MEASURED IN LB / ACRE / APPLICATION, AVG","CHEMICAL, FUNGICIDE","CHEMICAL, FUNGICIDE: (FLUXAPYROXAD = 138009)",NA
2019,"YEAR","STATE","FLORIDA","12","STRAWBERRIES, BEARING - APPLICATIONS, MEASURED IN LB / ACRE / APPLICATION, AVG","CHEMICAL, FUNGICIDE","CHEMICAL, FUNGICIDE: (FOSETYL-AL = 123301)",NA
2019,"YEAR","STATE","FLORIDA","12","STRAWBERRIES, BEARING - APPLICATIONS, MEASURED IN LB / ACRE / APPLICATION, AVG","CHEMICAL, FUNGICIDE","CHEMICAL, FUNGICIDE: (ISOFETAMID = 270000)",NA
2019,"YEAR","STATE","FLORIDA","12","STRAWBERRIES, BEARING - APPLICATIONS, MEASURED IN LB / ACRE / APPLICATION, AVG","CHEMICAL, FUNGICIDE","CHEMICAL, FUNGICIDE: (MEFENOXAM = 113502)",NA
2019,"YEAR","STATE","FLORIDA","12","STRAWBERRIES, BEARING - APPLICATIONS, MEASURED IN LB / ACRE / APPLICATION, AVG","CHEMICAL, FUNGICIDE","CHEMICAL, FUNGICIDE: (MONO-POTASSIUM SALT = 76416)",NA
2019,"YEAR","STATE","FLORIDA","12","STRAWBERRIES, BEARING - APPLICATIONS, MEASURED IN LB / ACRE / APPLICATION, AVG","CHEMICAL, FUNGICIDE","CHEMICAL, FUNGICIDE: (MYCLOBUTANIL = 128857)",NA
2019,"YEAR","STATE","FLORIDA","12","STRAWBERRIES, BEARING - APPLICATIONS, MEASURED IN LB / ACRE / APPLICATION, AVG","CHEMICAL, FUNGICIDE","CHEMICAL, FUNGICIDE: (PENTHIOPYRAD = 90112)",NA
2019,"YEAR","STATE","FLORIDA","12","STRAWBERRIES, BEARING - APPLICATIONS, MEASURED IN LB / ACRE / APPLICATION, AVG","CHEMICAL, FUNGICIDE","CHEMICAL, FUNGICIDE: (PYRACLOSTROBIN = 99100)",NA
2019,"YEAR","STATE","FLORIDA","12","STRAWBERRIES, BEARING - APPLICATIONS, MEASURED IN LB / ACRE / APPLICATION, AVG","CHEMICAL, FUNGICIDE","CHEMICAL, FUNGICIDE: (PYRIMETHANIL = 288201)",NA
2019,"YEAR","STATE","FLORIDA","12","STRAWBERRIES, BEARING - APPLICATIONS, MEASURED IN LB / ACRE / APPLICATION, AVG","CHEMICAL, FUNGICIDE","CHEMICAL, FUNGICIDE: (SULFUR = 77501)",NA
2019,"YEAR","STATE","FLORIDA","12","STRAWBERRIES, BEARING - APPLICATIONS, MEASURED IN LB / ACRE / APPLICATION, AVG","CHEMICAL, FUNGICIDE","CHEMICAL, FUNGICIDE: (TETRACONAZOLE = 120603)",NA
2019,"YEAR","STATE","FLORIDA","12","STRAWBERRIES, BEARING - APPLICATIONS, MEASURED IN LB / ACRE / APPLICATION, AVG","CHEMICAL, FUNGICIDE","CHEMICAL, FUNGICIDE: (THIOPHANATE-METHYL = 102001)",1.34
2019,"YEAR","STATE","FLORIDA","12","STRAWBERRIES, BEARING - APPLICATIONS, MEASURED IN LB / ACRE / APPLICATION, AVG","CHEMICAL, FUNGICIDE","CHEMICAL, FUNGICIDE: (THIRAM = 79801)",2.036
2019,"YEAR","STATE","FLORIDA","12","STRAWBERRIES, BEARING - APPLICATIONS, MEASURED IN LB / ACRE / APPLICATION, AVG","CHEMICAL, FUNGICIDE","CHEMICAL, FUNGICIDE: (TRIFLUMIZOLE = 128879)",NA
2019,"YEAR","STATE","FLORIDA","12","STRAWBERRIES, BEARING - APPLICATIONS, MEASURED IN LB / ACRE / APPLICATION, AVG","CHEMICAL, HERBICIDE","CHEMICAL, HERBICIDE: (2,4-D, DIMETH. SALT = 30019)",NA
2019,"YEAR","STATE","FLORIDA","12","STRAWBERRIES, BEARING - APPLICATIONS, MEASURED IN LB / ACRE / APPLICATION, AVG","CHEMICAL, HERBICIDE","CHEMICAL, HERBICIDE: (2,4-D, TRIISO. SALT = 30035)",NA
2019,"YEAR","STATE","FLORIDA","12","STRAWBERRIES, BEARING - APPLICATIONS, MEASURED IN LB / ACRE / APPLICATION, AVG","CHEMICAL, HERBICIDE","CHEMICAL, HERBICIDE: (GLYPHOSATE ISO. SALT = 103601)",NA
2019,"YEAR","STATE","FLORIDA","12","STRAWBERRIES, BEARING - APPLICATIONS, MEASURED IN LB / ACRE / APPLICATION, AVG","CHEMICAL, HERBICIDE","CHEMICAL, HERBICIDE: (GLYPHOSATE POT. SALT = 103613)",NA
2019,"YEAR","STATE","FLORIDA","12","STRAWBERRIES, BEARING - APPLICATIONS, MEASURED IN LB / ACRE / APPLICATION, AVG","CHEMICAL, HERBICIDE","CHEMICAL, HERBICIDE: (PARAQUAT = 61601)",NA
2019,"YEAR","STATE","FLORIDA","12","STRAWBERRIES, BEARING - APPLICATIONS, MEASURED IN LB / ACRE / APPLICATION, AVG","CHEMICAL, INSECTICIDE","CHEMICAL, INSECTICIDE: (ABAMECTIN = 122804)",0.045
2019,"YEAR","STATE","FLORIDA","12","STRAWBERRIES, BEARING - APPLICATIONS, MEASURED IN LB / ACRE / APPLICATION, AVG","CHEMICAL, INSECTICIDE","CHEMICAL, INSECTICIDE: (ACETAMIPRID = 99050)",0.099
2019,"YEAR","STATE","FLORIDA","12","STRAWBERRIES, BEARING - APPLICATIONS, MEASURED IN LB / ACRE / APPLICATION, AVG","CHEMICAL, INSECTICIDE","CHEMICAL, INSECTICIDE: (BIFENAZATE = 586)",0.141
2019,"YEAR","STATE","FLORIDA","12","STRAWBERRIES, BEARING - APPLICATIONS, MEASURED IN LB / ACRE / APPLICATION, AVG","CHEMICAL, INSECTICIDE","CHEMICAL, INSECTICIDE: (BIFENTHRIN = 128825)",0.05
2019,"YEAR","STATE","FLORIDA","12","STRAWBERRIES, BEARING - APPLICATIONS, MEASURED IN LB / ACRE / APPLICATION, AVG","CHEMICAL, INSECTICIDE","CHEMICAL, INSECTICIDE: (BT KURSTAKI ABTS-351 = 6522)",NA
2019,"YEAR","STATE","FLORIDA","12","STRAWBERRIES, BEARING - APPLICATIONS, MEASURED IN LB / ACRE / APPLICATION, AVG","CHEMICAL, INSECTICIDE","CHEMICAL, INSECTICIDE: (CHLORANTRANILIPROLE = 90100)",0.058
2019,"YEAR","STATE","FLORIDA","12","STRAWBERRIES, BEARING - APPLICATIONS, MEASURED IN LB / ACRE / APPLICATION, AVG","CHEMICAL, INSECTICIDE","CHEMICAL, INSECTICIDE: (CYANTRANILIPROLE = 90098)",NA
2019,"YEAR","STATE","FLORIDA","12","STRAWBERRIES, BEARING - APPLICATIONS, MEASURED IN LB / ACRE / APPLICATION, AVG","CHEMICAL, INSECTICIDE","CHEMICAL, INSECTICIDE: (CYFLUMETOFEN = 138831)",NA
2019,"YEAR","STATE","FLORIDA","12","STRAWBERRIES, BEARING - APPLICATIONS, MEASURED IN LB / ACRE / APPLICATION, AVG","CHEMICAL, INSECTICIDE","CHEMICAL, INSECTICIDE: (CYPERMETHRIN = 109702)",NA
2019,"YEAR","STATE","FLORIDA","12","STRAWBERRIES, BEARING - APPLICATIONS, MEASURED IN LB / ACRE / APPLICATION, AVG","CHEMICAL, INSECTICIDE","CHEMICAL, INSECTICIDE: (FENPYROXIMATE = 129131)",NA
2019,"YEAR","STATE","FLORIDA","12","STRAWBERRIES, BEARING - APPLICATIONS, MEASURED IN LB / ACRE / APPLICATION, AVG","CHEMICAL, INSECTICIDE","CHEMICAL, INSECTICIDE: (HEXYTHIAZOX = 128849)",NA
2019,"YEAR","STATE","FLORIDA","12","STRAWBERRIES, BEARING - APPLICATIONS, MEASURED IN LB / ACRE / APPLICATION, AVG","CHEMICAL, INSECTICIDE","CHEMICAL, INSECTICIDE: (IMIDACLOPRID = 129099)",NA
2019,"YEAR","STATE","FLORIDA","12","STRAWBERRIES, BEARING - APPLICATIONS, MEASURED IN LB / ACRE / APPLICATION, AVG","CHEMICAL, INSECTICIDE","CHEMICAL, INSECTICIDE: (MALATHION = 57701)",NA
2019,"YEAR","STATE","FLORIDA","12","STRAWBERRIES, BEARING - APPLICATIONS, MEASURED IN LB / ACRE / APPLICATION, AVG","CHEMICAL, INSECTICIDE","CHEMICAL, INSECTICIDE: (METHOXYFENOZIDE = 121027)",NA
2019,"YEAR","STATE","FLORIDA","12","STRAWBERRIES, BEARING - APPLICATIONS, MEASURED IN LB / ACRE / APPLICATION, AVG","CHEMICAL, INSECTICIDE","CHEMICAL, INSECTICIDE: (NALED = 34401)",NA
2019,"YEAR","STATE","FLORIDA","12","STRAWBERRIES, BEARING - APPLICATIONS, MEASURED IN LB / ACRE / APPLICATION, AVG","CHEMICAL, INSECTICIDE","CHEMICAL, INSECTICIDE: (NOVALURON = 124002)",0.065
2019,"YEAR","STATE","FLORIDA","12","STRAWBERRIES, BEARING - APPLICATIONS, MEASURED IN LB / ACRE / APPLICATION, AVG","CHEMICAL, INSECTICIDE","CHEMICAL, INSECTICIDE: (SPINETORAM = 110007)",0.063
2019,"YEAR","STATE","FLORIDA","12","STRAWBERRIES, BEARING - APPLICATIONS, MEASURED IN LB / ACRE / APPLICATION, AVG","CHEMICAL, INSECTICIDE","CHEMICAL, INSECTICIDE: (SPIROMESIFEN = 24875)",NA
2019,"YEAR","STATE","FLORIDA","12","STRAWBERRIES, BEARING - APPLICATIONS, MEASURED IN LB / ACRE / APPLICATION, AVG","CHEMICAL, INSECTICIDE","CHEMICAL, INSECTICIDE: (THIAMETHOXAM = 60109)",0.054
2019,"YEAR","STATE","FLORIDA","12","STRAWBERRIES, BEARING - APPLICATIONS, MEASURED IN LB / ACRE / APPLICATION, AVG","CHEMICAL, OTHER","CHEMICAL, OTHER: (ACIBENZOLAR-S-METHYL = 61402)",NA
2019,"YEAR","STATE","FLORIDA","12","STRAWBERRIES, BEARING - APPLICATIONS, MEASURED IN LB / ACRE / APPLICATION, AVG","CHEMICAL, OTHER","CHEMICAL, OTHER: (ALKYL. DIM. BENZ. AM = 69105)",NA
2019,"YEAR","STATE","FLORIDA","12","STRAWBERRIES, BEARING - APPLICATIONS, MEASURED IN LB / ACRE / APPLICATION, AVG","CHEMICAL, OTHER","CHEMICAL, OTHER: (CHLOROPICRIN = 81501)",NA
2019,"YEAR","STATE","FLORIDA","12","STRAWBERRIES, BEARING - APPLICATIONS, MEASURED IN LB / ACRE / APPLICATION, AVG","CHEMICAL, OTHER","CHEMICAL, OTHER: (DECYLDIMETHYLOCTYL = 69165)",NA
2019,"YEAR","STATE","FLORIDA","12","STRAWBERRIES, BEARING - APPLICATIONS, MEASURED IN LB / ACRE / APPLICATION, AVG","CHEMICAL, OTHER","CHEMICAL, OTHER: (DICHLOROPROPENE = 29001)",NA
2019,"YEAR","STATE","FLORIDA","12","STRAWBERRIES, BEARING - APPLICATIONS, MEASURED IN LB / ACRE / APPLICATION, AVG","CHEMICAL, OTHER","CHEMICAL, OTHER: (DIDECYL DIM. AMMON. = 69166)",NA
2019,"YEAR","STATE","FLORIDA","12","STRAWBERRIES, BEARING - APPLICATIONS, MEASURED IN LB / ACRE / APPLICATION, AVG","CHEMICAL, OTHER","CHEMICAL, OTHER: (DIMETHYLDIOCTYL = 69149)",NA
2019,"YEAR","STATE","FLORIDA","12","STRAWBERRIES, BEARING - APPLICATIONS, MEASURED IN LB / ACRE / APPLICATION, AVG","CHEMICAL, OTHER","CHEMICAL, OTHER: (FLUTRIAFOL = 128940)",NA
2019,"YEAR","STATE","FLORIDA","12","STRAWBERRIES, BEARING - APPLICATIONS, MEASURED IN LB / ACRE / APPLICATION, AVG","CHEMICAL, OTHER","CHEMICAL, OTHER: (HYDROGEN PEROXIDE = 595)",NA
2019,"YEAR","STATE","FLORIDA","12","STRAWBERRIES, BEARING - APPLICATIONS, MEASURED IN LB / ACRE / APPLICATION, AVG","CHEMICAL, OTHER","CHEMICAL, OTHER: (PEROXYACETIC ACID = 63201)",NA
2019,"YEAR","STATE","FLORIDA","12","STRAWBERRIES, BEARING - APPLICATIONS, MEASURED IN LB / ACRE / APPLICATION, AVG","CHEMICAL, OTHER","CHEMICAL, OTHER: (REYNOUTRIA SACHALINE = 55809)",NA
2019,"YEAR","STATE","FLORIDA","12","STRAWBERRIES, BEARING - APPLICATIONS, MEASURED IN LB / ACRE / APPLICATION, AVG","FERTILIZER","FERTILIZER: (NITROGEN)",1
2019,"YEAR","STATE","FLORIDA","12","STRAWBERRIES, BEARING - APPLICATIONS, MEASURED IN LB / ACRE / APPLICATION, AVG","FERTILIZER","FERTILIZER: (PHOSPHATE)",1
2019,"YEAR","STATE","FLORIDA","12","STRAWBERRIES, BEARING - APPLICATIONS, MEASURED IN LB / ACRE / APPLICATION, AVG","FERTILIZER","FERTILIZER: (POTASH)",2
2019,"YEAR","STATE","FLORIDA","12","STRAWBERRIES, BEARING - APPLICATIONS, MEASURED IN LB / ACRE / APPLICATION, AVG","FERTILIZER","FERTILIZER: (SULFUR)",NA
2019,"YEAR","STATE","FLORIDA","12","STRAWBERRIES, BEARING - APPLICATIONS, MEASURED IN LB / ACRE / YEAR, AVG","CHEMICAL, FUNGICIDE","CHEMICAL, FUNGICIDE: (AZOXYSTROBIN = 128810)",4.123
2019,"YEAR","STATE","FLORIDA","12","STRAWBERRIES, BEARING - APPLICATIONS, MEASURED IN LB / ACRE / YEAR, AVG","CHEMICAL, FUNGICIDE","CHEMICAL, FUNGICIDE: (BACILLUS SUBTILIS = 6479)",NA
2019,"YEAR","STATE","FLORIDA","12","STRAWBERRIES, BEARING - APPLICATIONS, MEASURED IN LB / ACRE / YEAR, AVG","CHEMICAL, FUNGICIDE","CHEMICAL, FUNGICIDE: (CAPTAN = 81301)",16.856
2019,"YEAR","STATE","FLORIDA","12","STRAWBERRIES, BEARING - APPLICATIONS, MEASURED IN LB / ACRE / YEAR, AVG","CHEMICAL, FUNGICIDE","CHEMICAL, FUNGICIDE: (COPPER CHLORIDE HYD. = 23501)",NA
2019,"YEAR","STATE","FLORIDA","12","STRAWBERRIES, BEARING - APPLICATIONS, MEASURED IN LB / ACRE / YEAR, AVG","CHEMICAL, FUNGICIDE","CHEMICAL, FUNGICIDE: (COPPER HYDROXIDE = 23401)",NA
2019,"YEAR","STATE","FLORIDA","12","STRAWBERRIES, BEARING - APPLICATIONS, MEASURED IN LB / ACRE / YEAR, AVG","CHEMICAL, FUNGICIDE","CHEMICAL, FUNGICIDE: (CYFLUFENAMID = 555550)",NA
2019,"YEAR","STATE","FLORIDA","12","STRAWBERRIES, BEARING - APPLICATIONS, MEASURED IN LB / ACRE / YEAR, AVG","CHEMICAL, FUNGICIDE","CHEMICAL, FUNGICIDE: (CYPRODINIL = 288202)",0.642
2019,"YEAR","STATE","FLORIDA","12","STRAWBERRIES, BEARING - APPLICATIONS, MEASURED IN LB / ACRE / YEAR, AVG","CHEMICAL, FUNGICIDE","CHEMICAL, FUNGICIDE: (DIFENOCONAZOLE = 128847)",NA
2019,"YEAR","STATE","FLORIDA","12","STRAWBERRIES, BEARING - APPLICATIONS, MEASURED IN LB / ACRE / YEAR, AVG","CHEMICAL, FUNGICIDE","CHEMICAL, FUNGICIDE: (DODINE = 44301)",NA
2019,"YEAR","STATE","FLORIDA","12","STRAWBERRIES, BEARING - APPLICATIONS, MEASURED IN LB / ACRE / YEAR, AVG","CHEMICAL, FUNGICIDE","CHEMICAL, FUNGICIDE: (FENHEXAMID = 90209)",NA
2019,"YEAR","STATE","FLORIDA","12","STRAWBERRIES, BEARING - APPLICATIONS, MEASURED IN LB / ACRE / YEAR, AVG","CHEMICAL, FUNGICIDE","CHEMICAL, FUNGICIDE: (FLUDIOXONIL = 71503)",0.428
2019,"YEAR","STATE","FLORIDA","12","STRAWBERRIES, BEARING - APPLICATIONS, MEASURED IN LB / ACRE / YEAR, AVG","CHEMICAL, FUNGICIDE","CHEMICAL, FUNGICIDE: (FLUTOLANIL = 128975)",NA
2019,"YEAR","STATE","FLORIDA","12","STRAWBERRIES, BEARING - APPLICATIONS, MEASURED IN LB / ACRE / YEAR, AVG","CHEMICAL, FUNGICIDE","CHEMICAL, FUNGICIDE: (FLUXAPYROXAD = 138009)",NA
2019,"YEAR","STATE","FLORIDA","12","STRAWBERRIES, BEARING - APPLICATIONS, MEASURED IN LB / ACRE / YEAR, AVG","CHEMICAL, FUNGICIDE","CHEMICAL, FUNGICIDE: (FOSETYL-AL = 123301)",NA
2019,"YEAR","STATE","FLORIDA","12","STRAWBERRIES, BEARING - APPLICATIONS, MEASURED IN LB / ACRE / YEAR, AVG","CHEMICAL, FUNGICIDE","CHEMICAL, FUNGICIDE: (ISOFETAMID = 270000)",NA
2019,"YEAR","STATE","FLORIDA","12","STRAWBERRIES, BEARING - APPLICATIONS, MEASURED IN LB / ACRE / YEAR, AVG","CHEMICAL, FUNGICIDE","CHEMICAL, FUNGICIDE: (MEFENOXAM = 113502)",NA
2019,"YEAR","STATE","FLORIDA","12","STRAWBERRIES, BEARING - APPLICATIONS, MEASURED IN LB / ACRE / YEAR, AVG","CHEMICAL, FUNGICIDE","CHEMICAL, FUNGICIDE: (MONO-POTASSIUM SALT = 76416)",NA
2019,"YEAR","STATE","FLORIDA","12","STRAWBERRIES, BEARING - APPLICATIONS, MEASURED IN LB / ACRE / YEAR, AVG","CHEMICAL, FUNGICIDE","CHEMICAL, FUNGICIDE: (MYCLOBUTANIL = 128857)",NA
2019,"YEAR","STATE","FLORIDA","12","STRAWBERRIES, BEARING - APPLICATIONS, MEASURED IN LB / ACRE / YEAR, AVG","CHEMICAL, FUNGICIDE","CHEMICAL, FUNGICIDE: (PENTHIOPYRAD = 90112)",NA
2019,"YEAR","STATE","FLORIDA","12","STRAWBERRIES, BEARING - APPLICATIONS, MEASURED IN LB / ACRE / YEAR, AVG","CHEMICAL, FUNGICIDE","CHEMICAL, FUNGICIDE: (PYRACLOSTROBIN = 99100)",NA
2019,"YEAR","STATE","FLORIDA","12","STRAWBERRIES, BEARING - APPLICATIONS, MEASURED IN LB / ACRE / YEAR, AVG","CHEMICAL, FUNGICIDE","CHEMICAL, FUNGICIDE: (PYRIMETHANIL = 288201)",NA
2019,"YEAR","STATE","FLORIDA","12","STRAWBERRIES, BEARING - APPLICATIONS, MEASURED IN LB / ACRE / YEAR, AVG","CHEMICAL, FUNGICIDE","CHEMICAL, FUNGICIDE: (SULFUR = 77501)",NA
2019,"YEAR","STATE","FLORIDA","12","STRAWBERRIES, BEARING - APPLICATIONS, MEASURED IN LB / ACRE / YEAR, AVG","CHEMICAL, FUNGICIDE","CHEMICAL, FUNGICIDE: (TETRACONAZOLE = 120603)",NA
2019,"YEAR","STATE","FLORIDA","12","STRAWBERRIES, BEARING - APPLICATIONS, MEASURED IN LB / ACRE / YEAR, AVG","CHEMICAL, FUNGICIDE","CHEMICAL, FUNGICIDE: (THIOPHANATE-METHYL = 102001)",4.888
2019,"YEAR","STATE","FLORIDA","12","STRAWBERRIES, BEARING - APPLICATIONS, MEASURED IN LB / ACRE / YEAR, AVG","CHEMICAL, FUNGICIDE","CHEMICAL, FUNGICIDE: (THIRAM = 79801)",10.166
2019,"YEAR","STATE","FLORIDA","12","STRAWBERRIES, BEARING - APPLICATIONS, MEASURED IN LB / ACRE / YEAR, AVG","CHEMICAL, FUNGICIDE","CHEMICAL, FUNGICIDE: (TRIFLUMIZOLE = 128879)",NA
2019,"YEAR","STATE","FLORIDA","12","STRAWBERRIES, BEARING - APPLICATIONS, MEASURED IN LB / ACRE / YEAR, AVG","CHEMICAL, HERBICIDE","CHEMICAL, HERBICIDE: (2,4-D, DIMETH. SALT = 30019)",NA
2019,"YEAR","STATE","FLORIDA","12","STRAWBERRIES, BEARING - APPLICATIONS, MEASURED IN LB / ACRE / YEAR, AVG","CHEMICAL, HERBICIDE","CHEMICAL, HERBICIDE: (2,4-D, TRIISO. SALT = 30035)",NA
2019,"YEAR","STATE","FLORIDA","12","STRAWBERRIES, BEARING - APPLICATIONS, MEASURED IN LB / ACRE / YEAR, AVG","CHEMICAL, HERBICIDE","CHEMICAL, HERBICIDE: (GLYPHOSATE ISO. SALT = 103601)",NA
2019,"YEAR","STATE","FLORIDA","12","STRAWBERRIES, BEARING - APPLICATIONS, MEASURED IN LB / ACRE / YEAR, AVG","CHEMICAL, HERBICIDE","CHEMICAL, HERBICIDE: (GLYPHOSATE POT. SALT = 103613)",NA
2019,"YEAR","STATE","FLORIDA","12","STRAWBERRIES, BEARING - APPLICATIONS, MEASURED IN LB / ACRE / YEAR, AVG","CHEMICAL, HERBICIDE","CHEMICAL, HERBICIDE: (PARAQUAT = 61601)",NA
2019,"YEAR","STATE","FLORIDA","12","STRAWBERRIES, BEARING - APPLICATIONS, MEASURED IN LB / ACRE / YEAR, AVG","CHEMICAL, INSECTICIDE","CHEMICAL, INSECTICIDE: (ABAMECTIN = 122804)",0.184
2019,"YEAR","STATE","FLORIDA","12","STRAWBERRIES, BEARING - APPLICATIONS, MEASURED IN LB / ACRE / YEAR, AVG","CHEMICAL, INSECTICIDE","CHEMICAL, INSECTICIDE: (ACETAMIPRID = 99050)",0.127
2019,"YEAR","STATE","FLORIDA","12","STRAWBERRIES, BEARING - APPLICATIONS, MEASURED IN LB / ACRE / YEAR, AVG","CHEMICAL, INSECTICIDE","CHEMICAL, INSECTICIDE: (BIFENAZATE = 586)",0.663
2019,"YEAR","STATE","FLORIDA","12","STRAWBERRIES, BEARING - APPLICATIONS, MEASURED IN LB / ACRE / YEAR, AVG","CHEMICAL, INSECTICIDE","CHEMICAL, INSECTICIDE: (BIFENTHRIN = 128825)",0.077
2019,"YEAR","STATE","FLORIDA","12","STRAWBERRIES, BEARING - APPLICATIONS, MEASURED IN LB / ACRE / YEAR, AVG","CHEMICAL, INSECTICIDE","CHEMICAL, INSECTICIDE: (BT KURSTAKI ABTS-351 = 6522)",NA
2019,"YEAR","STATE","FLORIDA","12","STRAWBERRIES, BEARING - APPLICATIONS, MEASURED IN LB / ACRE / YEAR, AVG","CHEMICAL, INSECTICIDE","CHEMICAL, INSECTICIDE: (CHLORANTRANILIPROLE = 90100)",0.067
2019,"YEAR","STATE","FLORIDA","12","STRAWBERRIES, BEARING - APPLICATIONS, MEASURED IN LB / ACRE / YEAR, AVG","CHEMICAL, INSECTICIDE","CHEMICAL, INSECTICIDE: (CYANTRANILIPROLE = 90098)",NA
2019,"YEAR","STATE","FLORIDA","12","STRAWBERRIES, BEARING - APPLICATIONS, MEASURED IN LB / ACRE / YEAR, AVG","CHEMICAL, INSECTICIDE","CHEMICAL, INSECTICIDE: (CYFLUMETOFEN = 138831)",NA
2019,"YEAR","STATE","FLORIDA","12","STRAWBERRIES, BEARING - APPLICATIONS, MEASURED IN LB / ACRE / YEAR, AVG","CHEMICAL, INSECTICIDE","CHEMICAL, INSECTICIDE: (CYPERMETHRIN = 109702)",NA
2019,"YEAR","STATE","FLORIDA","12","STRAWBERRIES, BEARING - APPLICATIONS, MEASURED IN LB / ACRE / YEAR, AVG","CHEMICAL, INSECTICIDE","CHEMICAL, INSECTICIDE: (FENPYROXIMATE = 129131)",NA
2019,"YEAR","STATE","FLORIDA","12","STRAWBERRIES, BEARING - APPLICATIONS, MEASURED IN LB / ACRE / YEAR, AVG","CHEMICAL, INSECTICIDE","CHEMICAL, INSECTICIDE: (HEXYTHIAZOX = 128849)",NA
2019,"YEAR","STATE","FLORIDA","12","STRAWBERRIES, BEARING - APPLICATIONS, MEASURED IN LB / ACRE / YEAR, AVG","CHEMICAL, INSECTICIDE","CHEMICAL, INSECTICIDE: (IMIDACLOPRID = 129099)",NA
2019,"YEAR","STATE","FLORIDA","12","STRAWBERRIES, BEARING - APPLICATIONS, MEASURED IN LB / ACRE / YEAR, AVG","CHEMICAL, INSECTICIDE","CHEMICAL, INSECTICIDE: (MALATHION = 57701)",NA
2019,"YEAR","STATE","FLORIDA","12","STRAWBERRIES, BEARING - APPLICATIONS, MEASURED IN LB / ACRE / YEAR, AVG","CHEMICAL, INSECTICIDE","CHEMICAL, INSECTICIDE: (METHOXYFENOZIDE = 121027)",NA
2019,"YEAR","STATE","FLORIDA","12","STRAWBERRIES, BEARING - APPLICATIONS, MEASURED IN LB / ACRE / YEAR, AVG","CHEMICAL, INSECTICIDE","CHEMICAL, INSECTICIDE: (NALED = 34401)",NA
2019,"YEAR","STATE","FLORIDA","12","STRAWBERRIES, BEARING - APPLICATIONS, MEASURED IN LB / ACRE / YEAR, AVG","CHEMICAL, INSECTICIDE","CHEMICAL, INSECTICIDE: (NOVALURON = 124002)",0.212
2019,"YEAR","STATE","FLORIDA","12","STRAWBERRIES, BEARING - APPLICATIONS, MEASURED IN LB / ACRE / YEAR, AVG","CHEMICAL, INSECTICIDE","CHEMICAL, INSECTICIDE: (SPINETORAM = 110007)",0.116
2019,"YEAR","STATE","FLORIDA","12","STRAWBERRIES, BEARING - APPLICATIONS, MEASURED IN LB / ACRE / YEAR, AVG","CHEMICAL, INSECTICIDE","CHEMICAL, INSECTICIDE: (SPIROMESIFEN = 24875)",NA
2019,"YEAR","STATE","FLORIDA","12","STRAWBERRIES, BEARING - APPLICATIONS, MEASURED IN LB / ACRE / YEAR, AVG","CHEMICAL, INSECTICIDE","CHEMICAL, INSECTICIDE: (THIAMETHOXAM = 60109)",0.095
2019,"YEAR","STATE","FLORIDA","12","STRAWBERRIES, BEARING - APPLICATIONS, MEASURED IN LB / ACRE / YEAR, AVG","CHEMICAL, OTHER","CHEMICAL, OTHER: (ACIBENZOLAR-S-METHYL = 61402)",NA
2019,"YEAR","STATE","FLORIDA","12","STRAWBERRIES, BEARING - APPLICATIONS, MEASURED IN LB / ACRE / YEAR, AVG","CHEMICAL, OTHER","CHEMICAL, OTHER: (ALKYL. DIM. BENZ. AM = 69105)",NA
2019,"YEAR","STATE","FLORIDA","12","STRAWBERRIES, BEARING - APPLICATIONS, MEASURED IN LB / ACRE / YEAR, AVG","CHEMICAL, OTHER","CHEMICAL, OTHER: (CHLOROPICRIN = 81501)",NA
2019,"YEAR","STATE","FLORIDA","12","STRAWBERRIES, BEARING - APPLICATIONS, MEASURED IN LB / ACRE / YEAR, AVG","CHEMICAL, OTHER","CHEMICAL, OTHER: (DECYLDIMETHYLOCTYL = 69165)",NA
2019,"YEAR","STATE","FLORIDA","12","STRAWBERRIES, BEARING - APPLICATIONS, MEASURED IN LB / ACRE / YEAR, AVG","CHEMICAL, OTHER","CHEMICAL, OTHER: (DICHLOROPROPENE = 29001)",NA
2019,"YEAR","STATE","FLORIDA","12","STRAWBERRIES, BEARING - APPLICATIONS, MEASURED IN LB / ACRE / YEAR, AVG","CHEMICAL, OTHER","CHEMICAL, OTHER: (DIDECYL DIM. AMMON. = 69166)",NA
2019,"YEAR","STATE","FLORIDA","12","STRAWBERRIES, BEARING - APPLICATIONS, MEASURED IN LB / ACRE / YEAR, AVG","CHEMICAL, OTHER","CHEMICAL, OTHER: (DIMETHYLDIOCTYL = 69149)",NA
2019,"YEAR","STATE","FLORIDA","12","STRAWBERRIES, BEARING - APPLICATIONS, MEASURED IN LB / ACRE / YEAR, AVG","CHEMICAL, OTHER","CHEMICAL, OTHER: (FLUTRIAFOL = 128940)",NA
2019,"YEAR","STATE","FLORIDA","12","STRAWBERRIES, BEARING - APPLICATIONS, MEASURED IN LB / ACRE / YEAR, AVG","CHEMICAL, OTHER","CHEMICAL, OTHER: (HYDROGEN PEROXIDE = 595)",NA
2019,"YEAR","STATE","FLORIDA","12","STRAWBERRIES, BEARING - APPLICATIONS, MEASURED IN LB / ACRE / YEAR, AVG","CHEMICAL, OTHER","CHEMICAL, OTHER: (PEROXYACETIC ACID = 63201)",NA
2019,"YEAR","STATE","FLORIDA","12","STRAWBERRIES, BEARING - APPLICATIONS, MEASURED IN LB / ACRE / YEAR, AVG","CHEMICAL, OTHER","CHEMICAL, OTHER: (REYNOUTRIA SACHALINE = 55809)",NA
2019,"YEAR","STATE","FLORIDA","12","STRAWBERRIES, BEARING - APPLICATIONS, MEASURED IN LB / ACRE / YEAR, AVG","FERTILIZER","FERTILIZER: (NITROGEN)",39
2019,"YEAR","STATE","FLORIDA","12","STRAWBERRIES, BEARING - APPLICATIONS, MEASURED IN LB / ACRE / YEAR, AVG","FERTILIZER","FERTILIZER: (PHOSPHATE)",17
2019,"YEAR","STATE","FLORIDA","12","STRAWBERRIES, BEARING - APPLICATIONS, MEASURED IN LB / ACRE / YEAR, AVG","FERTILIZER","FERTILIZER: (POTASH)",43
2019,"YEAR","STATE","FLORIDA","12","STRAWBERRIES, BEARING - APPLICATIONS, MEASURED IN LB / ACRE / YEAR, AVG","FERTILIZER","FERTILIZER: (SULFUR)",NA
2019,"YEAR","STATE","FLORIDA","12","STRAWBERRIES, BEARING - APPLICATIONS, MEASURED IN NUMBER, AVG","CHEMICAL, FUNGICIDE","CHEMICAL, FUNGICIDE: (AZOXYSTROBIN = 128810)",4.8
2019,"YEAR","STATE","FLORIDA","12","STRAWBERRIES, BEARING - APPLICATIONS, MEASURED IN NUMBER, AVG","CHEMICAL, FUNGICIDE","CHEMICAL, FUNGICIDE: (BACILLUS SUBTILIS = 6479)",NA
2019,"YEAR","STATE","FLORIDA","12","STRAWBERRIES, BEARING - APPLICATIONS, MEASURED IN NUMBER, AVG","CHEMICAL, FUNGICIDE","CHEMICAL, FUNGICIDE: (CAPTAN = 81301)",8
2019,"YEAR","STATE","FLORIDA","12","STRAWBERRIES, BEARING - APPLICATIONS, MEASURED IN NUMBER, AVG","CHEMICAL, FUNGICIDE","CHEMICAL, FUNGICIDE: (COPPER CHLORIDE HYD. = 23501)",NA
2019,"YEAR","STATE","FLORIDA","12","STRAWBERRIES, BEARING - APPLICATIONS, MEASURED IN NUMBER, AVG","CHEMICAL, FUNGICIDE","CHEMICAL, FUNGICIDE: (COPPER HYDROXIDE = 23401)",NA
2019,"YEAR","STATE","FLORIDA","12","STRAWBERRIES, BEARING - APPLICATIONS, MEASURED IN NUMBER, AVG","CHEMICAL, FUNGICIDE","CHEMICAL, FUNGICIDE: (CYFLUFENAMID = 555550)",NA
2019,"YEAR","STATE","FLORIDA","12","STRAWBERRIES, BEARING - APPLICATIONS, MEASURED IN NUMBER, AVG","CHEMICAL, FUNGICIDE","CHEMICAL, FUNGICIDE: (CYPRODINIL = 288202)",2.1
2019,"YEAR","STATE","FLORIDA","12","STRAWBERRIES, BEARING - APPLICATIONS, MEASURED IN NUMBER, AVG","CHEMICAL, FUNGICIDE","CHEMICAL, FUNGICIDE: (DIFENOCONAZOLE = 128847)",NA
2019,"YEAR","STATE","FLORIDA","12","STRAWBERRIES, BEARING - APPLICATIONS, MEASURED IN NUMBER, AVG","CHEMICAL, FUNGICIDE","CHEMICAL, FUNGICIDE: (DODINE = 44301)",NA
2019,"YEAR","STATE","FLORIDA","12","STRAWBERRIES, BEARING - APPLICATIONS, MEASURED IN NUMBER, AVG","CHEMICAL, FUNGICIDE","CHEMICAL, FUNGICIDE: (FENHEXAMID = 90209)",NA
2019,"YEAR","STATE","FLORIDA","12","STRAWBERRIES, BEARING - APPLICATIONS, MEASURED IN NUMBER, AVG","CHEMICAL, FUNGICIDE","CHEMICAL, FUNGICIDE: (FLUDIOXONIL = 71503)",2.1
2019,"YEAR","STATE","FLORIDA","12","STRAWBERRIES, BEARING - APPLICATIONS, MEASURED IN NUMBER, AVG","CHEMICAL, FUNGICIDE","CHEMICAL, FUNGICIDE: (FLUTOLANIL = 128975)",NA
2019,"YEAR","STATE","FLORIDA","12","STRAWBERRIES, BEARING - APPLICATIONS, MEASURED IN NUMBER, AVG","CHEMICAL, FUNGICIDE","CHEMICAL, FUNGICIDE: (FLUXAPYROXAD = 138009)",NA
2019,"YEAR","STATE","FLORIDA","12","STRAWBERRIES, BEARING - APPLICATIONS, MEASURED IN NUMBER, AVG","CHEMICAL, FUNGICIDE","CHEMICAL, FUNGICIDE: (FOSETYL-AL = 123301)",NA
2019,"YEAR","STATE","FLORIDA","12","STRAWBERRIES, BEARING - APPLICATIONS, MEASURED IN NUMBER, AVG","CHEMICAL, FUNGICIDE","CHEMICAL, FUNGICIDE: (ISOFETAMID = 270000)",NA
2019,"YEAR","STATE","FLORIDA","12","STRAWBERRIES, BEARING - APPLICATIONS, MEASURED IN NUMBER, AVG","CHEMICAL, FUNGICIDE","CHEMICAL, FUNGICIDE: (MEFENOXAM = 113502)",NA
2019,"YEAR","STATE","FLORIDA","12","STRAWBERRIES, BEARING - APPLICATIONS, MEASURED IN NUMBER, AVG","CHEMICAL, FUNGICIDE","CHEMICAL, FUNGICIDE: (MONO-POTASSIUM SALT = 76416)",NA
2019,"YEAR","STATE","FLORIDA","12","STRAWBERRIES, BEARING - APPLICATIONS, MEASURED IN NUMBER, AVG","CHEMICAL, FUNGICIDE","CHEMICAL, FUNGICIDE: (MYCLOBUTANIL = 128857)",NA
2019,"YEAR","STATE","FLORIDA","12","STRAWBERRIES, BEARING - APPLICATIONS, MEASURED IN NUMBER, AVG","CHEMICAL, FUNGICIDE","CHEMICAL, FUNGICIDE: (PENTHIOPYRAD = 90112)",NA
2019,"YEAR","STATE","FLORIDA","12","STRAWBERRIES, BEARING - APPLICATIONS, MEASURED IN NUMBER, AVG","CHEMICAL, FUNGICIDE","CHEMICAL, FUNGICIDE: (PYRACLOSTROBIN = 99100)",NA
2019,"YEAR","STATE","FLORIDA","12","STRAWBERRIES, BEARING - APPLICATIONS, MEASURED IN NUMBER, AVG","CHEMICAL, FUNGICIDE","CHEMICAL, FUNGICIDE: (PYRIMETHANIL = 288201)",NA
2019,"YEAR","STATE","FLORIDA","12","STRAWBERRIES, BEARING - APPLICATIONS, MEASURED IN NUMBER, AVG","CHEMICAL, FUNGICIDE","CHEMICAL, FUNGICIDE: (SULFUR = 77501)",NA
2019,"YEAR","STATE","FLORIDA","12","STRAWBERRIES, BEARING - APPLICATIONS, MEASURED IN NUMBER, AVG","CHEMICAL, FUNGICIDE","CHEMICAL, FUNGICIDE: (TETRACONAZOLE = 120603)",NA
2019,"YEAR","STATE","FLORIDA","12","STRAWBERRIES, BEARING - APPLICATIONS, MEASURED IN NUMBER, AVG","CHEMICAL, FUNGICIDE","CHEMICAL, FUNGICIDE: (THIOPHANATE-METHYL = 102001)",3.6
2019,"YEAR","STATE","FLORIDA","12","STRAWBERRIES, BEARING - APPLICATIONS, MEASURED IN NUMBER, AVG","CHEMICAL, FUNGICIDE","CHEMICAL, FUNGICIDE: (THIRAM = 79801)",5
2019,"YEAR","STATE","FLORIDA","12","STRAWBERRIES, BEARING - APPLICATIONS, MEASURED IN NUMBER, AVG","CHEMICAL, FUNGICIDE","CHEMICAL, FUNGICIDE: (TRIFLUMIZOLE = 128879)",NA
2019,"YEAR","STATE","FLORIDA","12","STRAWBERRIES, BEARING - APPLICATIONS, MEASURED IN NUMBER, AVG","CHEMICAL, HERBICIDE","CHEMICAL, HERBICIDE: (2,4-D, DIMETH. SALT = 30019)",NA
2019,"YEAR","STATE","FLORIDA","12","STRAWBERRIES, BEARING - APPLICATIONS, MEASURED IN NUMBER, AVG","CHEMICAL, HERBICIDE","CHEMICAL, HERBICIDE: (2,4-D, TRIISO. SALT = 30035)",NA
2019,"YEAR","STATE","FLORIDA","12","STRAWBERRIES, BEARING - APPLICATIONS, MEASURED IN NUMBER, AVG","CHEMICAL, HERBICIDE","CHEMICAL, HERBICIDE: (GLYPHOSATE ISO. SALT = 103601)",NA
2019,"YEAR","STATE","FLORIDA","12","STRAWBERRIES, BEARING - APPLICATIONS, MEASURED IN NUMBER, AVG","CHEMICAL, HERBICIDE","CHEMICAL, HERBICIDE: (GLYPHOSATE POT. SALT = 103613)",NA
2019,"YEAR","STATE","FLORIDA","12","STRAWBERRIES, BEARING - APPLICATIONS, MEASURED IN NUMBER, AVG","CHEMICAL, HERBICIDE","CHEMICAL, HERBICIDE: (PARAQUAT = 61601)",NA
2019,"YEAR","STATE","FLORIDA","12","STRAWBERRIES, BEARING - APPLICATIONS, MEASURED IN NUMBER, AVG","CHEMICAL, INSECTICIDE","CHEMICAL, INSECTICIDE: (ABAMECTIN = 122804)",4.1
2019,"YEAR","STATE","FLORIDA","12","STRAWBERRIES, BEARING - APPLICATIONS, MEASURED IN NUMBER, AVG","CHEMICAL, INSECTICIDE","CHEMICAL, INSECTICIDE: (ACETAMIPRID = 99050)",1.3
2019,"YEAR","STATE","FLORIDA","12","STRAWBERRIES, BEARING - APPLICATIONS, MEASURED IN NUMBER, AVG","CHEMICAL, INSECTICIDE","CHEMICAL, INSECTICIDE: (BIFENAZATE = 586)",4.7
2019,"YEAR","STATE","FLORIDA","12","STRAWBERRIES, BEARING - APPLICATIONS, MEASURED IN NUMBER, AVG","CHEMICAL, INSECTICIDE","CHEMICAL, INSECTICIDE: (BIFENTHRIN = 128825)",1.5
2019,"YEAR","STATE","FLORIDA","12","STRAWBERRIES, BEARING - APPLICATIONS, MEASURED IN NUMBER, AVG","CHEMICAL, INSECTICIDE","CHEMICAL, INSECTICIDE: (BT KURSTAKI ABTS-351 = 6522)",NA
2019,"YEAR","STATE","FLORIDA","12","STRAWBERRIES, BEARING - APPLICATIONS, MEASURED IN NUMBER, AVG","CHEMICAL, INSECTICIDE","CHEMICAL, INSECTICIDE: (CHLORANTRANILIPROLE = 90100)",1.2
2019,"YEAR","STATE","FLORIDA","12","STRAWBERRIES, BEARING - APPLICATIONS, MEASURED IN NUMBER, AVG","CHEMICAL, INSECTICIDE","CHEMICAL, INSECTICIDE: (CYANTRANILIPROLE = 90098)",NA
2019,"YEAR","STATE","FLORIDA","12","STRAWBERRIES, BEARING - APPLICATIONS, MEASURED IN NUMBER, AVG","CHEMICAL, INSECTICIDE","CHEMICAL, INSECTICIDE: (CYFLUMETOFEN = 138831)",NA
2019,"YEAR","STATE","FLORIDA","12","STRAWBERRIES, BEARING - APPLICATIONS, MEASURED IN NUMBER, AVG","CHEMICAL, INSECTICIDE","CHEMICAL, INSECTICIDE: (CYPERMETHRIN = 109702)",NA
2019,"YEAR","STATE","FLORIDA","12","STRAWBERRIES, BEARING - APPLICATIONS, MEASURED IN NUMBER, AVG","CHEMICAL, INSECTICIDE","CHEMICAL, INSECTICIDE: (FENPYROXIMATE = 129131)",NA
2019,"YEAR","STATE","FLORIDA","12","STRAWBERRIES, BEARING - APPLICATIONS, MEASURED IN NUMBER, AVG","CHEMICAL, INSECTICIDE","CHEMICAL, INSECTICIDE: (HEXYTHIAZOX = 128849)",NA
2019,"YEAR","STATE","FLORIDA","12","STRAWBERRIES, BEARING - APPLICATIONS, MEASURED IN NUMBER, AVG","CHEMICAL, INSECTICIDE","CHEMICAL, INSECTICIDE: (IMIDACLOPRID = 129099)",NA
2019,"YEAR","STATE","FLORIDA","12","STRAWBERRIES, BEARING - APPLICATIONS, MEASURED IN NUMBER, AVG","CHEMICAL, INSECTICIDE","CHEMICAL, INSECTICIDE: (MALATHION = 57701)",NA
2019,"YEAR","STATE","FLORIDA","12","STRAWBERRIES, BEARING - APPLICATIONS, MEASURED IN NUMBER, AVG","CHEMICAL, INSECTICIDE","CHEMICAL, INSECTICIDE: (METHOXYFENOZIDE = 121027)",NA
2019,"YEAR","STATE","FLORIDA","12","STRAWBERRIES, BEARING - APPLICATIONS, MEASURED IN NUMBER, AVG","CHEMICAL, INSECTICIDE","CHEMICAL, INSECTICIDE: (NALED = 34401)",NA
2019,"YEAR","STATE","FLORIDA","12","STRAWBERRIES, BEARING - APPLICATIONS, MEASURED IN NUMBER, AVG","CHEMICAL, INSECTICIDE","CHEMICAL, INSECTICIDE: (NOVALURON = 124002)",3.2
2019,"YEAR","STATE","FLORIDA","12","STRAWBERRIES, BEARING - APPLICATIONS, MEASURED IN NUMBER, AVG","CHEMICAL, INSECTICIDE","CHEMICAL, INSECTICIDE: (SPINETORAM = 110007)",1.8
2019,"YEAR","STATE","FLORIDA","12","STRAWBERRIES, BEARING - APPLICATIONS, MEASURED IN NUMBER, AVG","CHEMICAL, INSECTICIDE","CHEMICAL, INSECTICIDE: (SPIROMESIFEN = 24875)",NA
2019,"YEAR","STATE","FLORIDA","12","STRAWBERRIES, BEARING - APPLICATIONS, MEASURED IN NUMBER, AVG","CHEMICAL, INSECTICIDE","CHEMICAL, INSECTICIDE: (THIAMETHOXAM = 60109)",1.8
2019,"YEAR","STATE","FLORIDA","12","STRAWBERRIES, BEARING - APPLICATIONS, MEASURED IN NUMBER, AVG","CHEMICAL, OTHER","CHEMICAL, OTHER: (ACIBENZOLAR-S-METHYL = 61402)",NA
2019,"YEAR","STATE","FLORIDA","12","STRAWBERRIES, BEARING - APPLICATIONS, MEASURED IN NUMBER, AVG","CHEMICAL, OTHER","CHEMICAL, OTHER: (ALKYL. DIM. BENZ. AM = 69105)",NA
2019,"YEAR","STATE","FLORIDA","12","STRAWBERRIES, BEARING - APPLICATIONS, MEASURED IN NUMBER, AVG","CHEMICAL, OTHER","CHEMICAL, OTHER: (CHLOROPICRIN = 81501)",NA
2019,"YEAR","STATE","FLORIDA","12","STRAWBERRIES, BEARING - APPLICATIONS, MEASURED IN NUMBER, AVG","CHEMICAL, OTHER","CHEMICAL, OTHER: (DECYLDIMETHYLOCTYL = 69165)",NA
2019,"YEAR","STATE","FLORIDA","12","STRAWBERRIES, BEARING - APPLICATIONS, MEASURED IN NUMBER, AVG","CHEMICAL, OTHER","CHEMICAL, OTHER: (DICHLOROPROPENE = 29001)",NA
2019,"YEAR","STATE","FLORIDA","12","STRAWBERRIES, BEARING - APPLICATIONS, MEASURED IN NUMBER, AVG","CHEMICAL, OTHER","CHEMICAL, OTHER: (DIDECYL DIM. AMMON. = 69166)",NA
2019,"YEAR","STATE","FLORIDA","12","STRAWBERRIES, BEARING - APPLICATIONS, MEASURED IN NUMBER, AVG","CHEMICAL, OTHER","CHEMICAL, OTHER: (DIMETHYLDIOCTYL = 69149)",NA
2019,"YEAR","STATE","FLORIDA","12","STRAWBERRIES, BEARING - APPLICATIONS, MEASURED IN NUMBER, AVG","CHEMICAL, OTHER","CHEMICAL, OTHER: (FLUTRIAFOL = 128940)",NA
2019,"YEAR","STATE","FLORIDA","12","STRAWBERRIES, BEARING - APPLICATIONS, MEASURED IN NUMBER, AVG","CHEMICAL, OTHER","CHEMICAL, OTHER: (HYDROGEN PEROXIDE = 595)",NA
2019,"YEAR","STATE","FLORIDA","12","STRAWBERRIES, BEARING - APPLICATIONS, MEASURED IN NUMBER, AVG","CHEMICAL, OTHER","CHEMICAL, OTHER: (PEROXYACETIC ACID = 63201)",NA
2019,"YEAR","STATE","FLORIDA","12","STRAWBERRIES, BEARING - APPLICATIONS, MEASURED IN NUMBER, AVG","CHEMICAL, OTHER","CHEMICAL, OTHER: (REYNOUTRIA SACHALINE = 55809)",NA
2019,"YEAR","STATE","FLORIDA","12","STRAWBERRIES, BEARING - APPLICATIONS, MEASURED IN NUMBER, AVG","FERTILIZER","FERTILIZER: (NITROGEN)",28.7
2019,"YEAR","STATE","FLORIDA","12","STRAWBERRIES, BEARING - APPLICATIONS, MEASURED IN NUMBER, AVG","FERTILIZER","FERTILIZER: (PHOSPHATE)",18.6
2019,"YEAR","STATE","FLORIDA","12","STRAWBERRIES, BEARING - APPLICATIONS, MEASURED IN NUMBER, AVG","FERTILIZER","FERTILIZER: (POTASH)",25.2
2019,"YEAR","STATE","FLORIDA","12","STRAWBERRIES, BEARING - APPLICATIONS, MEASURED IN NUMBER, AVG","FERTILIZER","FERTILIZER: (SULFUR)",NA
2019,"YEAR","STATE","FLORIDA","12","STRAWBERRIES, BEARING - TREATED, MEASURED IN PCT OF AREA BEARING, AVG","CHEMICAL, FUNGICIDE","CHEMICAL, FUNGICIDE: (AZOXYSTROBIN = 128810)",29
2019,"YEAR","STATE","FLORIDA","12","STRAWBERRIES, BEARING - TREATED, MEASURED IN PCT OF AREA BEARING, AVG","CHEMICAL, FUNGICIDE","CHEMICAL, FUNGICIDE: (BACILLUS SUBTILIS = 6479)",NA
2019,"YEAR","STATE","FLORIDA","12","STRAWBERRIES, BEARING - TREATED, MEASURED IN PCT OF AREA BEARING, AVG","CHEMICAL, FUNGICIDE","CHEMICAL, FUNGICIDE: (CAPTAN = 81301)",88
2019,"YEAR","STATE","FLORIDA","12","STRAWBERRIES, BEARING - TREATED, MEASURED IN PCT OF AREA BEARING, AVG","CHEMICAL, FUNGICIDE","CHEMICAL, FUNGICIDE: (COPPER CHLORIDE HYD. = 23501)",NA
2019,"YEAR","STATE","FLORIDA","12","STRAWBERRIES, BEARING - TREATED, MEASURED IN PCT OF AREA BEARING, AVG","CHEMICAL, FUNGICIDE","CHEMICAL, FUNGICIDE: (COPPER HYDROXIDE = 23401)",NA
2019,"YEAR","STATE","FLORIDA","12","STRAWBERRIES, BEARING - TREATED, MEASURED IN PCT OF AREA BEARING, AVG","CHEMICAL, FUNGICIDE","CHEMICAL, FUNGICIDE: (CYFLUFENAMID = 555550)",NA
2019,"YEAR","STATE","FLORIDA","12","STRAWBERRIES, BEARING - TREATED, MEASURED IN PCT OF AREA BEARING, AVG","CHEMICAL, FUNGICIDE","CHEMICAL, FUNGICIDE: (CYPRODINIL = 288202)",64
2019,"YEAR","STATE","FLORIDA","12","STRAWBERRIES, BEARING - TREATED, MEASURED IN PCT OF AREA BEARING, AVG","CHEMICAL, FUNGICIDE","CHEMICAL, FUNGICIDE: (DIFENOCONAZOLE = 128847)",NA
2019,"YEAR","STATE","FLORIDA","12","STRAWBERRIES, BEARING - TREATED, MEASURED IN PCT OF AREA BEARING, AVG","CHEMICAL, FUNGICIDE","CHEMICAL, FUNGICIDE: (DODINE = 44301)",NA
2019,"YEAR","STATE","FLORIDA","12","STRAWBERRIES, BEARING - TREATED, MEASURED IN PCT OF AREA BEARING, AVG","CHEMICAL, FUNGICIDE","CHEMICAL, FUNGICIDE: (FENHEXAMID = 90209)",NA
2019,"YEAR","STATE","FLORIDA","12","STRAWBERRIES, BEARING - TREATED, MEASURED IN PCT OF AREA BEARING, AVG","CHEMICAL, FUNGICIDE","CHEMICAL, FUNGICIDE: (FLUDIOXONIL = 71503)",64
2019,"YEAR","STATE","FLORIDA","12","STRAWBERRIES, BEARING - TREATED, MEASURED IN PCT OF AREA BEARING, AVG","CHEMICAL, FUNGICIDE","CHEMICAL, FUNGICIDE: (FLUTOLANIL = 128975)",NA
2019,"YEAR","STATE","FLORIDA","12","STRAWBERRIES, BEARING - TREATED, MEASURED IN PCT OF AREA BEARING, AVG","CHEMICAL, FUNGICIDE","CHEMICAL, FUNGICIDE: (FLUXAPYROXAD = 138009)",NA
2019,"YEAR","STATE","FLORIDA","12","STRAWBERRIES, BEARING - TREATED, MEASURED IN PCT OF AREA BEARING, AVG","CHEMICAL, FUNGICIDE","CHEMICAL, FUNGICIDE: (FOSETYL-AL = 123301)",NA
2019,"YEAR","STATE","FLORIDA","12","STRAWBERRIES, BEARING - TREATED, MEASURED IN PCT OF AREA BEARING, AVG","CHEMICAL, FUNGICIDE","CHEMICAL, FUNGICIDE: (ISOFETAMID = 270000)",NA
2019,"YEAR","STATE","FLORIDA","12","STRAWBERRIES, BEARING - TREATED, MEASURED IN PCT OF AREA BEARING, AVG","CHEMICAL, FUNGICIDE","CHEMICAL, FUNGICIDE: (MEFENOXAM = 113502)",NA
2019,"YEAR","STATE","FLORIDA","12","STRAWBERRIES, BEARING - TREATED, MEASURED IN PCT OF AREA BEARING, AVG","CHEMICAL, FUNGICIDE","CHEMICAL, FUNGICIDE: (MONO-POTASSIUM SALT = 76416)",NA
2019,"YEAR","STATE","FLORIDA","12","STRAWBERRIES, BEARING - TREATED, MEASURED IN PCT OF AREA BEARING, AVG","CHEMICAL, FUNGICIDE","CHEMICAL, FUNGICIDE: (MYCLOBUTANIL = 128857)",NA
2019,"YEAR","STATE","FLORIDA","12","STRAWBERRIES, BEARING - TREATED, MEASURED IN PCT OF AREA BEARING, AVG","CHEMICAL, FUNGICIDE","CHEMICAL, FUNGICIDE: (PENTHIOPYRAD = 90112)",NA
2019,"YEAR","STATE","FLORIDA","12","STRAWBERRIES, BEARING - TREATED, MEASURED IN PCT OF AREA BEARING, AVG","CHEMICAL, FUNGICIDE","CHEMICAL, FUNGICIDE: (PYRACLOSTROBIN = 99100)",NA
2019,"YEAR","STATE","FLORIDA","12","STRAWBERRIES, BEARING - TREATED, MEASURED IN PCT OF AREA BEARING, AVG","CHEMICAL, FUNGICIDE","CHEMICAL, FUNGICIDE: (PYRIMETHANIL = 288201)",NA
2019,"YEAR","STATE","FLORIDA","12","STRAWBERRIES, BEARING - TREATED, MEASURED IN PCT OF AREA BEARING, AVG","CHEMICAL, FUNGICIDE","CHEMICAL, FUNGICIDE: (SULFUR = 77501)",NA
2019,"YEAR","STATE","FLORIDA","12","STRAWBERRIES, BEARING - TREATED, MEASURED IN PCT OF AREA BEARING, AVG","CHEMICAL, FUNGICIDE","CHEMICAL, FUNGICIDE: (TETRACONAZOLE = 120603)",NA
2019,"YEAR","STATE","FLORIDA","12","STRAWBERRIES, BEARING - TREATED, MEASURED IN PCT OF AREA BEARING, AVG","CHEMICAL, FUNGICIDE","CHEMICAL, FUNGICIDE: (THIOPHANATE-METHYL = 102001)",21
2019,"YEAR","STATE","FLORIDA","12","STRAWBERRIES, BEARING - TREATED, MEASURED IN PCT OF AREA BEARING, AVG","CHEMICAL, FUNGICIDE","CHEMICAL, FUNGICIDE: (THIRAM = 79801)",54
2019,"YEAR","STATE","FLORIDA","12","STRAWBERRIES, BEARING - TREATED, MEASURED IN PCT OF AREA BEARING, AVG","CHEMICAL, FUNGICIDE","CHEMICAL, FUNGICIDE: (TOTAL)",95
2019,"YEAR","STATE","FLORIDA","12","STRAWBERRIES, BEARING - TREATED, MEASURED IN PCT OF AREA BEARING, AVG","CHEMICAL, FUNGICIDE","CHEMICAL, FUNGICIDE: (TRIFLUMIZOLE = 128879)",NA
2019,"YEAR","STATE","FLORIDA","12","STRAWBERRIES, BEARING - TREATED, MEASURED IN PCT OF AREA BEARING, AVG","CHEMICAL, HERBICIDE","CHEMICAL, HERBICIDE: (2,4-D, DIMETH. SALT = 30019)",NA
2019,"YEAR","STATE","FLORIDA","12","STRAWBERRIES, BEARING - TREATED, MEASURED IN PCT OF AREA BEARING, AVG","CHEMICAL, HERBICIDE","CHEMICAL, HERBICIDE: (2,4-D, TRIISO. SALT = 30035)",NA
2019,"YEAR","STATE","FLORIDA","12","STRAWBERRIES, BEARING - TREATED, MEASURED IN PCT OF AREA BEARING, AVG","CHEMICAL, HERBICIDE","CHEMICAL, HERBICIDE: (GLYPHOSATE ISO. SALT = 103601)",NA
2019,"YEAR","STATE","FLORIDA","12","STRAWBERRIES, BEARING - TREATED, MEASURED IN PCT OF AREA BEARING, AVG","CHEMICAL, HERBICIDE","CHEMICAL, HERBICIDE: (GLYPHOSATE POT. SALT = 103613)",NA
2019,"YEAR","STATE","FLORIDA","12","STRAWBERRIES, BEARING - TREATED, MEASURED IN PCT OF AREA BEARING, AVG","CHEMICAL, HERBICIDE","CHEMICAL, HERBICIDE: (PARAQUAT = 61601)",NA
2019,"YEAR","STATE","FLORIDA","12","STRAWBERRIES, BEARING - TREATED, MEASURED IN PCT OF AREA BEARING, AVG","CHEMICAL, HERBICIDE","CHEMICAL, HERBICIDE: (TOTAL)",15
2019,"YEAR","STATE","FLORIDA","12","STRAWBERRIES, BEARING - TREATED, MEASURED IN PCT OF AREA BEARING, AVG","CHEMICAL, INSECTICIDE","CHEMICAL, INSECTICIDE: (ABAMECTIN = 122804)",18
2019,"YEAR","STATE","FLORIDA","12","STRAWBERRIES, BEARING - TREATED, MEASURED IN PCT OF AREA BEARING, AVG","CHEMICAL, INSECTICIDE","CHEMICAL, INSECTICIDE: (ACETAMIPRID = 99050)",13
2019,"YEAR","STATE","FLORIDA","12","STRAWBERRIES, BEARING - TREATED, MEASURED IN PCT OF AREA BEARING, AVG","CHEMICAL, INSECTICIDE","CHEMICAL, INSECTICIDE: (BIFENAZATE = 586)",11
2019,"YEAR","STATE","FLORIDA","12","STRAWBERRIES, BEARING - TREATED, MEASURED IN PCT OF AREA BEARING, AVG","CHEMICAL, INSECTICIDE","CHEMICAL, INSECTICIDE: (BIFENTHRIN = 128825)",35
2019,"YEAR","STATE","FLORIDA","12","STRAWBERRIES, BEARING - TREATED, MEASURED IN PCT OF AREA BEARING, AVG","CHEMICAL, INSECTICIDE","CHEMICAL, INSECTICIDE: (BT KURSTAKI ABTS-351 = 6522)",NA
2019,"YEAR","STATE","FLORIDA","12","STRAWBERRIES, BEARING - TREATED, MEASURED IN PCT OF AREA BEARING, AVG","CHEMICAL, INSECTICIDE","CHEMICAL, INSECTICIDE: (CHLORANTRANILIPROLE = 90100)",16
2019,"YEAR","STATE","FLORIDA","12","STRAWBERRIES, BEARING - TREATED, MEASURED IN PCT OF AREA BEARING, AVG","CHEMICAL, INSECTICIDE","CHEMICAL, INSECTICIDE: (CYANTRANILIPROLE = 90098)",NA
2019,"YEAR","STATE","FLORIDA","12","STRAWBERRIES, BEARING - TREATED, MEASURED IN PCT OF AREA BEARING, AVG","CHEMICAL, INSECTICIDE","CHEMICAL, INSECTICIDE: (CYFLUMETOFEN = 138831)",NA
2019,"YEAR","STATE","FLORIDA","12","STRAWBERRIES, BEARING - TREATED, MEASURED IN PCT OF AREA BEARING, AVG","CHEMICAL, INSECTICIDE","CHEMICAL, INSECTICIDE: (CYPERMETHRIN = 109702)",NA
2019,"YEAR","STATE","FLORIDA","12","STRAWBERRIES, BEARING - TREATED, MEASURED IN PCT OF AREA BEARING, AVG","CHEMICAL, INSECTICIDE","CHEMICAL, INSECTICIDE: (FENPYROXIMATE = 129131)",NA
2019,"YEAR","STATE","FLORIDA","12","STRAWBERRIES, BEARING - TREATED, MEASURED IN PCT OF AREA BEARING, AVG","CHEMICAL, INSECTICIDE","CHEMICAL, INSECTICIDE: (HEXYTHIAZOX = 128849)",NA
2019,"YEAR","STATE","FLORIDA","12","STRAWBERRIES, BEARING - TREATED, MEASURED IN PCT OF AREA BEARING, AVG","CHEMICAL, INSECTICIDE","CHEMICAL, INSECTICIDE: (IMIDACLOPRID = 129099)",NA
2019,"YEAR","STATE","FLORIDA","12","STRAWBERRIES, BEARING - TREATED, MEASURED IN PCT OF AREA BEARING, AVG","CHEMICAL, INSECTICIDE","CHEMICAL, INSECTICIDE: (MALATHION = 57701)",NA
2019,"YEAR","STATE","FLORIDA","12","STRAWBERRIES, BEARING - TREATED, MEASURED IN PCT OF AREA BEARING, AVG","CHEMICAL, INSECTICIDE","CHEMICAL, INSECTICIDE: (METHOXYFENOZIDE = 121027)",NA
2019,"YEAR","STATE","FLORIDA","12","STRAWBERRIES, BEARING - TREATED, MEASURED IN PCT OF AREA BEARING, AVG","CHEMICAL, INSECTICIDE","CHEMICAL, INSECTICIDE: (NALED = 34401)",NA
2019,"YEAR","STATE","FLORIDA","12","STRAWBERRIES, BEARING - TREATED, MEASURED IN PCT OF AREA BEARING, AVG","CHEMICAL, INSECTICIDE","CHEMICAL, INSECTICIDE: (NOVALURON = 124002)",46
2019,"YEAR","STATE","FLORIDA","12","STRAWBERRIES, BEARING - TREATED, MEASURED IN PCT OF AREA BEARING, AVG","CHEMICAL, INSECTICIDE","CHEMICAL, INSECTICIDE: (SPINETORAM = 110007)",55
2019,"YEAR","STATE","FLORIDA","12","STRAWBERRIES, BEARING - TREATED, MEASURED IN PCT OF AREA BEARING, AVG","CHEMICAL, INSECTICIDE","CHEMICAL, INSECTICIDE: (SPIROMESIFEN = 24875)",NA
2019,"YEAR","STATE","FLORIDA","12","STRAWBERRIES, BEARING - TREATED, MEASURED IN PCT OF AREA BEARING, AVG","CHEMICAL, INSECTICIDE","CHEMICAL, INSECTICIDE: (THIAMETHOXAM = 60109)",16
2019,"YEAR","STATE","FLORIDA","12","STRAWBERRIES, BEARING - TREATED, MEASURED IN PCT OF AREA BEARING, AVG","CHEMICAL, INSECTICIDE","CHEMICAL, INSECTICIDE: (TOTAL)",97
2019,"YEAR","STATE","FLORIDA","12","STRAWBERRIES, BEARING - TREATED, MEASURED IN PCT OF AREA BEARING, AVG","CHEMICAL, OTHER","CHEMICAL, OTHER: (ACIBENZOLAR-S-METHYL = 61402)",NA
2019,"YEAR","STATE","FLORIDA","12","STRAWBERRIES, BEARING - TREATED, MEASURED IN PCT OF AREA BEARING, AVG","CHEMICAL, OTHER","CHEMICAL, OTHER: (ALKYL. DIM. BENZ. AM = 69105)",NA
2019,"YEAR","STATE","FLORIDA","12","STRAWBERRIES, BEARING - TREATED, MEASURED IN PCT OF AREA BEARING, AVG","CHEMICAL, OTHER","CHEMICAL, OTHER: (CHLOROPICRIN = 81501)",NA
2019,"YEAR","STATE","FLORIDA","12","STRAWBERRIES, BEARING - TREATED, MEASURED IN PCT OF AREA BEARING, AVG","CHEMICAL, OTHER","CHEMICAL, OTHER: (DECYLDIMETHYLOCTYL = 69165)",NA
2019,"YEAR","STATE","FLORIDA","12","STRAWBERRIES, BEARING - TREATED, MEASURED IN PCT OF AREA BEARING, AVG","CHEMICAL, OTHER","CHEMICAL, OTHER: (DICHLOROPROPENE = 29001)",NA
2019,"YEAR","STATE","FLORIDA","12","STRAWBERRIES, BEARING - TREATED, MEASURED IN PCT OF AREA BEARING, AVG","CHEMICAL, OTHER","CHEMICAL, OTHER: (DIDECYL DIM. AMMON. = 69166)",NA
2019,"YEAR","STATE","FLORIDA","12","STRAWBERRIES, BEARING - TREATED, MEASURED IN PCT OF AREA BEARING, AVG","CHEMICAL, OTHER","CHEMICAL, OTHER: (DIMETHYLDIOCTYL = 69149)",NA
2019,"YEAR","STATE","FLORIDA","12","STRAWBERRIES, BEARING - TREATED, MEASURED IN PCT OF AREA BEARING, AVG","CHEMICAL, OTHER","CHEMICAL, OTHER: (FLUTRIAFOL = 128940)",NA
2019,"YEAR","STATE","FLORIDA","12","STRAWBERRIES, BEARING - TREATED, MEASURED IN PCT OF AREA BEARING, AVG","CHEMICAL, OTHER","CHEMICAL, OTHER: (HYDROGEN PEROXIDE = 595)",NA
2019,"YEAR","STATE","FLORIDA","12","STRAWBERRIES, BEARING - TREATED, MEASURED IN PCT OF AREA BEARING, AVG","CHEMICAL, OTHER","CHEMICAL, OTHER: (PEROXYACETIC ACID = 63201)",NA
2019,"YEAR","STATE","FLORIDA","12","STRAWBERRIES, BEARING - TREATED, MEASURED IN PCT OF AREA BEARING, AVG","CHEMICAL, OTHER","CHEMICAL, OTHER: (REYNOUTRIA SACHALINE = 55809)",NA
2019,"YEAR","STATE","FLORIDA","12","STRAWBERRIES, BEARING - TREATED, MEASURED IN PCT OF AREA BEARING, AVG","CHEMICAL, OTHER","CHEMICAL, OTHER: (TOTAL)",17
2019,"YEAR","STATE","FLORIDA","12","STRAWBERRIES, BEARING - TREATED, MEASURED IN PCT OF AREA BEARING, AVG","FERTILIZER","FERTILIZER: (NITROGEN)",83
2019,"YEAR","STATE","FLORIDA","12","STRAWBERRIES, BEARING - TREATED, MEASURED IN PCT OF AREA BEARING, AVG","FERTILIZER","FERTILIZER: (PHOSPHATE)",52
2019,"YEAR","STATE","FLORIDA","12","STRAWBERRIES, BEARING - TREATED, MEASURED IN PCT OF AREA BEARING, AVG","FERTILIZER","FERTILIZER: (POTASH)",91
2019,"YEAR","STATE","FLORIDA","12","STRAWBERRIES, BEARING - TREATED, MEASURED IN PCT OF AREA BEARING, AVG","FERTILIZER","FERTILIZER: (SULFUR)",NA
2019,"YEAR","STATE","FLORIDA","12","STRAWBERRIES, FRESH MARKET - PRODUCTION, MEASURED IN $","TOTAL","NOT SPECIFIED",NA
2019,"YEAR","STATE","FLORIDA","12","STRAWBERRIES, FRESH MARKET, UTILIZED - PRODUCTION, MEASURED IN CWT","TOTAL","NOT SPECIFIED",NA
2019,"YEAR","STATE","FLORIDA","12","STRAWBERRIES, NOT SOLD - PRODUCTION, MEASURED IN CWT","TOTAL","NOT SPECIFIED",0
2019,"YEAR","STATE","FLORIDA","12","STRAWBERRIES, PROCESSING - PRODUCTION, MEASURED IN $","TOTAL","NOT SPECIFIED",NA
2019,"YEAR","STATE","FLORIDA","12","STRAWBERRIES, PROCESSING, UTILIZED - PRODUCTION, MEASURED IN CWT","TOTAL","NOT SPECIFIED",NA
2019,"YEAR","STATE","FLORIDA","12","STRAWBERRIES, UTILIZED - PRODUCTION, MEASURED IN CWT","TOTAL","NOT SPECIFIED",2680000
2019,"YEAR","STATE","OTHER STATES",NA,"STRAWBERRIES, FRESH MARKET - PRODUCTION, MEASURED IN $","TOTAL","NOT SPECIFIED",2501482000
2019,"YEAR","STATE","OTHER STATES",NA,"STRAWBERRIES, FRESH MARKET, UTILIZED - PRODUCTION, MEASURED IN CWT","TOTAL","NOT SPECIFIED",19251000
2019,"YEAR","STATE","OTHER STATES",NA,"STRAWBERRIES, PROCESSING - PRODUCTION, MEASURED IN $","TOTAL","NOT SPECIFIED",248479000
2019,"YEAR","STATE","OTHER STATES",NA,"STRAWBERRIES, PROCESSING, UTILIZED - PRODUCTION, MEASURED IN CWT","TOTAL","NOT SPECIFIED",4707700
2018,"MARKETING YEAR","NATIONAL","US TOTAL",NA,"STRAWBERRIES - PRICE RECEIVED, MEASURED IN $ / CWT","TOTAL","NOT SPECIFIED",93.5
2018,"MARKETING YEAR","NATIONAL","US TOTAL",NA,"STRAWBERRIES, FRESH MARKET - PRICE RECEIVED, MEASURED IN $ / CWT","TOTAL","NOT SPECIFIED",106
2018,"MARKETING YEAR","NATIONAL","US TOTAL",NA,"STRAWBERRIES, PROCESSING - PRICE RECEIVED, MEASURED IN $ / CWT","TOTAL","NOT SPECIFIED",43.7
2018,"MARKETING YEAR","NATIONAL","US TOTAL",NA,"STRAWBERRIES, PROCESSING - PRICE RECEIVED, MEASURED IN $ / TON","TOTAL","NOT SPECIFIED",760
2018,"MARKETING YEAR","STATE","CALIFORNIA","06","STRAWBERRIES - PRICE RECEIVED, MEASURED IN $ / CWT","TOTAL","NOT SPECIFIED",90.9
2018,"MARKETING YEAR","STATE","CALIFORNIA","06","STRAWBERRIES, FRESH MARKET - PRICE RECEIVED, MEASURED IN $ / CWT","TOTAL","NOT SPECIFIED",104
2018,"MARKETING YEAR","STATE","CALIFORNIA","06","STRAWBERRIES, PROCESSING - PRICE RECEIVED, MEASURED IN $ / CWT","TOTAL","NOT SPECIFIED",42.2
2018,"MARKETING YEAR","STATE","CALIFORNIA","06","STRAWBERRIES, PROCESSING - PRICE RECEIVED, MEASURED IN $ / TON","TOTAL","NOT SPECIFIED",730
2018,"MARKETING YEAR","STATE","FLORIDA","12","STRAWBERRIES - PRICE RECEIVED, MEASURED IN $ / CWT","TOTAL","NOT SPECIFIED",115
2018,"MARKETING YEAR","STATE","FLORIDA","12","STRAWBERRIES, FRESH MARKET - PRICE RECEIVED, MEASURED IN $ / CWT","TOTAL","NOT SPECIFIED",115
2018,"MARKETING YEAR","STATE","FLORIDA","12","STRAWBERRIES, PROCESSING - PRICE RECEIVED, MEASURED IN $ / CWT","TOTAL","NOT SPECIFIED",0
2018,"MARKETING YEAR","STATE","FLORIDA","12","STRAWBERRIES, PROCESSING - PRICE RECEIVED, MEASURED IN $ / TON","TOTAL","NOT SPECIFIED",0
2018,"MARKETING YEAR","STATE","NEW YORK","36","STRAWBERRIES - PRICE RECEIVED, MEASURED IN $ / CWT","TOTAL","NOT SPECIFIED",204
2018,"MARKETING YEAR","STATE","NEW YORK","36","STRAWBERRIES, FRESH MARKET - PRICE RECEIVED, MEASURED IN $ / CWT","TOTAL","NOT SPECIFIED",NA
2018,"MARKETING YEAR","STATE","NEW YORK","36","STRAWBERRIES, PROCESSING - PRICE RECEIVED, MEASURED IN $ / CWT","TOTAL","NOT SPECIFIED",NA
2018,"MARKETING YEAR","STATE","NORTH CAROLINA","37","STRAWBERRIES - PRICE RECEIVED, MEASURED IN $ / CWT","TOTAL","NOT SPECIFIED",171
2018,"MARKETING YEAR","STATE","NORTH CAROLINA","37","STRAWBERRIES, FRESH MARKET - PRICE RECEIVED, MEASURED IN $ / CWT","TOTAL","NOT SPECIFIED",171
2018,"MARKETING YEAR","STATE","NORTH CAROLINA","37","STRAWBERRIES, PROCESSING - PRICE RECEIVED, MEASURED IN $ / CWT","TOTAL","NOT SPECIFIED",0
2018,"MARKETING YEAR","STATE","NORTH CAROLINA","37","STRAWBERRIES, PROCESSING - PRICE RECEIVED, MEASURED IN $ / TON","TOTAL","NOT SPECIFIED",0
2018,"MARKETING YEAR","STATE","OREGON","41","STRAWBERRIES - PRICE RECEIVED, MEASURED IN $ / CWT","TOTAL","NOT SPECIFIED",107
2018,"MARKETING YEAR","STATE","OREGON","41","STRAWBERRIES, FRESH MARKET - PRICE RECEIVED, MEASURED IN $ / CWT","TOTAL","NOT SPECIFIED",NA
2018,"MARKETING YEAR","STATE","OREGON","41","STRAWBERRIES, PROCESSING - PRICE RECEIVED, MEASURED IN $ / CWT","TOTAL","NOT SPECIFIED",NA
2018,"MARKETING YEAR","STATE","OTHER STATES",NA,"STRAWBERRIES, FRESH MARKET - PRICE RECEIVED, MEASURED IN $ / CWT","TOTAL","NOT SPECIFIED",212
2018,"MARKETING YEAR","STATE","OTHER STATES",NA,"STRAWBERRIES, PROCESSING - PRICE RECEIVED, MEASURED IN $ / CWT","TOTAL","NOT SPECIFIED",88
2018,"MARKETING YEAR","STATE","WASHINGTON","53","STRAWBERRIES - PRICE RECEIVED, MEASURED IN $ / CWT","TOTAL","NOT SPECIFIED",107
2018,"MARKETING YEAR","STATE","WASHINGTON","53","STRAWBERRIES, FRESH MARKET - PRICE RECEIVED, MEASURED IN $ / CWT","TOTAL","NOT SPECIFIED",NA
2018,"MARKETING YEAR","STATE","WASHINGTON","53","STRAWBERRIES, PROCESSING - PRICE RECEIVED, MEASURED IN $ / CWT","TOTAL","NOT SPECIFIED",NA
2018,"YEAR","NATIONAL","US TOTAL",NA,"STRAWBERRIES - ACRES HARVESTED","TOTAL","NOT SPECIFIED",49320
2018,"YEAR","NATIONAL","US TOTAL",NA,"STRAWBERRIES - ACRES PLANTED","TOTAL","NOT SPECIFIED",49800
2018,"YEAR","NATIONAL","US TOTAL",NA,"STRAWBERRIES - PRODUCTION, MEASURED IN $","TOTAL","NOT SPECIFIED",2472447000
2018,"YEAR","NATIONAL","US TOTAL",NA,"STRAWBERRIES - PRODUCTION, MEASURED IN CWT","TOTAL","NOT SPECIFIED",26480000
2018,"YEAR","NATIONAL","US TOTAL",NA,"STRAWBERRIES - YIELD, MEASURED IN CWT / ACRE","TOTAL","NOT SPECIFIED",537
2018,"YEAR","NATIONAL","US TOTAL",NA,"STRAWBERRIES, FRESH MARKET - PRODUCTION, MEASURED IN $","TOTAL","NOT SPECIFIED",2242706000
2018,"YEAR","NATIONAL","US TOTAL",NA,"STRAWBERRIES, FRESH MARKET, UTILIZED - PRODUCTION, MEASURED IN CWT","TOTAL","NOT SPECIFIED",21196100
2018,"YEAR","NATIONAL","US TOTAL",NA,"STRAWBERRIES, NOT SOLD - PRODUCTION, MEASURED IN CWT","TOTAL","NOT SPECIFIED",25100
2018,"YEAR","NATIONAL","US TOTAL",NA,"STRAWBERRIES, PROCESSING - PRODUCTION, MEASURED IN $","TOTAL","NOT SPECIFIED",229741000
2018,"YEAR","NATIONAL","US TOTAL",NA,"STRAWBERRIES, PROCESSING, UTILIZED - PRODUCTION, MEASURED IN CWT","TOTAL","NOT SPECIFIED",5258800
2018,"YEAR","NATIONAL","US TOTAL",NA,"STRAWBERRIES, PROCESSING, UTILIZED - PRODUCTION, MEASURED IN TONS","TOTAL","NOT SPECIFIED",284740
2018,"YEAR","NATIONAL","US TOTAL",NA,"STRAWBERRIES, UTILIZED - PRODUCTION, MEASURED IN CWT","TOTAL","NOT SPECIFIED",26454900
2018,"YEAR","STATE","CALIFORNIA","06","STRAWBERRIES - ACRES HARVESTED","TOTAL","NOT SPECIFIED",36300
2018,"YEAR","STATE","CALIFORNIA","06","STRAWBERRIES - ACRES PLANTED","TOTAL","NOT SPECIFIED",36300
2018,"YEAR","STATE","CALIFORNIA","06","STRAWBERRIES - PRODUCTION, MEASURED IN $","TOTAL","NOT SPECIFIED",2179066000
2018,"YEAR","STATE","CALIFORNIA","06","STRAWBERRIES - PRODUCTION, MEASURED IN CWT","TOTAL","NOT SPECIFIED",24000000
2018,"YEAR","STATE","CALIFORNIA","06","STRAWBERRIES - YIELD, MEASURED IN CWT / ACRE","TOTAL","NOT SPECIFIED",660
2018,"YEAR","STATE","CALIFORNIA","06","STRAWBERRIES, BEARING - APPLICATIONS, MEASURED IN LB","CHEMICAL, FUNGICIDE","CHEMICAL, FUNGICIDE: (AZOXYSTROBIN = 128810)",1100
2018,"YEAR","STATE","CALIFORNIA","06","STRAWBERRIES, BEARING - APPLICATIONS, MEASURED IN LB","CHEMICAL, FUNGICIDE","CHEMICAL, FUNGICIDE: (BACILLUS AMYLOLIQUEFACIENS MBI 600 = 129082)",NA
2018,"YEAR","STATE","CALIFORNIA","06","STRAWBERRIES, BEARING - APPLICATIONS, MEASURED IN LB","CHEMICAL, FUNGICIDE","CHEMICAL, FUNGICIDE: (BACILLUS AMYLOLIQUEFACIENS STRAIN D747 = 16482)",NA
2018,"YEAR","STATE","CALIFORNIA","06","STRAWBERRIES, BEARING - APPLICATIONS, MEASURED IN LB","CHEMICAL, FUNGICIDE","CHEMICAL, FUNGICIDE: (BACILLUS PUMILUS = 6485)",NA
2018,"YEAR","STATE","CALIFORNIA","06","STRAWBERRIES, BEARING - APPLICATIONS, MEASURED IN LB","CHEMICAL, FUNGICIDE","CHEMICAL, FUNGICIDE: (BACILLUS SUBTILIS = 6479)",NA
2018,"YEAR","STATE","CALIFORNIA","06","STRAWBERRIES, BEARING - APPLICATIONS, MEASURED IN LB","CHEMICAL, FUNGICIDE","CHEMICAL, FUNGICIDE: (BLAD = 30006)",NA
2018,"YEAR","STATE","CALIFORNIA","06","STRAWBERRIES, BEARING - APPLICATIONS, MEASURED IN LB","CHEMICAL, FUNGICIDE","CHEMICAL, FUNGICIDE: (BORAX DECAHYDRATE = 11102)",NA
2018,"YEAR","STATE","CALIFORNIA","06","STRAWBERRIES, BEARING - APPLICATIONS, MEASURED IN LB","CHEMICAL, FUNGICIDE","CHEMICAL, FUNGICIDE: (BOSCALID = 128008)",1800
2018,"YEAR","STATE","CALIFORNIA","06","STRAWBERRIES, BEARING - APPLICATIONS, MEASURED IN LB","CHEMICAL, FUNGICIDE","CHEMICAL, FUNGICIDE: (CAPTAN = 81301)",94800
2018,"YEAR","STATE","CALIFORNIA","06","STRAWBERRIES, BEARING - APPLICATIONS, MEASURED IN LB","CHEMICAL, FUNGICIDE","CHEMICAL, FUNGICIDE: (COPPER HYDROXIDE = 23401)",NA
2018,"YEAR","STATE","CALIFORNIA","06","STRAWBERRIES, BEARING - APPLICATIONS, MEASURED IN LB","CHEMICAL, FUNGICIDE","CHEMICAL, FUNGICIDE: (COPPER OCTANOATE = 23306)",NA
2018,"YEAR","STATE","CALIFORNIA","06","STRAWBERRIES, BEARING - APPLICATIONS, MEASURED IN LB","CHEMICAL, FUNGICIDE","CHEMICAL, FUNGICIDE: (CYFLUFENAMID = 555550)",100
2018,"YEAR","STATE","CALIFORNIA","06","STRAWBERRIES, BEARING - APPLICATIONS, MEASURED IN LB","CHEMICAL, FUNGICIDE","CHEMICAL, FUNGICIDE: (CYPRODINIL = 288202)",4900
2018,"YEAR","STATE","CALIFORNIA","06","STRAWBERRIES, BEARING - APPLICATIONS, MEASURED IN LB","CHEMICAL, FUNGICIDE","CHEMICAL, FUNGICIDE: (DIFENOCONAZOLE = 128847)",NA
2018,"YEAR","STATE","CALIFORNIA","06","STRAWBERRIES, BEARING - APPLICATIONS, MEASURED IN LB","CHEMICAL, FUNGICIDE","CHEMICAL, FUNGICIDE: (FENHEXAMID = 90209)",3100
2018,"YEAR","STATE","CALIFORNIA","06","STRAWBERRIES, BEARING - APPLICATIONS, MEASURED IN LB","CHEMICAL, FUNGICIDE","CHEMICAL, FUNGICIDE: (FLUDIOXONIL = 71503)",3300
2018,"YEAR","STATE","CALIFORNIA","06","STRAWBERRIES, BEARING - APPLICATIONS, MEASURED IN LB","CHEMICAL, FUNGICIDE","CHEMICAL, FUNGICIDE: (FLUOPYRAM = 80302)",1600
2018,"YEAR","STATE","CALIFORNIA","06","STRAWBERRIES, BEARING - APPLICATIONS, MEASURED IN LB","CHEMICAL, FUNGICIDE","CHEMICAL, FUNGICIDE: (FLUXAPYROXAD = 138009)",1100
2018,"YEAR","STATE","CALIFORNIA","06","STRAWBERRIES, BEARING - APPLICATIONS, MEASURED IN LB","CHEMICAL, FUNGICIDE","CHEMICAL, FUNGICIDE: (FOSETYL-AL = 123301)",NA
2018,"YEAR","STATE","CALIFORNIA","06","STRAWBERRIES, BEARING - APPLICATIONS, MEASURED IN LB","CHEMICAL, FUNGICIDE","CHEMICAL, FUNGICIDE: (IPRODIONE = 109801)",NA
2018,"YEAR","STATE","CALIFORNIA","06","STRAWBERRIES, BEARING - APPLICATIONS, MEASURED IN LB","CHEMICAL, FUNGICIDE","CHEMICAL, FUNGICIDE: (ISOFETAMID = 270000)",NA
2018,"YEAR","STATE","CALIFORNIA","06","STRAWBERRIES, BEARING - APPLICATIONS, MEASURED IN LB","CHEMICAL, FUNGICIDE","CHEMICAL, FUNGICIDE: (MEFENOXAM = 113502)",2000
2018,"YEAR","STATE","CALIFORNIA","06","STRAWBERRIES, BEARING - APPLICATIONS, MEASURED IN LB","CHEMICAL, FUNGICIDE","CHEMICAL, FUNGICIDE: (MYCLOBUTANIL = 128857)",1100
2018,"YEAR","STATE","CALIFORNIA","06","STRAWBERRIES, BEARING - APPLICATIONS, MEASURED IN LB","CHEMICAL, FUNGICIDE","CHEMICAL, FUNGICIDE: (PENTHIOPYRAD = 90112)",2900
2018,"YEAR","STATE","CALIFORNIA","06","STRAWBERRIES, BEARING - APPLICATIONS, MEASURED IN LB","CHEMICAL, FUNGICIDE","CHEMICAL, FUNGICIDE: (POLYOXIN D ZINC SALT = 230000)",300
2018,"YEAR","STATE","CALIFORNIA","06","STRAWBERRIES, BEARING - APPLICATIONS, MEASURED IN LB","CHEMICAL, FUNGICIDE","CHEMICAL, FUNGICIDE: (POTASSIUM BICARBON. = 73508)",15200
2018,"YEAR","STATE","CALIFORNIA","06","STRAWBERRIES, BEARING - APPLICATIONS, MEASURED IN LB","CHEMICAL, FUNGICIDE","CHEMICAL, FUNGICIDE: (PROPICONAZOLE = 122101)",1000
2018,"YEAR","STATE","CALIFORNIA","06","STRAWBERRIES, BEARING - APPLICATIONS, MEASURED IN LB","CHEMICAL, FUNGICIDE","CHEMICAL, FUNGICIDE: (PYRACLOSTROBIN = 99100)",2300
2018,"YEAR","STATE","CALIFORNIA","06","STRAWBERRIES, BEARING - APPLICATIONS, MEASURED IN LB","CHEMICAL, FUNGICIDE","CHEMICAL, FUNGICIDE: (PYRIMETHANIL = 288201)",2800
2018,"YEAR","STATE","CALIFORNIA","06","STRAWBERRIES, BEARING - APPLICATIONS, MEASURED IN LB","CHEMICAL, FUNGICIDE","CHEMICAL, FUNGICIDE: (QUINOLINE = 55459)",900
2018,"YEAR","STATE","CALIFORNIA","06","STRAWBERRIES, BEARING - APPLICATIONS, MEASURED IN LB","CHEMICAL, FUNGICIDE","CHEMICAL, FUNGICIDE: (STREPTOMYCES LYDICUS = 6327)",NA
2018,"YEAR","STATE","CALIFORNIA","06","STRAWBERRIES, BEARING - APPLICATIONS, MEASURED IN LB","CHEMICAL, FUNGICIDE","CHEMICAL, FUNGICIDE: (SULFUR = 77501)",298200
2018,"YEAR","STATE","CALIFORNIA","06","STRAWBERRIES, BEARING - APPLICATIONS, MEASURED IN LB","CHEMICAL, FUNGICIDE","CHEMICAL, FUNGICIDE: (TETRACONAZOLE = 120603)",400
2018,"YEAR","STATE","CALIFORNIA","06","STRAWBERRIES, BEARING - APPLICATIONS, MEASURED IN LB","CHEMICAL, FUNGICIDE","CHEMICAL, FUNGICIDE: (THIOPHANATE-METHYL = 102001)",1100
2018,"YEAR","STATE","CALIFORNIA","06","STRAWBERRIES, BEARING - APPLICATIONS, MEASURED IN LB","CHEMICAL, FUNGICIDE","CHEMICAL, FUNGICIDE: (THIRAM = 79801)",20100
2018,"YEAR","STATE","CALIFORNIA","06","STRAWBERRIES, BEARING - APPLICATIONS, MEASURED IN LB","CHEMICAL, FUNGICIDE","CHEMICAL, FUNGICIDE: (TOTAL)",466900
2018,"YEAR","STATE","CALIFORNIA","06","STRAWBERRIES, BEARING - APPLICATIONS, MEASURED IN LB","CHEMICAL, FUNGICIDE","CHEMICAL, FUNGICIDE: (TRIFLOXYSTROBIN = 129112)",2000
2018,"YEAR","STATE","CALIFORNIA","06","STRAWBERRIES, BEARING - APPLICATIONS, MEASURED IN LB","CHEMICAL, FUNGICIDE","CHEMICAL, FUNGICIDE: (TRIFLUMIZOLE = 128879)",1900
2018,"YEAR","STATE","CALIFORNIA","06","STRAWBERRIES, BEARING - APPLICATIONS, MEASURED IN LB","CHEMICAL, HERBICIDE","CHEMICAL, HERBICIDE: (FLUMIOXAZIN = 129034)",100
2018,"YEAR","STATE","CALIFORNIA","06","STRAWBERRIES, BEARING - APPLICATIONS, MEASURED IN LB","CHEMICAL, HERBICIDE","CHEMICAL, HERBICIDE: (GLYPHOSATE ISO. SALT = 103601)",NA
2018,"YEAR","STATE","CALIFORNIA","06","STRAWBERRIES, BEARING - APPLICATIONS, MEASURED IN LB","CHEMICAL, HERBICIDE","CHEMICAL, HERBICIDE: (GLYPHOSATE POT. SALT = 103613)",NA
2018,"YEAR","STATE","CALIFORNIA","06","STRAWBERRIES, BEARING - APPLICATIONS, MEASURED IN LB","CHEMICAL, HERBICIDE","CHEMICAL, HERBICIDE: (NAPROPAMIDE = 103001)",NA
2018,"YEAR","STATE","CALIFORNIA","06","STRAWBERRIES, BEARING - APPLICATIONS, MEASURED IN LB","CHEMICAL, HERBICIDE","CHEMICAL, HERBICIDE: (OXYFLUORFEN = 111601)",800
2018,"YEAR","STATE","CALIFORNIA","06","STRAWBERRIES, BEARING - APPLICATIONS, MEASURED IN LB","CHEMICAL, HERBICIDE","CHEMICAL, HERBICIDE: (PENDIMETHALIN = 108501)",2700
2018,"YEAR","STATE","CALIFORNIA","06","STRAWBERRIES, BEARING - APPLICATIONS, MEASURED IN LB","CHEMICAL, HERBICIDE","CHEMICAL, HERBICIDE: (SULFENTRAZONE = 129081)",NA
2018,"YEAR","STATE","CALIFORNIA","06","STRAWBERRIES, BEARING - APPLICATIONS, MEASURED IN LB","CHEMICAL, HERBICIDE","CHEMICAL, HERBICIDE: (TOTAL)",7200
2018,"YEAR","STATE","CALIFORNIA","06","STRAWBERRIES, BEARING - APPLICATIONS, MEASURED IN LB","CHEMICAL, INSECTICIDE","CHEMICAL, INSECTICIDE: (ABAMECTIN = 122804)",200
2018,"YEAR","STATE","CALIFORNIA","06","STRAWBERRIES, BEARING - APPLICATIONS, MEASURED IN LB","CHEMICAL, INSECTICIDE","CHEMICAL, INSECTICIDE: (ACEQUINOCYL = 6329)",1400
2018,"YEAR","STATE","CALIFORNIA","06","STRAWBERRIES, BEARING - APPLICATIONS, MEASURED IN LB","CHEMICAL, INSECTICIDE","CHEMICAL, INSECTICIDE: (ACETAMIPRID = 99050)",1200
2018,"YEAR","STATE","CALIFORNIA","06","STRAWBERRIES, BEARING - APPLICATIONS, MEASURED IN LB","CHEMICAL, INSECTICIDE","CHEMICAL, INSECTICIDE: (AZADIRACHTIN = 121701)",600
2018,"YEAR","STATE","CALIFORNIA","06","STRAWBERRIES, BEARING - APPLICATIONS, MEASURED IN LB","CHEMICAL, INSECTICIDE","CHEMICAL, INSECTICIDE: (BIFENAZATE = 586)",5100
2018,"YEAR","STATE","CALIFORNIA","06","STRAWBERRIES, BEARING - APPLICATIONS, MEASURED IN LB","CHEMICAL, INSECTICIDE","CHEMICAL, INSECTICIDE: (BIFENTHRIN = 128825)",1100
2018,"YEAR","STATE","CALIFORNIA","06","STRAWBERRIES, BEARING - APPLICATIONS, MEASURED IN LB","CHEMICAL, INSECTICIDE","CHEMICAL, INSECTICIDE: (BT KURSTAK ABTS-1857 = 6523)",NA
2018,"YEAR","STATE","CALIFORNIA","06","STRAWBERRIES, BEARING - APPLICATIONS, MEASURED IN LB","CHEMICAL, INSECTICIDE","CHEMICAL, INSECTICIDE: (BT KURSTAKI ABTS-351 = 6522)",NA
2018,"YEAR","STATE","CALIFORNIA","06","STRAWBERRIES, BEARING - APPLICATIONS, MEASURED IN LB","CHEMICAL, INSECTICIDE","CHEMICAL, INSECTICIDE: (BT KURSTAKI SA-11 = 6519)",NA
2018,"YEAR","STATE","CALIFORNIA","06","STRAWBERRIES, BEARING - APPLICATIONS, MEASURED IN LB","CHEMICAL, INSECTICIDE","CHEMICAL, INSECTICIDE: (BT SUB AIZAWAI GC-91 = 6426)",NA
2018,"YEAR","STATE","CALIFORNIA","06","STRAWBERRIES, BEARING - APPLICATIONS, MEASURED IN LB","CHEMICAL, INSECTICIDE","CHEMICAL, INSECTICIDE: (BUPROFEZIN = 275100)",NA
2018,"YEAR","STATE","CALIFORNIA","06","STRAWBERRIES, BEARING - APPLICATIONS, MEASURED IN LB","CHEMICAL, INSECTICIDE","CHEMICAL, INSECTICIDE: (BURKHOLDERIA A396 CELLS & MEDIA = 6534)",NA
2018,"YEAR","STATE","CALIFORNIA","06","STRAWBERRIES, BEARING - APPLICATIONS, MEASURED IN LB","CHEMICAL, INSECTICIDE","CHEMICAL, INSECTICIDE: (CARBARYL = 56801)",NA
2018,"YEAR","STATE","CALIFORNIA","06","STRAWBERRIES, BEARING - APPLICATIONS, MEASURED IN LB","CHEMICAL, INSECTICIDE","CHEMICAL, INSECTICIDE: (CHLORANTRANILIPROLE = 90100)",600
2018,"YEAR","STATE","CALIFORNIA","06","STRAWBERRIES, BEARING - APPLICATIONS, MEASURED IN LB","CHEMICAL, INSECTICIDE","CHEMICAL, INSECTICIDE: (CHLORPYRIFOS = 59101)",NA
2018,"YEAR","STATE","CALIFORNIA","06","STRAWBERRIES, BEARING - APPLICATIONS, MEASURED IN LB","CHEMICAL, INSECTICIDE","CHEMICAL, INSECTICIDE: (CHROMOBAC SUBTSUGAE PRAA4-1 CELLS AND SPENT MEDIA = 16329)",NA
2018,"YEAR","STATE","CALIFORNIA","06","STRAWBERRIES, BEARING - APPLICATIONS, MEASURED IN LB","CHEMICAL, INSECTICIDE","CHEMICAL, INSECTICIDE: (CYANTRANILIPROLE = 90098)",NA
2018,"YEAR","STATE","CALIFORNIA","06","STRAWBERRIES, BEARING - APPLICATIONS, MEASURED IN LB","CHEMICAL, INSECTICIDE","CHEMICAL, INSECTICIDE: (CYFLUMETOFEN = 138831)",1800
2018,"YEAR","STATE","CALIFORNIA","06","STRAWBERRIES, BEARING - APPLICATIONS, MEASURED IN LB","CHEMICAL, INSECTICIDE","CHEMICAL, INSECTICIDE: (DIAZINON = 57801)",NA
2018,"YEAR","STATE","CALIFORNIA","06","STRAWBERRIES, BEARING - APPLICATIONS, MEASURED IN LB","CHEMICAL, INSECTICIDE","CHEMICAL, INSECTICIDE: (EMAMECTIN BENZOATE = 122806)",NA
2018,"YEAR","STATE","CALIFORNIA","06","STRAWBERRIES, BEARING - APPLICATIONS, MEASURED IN LB","CHEMICAL, INSECTICIDE","CHEMICAL, INSECTICIDE: (ETOXAZOLE = 107091)",NA
2018,"YEAR","STATE","CALIFORNIA","06","STRAWBERRIES, BEARING - APPLICATIONS, MEASURED IN LB","CHEMICAL, INSECTICIDE","CHEMICAL, INSECTICIDE: (FENBUTATIN-OXIDE = 104601)",NA
2018,"YEAR","STATE","CALIFORNIA","06","STRAWBERRIES, BEARING - APPLICATIONS, MEASURED IN LB","CHEMICAL, INSECTICIDE","CHEMICAL, INSECTICIDE: (FENPROPATHRIN = 127901)",1100
2018,"YEAR","STATE","CALIFORNIA","06","STRAWBERRIES, BEARING - APPLICATIONS, MEASURED IN LB","CHEMICAL, INSECTICIDE","CHEMICAL, INSECTICIDE: (FENPYROXIMATE = 129131)",100
2018,"YEAR","STATE","CALIFORNIA","06","STRAWBERRIES, BEARING - APPLICATIONS, MEASURED IN LB","CHEMICAL, INSECTICIDE","CHEMICAL, INSECTICIDE: (FLONICAMID = 128016)",1300
2018,"YEAR","STATE","CALIFORNIA","06","STRAWBERRIES, BEARING - APPLICATIONS, MEASURED IN LB","CHEMICAL, INSECTICIDE","CHEMICAL, INSECTICIDE: (FLUPYRADIFURONE = 122304)",700
2018,"YEAR","STATE","CALIFORNIA","06","STRAWBERRIES, BEARING - APPLICATIONS, MEASURED IN LB","CHEMICAL, INSECTICIDE","CHEMICAL, INSECTICIDE: (HEXYTHIAZOX = 128849)",800
2018,"YEAR","STATE","CALIFORNIA","06","STRAWBERRIES, BEARING - APPLICATIONS, MEASURED IN LB","CHEMICAL, INSECTICIDE","CHEMICAL, INSECTICIDE: (IMIDACLOPRID = 129099)",4100
2018,"YEAR","STATE","CALIFORNIA","06","STRAWBERRIES, BEARING - APPLICATIONS, MEASURED IN LB","CHEMICAL, INSECTICIDE","CHEMICAL, INSECTICIDE: (LAMBDA-CYHALOTHRIN = 128897)",NA
2018,"YEAR","STATE","CALIFORNIA","06","STRAWBERRIES, BEARING - APPLICATIONS, MEASURED IN LB","CHEMICAL, INSECTICIDE","CHEMICAL, INSECTICIDE: (MALATHION = 57701)",8000
2018,"YEAR","STATE","CALIFORNIA","06","STRAWBERRIES, BEARING - APPLICATIONS, MEASURED IN LB","CHEMICAL, INSECTICIDE","CHEMICAL, INSECTICIDE: (METHOXYFENOZIDE = 121027)",1000
2018,"YEAR","STATE","CALIFORNIA","06","STRAWBERRIES, BEARING - APPLICATIONS, MEASURED IN LB","CHEMICAL, INSECTICIDE","CHEMICAL, INSECTICIDE: (NALED = 34401)",5000
2018,"YEAR","STATE","CALIFORNIA","06","STRAWBERRIES, BEARING - APPLICATIONS, MEASURED IN LB","CHEMICAL, INSECTICIDE","CHEMICAL, INSECTICIDE: (NEEM OIL = 25006)",NA
2018,"YEAR","STATE","CALIFORNIA","06","STRAWBERRIES, BEARING - APPLICATIONS, MEASURED IN LB","CHEMICAL, INSECTICIDE","CHEMICAL, INSECTICIDE: (NEEM OIL, CLAR. HYD. = 25007)",90500
2018,"YEAR","STATE","CALIFORNIA","06","STRAWBERRIES, BEARING - APPLICATIONS, MEASURED IN LB","CHEMICAL, INSECTICIDE","CHEMICAL, INSECTICIDE: (NOVALURON = 124002)",1700
2018,"YEAR","STATE","CALIFORNIA","06","STRAWBERRIES, BEARING - APPLICATIONS, MEASURED IN LB","CHEMICAL, INSECTICIDE","CHEMICAL, INSECTICIDE: (PIPERONYL BUTOXIDE = 67501)",NA
2018,"YEAR","STATE","CALIFORNIA","06","STRAWBERRIES, BEARING - APPLICATIONS, MEASURED IN LB","CHEMICAL, INSECTICIDE","CHEMICAL, INSECTICIDE: (POTASSIUM SALTS = 79021)",NA
2018,"YEAR","STATE","CALIFORNIA","06","STRAWBERRIES, BEARING - APPLICATIONS, MEASURED IN LB","CHEMICAL, INSECTICIDE","CHEMICAL, INSECTICIDE: (PYRETHRINS = 69001)",400
2018,"YEAR","STATE","CALIFORNIA","06","STRAWBERRIES, BEARING - APPLICATIONS, MEASURED IN LB","CHEMICAL, INSECTICIDE","CHEMICAL, INSECTICIDE: (PYRIPROXYFEN = 129032)",NA
2018,"YEAR","STATE","CALIFORNIA","06","STRAWBERRIES, BEARING - APPLICATIONS, MEASURED IN LB","CHEMICAL, INSECTICIDE","CHEMICAL, INSECTICIDE: (SPINETORAM = 110007)",800
2018,"YEAR","STATE","CALIFORNIA","06","STRAWBERRIES, BEARING - APPLICATIONS, MEASURED IN LB","CHEMICAL, INSECTICIDE","CHEMICAL, INSECTICIDE: (SPINOSAD = 110003)",700
2018,"YEAR","STATE","CALIFORNIA","06","STRAWBERRIES, BEARING - APPLICATIONS, MEASURED IN LB","CHEMICAL, INSECTICIDE","CHEMICAL, INSECTICIDE: (SPIROMESIFEN = 24875)",1000
2018,"YEAR","STATE","CALIFORNIA","06","STRAWBERRIES, BEARING - APPLICATIONS, MEASURED IN LB","CHEMICAL, INSECTICIDE","CHEMICAL, INSECTICIDE: (SPIROTETRAMAT = 392201)",NA
2018,"YEAR","STATE","CALIFORNIA","06","STRAWBERRIES, BEARING - APPLICATIONS, MEASURED IN LB","CHEMICAL, INSECTICIDE","CHEMICAL, INSECTICIDE: (SULFOXAFLOR = 5210)",NA
2018,"YEAR","STATE","CALIFORNIA","06","STRAWBERRIES, BEARING - APPLICATIONS, MEASURED IN LB","CHEMICAL, INSECTICIDE","CHEMICAL, INSECTICIDE: (THIAMETHOXAM = 60109)",400
2018,"YEAR","STATE","CALIFORNIA","06","STRAWBERRIES, BEARING - APPLICATIONS, MEASURED IN LB","CHEMICAL, INSECTICIDE","CHEMICAL, INSECTICIDE: (TOTAL)",134400
2018,"YEAR","STATE","CALIFORNIA","06","STRAWBERRIES, BEARING - APPLICATIONS, MEASURED IN LB","CHEMICAL, OTHER","CHEMICAL, OTHER: (ACIBENZOLAR-S-METHYL = 61402)",NA
2018,"YEAR","STATE","CALIFORNIA","06","STRAWBERRIES, BEARING - APPLICATIONS, MEASURED IN LB","CHEMICAL, OTHER","CHEMICAL, OTHER: (AUREOBASIDIUM PULLULANS DSM 14940 = 46010)",NA
2018,"YEAR","STATE","CALIFORNIA","06","STRAWBERRIES, BEARING - APPLICATIONS, MEASURED IN LB","CHEMICAL, OTHER","CHEMICAL, OTHER: (AUREOBASIDIUM PULLULANS DSM 14941 = 36010)",NA
2018,"YEAR","STATE","CALIFORNIA","06","STRAWBERRIES, BEARING - APPLICATIONS, MEASURED IN LB","CHEMICAL, OTHER","CHEMICAL, OTHER: (BT KURSTAKI SA-12 = 6518)",NA
2018,"YEAR","STATE","CALIFORNIA","06","STRAWBERRIES, BEARING - APPLICATIONS, MEASURED IN LB","CHEMICAL, OTHER","CHEMICAL, OTHER: (CAPRIC ACID = 128955)",NA
2018,"YEAR","STATE","CALIFORNIA","06","STRAWBERRIES, BEARING - APPLICATIONS, MEASURED IN LB","CHEMICAL, OTHER","CHEMICAL, OTHER: (CAPRYLIC ACID = 128919)",NA
2018,"YEAR","STATE","CALIFORNIA","06","STRAWBERRIES, BEARING - APPLICATIONS, MEASURED IN LB","CHEMICAL, OTHER","CHEMICAL, OTHER: (CHLOROPICRIN = 81501)",2749500
2018,"YEAR","STATE","CALIFORNIA","06","STRAWBERRIES, BEARING - APPLICATIONS, MEASURED IN LB","CHEMICAL, OTHER","CHEMICAL, OTHER: (DICHLOROPROPENE = 29001)",668000
2018,"YEAR","STATE","CALIFORNIA","06","STRAWBERRIES, BEARING - APPLICATIONS, MEASURED IN LB","CHEMICAL, OTHER","CHEMICAL, OTHER: (FLUTRIAFOL = 128940)",400
2018,"YEAR","STATE","CALIFORNIA","06","STRAWBERRIES, BEARING - APPLICATIONS, MEASURED IN LB","CHEMICAL, OTHER","CHEMICAL, OTHER: (GLIOCLADIUM VIRENS = 129000)",NA
2018,"YEAR","STATE","CALIFORNIA","06","STRAWBERRIES, BEARING - APPLICATIONS, MEASURED IN LB","CHEMICAL, OTHER","CHEMICAL, OTHER: (IRON PHOSPHATE = 34903)",NA
2018,"YEAR","STATE","CALIFORNIA","06","STRAWBERRIES, BEARING - APPLICATIONS, MEASURED IN LB","CHEMICAL, OTHER","CHEMICAL, OTHER: (METALDEHYDE = 53001)",NA
2018,"YEAR","STATE","CALIFORNIA","06","STRAWBERRIES, BEARING - APPLICATIONS, MEASURED IN LB","CHEMICAL, OTHER","CHEMICAL, OTHER: (METAM-POTASSIUM = 39002)",NA
2018,"YEAR","STATE","CALIFORNIA","06","STRAWBERRIES, BEARING - APPLICATIONS, MEASURED IN LB","CHEMICAL, OTHER","CHEMICAL, OTHER: (METAM-SODIUM = 39003)",NA
2018,"YEAR","STATE","CALIFORNIA","06","STRAWBERRIES, BEARING - APPLICATIONS, MEASURED IN LB","CHEMICAL, OTHER","CHEMICAL, OTHER: (PAECILOMYCES FUMOSOR = 115002)",NA
2018,"YEAR","STATE","CALIFORNIA","06","STRAWBERRIES, BEARING - APPLICATIONS, MEASURED IN LB","CHEMICAL, OTHER","CHEMICAL, OTHER: (POTASSIUM SILICATE = 72606)",NA
2018,"YEAR","STATE","CALIFORNIA","06","STRAWBERRIES, BEARING - APPLICATIONS, MEASURED IN LB","CHEMICAL, OTHER","CHEMICAL, OTHER: (REYNOUTRIA SACHALINE = 55809)",1700
2018,"YEAR","STATE","CALIFORNIA","06","STRAWBERRIES, BEARING - APPLICATIONS, MEASURED IN LB","CHEMICAL, OTHER","CHEMICAL, OTHER: (TOTAL)",3586800
2018,"YEAR","STATE","CALIFORNIA","06","STRAWBERRIES, BEARING - APPLICATIONS, MEASURED IN LB","FERTILIZER","FERTILIZER: (NITROGEN)",10676000
2018,"YEAR","STATE","CALIFORNIA","06","STRAWBERRIES, BEARING - APPLICATIONS, MEASURED IN LB","FERTILIZER","FERTILIZER: (PHOSPHATE)",5745000
2018,"YEAR","STATE","CALIFORNIA","06","STRAWBERRIES, BEARING - APPLICATIONS, MEASURED IN LB","FERTILIZER","FERTILIZER: (POTASH)",10583000
2018,"YEAR","STATE","CALIFORNIA","06","STRAWBERRIES, BEARING - APPLICATIONS, MEASURED IN LB","FERTILIZER","FERTILIZER: (SULFUR)",2637000
2018,"YEAR","STATE","CALIFORNIA","06","STRAWBERRIES, BEARING - APPLICATIONS, MEASURED IN LB / ACRE / APPLICATION, AVG","CHEMICAL, FUNGICIDE","CHEMICAL, FUNGICIDE: (AZOXYSTROBIN = 128810)",0.213
2018,"YEAR","STATE","CALIFORNIA","06","STRAWBERRIES, BEARING - APPLICATIONS, MEASURED IN LB / ACRE / APPLICATION, AVG","CHEMICAL, FUNGICIDE","CHEMICAL, FUNGICIDE: (BACILLUS AMYLOLIQUEFACIENS MBI 600 = 129082)",NA
2018,"YEAR","STATE","CALIFORNIA","06","STRAWBERRIES, BEARING - APPLICATIONS, MEASURED IN LB / ACRE / APPLICATION, AVG","CHEMICAL, FUNGICIDE","CHEMICAL, FUNGICIDE: (BACILLUS AMYLOLIQUEFACIENS STRAIN D747 = 16482)",NA
2018,"YEAR","STATE","CALIFORNIA","06","STRAWBERRIES, BEARING - APPLICATIONS, MEASURED IN LB / ACRE / APPLICATION, AVG","CHEMICAL, FUNGICIDE","CHEMICAL, FUNGICIDE: (BACILLUS PUMILUS = 6485)",NA
2018,"YEAR","STATE","CALIFORNIA","06","STRAWBERRIES, BEARING - APPLICATIONS, MEASURED IN LB / ACRE / APPLICATION, AVG","CHEMICAL, FUNGICIDE","CHEMICAL, FUNGICIDE: (BACILLUS SUBTILIS = 6479)",NA
2018,"YEAR","STATE","CALIFORNIA","06","STRAWBERRIES, BEARING - APPLICATIONS, MEASURED IN LB / ACRE / APPLICATION, AVG","CHEMICAL, FUNGICIDE","CHEMICAL, FUNGICIDE: (BLAD = 30006)",NA
2018,"YEAR","STATE","CALIFORNIA","06","STRAWBERRIES, BEARING - APPLICATIONS, MEASURED IN LB / ACRE / APPLICATION, AVG","CHEMICAL, FUNGICIDE","CHEMICAL, FUNGICIDE: (BORAX DECAHYDRATE = 11102)",NA
2018,"YEAR","STATE","CALIFORNIA","06","STRAWBERRIES, BEARING - APPLICATIONS, MEASURED IN LB / ACRE / APPLICATION, AVG","CHEMICAL, FUNGICIDE","CHEMICAL, FUNGICIDE: (BOSCALID = 128008)",0.358
2018,"YEAR","STATE","CALIFORNIA","06","STRAWBERRIES, BEARING - APPLICATIONS, MEASURED IN LB / ACRE / APPLICATION, AVG","CHEMICAL, FUNGICIDE","CHEMICAL, FUNGICIDE: (CAPTAN = 81301)",1.878
2018,"YEAR","STATE","CALIFORNIA","06","STRAWBERRIES, BEARING - APPLICATIONS, MEASURED IN LB / ACRE / APPLICATION, AVG","CHEMICAL, FUNGICIDE","CHEMICAL, FUNGICIDE: (COPPER HYDROXIDE = 23401)",NA
2018,"YEAR","STATE","CALIFORNIA","06","STRAWBERRIES, BEARING - APPLICATIONS, MEASURED IN LB / ACRE / APPLICATION, AVG","CHEMICAL, FUNGICIDE","CHEMICAL, FUNGICIDE: (COPPER OCTANOATE = 23306)",NA
2018,"YEAR","STATE","CALIFORNIA","06","STRAWBERRIES, BEARING - APPLICATIONS, MEASURED IN LB / ACRE / APPLICATION, AVG","CHEMICAL, FUNGICIDE","CHEMICAL, FUNGICIDE: (CYFLUFENAMID = 555550)",0.022
2018,"YEAR","STATE","CALIFORNIA","06","STRAWBERRIES, BEARING - APPLICATIONS, MEASURED IN LB / ACRE / APPLICATION, AVG","CHEMICAL, FUNGICIDE","CHEMICAL, FUNGICIDE: (CYPRODINIL = 288202)",0.32
2018,"YEAR","STATE","CALIFORNIA","06","STRAWBERRIES, BEARING - APPLICATIONS, MEASURED IN LB / ACRE / APPLICATION, AVG","CHEMICAL, FUNGICIDE","CHEMICAL, FUNGICIDE: (DIFENOCONAZOLE = 128847)",NA
2018,"YEAR","STATE","CALIFORNIA","06","STRAWBERRIES, BEARING - APPLICATIONS, MEASURED IN LB / ACRE / APPLICATION, AVG","CHEMICAL, FUNGICIDE","CHEMICAL, FUNGICIDE: (FENHEXAMID = 90209)",0.59
2018,"YEAR","STATE","CALIFORNIA","06","STRAWBERRIES, BEARING - APPLICATIONS, MEASURED IN LB / ACRE / APPLICATION, AVG","CHEMICAL, FUNGICIDE","CHEMICAL, FUNGICIDE: (FLUDIOXONIL = 71503)",0.214
2018,"YEAR","STATE","CALIFORNIA","06","STRAWBERRIES, BEARING - APPLICATIONS, MEASURED IN LB / ACRE / APPLICATION, AVG","CHEMICAL, FUNGICIDE","CHEMICAL, FUNGICIDE: (FLUOPYRAM = 80302)",0.119
2018,"YEAR","STATE","CALIFORNIA","06","STRAWBERRIES, BEARING - APPLICATIONS, MEASURED IN LB / ACRE / APPLICATION, AVG","CHEMICAL, FUNGICIDE","CHEMICAL, FUNGICIDE: (FLUXAPYROXAD = 138009)",0.17
2018,"YEAR","STATE","CALIFORNIA","06","STRAWBERRIES, BEARING - APPLICATIONS, MEASURED IN LB / ACRE / APPLICATION, AVG","CHEMICAL, FUNGICIDE","CHEMICAL, FUNGICIDE: (FOSETYL-AL = 123301)",NA
2018,"YEAR","STATE","CALIFORNIA","06","STRAWBERRIES, BEARING - APPLICATIONS, MEASURED IN LB / ACRE / APPLICATION, AVG","CHEMICAL, FUNGICIDE","CHEMICAL, FUNGICIDE: (IPRODIONE = 109801)",NA
2018,"YEAR","STATE","CALIFORNIA","06","STRAWBERRIES, BEARING - APPLICATIONS, MEASURED IN LB / ACRE / APPLICATION, AVG","CHEMICAL, FUNGICIDE","CHEMICAL, FUNGICIDE: (ISOFETAMID = 270000)",NA
2018,"YEAR","STATE","CALIFORNIA","06","STRAWBERRIES, BEARING - APPLICATIONS, MEASURED IN LB / ACRE / APPLICATION, AVG","CHEMICAL, FUNGICIDE","CHEMICAL, FUNGICIDE: (MEFENOXAM = 113502)",0.488
2018,"YEAR","STATE","CALIFORNIA","06","STRAWBERRIES, BEARING - APPLICATIONS, MEASURED IN LB / ACRE / APPLICATION, AVG","CHEMICAL, FUNGICIDE","CHEMICAL, FUNGICIDE: (MYCLOBUTANIL = 128857)",0.104
2018,"YEAR","STATE","CALIFORNIA","06","STRAWBERRIES, BEARING - APPLICATIONS, MEASURED IN LB / ACRE / APPLICATION, AVG","CHEMICAL, FUNGICIDE","CHEMICAL, FUNGICIDE: (PENTHIOPYRAD = 90112)",0.301
2018,"YEAR","STATE","CALIFORNIA","06","STRAWBERRIES, BEARING - APPLICATIONS, MEASURED IN LB / ACRE / APPLICATION, AVG","CHEMICAL, FUNGICIDE","CHEMICAL, FUNGICIDE: (POLYOXIN D ZINC SALT = 230000)",0.044
2018,"YEAR","STATE","CALIFORNIA","06","STRAWBERRIES, BEARING - APPLICATIONS, MEASURED IN LB / ACRE / APPLICATION, AVG","CHEMICAL, FUNGICIDE","CHEMICAL, FUNGICIDE: (POTASSIUM BICARBON. = 73508)",2.425
2018,"YEAR","STATE","CALIFORNIA","06","STRAWBERRIES, BEARING - APPLICATIONS, MEASURED IN LB / ACRE / APPLICATION, AVG","CHEMICAL, FUNGICIDE","CHEMICAL, FUNGICIDE: (PROPICONAZOLE = 122101)",0.112
2018,"YEAR","STATE","CALIFORNIA","06","STRAWBERRIES, BEARING - APPLICATIONS, MEASURED IN LB / ACRE / APPLICATION, AVG","CHEMICAL, FUNGICIDE","CHEMICAL, FUNGICIDE: (PYRACLOSTROBIN = 99100)",0.171
2018,"YEAR","STATE","CALIFORNIA","06","STRAWBERRIES, BEARING - APPLICATIONS, MEASURED IN LB / ACRE / APPLICATION, AVG","CHEMICAL, FUNGICIDE","CHEMICAL, FUNGICIDE: (PYRIMETHANIL = 288201)",0.628
2018,"YEAR","STATE","CALIFORNIA","06","STRAWBERRIES, BEARING - APPLICATIONS, MEASURED IN LB / ACRE / APPLICATION, AVG","CHEMICAL, FUNGICIDE","CHEMICAL, FUNGICIDE: (QUINOLINE = 55459)",0.096
2018,"YEAR","STATE","CALIFORNIA","06","STRAWBERRIES, BEARING - APPLICATIONS, MEASURED IN LB / ACRE / APPLICATION, AVG","CHEMICAL, FUNGICIDE","CHEMICAL, FUNGICIDE: (STREPTOMYCES LYDICUS = 6327)",NA
2018,"YEAR","STATE","CALIFORNIA","06","STRAWBERRIES, BEARING - APPLICATIONS, MEASURED IN LB / ACRE / APPLICATION, AVG","CHEMICAL, FUNGICIDE","CHEMICAL, FUNGICIDE: (SULFUR = 77501)",4.865
2018,"YEAR","STATE","CALIFORNIA","06","STRAWBERRIES, BEARING - APPLICATIONS, MEASURED IN LB / ACRE / APPLICATION, AVG","CHEMICAL, FUNGICIDE","CHEMICAL, FUNGICIDE: (TETRACONAZOLE = 120603)",0.038
2018,"YEAR","STATE","CALIFORNIA","06","STRAWBERRIES, BEARING - APPLICATIONS, MEASURED IN LB / ACRE / APPLICATION, AVG","CHEMICAL, FUNGICIDE","CHEMICAL, FUNGICIDE: (THIOPHANATE-METHYL = 102001)",0.636
2018,"YEAR","STATE","CALIFORNIA","06","STRAWBERRIES, BEARING - APPLICATIONS, MEASURED IN LB / ACRE / APPLICATION, AVG","CHEMICAL, FUNGICIDE","CHEMICAL, FUNGICIDE: (THIRAM = 79801)",2.078
2018,"YEAR","STATE","CALIFORNIA","06","STRAWBERRIES, BEARING - APPLICATIONS, MEASURED IN LB / ACRE / APPLICATION, AVG","CHEMICAL, FUNGICIDE","CHEMICAL, FUNGICIDE: (TRIFLOXYSTROBIN = 129112)",0.114
2018,"YEAR","STATE","CALIFORNIA","06","STRAWBERRIES, BEARING - APPLICATIONS, MEASURED IN LB / ACRE / APPLICATION, AVG","CHEMICAL, FUNGICIDE","CHEMICAL, FUNGICIDE: (TRIFLUMIZOLE = 128879)",0.241
2018,"YEAR","STATE","CALIFORNIA","06","STRAWBERRIES, BEARING - APPLICATIONS, MEASURED IN LB / ACRE / APPLICATION, AVG","CHEMICAL, HERBICIDE","CHEMICAL, HERBICIDE: (FLUMIOXAZIN = 129034)",0.096
2018,"YEAR","STATE","CALIFORNIA","06","STRAWBERRIES, BEARING - APPLICATIONS, MEASURED IN LB / ACRE / APPLICATION, AVG","CHEMICAL, HERBICIDE","CHEMICAL, HERBICIDE: (GLYPHOSATE ISO. SALT = 103601)",NA
2018,"YEAR","STATE","CALIFORNIA","06","STRAWBERRIES, BEARING - APPLICATIONS, MEASURED IN LB / ACRE / APPLICATION, AVG","CHEMICAL, HERBICIDE","CHEMICAL, HERBICIDE: (GLYPHOSATE POT. SALT = 103613)",NA
2018,"YEAR","STATE","CALIFORNIA","06","STRAWBERRIES, BEARING - APPLICATIONS, MEASURED IN LB / ACRE / APPLICATION, AVG","CHEMICAL, HERBICIDE","CHEMICAL, HERBICIDE: (NAPROPAMIDE = 103001)",NA
2018,"YEAR","STATE","CALIFORNIA","06","STRAWBERRIES, BEARING - APPLICATIONS, MEASURED IN LB / ACRE / APPLICATION, AVG","CHEMICAL, HERBICIDE","CHEMICAL, HERBICIDE: (OXYFLUORFEN = 111601)",0.353
2018,"YEAR","STATE","CALIFORNIA","06","STRAWBERRIES, BEARING - APPLICATIONS, MEASURED IN LB / ACRE / APPLICATION, AVG","CHEMICAL, HERBICIDE","CHEMICAL, HERBICIDE: (PENDIMETHALIN = 108501)",1.364
2018,"YEAR","STATE","CALIFORNIA","06","STRAWBERRIES, BEARING - APPLICATIONS, MEASURED IN LB / ACRE / APPLICATION, AVG","CHEMICAL, HERBICIDE","CHEMICAL, HERBICIDE: (SULFENTRAZONE = 129081)",NA
2018,"YEAR","STATE","CALIFORNIA","06","STRAWBERRIES, BEARING - APPLICATIONS, MEASURED IN LB / ACRE / APPLICATION, AVG","CHEMICAL, INSECTICIDE","CHEMICAL, INSECTICIDE: (ABAMECTIN = 122804)",0.019
2018,"YEAR","STATE","CALIFORNIA","06","STRAWBERRIES, BEARING - APPLICATIONS, MEASURED IN LB / ACRE / APPLICATION, AVG","CHEMICAL, INSECTICIDE","CHEMICAL, INSECTICIDE: (ACEQUINOCYL = 6329)",0.297
2018,"YEAR","STATE","CALIFORNIA","06","STRAWBERRIES, BEARING - APPLICATIONS, MEASURED IN LB / ACRE / APPLICATION, AVG","CHEMICAL, INSECTICIDE","CHEMICAL, INSECTICIDE: (ACETAMIPRID = 99050)",0.118
2018,"YEAR","STATE","CALIFORNIA","06","STRAWBERRIES, BEARING - APPLICATIONS, MEASURED IN LB / ACRE / APPLICATION, AVG","CHEMICAL, INSECTICIDE","CHEMICAL, INSECTICIDE: (AZADIRACHTIN = 121701)",0.032
2018,"YEAR","STATE","CALIFORNIA","06","STRAWBERRIES, BEARING - APPLICATIONS, MEASURED IN LB / ACRE / APPLICATION, AVG","CHEMICAL, INSECTICIDE","CHEMICAL, INSECTICIDE: (BIFENAZATE = 586)",0.49
2018,"YEAR","STATE","CALIFORNIA","06","STRAWBERRIES, BEARING - APPLICATIONS, MEASURED IN LB / ACRE / APPLICATION, AVG","CHEMICAL, INSECTICIDE","CHEMICAL, INSECTICIDE: (BIFENTHRIN = 128825)",0.098
2018,"YEAR","STATE","CALIFORNIA","06","STRAWBERRIES, BEARING - APPLICATIONS, MEASURED IN LB / ACRE / APPLICATION, AVG","CHEMICAL, INSECTICIDE","CHEMICAL, INSECTICIDE: (BT KURSTAK ABTS-1857 = 6523)",NA
2018,"YEAR","STATE","CALIFORNIA","06","STRAWBERRIES, BEARING - APPLICATIONS, MEASURED IN LB / ACRE / APPLICATION, AVG","CHEMICAL, INSECTICIDE","CHEMICAL, INSECTICIDE: (BT KURSTAKI ABTS-351 = 6522)",NA
2018,"YEAR","STATE","CALIFORNIA","06","STRAWBERRIES, BEARING - APPLICATIONS, MEASURED IN LB / ACRE / APPLICATION, AVG","CHEMICAL, INSECTICIDE","CHEMICAL, INSECTICIDE: (BT KURSTAKI SA-11 = 6519)",NA
2018,"YEAR","STATE","CALIFORNIA","06","STRAWBERRIES, BEARING - APPLICATIONS, MEASURED IN LB / ACRE / APPLICATION, AVG","CHEMICAL, INSECTICIDE","CHEMICAL, INSECTICIDE: (BT SUB AIZAWAI GC-91 = 6426)",NA
2018,"YEAR","STATE","CALIFORNIA","06","STRAWBERRIES, BEARING - APPLICATIONS, MEASURED IN LB / ACRE / APPLICATION, AVG","CHEMICAL, INSECTICIDE","CHEMICAL, INSECTICIDE: (BUPROFEZIN = 275100)",NA
2018,"YEAR","STATE","CALIFORNIA","06","STRAWBERRIES, BEARING - APPLICATIONS, MEASURED IN LB / ACRE / APPLICATION, AVG","CHEMICAL, INSECTICIDE","CHEMICAL, INSECTICIDE: (BURKHOLDERIA A396 CELLS & MEDIA = 6534)",NA
2018,"YEAR","STATE","CALIFORNIA","06","STRAWBERRIES, BEARING - APPLICATIONS, MEASURED IN LB / ACRE / APPLICATION, AVG","CHEMICAL, INSECTICIDE","CHEMICAL, INSECTICIDE: (CARBARYL = 56801)",NA
2018,"YEAR","STATE","CALIFORNIA","06","STRAWBERRIES, BEARING - APPLICATIONS, MEASURED IN LB / ACRE / APPLICATION, AVG","CHEMICAL, INSECTICIDE","CHEMICAL, INSECTICIDE: (CHLORANTRANILIPROLE = 90100)",0.071
2018,"YEAR","STATE","CALIFORNIA","06","STRAWBERRIES, BEARING - APPLICATIONS, MEASURED IN LB / ACRE / APPLICATION, AVG","CHEMICAL, INSECTICIDE","CHEMICAL, INSECTICIDE: (CHLORPYRIFOS = 59101)",NA
2018,"YEAR","STATE","CALIFORNIA","06","STRAWBERRIES, BEARING - APPLICATIONS, MEASURED IN LB / ACRE / APPLICATION, AVG","CHEMICAL, INSECTICIDE","CHEMICAL, INSECTICIDE: (CHROMOBAC SUBTSUGAE PRAA4-1 CELLS AND SPENT MEDIA = 16329)",NA
2018,"YEAR","STATE","CALIFORNIA","06","STRAWBERRIES, BEARING - APPLICATIONS, MEASURED IN LB / ACRE / APPLICATION, AVG","CHEMICAL, INSECTICIDE","CHEMICAL, INSECTICIDE: (CYANTRANILIPROLE = 90098)",NA
2018,"YEAR","STATE","CALIFORNIA","06","STRAWBERRIES, BEARING - APPLICATIONS, MEASURED IN LB / ACRE / APPLICATION, AVG","CHEMICAL, INSECTICIDE","CHEMICAL, INSECTICIDE: (CYFLUMETOFEN = 138831)",0.179
2018,"YEAR","STATE","CALIFORNIA","06","STRAWBERRIES, BEARING - APPLICATIONS, MEASURED IN LB / ACRE / APPLICATION, AVG","CHEMICAL, INSECTICIDE","CHEMICAL, INSECTICIDE: (DIAZINON = 57801)",NA
2018,"YEAR","STATE","CALIFORNIA","06","STRAWBERRIES, BEARING - APPLICATIONS, MEASURED IN LB / ACRE / APPLICATION, AVG","CHEMICAL, INSECTICIDE","CHEMICAL, INSECTICIDE: (EMAMECTIN BENZOATE = 122806)",NA
2018,"YEAR","STATE","CALIFORNIA","06","STRAWBERRIES, BEARING - APPLICATIONS, MEASURED IN LB / ACRE / APPLICATION, AVG","CHEMICAL, INSECTICIDE","CHEMICAL, INSECTICIDE: (ETOXAZOLE = 107091)",NA
2018,"YEAR","STATE","CALIFORNIA","06","STRAWBERRIES, BEARING - APPLICATIONS, MEASURED IN LB / ACRE / APPLICATION, AVG","CHEMICAL, INSECTICIDE","CHEMICAL, INSECTICIDE: (FENBUTATIN-OXIDE = 104601)",NA
2018,"YEAR","STATE","CALIFORNIA","06","STRAWBERRIES, BEARING - APPLICATIONS, MEASURED IN LB / ACRE / APPLICATION, AVG","CHEMICAL, INSECTICIDE","CHEMICAL, INSECTICIDE: (FENPROPATHRIN = 127901)",0.286
2018,"YEAR","STATE","CALIFORNIA","06","STRAWBERRIES, BEARING - APPLICATIONS, MEASURED IN LB / ACRE / APPLICATION, AVG","CHEMICAL, INSECTICIDE","CHEMICAL, INSECTICIDE: (FENPYROXIMATE = 129131)",0.105
2018,"YEAR","STATE","CALIFORNIA","06","STRAWBERRIES, BEARING - APPLICATIONS, MEASURED IN LB / ACRE / APPLICATION, AVG","CHEMICAL, INSECTICIDE","CHEMICAL, INSECTICIDE: (FLONICAMID = 128016)",0.082
2018,"YEAR","STATE","CALIFORNIA","06","STRAWBERRIES, BEARING - APPLICATIONS, MEASURED IN LB / ACRE / APPLICATION, AVG","CHEMICAL, INSECTICIDE","CHEMICAL, INSECTICIDE: (FLUPYRADIFURONE = 122304)",0.172
2018,"YEAR","STATE","CALIFORNIA","06","STRAWBERRIES, BEARING - APPLICATIONS, MEASURED IN LB / ACRE / APPLICATION, AVG","CHEMICAL, INSECTICIDE","CHEMICAL, INSECTICIDE: (HEXYTHIAZOX = 128849)",0.181
2018,"YEAR","STATE","CALIFORNIA","06","STRAWBERRIES, BEARING - APPLICATIONS, MEASURED IN LB / ACRE / APPLICATION, AVG","CHEMICAL, INSECTICIDE","CHEMICAL, INSECTICIDE: (IMIDACLOPRID = 129099)",0.5
2018,"YEAR","STATE","CALIFORNIA","06","STRAWBERRIES, BEARING - APPLICATIONS, MEASURED IN LB / ACRE / APPLICATION, AVG","CHEMICAL, INSECTICIDE","CHEMICAL, INSECTICIDE: (LAMBDA-CYHALOTHRIN = 128897)",NA
2018,"YEAR","STATE","CALIFORNIA","06","STRAWBERRIES, BEARING - APPLICATIONS, MEASURED IN LB / ACRE / APPLICATION, AVG","CHEMICAL, INSECTICIDE","CHEMICAL, INSECTICIDE: (MALATHION = 57701)",1.799
2018,"YEAR","STATE","CALIFORNIA","06","STRAWBERRIES, BEARING - APPLICATIONS, MEASURED IN LB / ACRE / APPLICATION, AVG","CHEMICAL, INSECTICIDE","CHEMICAL, INSECTICIDE: (METHOXYFENOZIDE = 121027)",0.176
2018,"YEAR","STATE","CALIFORNIA","06","STRAWBERRIES, BEARING - APPLICATIONS, MEASURED IN LB / ACRE / APPLICATION, AVG","CHEMICAL, INSECTICIDE","CHEMICAL, INSECTICIDE: (NALED = 34401)",0.891
2018,"YEAR","STATE","CALIFORNIA","06","STRAWBERRIES, BEARING - APPLICATIONS, MEASURED IN LB / ACRE / APPLICATION, AVG","CHEMICAL, INSECTICIDE","CHEMICAL, INSECTICIDE: (NEEM OIL = 25006)",NA
2018,"YEAR","STATE","CALIFORNIA","06","STRAWBERRIES, BEARING - APPLICATIONS, MEASURED IN LB / ACRE / APPLICATION, AVG","CHEMICAL, INSECTICIDE","CHEMICAL, INSECTICIDE: (NEEM OIL, CLAR. HYD. = 25007)",6.34
2018,"YEAR","STATE","CALIFORNIA","06","STRAWBERRIES, BEARING - APPLICATIONS, MEASURED IN LB / ACRE / APPLICATION, AVG","CHEMICAL, INSECTICIDE","CHEMICAL, INSECTICIDE: (NOVALURON = 124002)",0.073
2018,"YEAR","STATE","CALIFORNIA","06","STRAWBERRIES, BEARING - APPLICATIONS, MEASURED IN LB / ACRE / APPLICATION, AVG","CHEMICAL, INSECTICIDE","CHEMICAL, INSECTICIDE: (PIPERONYL BUTOXIDE = 67501)",NA
2018,"YEAR","STATE","CALIFORNIA","06","STRAWBERRIES, BEARING - APPLICATIONS, MEASURED IN LB / ACRE / APPLICATION, AVG","CHEMICAL, INSECTICIDE","CHEMICAL, INSECTICIDE: (POTASSIUM SALTS = 79021)",NA
2018,"YEAR","STATE","CALIFORNIA","06","STRAWBERRIES, BEARING - APPLICATIONS, MEASURED IN LB / ACRE / APPLICATION, AVG","CHEMICAL, INSECTICIDE","CHEMICAL, INSECTICIDE: (PYRETHRINS = 69001)",0.054
2018,"YEAR","STATE","CALIFORNIA","06","STRAWBERRIES, BEARING - APPLICATIONS, MEASURED IN LB / ACRE / APPLICATION, AVG","CHEMICAL, INSECTICIDE","CHEMICAL, INSECTICIDE: (PYRIPROXYFEN = 129032)",NA
2018,"YEAR","STATE","CALIFORNIA","06","STRAWBERRIES, BEARING - APPLICATIONS, MEASURED IN LB / ACRE / APPLICATION, AVG","CHEMICAL, INSECTICIDE","CHEMICAL, INSECTICIDE: (SPINETORAM = 110007)",0.069
2018,"YEAR","STATE","CALIFORNIA","06","STRAWBERRIES, BEARING - APPLICATIONS, MEASURED IN LB / ACRE / APPLICATION, AVG","CHEMICAL, INSECTICIDE","CHEMICAL, INSECTICIDE: (SPINOSAD = 110003)",0.091
2018,"YEAR","STATE","CALIFORNIA","06","STRAWBERRIES, BEARING - APPLICATIONS, MEASURED IN LB / ACRE / APPLICATION, AVG","CHEMICAL, INSECTICIDE","CHEMICAL, INSECTICIDE: (SPIROMESIFEN = 24875)",0.25
2018,"YEAR","STATE","CALIFORNIA","06","STRAWBERRIES, BEARING - APPLICATIONS, MEASURED IN LB / ACRE / APPLICATION, AVG","CHEMICAL, INSECTICIDE","CHEMICAL, INSECTICIDE: (SPIROTETRAMAT = 392201)",NA
2018,"YEAR","STATE","CALIFORNIA","06","STRAWBERRIES, BEARING - APPLICATIONS, MEASURED IN LB / ACRE / APPLICATION, AVG","CHEMICAL, INSECTICIDE","CHEMICAL, INSECTICIDE: (SULFOXAFLOR = 5210)",NA
2018,"YEAR","STATE","CALIFORNIA","06","STRAWBERRIES, BEARING - APPLICATIONS, MEASURED IN LB / ACRE / APPLICATION, AVG","CHEMICAL, INSECTICIDE","CHEMICAL, INSECTICIDE: (THIAMETHOXAM = 60109)",0.06
2018,"YEAR","STATE","CALIFORNIA","06","STRAWBERRIES, BEARING - APPLICATIONS, MEASURED IN LB / ACRE / APPLICATION, AVG","CHEMICAL, OTHER","CHEMICAL, OTHER: (ACIBENZOLAR-S-METHYL = 61402)",NA
2018,"YEAR","STATE","CALIFORNIA","06","STRAWBERRIES, BEARING - APPLICATIONS, MEASURED IN LB / ACRE / APPLICATION, AVG","CHEMICAL, OTHER","CHEMICAL, OTHER: (AUREOBASIDIUM PULLULANS DSM 14940 = 46010)",NA
2018,"YEAR","STATE","CALIFORNIA","06","STRAWBERRIES, BEARING - APPLICATIONS, MEASURED IN LB / ACRE / APPLICATION, AVG","CHEMICAL, OTHER","CHEMICAL, OTHER: (AUREOBASIDIUM PULLULANS DSM 14941 = 36010)",NA
2018,"YEAR","STATE","CALIFORNIA","06","STRAWBERRIES, BEARING - APPLICATIONS, MEASURED IN LB / ACRE / APPLICATION, AVG","CHEMICAL, OTHER","CHEMICAL, OTHER: (BT KURSTAKI SA-12 = 6518)",NA
2018,"YEAR","STATE","CALIFORNIA","06","STRAWBERRIES, BEARING - APPLICATIONS, MEASURED IN LB / ACRE / APPLICATION, AVG","CHEMICAL, OTHER","CHEMICAL, OTHER: (CAPRIC ACID = 128955)",NA
2018,"YEAR","STATE","CALIFORNIA","06","STRAWBERRIES, BEARING - APPLICATIONS, MEASURED IN LB / ACRE / APPLICATION, AVG","CHEMICAL, OTHER","CHEMICAL, OTHER: (CAPRYLIC ACID = 128919)",NA
2018,"YEAR","STATE","CALIFORNIA","06","STRAWBERRIES, BEARING - APPLICATIONS, MEASURED IN LB / ACRE / APPLICATION, AVG","CHEMICAL, OTHER","CHEMICAL, OTHER: (CHLOROPICRIN = 81501)",236.901
2018,"YEAR","STATE","CALIFORNIA","06","STRAWBERRIES, BEARING - APPLICATIONS, MEASURED IN LB / ACRE / APPLICATION, AVG","CHEMICAL, OTHER","CHEMICAL, OTHER: (DICHLOROPROPENE = 29001)",83.195
2018,"YEAR","STATE","CALIFORNIA","06","STRAWBERRIES, BEARING - APPLICATIONS, MEASURED IN LB / ACRE / APPLICATION, AVG","CHEMICAL, OTHER","CHEMICAL, OTHER: (FLUTRIAFOL = 128940)",0.113
2018,"YEAR","STATE","CALIFORNIA","06","STRAWBERRIES, BEARING - APPLICATIONS, MEASURED IN LB / ACRE / APPLICATION, AVG","CHEMICAL, OTHER","CHEMICAL, OTHER: (GLIOCLADIUM VIRENS = 129000)",NA
2018,"YEAR","STATE","CALIFORNIA","06","STRAWBERRIES, BEARING - APPLICATIONS, MEASURED IN LB / ACRE / APPLICATION, AVG","CHEMICAL, OTHER","CHEMICAL, OTHER: (IRON PHOSPHATE = 34903)",NA
2018,"YEAR","STATE","CALIFORNIA","06","STRAWBERRIES, BEARING - APPLICATIONS, MEASURED IN LB / ACRE / APPLICATION, AVG","CHEMICAL, OTHER","CHEMICAL, OTHER: (METALDEHYDE = 53001)",NA
2018,"YEAR","STATE","CALIFORNIA","06","STRAWBERRIES, BEARING - APPLICATIONS, MEASURED IN LB / ACRE / APPLICATION, AVG","CHEMICAL, OTHER","CHEMICAL, OTHER: (METAM-POTASSIUM = 39002)",NA
2018,"YEAR","STATE","CALIFORNIA","06","STRAWBERRIES, BEARING - APPLICATIONS, MEASURED IN LB / ACRE / APPLICATION, AVG","CHEMICAL, OTHER","CHEMICAL, OTHER: (METAM-SODIUM = 39003)",NA
2018,"YEAR","STATE","CALIFORNIA","06","STRAWBERRIES, BEARING - APPLICATIONS, MEASURED IN LB / ACRE / APPLICATION, AVG","CHEMICAL, OTHER","CHEMICAL, OTHER: (PAECILOMYCES FUMOSOR = 115002)",NA
2018,"YEAR","STATE","CALIFORNIA","06","STRAWBERRIES, BEARING - APPLICATIONS, MEASURED IN LB / ACRE / APPLICATION, AVG","CHEMICAL, OTHER","CHEMICAL, OTHER: (POTASSIUM SILICATE = 72606)",NA
2018,"YEAR","STATE","CALIFORNIA","06","STRAWBERRIES, BEARING - APPLICATIONS, MEASURED IN LB / ACRE / APPLICATION, AVG","CHEMICAL, OTHER","CHEMICAL, OTHER: (REYNOUTRIA SACHALINE = 55809)",0.226
2018,"YEAR","STATE","CALIFORNIA","06","STRAWBERRIES, BEARING - APPLICATIONS, MEASURED IN LB / ACRE / APPLICATION, AVG","FERTILIZER","FERTILIZER: (NITROGEN)",18
2018,"YEAR","STATE","CALIFORNIA","06","STRAWBERRIES, BEARING - APPLICATIONS, MEASURED IN LB / ACRE / APPLICATION, AVG","FERTILIZER","FERTILIZER: (PHOSPHATE)",15
2018,"YEAR","STATE","CALIFORNIA","06","STRAWBERRIES, BEARING - APPLICATIONS, MEASURED IN LB / ACRE / APPLICATION, AVG","FERTILIZER","FERTILIZER: (POTASH)",24
2018,"YEAR","STATE","CALIFORNIA","06","STRAWBERRIES, BEARING - APPLICATIONS, MEASURED IN LB / ACRE / APPLICATION, AVG","FERTILIZER","FERTILIZER: (SULFUR)",9
2018,"YEAR","STATE","CALIFORNIA","06","STRAWBERRIES, BEARING - APPLICATIONS, MEASURED IN LB / ACRE / YEAR, AVG","CHEMICAL, FUNGICIDE","CHEMICAL, FUNGICIDE: (AZOXYSTROBIN = 128810)",0.298
2018,"YEAR","STATE","CALIFORNIA","06","STRAWBERRIES, BEARING - APPLICATIONS, MEASURED IN LB / ACRE / YEAR, AVG","CHEMICAL, FUNGICIDE","CHEMICAL, FUNGICIDE: (BACILLUS AMYLOLIQUEFACIENS MBI 600 = 129082)",NA
2018,"YEAR","STATE","CALIFORNIA","06","STRAWBERRIES, BEARING - APPLICATIONS, MEASURED IN LB / ACRE / YEAR, AVG","CHEMICAL, FUNGICIDE","CHEMICAL, FUNGICIDE: (BACILLUS AMYLOLIQUEFACIENS STRAIN D747 = 16482)",NA
2018,"YEAR","STATE","CALIFORNIA","06","STRAWBERRIES, BEARING - APPLICATIONS, MEASURED IN LB / ACRE / YEAR, AVG","CHEMICAL, FUNGICIDE","CHEMICAL, FUNGICIDE: (BACILLUS PUMILUS = 6485)",NA
2018,"YEAR","STATE","CALIFORNIA","06","STRAWBERRIES, BEARING - APPLICATIONS, MEASURED IN LB / ACRE / YEAR, AVG","CHEMICAL, FUNGICIDE","CHEMICAL, FUNGICIDE: (BACILLUS SUBTILIS = 6479)",NA
2018,"YEAR","STATE","CALIFORNIA","06","STRAWBERRIES, BEARING - APPLICATIONS, MEASURED IN LB / ACRE / YEAR, AVG","CHEMICAL, FUNGICIDE","CHEMICAL, FUNGICIDE: (BLAD = 30006)",NA
2018,"YEAR","STATE","CALIFORNIA","06","STRAWBERRIES, BEARING - APPLICATIONS, MEASURED IN LB / ACRE / YEAR, AVG","CHEMICAL, FUNGICIDE","CHEMICAL, FUNGICIDE: (BORAX DECAHYDRATE = 11102)",NA
2018,"YEAR","STATE","CALIFORNIA","06","STRAWBERRIES, BEARING - APPLICATIONS, MEASURED IN LB / ACRE / YEAR, AVG","CHEMICAL, FUNGICIDE","CHEMICAL, FUNGICIDE: (BOSCALID = 128008)",0.565
2018,"YEAR","STATE","CALIFORNIA","06","STRAWBERRIES, BEARING - APPLICATIONS, MEASURED IN LB / ACRE / YEAR, AVG","CHEMICAL, FUNGICIDE","CHEMICAL, FUNGICIDE: (CAPTAN = 81301)",6.452
2018,"YEAR","STATE","CALIFORNIA","06","STRAWBERRIES, BEARING - APPLICATIONS, MEASURED IN LB / ACRE / YEAR, AVG","CHEMICAL, FUNGICIDE","CHEMICAL, FUNGICIDE: (COPPER HYDROXIDE = 23401)",NA
2018,"YEAR","STATE","CALIFORNIA","06","STRAWBERRIES, BEARING - APPLICATIONS, MEASURED IN LB / ACRE / YEAR, AVG","CHEMICAL, FUNGICIDE","CHEMICAL, FUNGICIDE: (COPPER OCTANOATE = 23306)",NA
2018,"YEAR","STATE","CALIFORNIA","06","STRAWBERRIES, BEARING - APPLICATIONS, MEASURED IN LB / ACRE / YEAR, AVG","CHEMICAL, FUNGICIDE","CHEMICAL, FUNGICIDE: (CYFLUFENAMID = 555550)",0.026
2018,"YEAR","STATE","CALIFORNIA","06","STRAWBERRIES, BEARING - APPLICATIONS, MEASURED IN LB / ACRE / YEAR, AVG","CHEMICAL, FUNGICIDE","CHEMICAL, FUNGICIDE: (CYPRODINIL = 288202)",0.461
2018,"YEAR","STATE","CALIFORNIA","06","STRAWBERRIES, BEARING - APPLICATIONS, MEASURED IN LB / ACRE / YEAR, AVG","CHEMICAL, FUNGICIDE","CHEMICAL, FUNGICIDE: (DIFENOCONAZOLE = 128847)",NA
2018,"YEAR","STATE","CALIFORNIA","06","STRAWBERRIES, BEARING - APPLICATIONS, MEASURED IN LB / ACRE / YEAR, AVG","CHEMICAL, FUNGICIDE","CHEMICAL, FUNGICIDE: (FENHEXAMID = 90209)",1.005
2018,"YEAR","STATE","CALIFORNIA","06","STRAWBERRIES, BEARING - APPLICATIONS, MEASURED IN LB / ACRE / YEAR, AVG","CHEMICAL, FUNGICIDE","CHEMICAL, FUNGICIDE: (FLUDIOXONIL = 71503)",0.307
2018,"YEAR","STATE","CALIFORNIA","06","STRAWBERRIES, BEARING - APPLICATIONS, MEASURED IN LB / ACRE / YEAR, AVG","CHEMICAL, FUNGICIDE","CHEMICAL, FUNGICIDE: (FLUOPYRAM = 80302)",0.143
2018,"YEAR","STATE","CALIFORNIA","06","STRAWBERRIES, BEARING - APPLICATIONS, MEASURED IN LB / ACRE / YEAR, AVG","CHEMICAL, FUNGICIDE","CHEMICAL, FUNGICIDE: (FLUXAPYROXAD = 138009)",0.217
2018,"YEAR","STATE","CALIFORNIA","06","STRAWBERRIES, BEARING - APPLICATIONS, MEASURED IN LB / ACRE / YEAR, AVG","CHEMICAL, FUNGICIDE","CHEMICAL, FUNGICIDE: (FOSETYL-AL = 123301)",NA
2018,"YEAR","STATE","CALIFORNIA","06","STRAWBERRIES, BEARING - APPLICATIONS, MEASURED IN LB / ACRE / YEAR, AVG","CHEMICAL, FUNGICIDE","CHEMICAL, FUNGICIDE: (IPRODIONE = 109801)",NA
2018,"YEAR","STATE","CALIFORNIA","06","STRAWBERRIES, BEARING - APPLICATIONS, MEASURED IN LB / ACRE / YEAR, AVG","CHEMICAL, FUNGICIDE","CHEMICAL, FUNGICIDE: (ISOFETAMID = 270000)",NA
2018,"YEAR","STATE","CALIFORNIA","06","STRAWBERRIES, BEARING - APPLICATIONS, MEASURED IN LB / ACRE / YEAR, AVG","CHEMICAL, FUNGICIDE","CHEMICAL, FUNGICIDE: (MEFENOXAM = 113502)",0.711
2018,"YEAR","STATE","CALIFORNIA","06","STRAWBERRIES, BEARING - APPLICATIONS, MEASURED IN LB / ACRE / YEAR, AVG","CHEMICAL, FUNGICIDE","CHEMICAL, FUNGICIDE: (MYCLOBUTANIL = 128857)",0.167
2018,"YEAR","STATE","CALIFORNIA","06","STRAWBERRIES, BEARING - APPLICATIONS, MEASURED IN LB / ACRE / YEAR, AVG","CHEMICAL, FUNGICIDE","CHEMICAL, FUNGICIDE: (PENTHIOPYRAD = 90112)",0.402
2018,"YEAR","STATE","CALIFORNIA","06","STRAWBERRIES, BEARING - APPLICATIONS, MEASURED IN LB / ACRE / YEAR, AVG","CHEMICAL, FUNGICIDE","CHEMICAL, FUNGICIDE: (POLYOXIN D ZINC SALT = 230000)",0.05
2018,"YEAR","STATE","CALIFORNIA","06","STRAWBERRIES, BEARING - APPLICATIONS, MEASURED IN LB / ACRE / YEAR, AVG","CHEMICAL, FUNGICIDE","CHEMICAL, FUNGICIDE: (POTASSIUM BICARBON. = 73508)",3.52
2018,"YEAR","STATE","CALIFORNIA","06","STRAWBERRIES, BEARING - APPLICATIONS, MEASURED IN LB / ACRE / YEAR, AVG","CHEMICAL, FUNGICIDE","CHEMICAL, FUNGICIDE: (PROPICONAZOLE = 122101)",0.221
2018,"YEAR","STATE","CALIFORNIA","06","STRAWBERRIES, BEARING - APPLICATIONS, MEASURED IN LB / ACRE / YEAR, AVG","CHEMICAL, FUNGICIDE","CHEMICAL, FUNGICIDE: (PYRACLOSTROBIN = 99100)",0.305
2018,"YEAR","STATE","CALIFORNIA","06","STRAWBERRIES, BEARING - APPLICATIONS, MEASURED IN LB / ACRE / YEAR, AVG","CHEMICAL, FUNGICIDE","CHEMICAL, FUNGICIDE: (PYRIMETHANIL = 288201)",0.762
2018,"YEAR","STATE","CALIFORNIA","06","STRAWBERRIES, BEARING - APPLICATIONS, MEASURED IN LB / ACRE / YEAR, AVG","CHEMICAL, FUNGICIDE","CHEMICAL, FUNGICIDE: (QUINOLINE = 55459)",0.113
2018,"YEAR","STATE","CALIFORNIA","06","STRAWBERRIES, BEARING - APPLICATIONS, MEASURED IN LB / ACRE / YEAR, AVG","CHEMICAL, FUNGICIDE","CHEMICAL, FUNGICIDE: (STREPTOMYCES LYDICUS = 6327)",NA
2018,"YEAR","STATE","CALIFORNIA","06","STRAWBERRIES, BEARING - APPLICATIONS, MEASURED IN LB / ACRE / YEAR, AVG","CHEMICAL, FUNGICIDE","CHEMICAL, FUNGICIDE: (SULFUR = 77501)",12.88
2018,"YEAR","STATE","CALIFORNIA","06","STRAWBERRIES, BEARING - APPLICATIONS, MEASURED IN LB / ACRE / YEAR, AVG","CHEMICAL, FUNGICIDE","CHEMICAL, FUNGICIDE: (TETRACONAZOLE = 120603)",0.055
2018,"YEAR","STATE","CALIFORNIA","06","STRAWBERRIES, BEARING - APPLICATIONS, MEASURED IN LB / ACRE / YEAR, AVG","CHEMICAL, FUNGICIDE","CHEMICAL, FUNGICIDE: (THIOPHANATE-METHYL = 102001)",0.827
2018,"YEAR","STATE","CALIFORNIA","06","STRAWBERRIES, BEARING - APPLICATIONS, MEASURED IN LB / ACRE / YEAR, AVG","CHEMICAL, FUNGICIDE","CHEMICAL, FUNGICIDE: (THIRAM = 79801)",4.285
2018,"YEAR","STATE","CALIFORNIA","06","STRAWBERRIES, BEARING - APPLICATIONS, MEASURED IN LB / ACRE / YEAR, AVG","CHEMICAL, FUNGICIDE","CHEMICAL, FUNGICIDE: (TRIFLOXYSTROBIN = 129112)",0.148
2018,"YEAR","STATE","CALIFORNIA","06","STRAWBERRIES, BEARING - APPLICATIONS, MEASURED IN LB / ACRE / YEAR, AVG","CHEMICAL, FUNGICIDE","CHEMICAL, FUNGICIDE: (TRIFLUMIZOLE = 128879)",0.396
2018,"YEAR","STATE","CALIFORNIA","06","STRAWBERRIES, BEARING - APPLICATIONS, MEASURED IN LB / ACRE / YEAR, AVG","CHEMICAL, HERBICIDE","CHEMICAL, HERBICIDE: (FLUMIOXAZIN = 129034)",0.105
2018,"YEAR","STATE","CALIFORNIA","06","STRAWBERRIES, BEARING - APPLICATIONS, MEASURED IN LB / ACRE / YEAR, AVG","CHEMICAL, HERBICIDE","CHEMICAL, HERBICIDE: (GLYPHOSATE ISO. SALT = 103601)",NA
2018,"YEAR","STATE","CALIFORNIA","06","STRAWBERRIES, BEARING - APPLICATIONS, MEASURED IN LB / ACRE / YEAR, AVG","CHEMICAL, HERBICIDE","CHEMICAL, HERBICIDE: (GLYPHOSATE POT. SALT = 103613)",NA
2018,"YEAR","STATE","CALIFORNIA","06","STRAWBERRIES, BEARING - APPLICATIONS, MEASURED IN LB / ACRE / YEAR, AVG","CHEMICAL, HERBICIDE","CHEMICAL, HERBICIDE: (NAPROPAMIDE = 103001)",NA
2018,"YEAR","STATE","CALIFORNIA","06","STRAWBERRIES, BEARING - APPLICATIONS, MEASURED IN LB / ACRE / YEAR, AVG","CHEMICAL, HERBICIDE","CHEMICAL, HERBICIDE: (OXYFLUORFEN = 111601)",0.355
2018,"YEAR","STATE","CALIFORNIA","06","STRAWBERRIES, BEARING - APPLICATIONS, MEASURED IN LB / ACRE / YEAR, AVG","CHEMICAL, HERBICIDE","CHEMICAL, HERBICIDE: (PENDIMETHALIN = 108501)",1.944
2018,"YEAR","STATE","CALIFORNIA","06","STRAWBERRIES, BEARING - APPLICATIONS, MEASURED IN LB / ACRE / YEAR, AVG","CHEMICAL, HERBICIDE","CHEMICAL, HERBICIDE: (SULFENTRAZONE = 129081)",NA
2018,"YEAR","STATE","CALIFORNIA","06","STRAWBERRIES, BEARING - APPLICATIONS, MEASURED IN LB / ACRE / YEAR, AVG","CHEMICAL, INSECTICIDE","CHEMICAL, INSECTICIDE: (ABAMECTIN = 122804)",0.027
2018,"YEAR","STATE","CALIFORNIA","06","STRAWBERRIES, BEARING - APPLICATIONS, MEASURED IN LB / ACRE / YEAR, AVG","CHEMICAL, INSECTICIDE","CHEMICAL, INSECTICIDE: (ACEQUINOCYL = 6329)",0.364
2018,"YEAR","STATE","CALIFORNIA","06","STRAWBERRIES, BEARING - APPLICATIONS, MEASURED IN LB / ACRE / YEAR, AVG","CHEMICAL, INSECTICIDE","CHEMICAL, INSECTICIDE: (ACETAMIPRID = 99050)",0.165
2018,"YEAR","STATE","CALIFORNIA","06","STRAWBERRIES, BEARING - APPLICATIONS, MEASURED IN LB / ACRE / YEAR, AVG","CHEMICAL, INSECTICIDE","CHEMICAL, INSECTICIDE: (AZADIRACHTIN = 121701)",0.06
2018,"YEAR","STATE","CALIFORNIA","06","STRAWBERRIES, BEARING - APPLICATIONS, MEASURED IN LB / ACRE / YEAR, AVG","CHEMICAL, INSECTICIDE","CHEMICAL, INSECTICIDE: (BIFENAZATE = 586)",0.645
2018,"YEAR","STATE","CALIFORNIA","06","STRAWBERRIES, BEARING - APPLICATIONS, MEASURED IN LB / ACRE / YEAR, AVG","CHEMICAL, INSECTICIDE","CHEMICAL, INSECTICIDE: (BIFENTHRIN = 128825)",0.163
2018,"YEAR","STATE","CALIFORNIA","06","STRAWBERRIES, BEARING - APPLICATIONS, MEASURED IN LB / ACRE / YEAR, AVG","CHEMICAL, INSECTICIDE","CHEMICAL, INSECTICIDE: (BT KURSTAK ABTS-1857 = 6523)",NA
2018,"YEAR","STATE","CALIFORNIA","06","STRAWBERRIES, BEARING - APPLICATIONS, MEASURED IN LB / ACRE / YEAR, AVG","CHEMICAL, INSECTICIDE","CHEMICAL, INSECTICIDE: (BT KURSTAKI ABTS-351 = 6522)",NA
2018,"YEAR","STATE","CALIFORNIA","06","STRAWBERRIES, BEARING - APPLICATIONS, MEASURED IN LB / ACRE / YEAR, AVG","CHEMICAL, INSECTICIDE","CHEMICAL, INSECTICIDE: (BT KURSTAKI SA-11 = 6519)",NA
2018,"YEAR","STATE","CALIFORNIA","06","STRAWBERRIES, BEARING - APPLICATIONS, MEASURED IN LB / ACRE / YEAR, AVG","CHEMICAL, INSECTICIDE","CHEMICAL, INSECTICIDE: (BT SUB AIZAWAI GC-91 = 6426)",NA
2018,"YEAR","STATE","CALIFORNIA","06","STRAWBERRIES, BEARING - APPLICATIONS, MEASURED IN LB / ACRE / YEAR, AVG","CHEMICAL, INSECTICIDE","CHEMICAL, INSECTICIDE: (BUPROFEZIN = 275100)",NA
2018,"YEAR","STATE","CALIFORNIA","06","STRAWBERRIES, BEARING - APPLICATIONS, MEASURED IN LB / ACRE / YEAR, AVG","CHEMICAL, INSECTICIDE","CHEMICAL, INSECTICIDE: (BURKHOLDERIA A396 CELLS & MEDIA = 6534)",NA
2018,"YEAR","STATE","CALIFORNIA","06","STRAWBERRIES, BEARING - APPLICATIONS, MEASURED IN LB / ACRE / YEAR, AVG","CHEMICAL, INSECTICIDE","CHEMICAL, INSECTICIDE: (CARBARYL = 56801)",NA
2018,"YEAR","STATE","CALIFORNIA","06","STRAWBERRIES, BEARING - APPLICATIONS, MEASURED IN LB / ACRE / YEAR, AVG","CHEMICAL, INSECTICIDE","CHEMICAL, INSECTICIDE: (CHLORANTRANILIPROLE = 90100)",0.084
2018,"YEAR","STATE","CALIFORNIA","06","STRAWBERRIES, BEARING - APPLICATIONS, MEASURED IN LB / ACRE / YEAR, AVG","CHEMICAL, INSECTICIDE","CHEMICAL, INSECTICIDE: (CHLORPYRIFOS = 59101)",NA
2018,"YEAR","STATE","CALIFORNIA","06","STRAWBERRIES, BEARING - APPLICATIONS, MEASURED IN LB / ACRE / YEAR, AVG","CHEMICAL, INSECTICIDE","CHEMICAL, INSECTICIDE: (CHROMOBAC SUBTSUGAE PRAA4-1 CELLS AND SPENT MEDIA = 16329)",NA
2018,"YEAR","STATE","CALIFORNIA","06","STRAWBERRIES, BEARING - APPLICATIONS, MEASURED IN LB / ACRE / YEAR, AVG","CHEMICAL, INSECTICIDE","CHEMICAL, INSECTICIDE: (CYANTRANILIPROLE = 90098)",NA
2018,"YEAR","STATE","CALIFORNIA","06","STRAWBERRIES, BEARING - APPLICATIONS, MEASURED IN LB / ACRE / YEAR, AVG","CHEMICAL, INSECTICIDE","CHEMICAL, INSECTICIDE: (CYFLUMETOFEN = 138831)",0.24
2018,"YEAR","STATE","CALIFORNIA","06","STRAWBERRIES, BEARING - APPLICATIONS, MEASURED IN LB / ACRE / YEAR, AVG","CHEMICAL, INSECTICIDE","CHEMICAL, INSECTICIDE: (DIAZINON = 57801)",NA
2018,"YEAR","STATE","CALIFORNIA","06","STRAWBERRIES, BEARING - APPLICATIONS, MEASURED IN LB / ACRE / YEAR, AVG","CHEMICAL, INSECTICIDE","CHEMICAL, INSECTICIDE: (EMAMECTIN BENZOATE = 122806)",NA
2018,"YEAR","STATE","CALIFORNIA","06","STRAWBERRIES, BEARING - APPLICATIONS, MEASURED IN LB / ACRE / YEAR, AVG","CHEMICAL, INSECTICIDE","CHEMICAL, INSECTICIDE: (ETOXAZOLE = 107091)",NA
2018,"YEAR","STATE","CALIFORNIA","06","STRAWBERRIES, BEARING - APPLICATIONS, MEASURED IN LB / ACRE / YEAR, AVG","CHEMICAL, INSECTICIDE","CHEMICAL, INSECTICIDE: (FENBUTATIN-OXIDE = 104601)",NA
2018,"YEAR","STATE","CALIFORNIA","06","STRAWBERRIES, BEARING - APPLICATIONS, MEASURED IN LB / ACRE / YEAR, AVG","CHEMICAL, INSECTICIDE","CHEMICAL, INSECTICIDE: (FENPROPATHRIN = 127901)",0.397
2018,"YEAR","STATE","CALIFORNIA","06","STRAWBERRIES, BEARING - APPLICATIONS, MEASURED IN LB / ACRE / YEAR, AVG","CHEMICAL, INSECTICIDE","CHEMICAL, INSECTICIDE: (FENPYROXIMATE = 129131)",0.128
2018,"YEAR","STATE","CALIFORNIA","06","STRAWBERRIES, BEARING - APPLICATIONS, MEASURED IN LB / ACRE / YEAR, AVG","CHEMICAL, INSECTICIDE","CHEMICAL, INSECTICIDE: (FLONICAMID = 128016)",0.105
2018,"YEAR","STATE","CALIFORNIA","06","STRAWBERRIES, BEARING - APPLICATIONS, MEASURED IN LB / ACRE / YEAR, AVG","CHEMICAL, INSECTICIDE","CHEMICAL, INSECTICIDE: (FLUPYRADIFURONE = 122304)",0.234
2018,"YEAR","STATE","CALIFORNIA","06","STRAWBERRIES, BEARING - APPLICATIONS, MEASURED IN LB / ACRE / YEAR, AVG","CHEMICAL, INSECTICIDE","CHEMICAL, INSECTICIDE: (HEXYTHIAZOX = 128849)",0.212
2018,"YEAR","STATE","CALIFORNIA","06","STRAWBERRIES, BEARING - APPLICATIONS, MEASURED IN LB / ACRE / YEAR, AVG","CHEMICAL, INSECTICIDE","CHEMICAL, INSECTICIDE: (IMIDACLOPRID = 129099)",0.63
2018,"YEAR","STATE","CALIFORNIA","06","STRAWBERRIES, BEARING - APPLICATIONS, MEASURED IN LB / ACRE / YEAR, AVG","CHEMICAL, INSECTICIDE","CHEMICAL, INSECTICIDE: (LAMBDA-CYHALOTHRIN = 128897)",NA
2018,"YEAR","STATE","CALIFORNIA","06","STRAWBERRIES, BEARING - APPLICATIONS, MEASURED IN LB / ACRE / YEAR, AVG","CHEMICAL, INSECTICIDE","CHEMICAL, INSECTICIDE: (MALATHION = 57701)",3.062
2018,"YEAR","STATE","CALIFORNIA","06","STRAWBERRIES, BEARING - APPLICATIONS, MEASURED IN LB / ACRE / YEAR, AVG","CHEMICAL, INSECTICIDE","CHEMICAL, INSECTICIDE: (METHOXYFENOZIDE = 121027)",0.214
2018,"YEAR","STATE","CALIFORNIA","06","STRAWBERRIES, BEARING - APPLICATIONS, MEASURED IN LB / ACRE / YEAR, AVG","CHEMICAL, INSECTICIDE","CHEMICAL, INSECTICIDE: (NALED = 34401)",1.091
2018,"YEAR","STATE","CALIFORNIA","06","STRAWBERRIES, BEARING - APPLICATIONS, MEASURED IN LB / ACRE / YEAR, AVG","CHEMICAL, INSECTICIDE","CHEMICAL, INSECTICIDE: (NEEM OIL = 25006)",NA
2018,"YEAR","STATE","CALIFORNIA","06","STRAWBERRIES, BEARING - APPLICATIONS, MEASURED IN LB / ACRE / YEAR, AVG","CHEMICAL, INSECTICIDE","CHEMICAL, INSECTICIDE: (NEEM OIL, CLAR. HYD. = 25007)",10.762
2018,"YEAR","STATE","CALIFORNIA","06","STRAWBERRIES, BEARING - APPLICATIONS, MEASURED IN LB / ACRE / YEAR, AVG","CHEMICAL, INSECTICIDE","CHEMICAL, INSECTICIDE: (NOVALURON = 124002)",0.119
2018,"YEAR","STATE","CALIFORNIA","06","STRAWBERRIES, BEARING - APPLICATIONS, MEASURED IN LB / ACRE / YEAR, AVG","CHEMICAL, INSECTICIDE","CHEMICAL, INSECTICIDE: (PIPERONYL BUTOXIDE = 67501)",NA
2018,"YEAR","STATE","CALIFORNIA","06","STRAWBERRIES, BEARING - APPLICATIONS, MEASURED IN LB / ACRE / YEAR, AVG","CHEMICAL, INSECTICIDE","CHEMICAL, INSECTICIDE: (POTASSIUM SALTS = 79021)",NA
2018,"YEAR","STATE","CALIFORNIA","06","STRAWBERRIES, BEARING - APPLICATIONS, MEASURED IN LB / ACRE / YEAR, AVG","CHEMICAL, INSECTICIDE","CHEMICAL, INSECTICIDE: (PYRETHRINS = 69001)",0.137
2018,"YEAR","STATE","CALIFORNIA","06","STRAWBERRIES, BEARING - APPLICATIONS, MEASURED IN LB / ACRE / YEAR, AVG","CHEMICAL, INSECTICIDE","CHEMICAL, INSECTICIDE: (PYRIPROXYFEN = 129032)",NA
2018,"YEAR","STATE","CALIFORNIA","06","STRAWBERRIES, BEARING - APPLICATIONS, MEASURED IN LB / ACRE / YEAR, AVG","CHEMICAL, INSECTICIDE","CHEMICAL, INSECTICIDE: (SPINETORAM = 110007)",0.083
2018,"YEAR","STATE","CALIFORNIA","06","STRAWBERRIES, BEARING - APPLICATIONS, MEASURED IN LB / ACRE / YEAR, AVG","CHEMICAL, INSECTICIDE","CHEMICAL, INSECTICIDE: (SPINOSAD = 110003)",0.104
2018,"YEAR","STATE","CALIFORNIA","06","STRAWBERRIES, BEARING - APPLICATIONS, MEASURED IN LB / ACRE / YEAR, AVG","CHEMICAL, INSECTICIDE","CHEMICAL, INSECTICIDE: (SPIROMESIFEN = 24875)",0.319
2018,"YEAR","STATE","CALIFORNIA","06","STRAWBERRIES, BEARING - APPLICATIONS, MEASURED IN LB / ACRE / YEAR, AVG","CHEMICAL, INSECTICIDE","CHEMICAL, INSECTICIDE: (SPIROTETRAMAT = 392201)",NA
2018,"YEAR","STATE","CALIFORNIA","06","STRAWBERRIES, BEARING - APPLICATIONS, MEASURED IN LB / ACRE / YEAR, AVG","CHEMICAL, INSECTICIDE","CHEMICAL, INSECTICIDE: (SULFOXAFLOR = 5210)",NA
2018,"YEAR","STATE","CALIFORNIA","06","STRAWBERRIES, BEARING - APPLICATIONS, MEASURED IN LB / ACRE / YEAR, AVG","CHEMICAL, INSECTICIDE","CHEMICAL, INSECTICIDE: (THIAMETHOXAM = 60109)",0.086
2018,"YEAR","STATE","CALIFORNIA","06","STRAWBERRIES, BEARING - APPLICATIONS, MEASURED IN LB / ACRE / YEAR, AVG","CHEMICAL, OTHER","CHEMICAL, OTHER: (ACIBENZOLAR-S-METHYL = 61402)",NA
2018,"YEAR","STATE","CALIFORNIA","06","STRAWBERRIES, BEARING - APPLICATIONS, MEASURED IN LB / ACRE / YEAR, AVG","CHEMICAL, OTHER","CHEMICAL, OTHER: (AUREOBASIDIUM PULLULANS DSM 14940 = 46010)",NA
2018,"YEAR","STATE","CALIFORNIA","06","STRAWBERRIES, BEARING - APPLICATIONS, MEASURED IN LB / ACRE / YEAR, AVG","CHEMICAL, OTHER","CHEMICAL, OTHER: (AUREOBASIDIUM PULLULANS DSM 14941 = 36010)",NA
2018,"YEAR","STATE","CALIFORNIA","06","STRAWBERRIES, BEARING - APPLICATIONS, MEASURED IN LB / ACRE / YEAR, AVG","CHEMICAL, OTHER","CHEMICAL, OTHER: (BT KURSTAKI SA-12 = 6518)",NA
2018,"YEAR","STATE","CALIFORNIA","06","STRAWBERRIES, BEARING - APPLICATIONS, MEASURED IN LB / ACRE / YEAR, AVG","CHEMICAL, OTHER","CHEMICAL, OTHER: (CAPRIC ACID = 128955)",NA
2018,"YEAR","STATE","CALIFORNIA","06","STRAWBERRIES, BEARING - APPLICATIONS, MEASURED IN LB / ACRE / YEAR, AVG","CHEMICAL, OTHER","CHEMICAL, OTHER: (CAPRYLIC ACID = 128919)",NA
2018,"YEAR","STATE","CALIFORNIA","06","STRAWBERRIES, BEARING - APPLICATIONS, MEASURED IN LB / ACRE / YEAR, AVG","CHEMICAL, OTHER","CHEMICAL, OTHER: (CHLOROPICRIN = 81501)",256.687
2018,"YEAR","STATE","CALIFORNIA","06","STRAWBERRIES, BEARING - APPLICATIONS, MEASURED IN LB / ACRE / YEAR, AVG","CHEMICAL, OTHER","CHEMICAL, OTHER: (DICHLOROPROPENE = 29001)",85.17
2018,"YEAR","STATE","CALIFORNIA","06","STRAWBERRIES, BEARING - APPLICATIONS, MEASURED IN LB / ACRE / YEAR, AVG","CHEMICAL, OTHER","CHEMICAL, OTHER: (FLUTRIAFOL = 128940)",0.129
2018,"YEAR","STATE","CALIFORNIA","06","STRAWBERRIES, BEARING - APPLICATIONS, MEASURED IN LB / ACRE / YEAR, AVG","CHEMICAL, OTHER","CHEMICAL, OTHER: (GLIOCLADIUM VIRENS = 129000)",NA
2018,"YEAR","STATE","CALIFORNIA","06","STRAWBERRIES, BEARING - APPLICATIONS, MEASURED IN LB / ACRE / YEAR, AVG","CHEMICAL, OTHER","CHEMICAL, OTHER: (IRON PHOSPHATE = 34903)",NA
2018,"YEAR","STATE","CALIFORNIA","06","STRAWBERRIES, BEARING - APPLICATIONS, MEASURED IN LB / ACRE / YEAR, AVG","CHEMICAL, OTHER","CHEMICAL, OTHER: (METALDEHYDE = 53001)",NA
2018,"YEAR","STATE","CALIFORNIA","06","STRAWBERRIES, BEARING - APPLICATIONS, MEASURED IN LB / ACRE / YEAR, AVG","CHEMICAL, OTHER","CHEMICAL, OTHER: (METAM-POTASSIUM = 39002)",NA
2018,"YEAR","STATE","CALIFORNIA","06","STRAWBERRIES, BEARING - APPLICATIONS, MEASURED IN LB / ACRE / YEAR, AVG","CHEMICAL, OTHER","CHEMICAL, OTHER: (METAM-SODIUM = 39003)",NA
2018,"YEAR","STATE","CALIFORNIA","06","STRAWBERRIES, BEARING - APPLICATIONS, MEASURED IN LB / ACRE / YEAR, AVG","CHEMICAL, OTHER","CHEMICAL, OTHER: (PAECILOMYCES FUMOSOR = 115002)",NA
2018,"YEAR","STATE","CALIFORNIA","06","STRAWBERRIES, BEARING - APPLICATIONS, MEASURED IN LB / ACRE / YEAR, AVG","CHEMICAL, OTHER","CHEMICAL, OTHER: (POTASSIUM SILICATE = 72606)",NA
2018,"YEAR","STATE","CALIFORNIA","06","STRAWBERRIES, BEARING - APPLICATIONS, MEASURED IN LB / ACRE / YEAR, AVG","CHEMICAL, OTHER","CHEMICAL, OTHER: (REYNOUTRIA SACHALINE = 55809)",0.307
2018,"YEAR","STATE","CALIFORNIA","06","STRAWBERRIES, BEARING - APPLICATIONS, MEASURED IN LB / ACRE / YEAR, AVG","FERTILIZER","FERTILIZER: (NITROGEN)",307
2018,"YEAR","STATE","CALIFORNIA","06","STRAWBERRIES, BEARING - APPLICATIONS, MEASURED IN LB / ACRE / YEAR, AVG","FERTILIZER","FERTILIZER: (PHOSPHATE)",172
2018,"YEAR","STATE","CALIFORNIA","06","STRAWBERRIES, BEARING - APPLICATIONS, MEASURED IN LB / ACRE / YEAR, AVG","FERTILIZER","FERTILIZER: (POTASH)",315
2018,"YEAR","STATE","CALIFORNIA","06","STRAWBERRIES, BEARING - APPLICATIONS, MEASURED IN LB / ACRE / YEAR, AVG","FERTILIZER","FERTILIZER: (SULFUR)",91
2018,"YEAR","STATE","CALIFORNIA","06","STRAWBERRIES, BEARING - APPLICATIONS, MEASURED IN NUMBER, AVG","CHEMICAL, FUNGICIDE","CHEMICAL, FUNGICIDE: (AZOXYSTROBIN = 128810)",1.4
2018,"YEAR","STATE","CALIFORNIA","06","STRAWBERRIES, BEARING - APPLICATIONS, MEASURED IN NUMBER, AVG","CHEMICAL, FUNGICIDE","CHEMICAL, FUNGICIDE: (BACILLUS AMYLOLIQUEFACIENS MBI 600 = 129082)",NA
2018,"YEAR","STATE","CALIFORNIA","06","STRAWBERRIES, BEARING - APPLICATIONS, MEASURED IN NUMBER, AVG","CHEMICAL, FUNGICIDE","CHEMICAL, FUNGICIDE: (BACILLUS AMYLOLIQUEFACIENS STRAIN D747 = 16482)",1.5
2018,"YEAR","STATE","CALIFORNIA","06","STRAWBERRIES, BEARING - APPLICATIONS, MEASURED IN NUMBER, AVG","CHEMICAL, FUNGICIDE","CHEMICAL, FUNGICIDE: (BACILLUS PUMILUS = 6485)",NA
2018,"YEAR","STATE","CALIFORNIA","06","STRAWBERRIES, BEARING - APPLICATIONS, MEASURED IN NUMBER, AVG","CHEMICAL, FUNGICIDE","CHEMICAL, FUNGICIDE: (BACILLUS SUBTILIS = 6479)",2.4
2018,"YEAR","STATE","CALIFORNIA","06","STRAWBERRIES, BEARING - APPLICATIONS, MEASURED IN NUMBER, AVG","CHEMICAL, FUNGICIDE","CHEMICAL, FUNGICIDE: (BLAD = 30006)",NA
2018,"YEAR","STATE","CALIFORNIA","06","STRAWBERRIES, BEARING - APPLICATIONS, MEASURED IN NUMBER, AVG","CHEMICAL, FUNGICIDE","CHEMICAL, FUNGICIDE: (BORAX DECAHYDRATE = 11102)",NA
2018,"YEAR","STATE","CALIFORNIA","06","STRAWBERRIES, BEARING - APPLICATIONS, MEASURED IN NUMBER, AVG","CHEMICAL, FUNGICIDE","CHEMICAL, FUNGICIDE: (BOSCALID = 128008)",1.6
2018,"YEAR","STATE","CALIFORNIA","06","STRAWBERRIES, BEARING - APPLICATIONS, MEASURED IN NUMBER, AVG","CHEMICAL, FUNGICIDE","CHEMICAL, FUNGICIDE: (CAPTAN = 81301)",3.4
2018,"YEAR","STATE","CALIFORNIA","06","STRAWBERRIES, BEARING - APPLICATIONS, MEASURED IN NUMBER, AVG","CHEMICAL, FUNGICIDE","CHEMICAL, FUNGICIDE: (COPPER HYDROXIDE = 23401)",NA
2018,"YEAR","STATE","CALIFORNIA","06","STRAWBERRIES, BEARING - APPLICATIONS, MEASURED IN NUMBER, AVG","CHEMICAL, FUNGICIDE","CHEMICAL, FUNGICIDE: (COPPER OCTANOATE = 23306)",NA
2018,"YEAR","STATE","CALIFORNIA","06","STRAWBERRIES, BEARING - APPLICATIONS, MEASURED IN NUMBER, AVG","CHEMICAL, FUNGICIDE","CHEMICAL, FUNGICIDE: (CYFLUFENAMID = 555550)",1.2
2018,"YEAR","STATE","CALIFORNIA","06","STRAWBERRIES, BEARING - APPLICATIONS, MEASURED IN NUMBER, AVG","CHEMICAL, FUNGICIDE","CHEMICAL, FUNGICIDE: (CYPRODINIL = 288202)",1.4
2018,"YEAR","STATE","CALIFORNIA","06","STRAWBERRIES, BEARING - APPLICATIONS, MEASURED IN NUMBER, AVG","CHEMICAL, FUNGICIDE","CHEMICAL, FUNGICIDE: (DIFENOCONAZOLE = 128847)",NA
2018,"YEAR","STATE","CALIFORNIA","06","STRAWBERRIES, BEARING - APPLICATIONS, MEASURED IN NUMBER, AVG","CHEMICAL, FUNGICIDE","CHEMICAL, FUNGICIDE: (FENHEXAMID = 90209)",1.7
2018,"YEAR","STATE","CALIFORNIA","06","STRAWBERRIES, BEARING - APPLICATIONS, MEASURED IN NUMBER, AVG","CHEMICAL, FUNGICIDE","CHEMICAL, FUNGICIDE: (FLUDIOXONIL = 71503)",1.4
2018,"YEAR","STATE","CALIFORNIA","06","STRAWBERRIES, BEARING - APPLICATIONS, MEASURED IN NUMBER, AVG","CHEMICAL, FUNGICIDE","CHEMICAL, FUNGICIDE: (FLUOPYRAM = 80302)",1.2
2018,"YEAR","STATE","CALIFORNIA","06","STRAWBERRIES, BEARING - APPLICATIONS, MEASURED IN NUMBER, AVG","CHEMICAL, FUNGICIDE","CHEMICAL, FUNGICIDE: (FLUXAPYROXAD = 138009)",1.3
2018,"YEAR","STATE","CALIFORNIA","06","STRAWBERRIES, BEARING - APPLICATIONS, MEASURED IN NUMBER, AVG","CHEMICAL, FUNGICIDE","CHEMICAL, FUNGICIDE: (FOSETYL-AL = 123301)",NA
2018,"YEAR","STATE","CALIFORNIA","06","STRAWBERRIES, BEARING - APPLICATIONS, MEASURED IN NUMBER, AVG","CHEMICAL, FUNGICIDE","CHEMICAL, FUNGICIDE: (IPRODIONE = 109801)",NA
2018,"YEAR","STATE","CALIFORNIA","06","STRAWBERRIES, BEARING - APPLICATIONS, MEASURED IN NUMBER, AVG","CHEMICAL, FUNGICIDE","CHEMICAL, FUNGICIDE: (ISOFETAMID = 270000)",NA
2018,"YEAR","STATE","CALIFORNIA","06","STRAWBERRIES, BEARING - APPLICATIONS, MEASURED IN NUMBER, AVG","CHEMICAL, FUNGICIDE","CHEMICAL, FUNGICIDE: (MEFENOXAM = 113502)",1.5
2018,"YEAR","STATE","CALIFORNIA","06","STRAWBERRIES, BEARING - APPLICATIONS, MEASURED IN NUMBER, AVG","CHEMICAL, FUNGICIDE","CHEMICAL, FUNGICIDE: (MYCLOBUTANIL = 128857)",1.6
2018,"YEAR","STATE","CALIFORNIA","06","STRAWBERRIES, BEARING - APPLICATIONS, MEASURED IN NUMBER, AVG","CHEMICAL, FUNGICIDE","CHEMICAL, FUNGICIDE: (PENTHIOPYRAD = 90112)",1.3
2018,"YEAR","STATE","CALIFORNIA","06","STRAWBERRIES, BEARING - APPLICATIONS, MEASURED IN NUMBER, AVG","CHEMICAL, FUNGICIDE","CHEMICAL, FUNGICIDE: (POLYOXIN D ZINC SALT = 230000)",1.1
2018,"YEAR","STATE","CALIFORNIA","06","STRAWBERRIES, BEARING - APPLICATIONS, MEASURED IN NUMBER, AVG","CHEMICAL, FUNGICIDE","CHEMICAL, FUNGICIDE: (POTASSIUM BICARBON. = 73508)",1.5
2018,"YEAR","STATE","CALIFORNIA","06","STRAWBERRIES, BEARING - APPLICATIONS, MEASURED IN NUMBER, AVG","CHEMICAL, FUNGICIDE","CHEMICAL, FUNGICIDE: (PROPICONAZOLE = 122101)",2
2018,"YEAR","STATE","CALIFORNIA","06","STRAWBERRIES, BEARING - APPLICATIONS, MEASURED IN NUMBER, AVG","CHEMICAL, FUNGICIDE","CHEMICAL, FUNGICIDE: (PYRACLOSTROBIN = 99100)",1.8
2018,"YEAR","STATE","CALIFORNIA","06","STRAWBERRIES, BEARING - APPLICATIONS, MEASURED IN NUMBER, AVG","CHEMICAL, FUNGICIDE","CHEMICAL, FUNGICIDE: (PYRIMETHANIL = 288201)",1.2
2018,"YEAR","STATE","CALIFORNIA","06","STRAWBERRIES, BEARING - APPLICATIONS, MEASURED IN NUMBER, AVG","CHEMICAL, FUNGICIDE","CHEMICAL, FUNGICIDE: (QUINOLINE = 55459)",1.2
2018,"YEAR","STATE","CALIFORNIA","06","STRAWBERRIES, BEARING - APPLICATIONS, MEASURED IN NUMBER, AVG","CHEMICAL, FUNGICIDE","CHEMICAL, FUNGICIDE: (STREPTOMYCES LYDICUS = 6327)",NA
2018,"YEAR","STATE","CALIFORNIA","06","STRAWBERRIES, BEARING - APPLICATIONS, MEASURED IN NUMBER, AVG","CHEMICAL, FUNGICIDE","CHEMICAL, FUNGICIDE: (SULFUR = 77501)",2.6
2018,"YEAR","STATE","CALIFORNIA","06","STRAWBERRIES, BEARING - APPLICATIONS, MEASURED IN NUMBER, AVG","CHEMICAL, FUNGICIDE","CHEMICAL, FUNGICIDE: (TETRACONAZOLE = 120603)",1.5
2018,"YEAR","STATE","CALIFORNIA","06","STRAWBERRIES, BEARING - APPLICATIONS, MEASURED IN NUMBER, AVG","CHEMICAL, FUNGICIDE","CHEMICAL, FUNGICIDE: (THIOPHANATE-METHYL = 102001)",1.3
2018,"YEAR","STATE","CALIFORNIA","06","STRAWBERRIES, BEARING - APPLICATIONS, MEASURED IN NUMBER, AVG","CHEMICAL, FUNGICIDE","CHEMICAL, FUNGICIDE: (THIRAM = 79801)",2.1
2018,"YEAR","STATE","CALIFORNIA","06","STRAWBERRIES, BEARING - APPLICATIONS, MEASURED IN NUMBER, AVG","CHEMICAL, FUNGICIDE","CHEMICAL, FUNGICIDE: (TRIFLOXYSTROBIN = 129112)",1.3
2018,"YEAR","STATE","CALIFORNIA","06","STRAWBERRIES, BEARING - APPLICATIONS, MEASURED IN NUMBER, AVG","CHEMICAL, FUNGICIDE","CHEMICAL, FUNGICIDE: (TRIFLUMIZOLE = 128879)",1.6
2018,"YEAR","STATE","CALIFORNIA","06","STRAWBERRIES, BEARING - APPLICATIONS, MEASURED IN NUMBER, AVG","CHEMICAL, HERBICIDE","CHEMICAL, HERBICIDE: (FLUMIOXAZIN = 129034)",1.1
2018,"YEAR","STATE","CALIFORNIA","06","STRAWBERRIES, BEARING - APPLICATIONS, MEASURED IN NUMBER, AVG","CHEMICAL, HERBICIDE","CHEMICAL, HERBICIDE: (GLYPHOSATE ISO. SALT = 103601)",NA
2018,"YEAR","STATE","CALIFORNIA","06","STRAWBERRIES, BEARING - APPLICATIONS, MEASURED IN NUMBER, AVG","CHEMICAL, HERBICIDE","CHEMICAL, HERBICIDE: (GLYPHOSATE POT. SALT = 103613)",NA
2018,"YEAR","STATE","CALIFORNIA","06","STRAWBERRIES, BEARING - APPLICATIONS, MEASURED IN NUMBER, AVG","CHEMICAL, HERBICIDE","CHEMICAL, HERBICIDE: (NAPROPAMIDE = 103001)",NA
2018,"YEAR","STATE","CALIFORNIA","06","STRAWBERRIES, BEARING - APPLICATIONS, MEASURED IN NUMBER, AVG","CHEMICAL, HERBICIDE","CHEMICAL, HERBICIDE: (OXYFLUORFEN = 111601)",1
2018,"YEAR","STATE","CALIFORNIA","06","STRAWBERRIES, BEARING - APPLICATIONS, MEASURED IN NUMBER, AVG","CHEMICAL, HERBICIDE","CHEMICAL, HERBICIDE: (PENDIMETHALIN = 108501)",1.4
2018,"YEAR","STATE","CALIFORNIA","06","STRAWBERRIES, BEARING - APPLICATIONS, MEASURED IN NUMBER, AVG","CHEMICAL, HERBICIDE","CHEMICAL, HERBICIDE: (SULFENTRAZONE = 129081)",NA
2018,"YEAR","STATE","CALIFORNIA","06","STRAWBERRIES, BEARING - APPLICATIONS, MEASURED IN NUMBER, AVG","CHEMICAL, INSECTICIDE","CHEMICAL, INSECTICIDE: (ABAMECTIN = 122804)",1.4
2018,"YEAR","STATE","CALIFORNIA","06","STRAWBERRIES, BEARING - APPLICATIONS, MEASURED IN NUMBER, AVG","CHEMICAL, INSECTICIDE","CHEMICAL, INSECTICIDE: (ACEQUINOCYL = 6329)",1.2
2018,"YEAR","STATE","CALIFORNIA","06","STRAWBERRIES, BEARING - APPLICATIONS, MEASURED IN NUMBER, AVG","CHEMICAL, INSECTICIDE","CHEMICAL, INSECTICIDE: (ACETAMIPRID = 99050)",1.4
2018,"YEAR","STATE","CALIFORNIA","06","STRAWBERRIES, BEARING - APPLICATIONS, MEASURED IN NUMBER, AVG","CHEMICAL, INSECTICIDE","CHEMICAL, INSECTICIDE: (AZADIRACHTIN = 121701)",1.9
2018,"YEAR","STATE","CALIFORNIA","06","STRAWBERRIES, BEARING - APPLICATIONS, MEASURED IN NUMBER, AVG","CHEMICAL, INSECTICIDE","CHEMICAL, INSECTICIDE: (BIFENAZATE = 586)",1.3
2018,"YEAR","STATE","CALIFORNIA","06","STRAWBERRIES, BEARING - APPLICATIONS, MEASURED IN NUMBER, AVG","CHEMICAL, INSECTICIDE","CHEMICAL, INSECTICIDE: (BIFENTHRIN = 128825)",1.7
2018,"YEAR","STATE","CALIFORNIA","06","STRAWBERRIES, BEARING - APPLICATIONS, MEASURED IN NUMBER, AVG","CHEMICAL, INSECTICIDE","CHEMICAL, INSECTICIDE: (BT KURSTAK ABTS-1857 = 6523)",1.2
2018,"YEAR","STATE","CALIFORNIA","06","STRAWBERRIES, BEARING - APPLICATIONS, MEASURED IN NUMBER, AVG","CHEMICAL, INSECTICIDE","CHEMICAL, INSECTICIDE: (BT KURSTAKI ABTS-351 = 6522)",2.3
2018,"YEAR","STATE","CALIFORNIA","06","STRAWBERRIES, BEARING - APPLICATIONS, MEASURED IN NUMBER, AVG","CHEMICAL, INSECTICIDE","CHEMICAL, INSECTICIDE: (BT KURSTAKI SA-11 = 6519)",1.1
2018,"YEAR","STATE","CALIFORNIA","06","STRAWBERRIES, BEARING - APPLICATIONS, MEASURED IN NUMBER, AVG","CHEMICAL, INSECTICIDE","CHEMICAL, INSECTICIDE: (BT SUB AIZAWAI GC-91 = 6426)",NA
2018,"YEAR","STATE","CALIFORNIA","06","STRAWBERRIES, BEARING - APPLICATIONS, MEASURED IN NUMBER, AVG","CHEMICAL, INSECTICIDE","CHEMICAL, INSECTICIDE: (BUPROFEZIN = 275100)",NA
2018,"YEAR","STATE","CALIFORNIA","06","STRAWBERRIES, BEARING - APPLICATIONS, MEASURED IN NUMBER, AVG","CHEMICAL, INSECTICIDE","CHEMICAL, INSECTICIDE: (BURKHOLDERIA A396 CELLS & MEDIA = 6534)",NA
2018,"YEAR","STATE","CALIFORNIA","06","STRAWBERRIES, BEARING - APPLICATIONS, MEASURED IN NUMBER, AVG","CHEMICAL, INSECTICIDE","CHEMICAL, INSECTICIDE: (CARBARYL = 56801)",NA
2018,"YEAR","STATE","CALIFORNIA","06","STRAWBERRIES, BEARING - APPLICATIONS, MEASURED IN NUMBER, AVG","CHEMICAL, INSECTICIDE","CHEMICAL, INSECTICIDE: (CHLORANTRANILIPROLE = 90100)",1.2
2018,"YEAR","STATE","CALIFORNIA","06","STRAWBERRIES, BEARING - APPLICATIONS, MEASURED IN NUMBER, AVG","CHEMICAL, INSECTICIDE","CHEMICAL, INSECTICIDE: (CHLORPYRIFOS = 59101)",NA
2018,"YEAR","STATE","CALIFORNIA","06","STRAWBERRIES, BEARING - APPLICATIONS, MEASURED IN NUMBER, AVG","CHEMICAL, INSECTICIDE","CHEMICAL, INSECTICIDE: (CHROMOBAC SUBTSUGAE PRAA4-1 CELLS AND SPENT MEDIA = 16329)",1.1
2018,"YEAR","STATE","CALIFORNIA","06","STRAWBERRIES, BEARING - APPLICATIONS, MEASURED IN NUMBER, AVG","CHEMICAL, INSECTICIDE","CHEMICAL, INSECTICIDE: (CYANTRANILIPROLE = 90098)",NA
2018,"YEAR","STATE","CALIFORNIA","06","STRAWBERRIES, BEARING - APPLICATIONS, MEASURED IN NUMBER, AVG","CHEMICAL, INSECTICIDE","CHEMICAL, INSECTICIDE: (CYFLUMETOFEN = 138831)",1.3
2018,"YEAR","STATE","CALIFORNIA","06","STRAWBERRIES, BEARING - APPLICATIONS, MEASURED IN NUMBER, AVG","CHEMICAL, INSECTICIDE","CHEMICAL, INSECTICIDE: (DIAZINON = 57801)",NA
2018,"YEAR","STATE","CALIFORNIA","06","STRAWBERRIES, BEARING - APPLICATIONS, MEASURED IN NUMBER, AVG","CHEMICAL, INSECTICIDE","CHEMICAL, INSECTICIDE: (EMAMECTIN BENZOATE = 122806)",NA
2018,"YEAR","STATE","CALIFORNIA","06","STRAWBERRIES, BEARING - APPLICATIONS, MEASURED IN NUMBER, AVG","CHEMICAL, INSECTICIDE","CHEMICAL, INSECTICIDE: (ETOXAZOLE = 107091)",NA
2018,"YEAR","STATE","CALIFORNIA","06","STRAWBERRIES, BEARING - APPLICATIONS, MEASURED IN NUMBER, AVG","CHEMICAL, INSECTICIDE","CHEMICAL, INSECTICIDE: (FENBUTATIN-OXIDE = 104601)",NA
2018,"YEAR","STATE","CALIFORNIA","06","STRAWBERRIES, BEARING - APPLICATIONS, MEASURED IN NUMBER, AVG","CHEMICAL, INSECTICIDE","CHEMICAL, INSECTICIDE: (FENPROPATHRIN = 127901)",1.4
2018,"YEAR","STATE","CALIFORNIA","06","STRAWBERRIES, BEARING - APPLICATIONS, MEASURED IN NUMBER, AVG","CHEMICAL, INSECTICIDE","CHEMICAL, INSECTICIDE: (FENPYROXIMATE = 129131)",1.2
2018,"YEAR","STATE","CALIFORNIA","06","STRAWBERRIES, BEARING - APPLICATIONS, MEASURED IN NUMBER, AVG","CHEMICAL, INSECTICIDE","CHEMICAL, INSECTICIDE: (FLONICAMID = 128016)",1.3
2018,"YEAR","STATE","CALIFORNIA","06","STRAWBERRIES, BEARING - APPLICATIONS, MEASURED IN NUMBER, AVG","CHEMICAL, INSECTICIDE","CHEMICAL, INSECTICIDE: (FLUPYRADIFURONE = 122304)",1.4
2018,"YEAR","STATE","CALIFORNIA","06","STRAWBERRIES, BEARING - APPLICATIONS, MEASURED IN NUMBER, AVG","CHEMICAL, INSECTICIDE","CHEMICAL, INSECTICIDE: (HEXYTHIAZOX = 128849)",1.2
2018,"YEAR","STATE","CALIFORNIA","06","STRAWBERRIES, BEARING - APPLICATIONS, MEASURED IN NUMBER, AVG","CHEMICAL, INSECTICIDE","CHEMICAL, INSECTICIDE: (IMIDACLOPRID = 129099)",1.3
2018,"YEAR","STATE","CALIFORNIA","06","STRAWBERRIES, BEARING - APPLICATIONS, MEASURED IN NUMBER, AVG","CHEMICAL, INSECTICIDE","CHEMICAL, INSECTICIDE: (LAMBDA-CYHALOTHRIN = 128897)",NA
2018,"YEAR","STATE","CALIFORNIA","06","STRAWBERRIES, BEARING - APPLICATIONS, MEASURED IN NUMBER, AVG","CHEMICAL, INSECTICIDE","CHEMICAL, INSECTICIDE: (MALATHION = 57701)",1.7
2018,"YEAR","STATE","CALIFORNIA","06","STRAWBERRIES, BEARING - APPLICATIONS, MEASURED IN NUMBER, AVG","CHEMICAL, INSECTICIDE","CHEMICAL, INSECTICIDE: (METHOXYFENOZIDE = 121027)",1.2
2018,"YEAR","STATE","CALIFORNIA","06","STRAWBERRIES, BEARING - APPLICATIONS, MEASURED IN NUMBER, AVG","CHEMICAL, INSECTICIDE","CHEMICAL, INSECTICIDE: (NALED = 34401)",1.2
2018,"YEAR","STATE","CALIFORNIA","06","STRAWBERRIES, BEARING - APPLICATIONS, MEASURED IN NUMBER, AVG","CHEMICAL, INSECTICIDE","CHEMICAL, INSECTICIDE: (NEEM OIL = 25006)",NA
2018,"YEAR","STATE","CALIFORNIA","06","STRAWBERRIES, BEARING - APPLICATIONS, MEASURED IN NUMBER, AVG","CHEMICAL, INSECTICIDE","CHEMICAL, INSECTICIDE: (NEEM OIL, CLAR. HYD. = 25007)",1.7
2018,"YEAR","STATE","CALIFORNIA","06","STRAWBERRIES, BEARING - APPLICATIONS, MEASURED IN NUMBER, AVG","CHEMICAL, INSECTICIDE","CHEMICAL, INSECTICIDE: (NOVALURON = 124002)",1.6
2018,"YEAR","STATE","CALIFORNIA","06","STRAWBERRIES, BEARING - APPLICATIONS, MEASURED IN NUMBER, AVG","CHEMICAL, INSECTICIDE","CHEMICAL, INSECTICIDE: (PIPERONYL BUTOXIDE = 67501)",NA
2018,"YEAR","STATE","CALIFORNIA","06","STRAWBERRIES, BEARING - APPLICATIONS, MEASURED IN NUMBER, AVG","CHEMICAL, INSECTICIDE","CHEMICAL, INSECTICIDE: (POTASSIUM SALTS = 79021)",NA
2018,"YEAR","STATE","CALIFORNIA","06","STRAWBERRIES, BEARING - APPLICATIONS, MEASURED IN NUMBER, AVG","CHEMICAL, INSECTICIDE","CHEMICAL, INSECTICIDE: (PYRETHRINS = 69001)",2.5
2018,"YEAR","STATE","CALIFORNIA","06","STRAWBERRIES, BEARING - APPLICATIONS, MEASURED IN NUMBER, AVG","CHEMICAL, INSECTICIDE","CHEMICAL, INSECTICIDE: (PYRIPROXYFEN = 129032)",NA
2018,"YEAR","STATE","CALIFORNIA","06","STRAWBERRIES, BEARING - APPLICATIONS, MEASURED IN NUMBER, AVG","CHEMICAL, INSECTICIDE","CHEMICAL, INSECTICIDE: (SPINETORAM = 110007)",1.2
2018,"YEAR","STATE","CALIFORNIA","06","STRAWBERRIES, BEARING - APPLICATIONS, MEASURED IN NUMBER, AVG","CHEMICAL, INSECTICIDE","CHEMICAL, INSECTICIDE: (SPINOSAD = 110003)",1.2
2018,"YEAR","STATE","CALIFORNIA","06","STRAWBERRIES, BEARING - APPLICATIONS, MEASURED IN NUMBER, AVG","CHEMICAL, INSECTICIDE","CHEMICAL, INSECTICIDE: (SPIROMESIFEN = 24875)",1.3
2018,"YEAR","STATE","CALIFORNIA","06","STRAWBERRIES, BEARING - APPLICATIONS, MEASURED IN NUMBER, AVG","CHEMICAL, INSECTICIDE","CHEMICAL, INSECTICIDE: (SPIROTETRAMAT = 392201)",NA
2018,"YEAR","STATE","CALIFORNIA","06","STRAWBERRIES, BEARING - APPLICATIONS, MEASURED IN NUMBER, AVG","CHEMICAL, INSECTICIDE","CHEMICAL, INSECTICIDE: (SULFOXAFLOR = 5210)",NA
2018,"YEAR","STATE","CALIFORNIA","06","STRAWBERRIES, BEARING - APPLICATIONS, MEASURED IN NUMBER, AVG","CHEMICAL, INSECTICIDE","CHEMICAL, INSECTICIDE: (THIAMETHOXAM = 60109)",1.4
2018,"YEAR","STATE","CALIFORNIA","06","STRAWBERRIES, BEARING - APPLICATIONS, MEASURED IN NUMBER, AVG","CHEMICAL, OTHER","CHEMICAL, OTHER: (ACIBENZOLAR-S-METHYL = 61402)",NA
2018,"YEAR","STATE","CALIFORNIA","06","STRAWBERRIES, BEARING - APPLICATIONS, MEASURED IN NUMBER, AVG","CHEMICAL, OTHER","CHEMICAL, OTHER: (AUREOBASIDIUM PULLULANS DSM 14940 = 46010)",NA
2018,"YEAR","STATE","CALIFORNIA","06","STRAWBERRIES, BEARING - APPLICATIONS, MEASURED IN NUMBER, AVG","CHEMICAL, OTHER","CHEMICAL, OTHER: (AUREOBASIDIUM PULLULANS DSM 14941 = 36010)",NA
2018,"YEAR","STATE","CALIFORNIA","06","STRAWBERRIES, BEARING - APPLICATIONS, MEASURED IN NUMBER, AVG","CHEMICAL, OTHER","CHEMICAL, OTHER: (BT KURSTAKI SA-12 = 6518)",NA
2018,"YEAR","STATE","CALIFORNIA","06","STRAWBERRIES, BEARING - APPLICATIONS, MEASURED IN NUMBER, AVG","CHEMICAL, OTHER","CHEMICAL, OTHER: (CAPRIC ACID = 128955)",NA
2018,"YEAR","STATE","CALIFORNIA","06","STRAWBERRIES, BEARING - APPLICATIONS, MEASURED IN NUMBER, AVG","CHEMICAL, OTHER","CHEMICAL, OTHER: (CAPRYLIC ACID = 128919)",NA
2018,"YEAR","STATE","CALIFORNIA","06","STRAWBERRIES, BEARING - APPLICATIONS, MEASURED IN NUMBER, AVG","CHEMICAL, OTHER","CHEMICAL, OTHER: (CHLOROPICRIN = 81501)",1.1
2018,"YEAR","STATE","CALIFORNIA","06","STRAWBERRIES, BEARING - APPLICATIONS, MEASURED IN NUMBER, AVG","CHEMICAL, OTHER","CHEMICAL, OTHER: (DICHLOROPROPENE = 29001)",1
2018,"YEAR","STATE","CALIFORNIA","06","STRAWBERRIES, BEARING - APPLICATIONS, MEASURED IN NUMBER, AVG","CHEMICAL, OTHER","CHEMICAL, OTHER: (FLUTRIAFOL = 128940)",1.1
2018,"YEAR","STATE","CALIFORNIA","06","STRAWBERRIES, BEARING - APPLICATIONS, MEASURED IN NUMBER, AVG","CHEMICAL, OTHER","CHEMICAL, OTHER: (GLIOCLADIUM VIRENS = 129000)",NA
2018,"YEAR","STATE","CALIFORNIA","06","STRAWBERRIES, BEARING - APPLICATIONS, MEASURED IN NUMBER, AVG","CHEMICAL, OTHER","CHEMICAL, OTHER: (IRON PHOSPHATE = 34903)",NA
2018,"YEAR","STATE","CALIFORNIA","06","STRAWBERRIES, BEARING - APPLICATIONS, MEASURED IN NUMBER, AVG","CHEMICAL, OTHER","CHEMICAL, OTHER: (METALDEHYDE = 53001)",NA
2018,"YEAR","STATE","CALIFORNIA","06","STRAWBERRIES, BEARING - APPLICATIONS, MEASURED IN NUMBER, AVG","CHEMICAL, OTHER","CHEMICAL, OTHER: (METAM-POTASSIUM = 39002)",NA
2018,"YEAR","STATE","CALIFORNIA","06","STRAWBERRIES, BEARING - APPLICATIONS, MEASURED IN NUMBER, AVG","CHEMICAL, OTHER","CHEMICAL, OTHER: (METAM-SODIUM = 39003)",NA
2018,"YEAR","STATE","CALIFORNIA","06","STRAWBERRIES, BEARING - APPLICATIONS, MEASURED IN NUMBER, AVG","CHEMICAL, OTHER","CHEMICAL, OTHER: (PAECILOMYCES FUMOSOR = 115002)",NA
2018,"YEAR","STATE","CALIFORNIA","06","STRAWBERRIES, BEARING - APPLICATIONS, MEASURED IN NUMBER, AVG","CHEMICAL, OTHER","CHEMICAL, OTHER: (POTASSIUM SILICATE = 72606)",NA
2018,"YEAR","STATE","CALIFORNIA","06","STRAWBERRIES, BEARING - APPLICATIONS, MEASURED IN NUMBER, AVG","CHEMICAL, OTHER","CHEMICAL, OTHER: (REYNOUTRIA SACHALINE = 55809)",1.4
2018,"YEAR","STATE","CALIFORNIA","06","STRAWBERRIES, BEARING - APPLICATIONS, MEASURED IN NUMBER, AVG","FERTILIZER","FERTILIZER: (NITROGEN)",16.9
2018,"YEAR","STATE","CALIFORNIA","06","STRAWBERRIES, BEARING - APPLICATIONS, MEASURED IN NUMBER, AVG","FERTILIZER","FERTILIZER: (PHOSPHATE)",11.8
2018,"YEAR","STATE","CALIFORNIA","06","STRAWBERRIES, BEARING - APPLICATIONS, MEASURED IN NUMBER, AVG","FERTILIZER","FERTILIZER: (POTASH)",13.2
2018,"YEAR","STATE","CALIFORNIA","06","STRAWBERRIES, BEARING - APPLICATIONS, MEASURED IN NUMBER, AVG","FERTILIZER","FERTILIZER: (SULFUR)",10.2
2018,"YEAR","STATE","CALIFORNIA","06","STRAWBERRIES, BEARING - TREATED, MEASURED IN PCT OF AREA BEARING, AVG","CHEMICAL, FUNGICIDE","CHEMICAL, FUNGICIDE: (AZOXYSTROBIN = 128810)",10
2018,"YEAR","STATE","CALIFORNIA","06","STRAWBERRIES, BEARING - TREATED, MEASURED IN PCT OF AREA BEARING, AVG","CHEMICAL, FUNGICIDE","CHEMICAL, FUNGICIDE: (BACILLUS AMYLOLIQUEFACIENS MBI 600 = 129082)",NA
2018,"YEAR","STATE","CALIFORNIA","06","STRAWBERRIES, BEARING - TREATED, MEASURED IN PCT OF AREA BEARING, AVG","CHEMICAL, FUNGICIDE","CHEMICAL, FUNGICIDE: (BACILLUS AMYLOLIQUEFACIENS STRAIN D747 = 16482)",14
2018,"YEAR","STATE","CALIFORNIA","06","STRAWBERRIES, BEARING - TREATED, MEASURED IN PCT OF AREA BEARING, AVG","CHEMICAL, FUNGICIDE","CHEMICAL, FUNGICIDE: (BACILLUS PUMILUS = 6485)",NA
2018,"YEAR","STATE","CALIFORNIA","06","STRAWBERRIES, BEARING - TREATED, MEASURED IN PCT OF AREA BEARING, AVG","CHEMICAL, FUNGICIDE","CHEMICAL, FUNGICIDE: (BACILLUS SUBTILIS = 6479)",1
2018,"YEAR","STATE","CALIFORNIA","06","STRAWBERRIES, BEARING - TREATED, MEASURED IN PCT OF AREA BEARING, AVG","CHEMICAL, FUNGICIDE","CHEMICAL, FUNGICIDE: (BLAD = 30006)",NA
2018,"YEAR","STATE","CALIFORNIA","06","STRAWBERRIES, BEARING - TREATED, MEASURED IN PCT OF AREA BEARING, AVG","CHEMICAL, FUNGICIDE","CHEMICAL, FUNGICIDE: (BORAX DECAHYDRATE = 11102)",NA
2018,"YEAR","STATE","CALIFORNIA","06","STRAWBERRIES, BEARING - TREATED, MEASURED IN PCT OF AREA BEARING, AVG","CHEMICAL, FUNGICIDE","CHEMICAL, FUNGICIDE: (BOSCALID = 128008)",9
2018,"YEAR","STATE","CALIFORNIA","06","STRAWBERRIES, BEARING - TREATED, MEASURED IN PCT OF AREA BEARING, AVG","CHEMICAL, FUNGICIDE","CHEMICAL, FUNGICIDE: (CAPTAN = 81301)",41
2018,"YEAR","STATE","CALIFORNIA","06","STRAWBERRIES, BEARING - TREATED, MEASURED IN PCT OF AREA BEARING, AVG","CHEMICAL, FUNGICIDE","CHEMICAL, FUNGICIDE: (COPPER HYDROXIDE = 23401)",NA
2018,"YEAR","STATE","CALIFORNIA","06","STRAWBERRIES, BEARING - TREATED, MEASURED IN PCT OF AREA BEARING, AVG","CHEMICAL, FUNGICIDE","CHEMICAL, FUNGICIDE: (COPPER OCTANOATE = 23306)",NA
2018,"YEAR","STATE","CALIFORNIA","06","STRAWBERRIES, BEARING - TREATED, MEASURED IN PCT OF AREA BEARING, AVG","CHEMICAL, FUNGICIDE","CHEMICAL, FUNGICIDE: (CYFLUFENAMID = 555550)",6
2018,"YEAR","STATE","CALIFORNIA","06","STRAWBERRIES, BEARING - TREATED, MEASURED IN PCT OF AREA BEARING, AVG","CHEMICAL, FUNGICIDE","CHEMICAL, FUNGICIDE: (CYPRODINIL = 288202)",30
2018,"YEAR","STATE","CALIFORNIA","06","STRAWBERRIES, BEARING - TREATED, MEASURED IN PCT OF AREA BEARING, AVG","CHEMICAL, FUNGICIDE","CHEMICAL, FUNGICIDE: (DIFENOCONAZOLE = 128847)",NA
2018,"YEAR","STATE","CALIFORNIA","06","STRAWBERRIES, BEARING - TREATED, MEASURED IN PCT OF AREA BEARING, AVG","CHEMICAL, FUNGICIDE","CHEMICAL, FUNGICIDE: (FENHEXAMID = 90209)",9
2018,"YEAR","STATE","CALIFORNIA","06","STRAWBERRIES, BEARING - TREATED, MEASURED IN PCT OF AREA BEARING, AVG","CHEMICAL, FUNGICIDE","CHEMICAL, FUNGICIDE: (FLUDIOXONIL = 71503)",30
2018,"YEAR","STATE","CALIFORNIA","06","STRAWBERRIES, BEARING - TREATED, MEASURED IN PCT OF AREA BEARING, AVG","CHEMICAL, FUNGICIDE","CHEMICAL, FUNGICIDE: (FLUOPYRAM = 80302)",32
2018,"YEAR","STATE","CALIFORNIA","06","STRAWBERRIES, BEARING - TREATED, MEASURED IN PCT OF AREA BEARING, AVG","CHEMICAL, FUNGICIDE","CHEMICAL, FUNGICIDE: (FLUXAPYROXAD = 138009)",14
2018,"YEAR","STATE","CALIFORNIA","06","STRAWBERRIES, BEARING - TREATED, MEASURED IN PCT OF AREA BEARING, AVG","CHEMICAL, FUNGICIDE","CHEMICAL, FUNGICIDE: (FOSETYL-AL = 123301)",NA
2018,"YEAR","STATE","CALIFORNIA","06","STRAWBERRIES, BEARING - TREATED, MEASURED IN PCT OF AREA BEARING, AVG","CHEMICAL, FUNGICIDE","CHEMICAL, FUNGICIDE: (IPRODIONE = 109801)",NA
2018,"YEAR","STATE","CALIFORNIA","06","STRAWBERRIES, BEARING - TREATED, MEASURED IN PCT OF AREA BEARING, AVG","CHEMICAL, FUNGICIDE","CHEMICAL, FUNGICIDE: (ISOFETAMID = 270000)",NA
2018,"YEAR","STATE","CALIFORNIA","06","STRAWBERRIES, BEARING - TREATED, MEASURED IN PCT OF AREA BEARING, AVG","CHEMICAL, FUNGICIDE","CHEMICAL, FUNGICIDE: (MEFENOXAM = 113502)",8
2018,"YEAR","STATE","CALIFORNIA","06","STRAWBERRIES, BEARING - TREATED, MEASURED IN PCT OF AREA BEARING, AVG","CHEMICAL, FUNGICIDE","CHEMICAL, FUNGICIDE: (MYCLOBUTANIL = 128857)",18
2018,"YEAR","STATE","CALIFORNIA","06","STRAWBERRIES, BEARING - TREATED, MEASURED IN PCT OF AREA BEARING, AVG","CHEMICAL, FUNGICIDE","CHEMICAL, FUNGICIDE: (PENTHIOPYRAD = 90112)",20
2018,"YEAR","STATE","CALIFORNIA","06","STRAWBERRIES, BEARING - TREATED, MEASURED IN PCT OF AREA BEARING, AVG","CHEMICAL, FUNGICIDE","CHEMICAL, FUNGICIDE: (POLYOXIN D ZINC SALT = 230000)",15
2018,"YEAR","STATE","CALIFORNIA","06","STRAWBERRIES, BEARING - TREATED, MEASURED IN PCT OF AREA BEARING, AVG","CHEMICAL, FUNGICIDE","CHEMICAL, FUNGICIDE: (POTASSIUM BICARBON. = 73508)",12
2018,"YEAR","STATE","CALIFORNIA","06","STRAWBERRIES, BEARING - TREATED, MEASURED IN PCT OF AREA BEARING, AVG","CHEMICAL, FUNGICIDE","CHEMICAL, FUNGICIDE: (PROPICONAZOLE = 122101)",12
2018,"YEAR","STATE","CALIFORNIA","06","STRAWBERRIES, BEARING - TREATED, MEASURED IN PCT OF AREA BEARING, AVG","CHEMICAL, FUNGICIDE","CHEMICAL, FUNGICIDE: (PYRACLOSTROBIN = 99100)",21
2018,"YEAR","STATE","CALIFORNIA","06","STRAWBERRIES, BEARING - TREATED, MEASURED IN PCT OF AREA BEARING, AVG","CHEMICAL, FUNGICIDE","CHEMICAL, FUNGICIDE: (PYRIMETHANIL = 288201)",10
2018,"YEAR","STATE","CALIFORNIA","06","STRAWBERRIES, BEARING - TREATED, MEASURED IN PCT OF AREA BEARING, AVG","CHEMICAL, FUNGICIDE","CHEMICAL, FUNGICIDE: (QUINOLINE = 55459)",23
2018,"YEAR","STATE","CALIFORNIA","06","STRAWBERRIES, BEARING - TREATED, MEASURED IN PCT OF AREA BEARING, AVG","CHEMICAL, FUNGICIDE","CHEMICAL, FUNGICIDE: (STREPTOMYCES LYDICUS = 6327)",NA
2018,"YEAR","STATE","CALIFORNIA","06","STRAWBERRIES, BEARING - TREATED, MEASURED IN PCT OF AREA BEARING, AVG","CHEMICAL, FUNGICIDE","CHEMICAL, FUNGICIDE: (SULFUR = 77501)",64
2018,"YEAR","STATE","CALIFORNIA","06","STRAWBERRIES, BEARING - TREATED, MEASURED IN PCT OF AREA BEARING, AVG","CHEMICAL, FUNGICIDE","CHEMICAL, FUNGICIDE: (TETRACONAZOLE = 120603)",19
2018,"YEAR","STATE","CALIFORNIA","06","STRAWBERRIES, BEARING - TREATED, MEASURED IN PCT OF AREA BEARING, AVG","CHEMICAL, FUNGICIDE","CHEMICAL, FUNGICIDE: (THIOPHANATE-METHYL = 102001)",4
2018,"YEAR","STATE","CALIFORNIA","06","STRAWBERRIES, BEARING - TREATED, MEASURED IN PCT OF AREA BEARING, AVG","CHEMICAL, FUNGICIDE","CHEMICAL, FUNGICIDE: (THIRAM = 79801)",13
2018,"YEAR","STATE","CALIFORNIA","06","STRAWBERRIES, BEARING - TREATED, MEASURED IN PCT OF AREA BEARING, AVG","CHEMICAL, FUNGICIDE","CHEMICAL, FUNGICIDE: (TOTAL)",71
2018,"YEAR","STATE","CALIFORNIA","06","STRAWBERRIES, BEARING - TREATED, MEASURED IN PCT OF AREA BEARING, AVG","CHEMICAL, FUNGICIDE","CHEMICAL, FUNGICIDE: (TRIFLOXYSTROBIN = 129112)",37
2018,"YEAR","STATE","CALIFORNIA","06","STRAWBERRIES, BEARING - TREATED, MEASURED IN PCT OF AREA BEARING, AVG","CHEMICAL, FUNGICIDE","CHEMICAL, FUNGICIDE: (TRIFLUMIZOLE = 128879)",13
2018,"YEAR","STATE","CALIFORNIA","06","STRAWBERRIES, BEARING - TREATED, MEASURED IN PCT OF AREA BEARING, AVG","CHEMICAL, HERBICIDE","CHEMICAL, HERBICIDE: (FLUMIOXAZIN = 129034)",4
2018,"YEAR","STATE","CALIFORNIA","06","STRAWBERRIES, BEARING - TREATED, MEASURED IN PCT OF AREA BEARING, AVG","CHEMICAL, HERBICIDE","CHEMICAL, HERBICIDE: (GLYPHOSATE ISO. SALT = 103601)",NA
2018,"YEAR","STATE","CALIFORNIA","06","STRAWBERRIES, BEARING - TREATED, MEASURED IN PCT OF AREA BEARING, AVG","CHEMICAL, HERBICIDE","CHEMICAL, HERBICIDE: (GLYPHOSATE POT. SALT = 103613)",NA
2018,"YEAR","STATE","CALIFORNIA","06","STRAWBERRIES, BEARING - TREATED, MEASURED IN PCT OF AREA BEARING, AVG","CHEMICAL, HERBICIDE","CHEMICAL, HERBICIDE: (NAPROPAMIDE = 103001)",NA
2018,"YEAR","STATE","CALIFORNIA","06","STRAWBERRIES, BEARING - TREATED, MEASURED IN PCT OF AREA BEARING, AVG","CHEMICAL, HERBICIDE","CHEMICAL, HERBICIDE: (OXYFLUORFEN = 111601)",6
2018,"YEAR","STATE","CALIFORNIA","06","STRAWBERRIES, BEARING - TREATED, MEASURED IN PCT OF AREA BEARING, AVG","CHEMICAL, HERBICIDE","CHEMICAL, HERBICIDE: (PENDIMETHALIN = 108501)",4
2018,"YEAR","STATE","CALIFORNIA","06","STRAWBERRIES, BEARING - TREATED, MEASURED IN PCT OF AREA BEARING, AVG","CHEMICAL, HERBICIDE","CHEMICAL, HERBICIDE: (SULFENTRAZONE = 129081)",NA
2018,"YEAR","STATE","CALIFORNIA","06","STRAWBERRIES, BEARING - TREATED, MEASURED IN PCT OF AREA BEARING, AVG","CHEMICAL, HERBICIDE","CHEMICAL, HERBICIDE: (TOTAL)",7
2018,"YEAR","STATE","CALIFORNIA","06","STRAWBERRIES, BEARING - TREATED, MEASURED IN PCT OF AREA BEARING, AVG","CHEMICAL, INSECTICIDE","CHEMICAL, INSECTICIDE: (ABAMECTIN = 122804)",22
2018,"YEAR","STATE","CALIFORNIA","06","STRAWBERRIES, BEARING - TREATED, MEASURED IN PCT OF AREA BEARING, AVG","CHEMICAL, INSECTICIDE","CHEMICAL, INSECTICIDE: (ACEQUINOCYL = 6329)",10
2018,"YEAR","STATE","CALIFORNIA","06","STRAWBERRIES, BEARING - TREATED, MEASURED IN PCT OF AREA BEARING, AVG","CHEMICAL, INSECTICIDE","CHEMICAL, INSECTICIDE: (ACETAMIPRID = 99050)",20
2018,"YEAR","STATE","CALIFORNIA","06","STRAWBERRIES, BEARING - TREATED, MEASURED IN PCT OF AREA BEARING, AVG","CHEMICAL, INSECTICIDE","CHEMICAL, INSECTICIDE: (AZADIRACHTIN = 121701)",29
2018,"YEAR","STATE","CALIFORNIA","06","STRAWBERRIES, BEARING - TREATED, MEASURED IN PCT OF AREA BEARING, AVG","CHEMICAL, INSECTICIDE","CHEMICAL, INSECTICIDE: (BIFENAZATE = 586)",22
2018,"YEAR","STATE","CALIFORNIA","06","STRAWBERRIES, BEARING - TREATED, MEASURED IN PCT OF AREA BEARING, AVG","CHEMICAL, INSECTICIDE","CHEMICAL, INSECTICIDE: (BIFENTHRIN = 128825)",19
2018,"YEAR","STATE","CALIFORNIA","06","STRAWBERRIES, BEARING - TREATED, MEASURED IN PCT OF AREA BEARING, AVG","CHEMICAL, INSECTICIDE","CHEMICAL, INSECTICIDE: (BT KURSTAK ABTS-1857 = 6523)",16
2018,"YEAR","STATE","CALIFORNIA","06","STRAWBERRIES, BEARING - TREATED, MEASURED IN PCT OF AREA BEARING, AVG","CHEMICAL, INSECTICIDE","CHEMICAL, INSECTICIDE: (BT KURSTAKI ABTS-351 = 6522)",7
2018,"YEAR","STATE","CALIFORNIA","06","STRAWBERRIES, BEARING - TREATED, MEASURED IN PCT OF AREA BEARING, AVG","CHEMICAL, INSECTICIDE","CHEMICAL, INSECTICIDE: (BT KURSTAKI SA-11 = 6519)",23
2018,"YEAR","STATE","CALIFORNIA","06","STRAWBERRIES, BEARING - TREATED, MEASURED IN PCT OF AREA BEARING, AVG","CHEMICAL, INSECTICIDE","CHEMICAL, INSECTICIDE: (BT SUB AIZAWAI GC-91 = 6426)",NA
2018,"YEAR","STATE","CALIFORNIA","06","STRAWBERRIES, BEARING - TREATED, MEASURED IN PCT OF AREA BEARING, AVG","CHEMICAL, INSECTICIDE","CHEMICAL, INSECTICIDE: (BUPROFEZIN = 275100)",NA
2018,"YEAR","STATE","CALIFORNIA","06","STRAWBERRIES, BEARING - TREATED, MEASURED IN PCT OF AREA BEARING, AVG","CHEMICAL, INSECTICIDE","CHEMICAL, INSECTICIDE: (BURKHOLDERIA A396 CELLS & MEDIA = 6534)",NA
2018,"YEAR","STATE","CALIFORNIA","06","STRAWBERRIES, BEARING - TREATED, MEASURED IN PCT OF AREA BEARING, AVG","CHEMICAL, INSECTICIDE","CHEMICAL, INSECTICIDE: (CARBARYL = 56801)",NA
2018,"YEAR","STATE","CALIFORNIA","06","STRAWBERRIES, BEARING - TREATED, MEASURED IN PCT OF AREA BEARING, AVG","CHEMICAL, INSECTICIDE","CHEMICAL, INSECTICIDE: (CHLORANTRANILIPROLE = 90100)",21
2018,"YEAR","STATE","CALIFORNIA","06","STRAWBERRIES, BEARING - TREATED, MEASURED IN PCT OF AREA BEARING, AVG","CHEMICAL, INSECTICIDE","CHEMICAL, INSECTICIDE: (CHLORPYRIFOS = 59101)",NA
2018,"YEAR","STATE","CALIFORNIA","06","STRAWBERRIES, BEARING - TREATED, MEASURED IN PCT OF AREA BEARING, AVG","CHEMICAL, INSECTICIDE","CHEMICAL, INSECTICIDE: (CHROMOBAC SUBTSUGAE PRAA4-1 CELLS AND SPENT MEDIA = 16329)",4
2018,"YEAR","STATE","CALIFORNIA","06","STRAWBERRIES, BEARING - TREATED, MEASURED IN PCT OF AREA BEARING, AVG","CHEMICAL, INSECTICIDE","CHEMICAL, INSECTICIDE: (CYANTRANILIPROLE = 90098)",NA
2018,"YEAR","STATE","CALIFORNIA","06","STRAWBERRIES, BEARING - TREATED, MEASURED IN PCT OF AREA BEARING, AVG","CHEMICAL, INSECTICIDE","CHEMICAL, INSECTICIDE: (CYFLUMETOFEN = 138831)",21
2018,"YEAR","STATE","CALIFORNIA","06","STRAWBERRIES, BEARING - TREATED, MEASURED IN PCT OF AREA BEARING, AVG","CHEMICAL, INSECTICIDE","CHEMICAL, INSECTICIDE: (DIAZINON = 57801)",NA
2018,"YEAR","STATE","CALIFORNIA","06","STRAWBERRIES, BEARING - TREATED, MEASURED IN PCT OF AREA BEARING, AVG","CHEMICAL, INSECTICIDE","CHEMICAL, INSECTICIDE: (EMAMECTIN BENZOATE = 122806)",NA
2018,"YEAR","STATE","CALIFORNIA","06","STRAWBERRIES, BEARING - TREATED, MEASURED IN PCT OF AREA BEARING, AVG","CHEMICAL, INSECTICIDE","CHEMICAL, INSECTICIDE: (ETOXAZOLE = 107091)",NA
2018,"YEAR","STATE","CALIFORNIA","06","STRAWBERRIES, BEARING - TREATED, MEASURED IN PCT OF AREA BEARING, AVG","CHEMICAL, INSECTICIDE","CHEMICAL, INSECTICIDE: (FENBUTATIN-OXIDE = 104601)",NA
2018,"YEAR","STATE","CALIFORNIA","06","STRAWBERRIES, BEARING - TREATED, MEASURED IN PCT OF AREA BEARING, AVG","CHEMICAL, INSECTICIDE","CHEMICAL, INSECTICIDE: (FENPROPATHRIN = 127901)",8
2018,"YEAR","STATE","CALIFORNIA","06","STRAWBERRIES, BEARING - TREATED, MEASURED IN PCT OF AREA BEARING, AVG","CHEMICAL, INSECTICIDE","CHEMICAL, INSECTICIDE: (FENPYROXIMATE = 129131)",2
2018,"YEAR","STATE","CALIFORNIA","06","STRAWBERRIES, BEARING - TREATED, MEASURED IN PCT OF AREA BEARING, AVG","CHEMICAL, INSECTICIDE","CHEMICAL, INSECTICIDE: (FLONICAMID = 128016)",35
2018,"YEAR","STATE","CALIFORNIA","06","STRAWBERRIES, BEARING - TREATED, MEASURED IN PCT OF AREA BEARING, AVG","CHEMICAL, INSECTICIDE","CHEMICAL, INSECTICIDE: (FLUPYRADIFURONE = 122304)",9
2018,"YEAR","STATE","CALIFORNIA","06","STRAWBERRIES, BEARING - TREATED, MEASURED IN PCT OF AREA BEARING, AVG","CHEMICAL, INSECTICIDE","CHEMICAL, INSECTICIDE: (HEXYTHIAZOX = 128849)",11
2018,"YEAR","STATE","CALIFORNIA","06","STRAWBERRIES, BEARING - TREATED, MEASURED IN PCT OF AREA BEARING, AVG","CHEMICAL, INSECTICIDE","CHEMICAL, INSECTICIDE: (IMIDACLOPRID = 129099)",18
2018,"YEAR","STATE","CALIFORNIA","06","STRAWBERRIES, BEARING - TREATED, MEASURED IN PCT OF AREA BEARING, AVG","CHEMICAL, INSECTICIDE","CHEMICAL, INSECTICIDE: (LAMBDA-CYHALOTHRIN = 128897)",NA
2018,"YEAR","STATE","CALIFORNIA","06","STRAWBERRIES, BEARING - TREATED, MEASURED IN PCT OF AREA BEARING, AVG","CHEMICAL, INSECTICIDE","CHEMICAL, INSECTICIDE: (MALATHION = 57701)",7
2018,"YEAR","STATE","CALIFORNIA","06","STRAWBERRIES, BEARING - TREATED, MEASURED IN PCT OF AREA BEARING, AVG","CHEMICAL, INSECTICIDE","CHEMICAL, INSECTICIDE: (METHOXYFENOZIDE = 121027)",13
2018,"YEAR","STATE","CALIFORNIA","06","STRAWBERRIES, BEARING - TREATED, MEASURED IN PCT OF AREA BEARING, AVG","CHEMICAL, INSECTICIDE","CHEMICAL, INSECTICIDE: (NALED = 34401)",13
2018,"YEAR","STATE","CALIFORNIA","06","STRAWBERRIES, BEARING - TREATED, MEASURED IN PCT OF AREA BEARING, AVG","CHEMICAL, INSECTICIDE","CHEMICAL, INSECTICIDE: (NEEM OIL = 25006)",NA
2018,"YEAR","STATE","CALIFORNIA","06","STRAWBERRIES, BEARING - TREATED, MEASURED IN PCT OF AREA BEARING, AVG","CHEMICAL, INSECTICIDE","CHEMICAL, INSECTICIDE: (NEEM OIL, CLAR. HYD. = 25007)",23
2018,"YEAR","STATE","CALIFORNIA","06","STRAWBERRIES, BEARING - TREATED, MEASURED IN PCT OF AREA BEARING, AVG","CHEMICAL, INSECTICIDE","CHEMICAL, INSECTICIDE: (NOVALURON = 124002)",39
2018,"YEAR","STATE","CALIFORNIA","06","STRAWBERRIES, BEARING - TREATED, MEASURED IN PCT OF AREA BEARING, AVG","CHEMICAL, INSECTICIDE","CHEMICAL, INSECTICIDE: (PIPERONYL BUTOXIDE = 67501)",NA
2018,"YEAR","STATE","CALIFORNIA","06","STRAWBERRIES, BEARING - TREATED, MEASURED IN PCT OF AREA BEARING, AVG","CHEMICAL, INSECTICIDE","CHEMICAL, INSECTICIDE: (POTASSIUM SALTS = 79021)",NA
2018,"YEAR","STATE","CALIFORNIA","06","STRAWBERRIES, BEARING - TREATED, MEASURED IN PCT OF AREA BEARING, AVG","CHEMICAL, INSECTICIDE","CHEMICAL, INSECTICIDE: (PYRETHRINS = 69001)",8
2018,"YEAR","STATE","CALIFORNIA","06","STRAWBERRIES, BEARING - TREATED, MEASURED IN PCT OF AREA BEARING, AVG","CHEMICAL, INSECTICIDE","CHEMICAL, INSECTICIDE: (PYRIPROXYFEN = 129032)",NA
2018,"YEAR","STATE","CALIFORNIA","06","STRAWBERRIES, BEARING - TREATED, MEASURED IN PCT OF AREA BEARING, AVG","CHEMICAL, INSECTICIDE","CHEMICAL, INSECTICIDE: (SPINETORAM = 110007)",26
2018,"YEAR","STATE","CALIFORNIA","06","STRAWBERRIES, BEARING - TREATED, MEASURED IN PCT OF AREA BEARING, AVG","CHEMICAL, INSECTICIDE","CHEMICAL, INSECTICIDE: (SPINOSAD = 110003)",18
2018,"YEAR","STATE","CALIFORNIA","06","STRAWBERRIES, BEARING - TREATED, MEASURED IN PCT OF AREA BEARING, AVG","CHEMICAL, INSECTICIDE","CHEMICAL, INSECTICIDE: (SPIROMESIFEN = 24875)",9
2018,"YEAR","STATE","CALIFORNIA","06","STRAWBERRIES, BEARING - TREATED, MEASURED IN PCT OF AREA BEARING, AVG","CHEMICAL, INSECTICIDE","CHEMICAL, INSECTICIDE: (SPIROTETRAMAT = 392201)",NA
2018,"YEAR","STATE","CALIFORNIA","06","STRAWBERRIES, BEARING - TREATED, MEASURED IN PCT OF AREA BEARING, AVG","CHEMICAL, INSECTICIDE","CHEMICAL, INSECTICIDE: (SULFOXAFLOR = 5210)",NA
2018,"YEAR","STATE","CALIFORNIA","06","STRAWBERRIES, BEARING - TREATED, MEASURED IN PCT OF AREA BEARING, AVG","CHEMICAL, INSECTICIDE","CHEMICAL, INSECTICIDE: (THIAMETHOXAM = 60109)",12
2018,"YEAR","STATE","CALIFORNIA","06","STRAWBERRIES, BEARING - TREATED, MEASURED IN PCT OF AREA BEARING, AVG","CHEMICAL, INSECTICIDE","CHEMICAL, INSECTICIDE: (TOTAL)",63
2018,"YEAR","STATE","CALIFORNIA","06","STRAWBERRIES, BEARING - TREATED, MEASURED IN PCT OF AREA BEARING, AVG","CHEMICAL, OTHER","CHEMICAL, OTHER: (ACIBENZOLAR-S-METHYL = 61402)",NA
2018,"YEAR","STATE","CALIFORNIA","06","STRAWBERRIES, BEARING - TREATED, MEASURED IN PCT OF AREA BEARING, AVG","CHEMICAL, OTHER","CHEMICAL, OTHER: (AUREOBASIDIUM PULLULANS DSM 14940 = 46010)",NA
2018,"YEAR","STATE","CALIFORNIA","06","STRAWBERRIES, BEARING - TREATED, MEASURED IN PCT OF AREA BEARING, AVG","CHEMICAL, OTHER","CHEMICAL, OTHER: (AUREOBASIDIUM PULLULANS DSM 14941 = 36010)",NA
2018,"YEAR","STATE","CALIFORNIA","06","STRAWBERRIES, BEARING - TREATED, MEASURED IN PCT OF AREA BEARING, AVG","CHEMICAL, OTHER","CHEMICAL, OTHER: (BT KURSTAKI SA-12 = 6518)",NA
2018,"YEAR","STATE","CALIFORNIA","06","STRAWBERRIES, BEARING - TREATED, MEASURED IN PCT OF AREA BEARING, AVG","CHEMICAL, OTHER","CHEMICAL, OTHER: (CAPRIC ACID = 128955)",NA
2018,"YEAR","STATE","CALIFORNIA","06","STRAWBERRIES, BEARING - TREATED, MEASURED IN PCT OF AREA BEARING, AVG","CHEMICAL, OTHER","CHEMICAL, OTHER: (CAPRYLIC ACID = 128919)",NA
2018,"YEAR","STATE","CALIFORNIA","06","STRAWBERRIES, BEARING - TREATED, MEASURED IN PCT OF AREA BEARING, AVG","CHEMICAL, OTHER","CHEMICAL, OTHER: (CHLOROPICRIN = 81501)",30
2018,"YEAR","STATE","CALIFORNIA","06","STRAWBERRIES, BEARING - TREATED, MEASURED IN PCT OF AREA BEARING, AVG","CHEMICAL, OTHER","CHEMICAL, OTHER: (DICHLOROPROPENE = 29001)",22
2018,"YEAR","STATE","CALIFORNIA","06","STRAWBERRIES, BEARING - TREATED, MEASURED IN PCT OF AREA BEARING, AVG","CHEMICAL, OTHER","CHEMICAL, OTHER: (FLUTRIAFOL = 128940)",9
2018,"YEAR","STATE","CALIFORNIA","06","STRAWBERRIES, BEARING - TREATED, MEASURED IN PCT OF AREA BEARING, AVG","CHEMICAL, OTHER","CHEMICAL, OTHER: (GLIOCLADIUM VIRENS = 129000)",NA
2018,"YEAR","STATE","CALIFORNIA","06","STRAWBERRIES, BEARING - TREATED, MEASURED IN PCT OF AREA BEARING, AVG","CHEMICAL, OTHER","CHEMICAL, OTHER: (IRON PHOSPHATE = 34903)",NA
2018,"YEAR","STATE","CALIFORNIA","06","STRAWBERRIES, BEARING - TREATED, MEASURED IN PCT OF AREA BEARING, AVG","CHEMICAL, OTHER","CHEMICAL, OTHER: (METALDEHYDE = 53001)",NA
2018,"YEAR","STATE","CALIFORNIA","06","STRAWBERRIES, BEARING - TREATED, MEASURED IN PCT OF AREA BEARING, AVG","CHEMICAL, OTHER","CHEMICAL, OTHER: (METAM-POTASSIUM = 39002)",NA
2018,"YEAR","STATE","CALIFORNIA","06","STRAWBERRIES, BEARING - TREATED, MEASURED IN PCT OF AREA BEARING, AVG","CHEMICAL, OTHER","CHEMICAL, OTHER: (METAM-SODIUM = 39003)",NA
2018,"YEAR","STATE","CALIFORNIA","06","STRAWBERRIES, BEARING - TREATED, MEASURED IN PCT OF AREA BEARING, AVG","CHEMICAL, OTHER","CHEMICAL, OTHER: (PAECILOMYCES FUMOSOR = 115002)",NA
2018,"YEAR","STATE","CALIFORNIA","06","STRAWBERRIES, BEARING - TREATED, MEASURED IN PCT OF AREA BEARING, AVG","CHEMICAL, OTHER","CHEMICAL, OTHER: (POTASSIUM SILICATE = 72606)",NA
2018,"YEAR","STATE","CALIFORNIA","06","STRAWBERRIES, BEARING - TREATED, MEASURED IN PCT OF AREA BEARING, AVG","CHEMICAL, OTHER","CHEMICAL, OTHER: (REYNOUTRIA SACHALINE = 55809)",15
2018,"YEAR","STATE","CALIFORNIA","06","STRAWBERRIES, BEARING - TREATED, MEASURED IN PCT OF AREA BEARING, AVG","CHEMICAL, OTHER","CHEMICAL, OTHER: (TOTAL)",45
2018,"YEAR","STATE","CALIFORNIA","06","STRAWBERRIES, BEARING - TREATED, MEASURED IN PCT OF AREA BEARING, AVG","FERTILIZER","FERTILIZER: (NITROGEN)",97
2018,"YEAR","STATE","CALIFORNIA","06","STRAWBERRIES, BEARING - TREATED, MEASURED IN PCT OF AREA BEARING, AVG","FERTILIZER","FERTILIZER: (PHOSPHATE)",93
2018,"YEAR","STATE","CALIFORNIA","06","STRAWBERRIES, BEARING - TREATED, MEASURED IN PCT OF AREA BEARING, AVG","FERTILIZER","FERTILIZER: (POTASH)",94
2018,"YEAR","STATE","CALIFORNIA","06","STRAWBERRIES, BEARING - TREATED, MEASURED IN PCT OF AREA BEARING, AVG","FERTILIZER","FERTILIZER: (SULFUR)",81
2018,"YEAR","STATE","CALIFORNIA","06","STRAWBERRIES, FRESH MARKET - PRODUCTION, MEASURED IN $","TOTAL","NOT SPECIFIED",1964352000
2018,"YEAR","STATE","CALIFORNIA","06","STRAWBERRIES, FRESH MARKET, UTILIZED - PRODUCTION, MEASURED IN CWT","TOTAL","NOT SPECIFIED",18888000
2018,"YEAR","STATE","CALIFORNIA","06","STRAWBERRIES, NOT SOLD - PRODUCTION, MEASURED IN CWT","TOTAL","NOT SPECIFIED",24000
2018,"YEAR","STATE","CALIFORNIA","06","STRAWBERRIES, PROCESSING - PRODUCTION, MEASURED IN $","TOTAL","NOT SPECIFIED",214714000
2018,"YEAR","STATE","CALIFORNIA","06","STRAWBERRIES, PROCESSING, UTILIZED - PRODUCTION, MEASURED IN CWT","TOTAL","NOT SPECIFIED",5088000
2018,"YEAR","STATE","CALIFORNIA","06","STRAWBERRIES, PROCESSING, UTILIZED - PRODUCTION, MEASURED IN TONS","TOTAL","NOT SPECIFIED",276358
2018,"YEAR","STATE","CALIFORNIA","06","STRAWBERRIES, UTILIZED - PRODUCTION, MEASURED IN CWT","TOTAL","NOT SPECIFIED",23976000
2018,"YEAR","STATE","FLORIDA","12","STRAWBERRIES - ACRES HARVESTED","TOTAL","NOT SPECIFIED",9400
2018,"YEAR","STATE","FLORIDA","12","STRAWBERRIES - ACRES PLANTED","TOTAL","NOT SPECIFIED",9400
2018,"YEAR","STATE","FLORIDA","12","STRAWBERRIES - PRODUCTION, MEASURED IN $","TOTAL","NOT SPECIFIED",243800000
2018,"YEAR","STATE","FLORIDA","12","STRAWBERRIES - PRODUCTION, MEASURED IN CWT","TOTAL","NOT SPECIFIED",2120000
2018,"YEAR","STATE","FLORIDA","12","STRAWBERRIES - YIELD, MEASURED IN CWT / ACRE","TOTAL","NOT SPECIFIED",225
2018,"YEAR","STATE","FLORIDA","12","STRAWBERRIES, BEARING - APPLICATIONS, MEASURED IN LB","CHEMICAL, FUNGICIDE","CHEMICAL, FUNGICIDE: (AZOXYSTROBIN = 128810)",NA
2018,"YEAR","STATE","FLORIDA","12","STRAWBERRIES, BEARING - APPLICATIONS, MEASURED IN LB","CHEMICAL, FUNGICIDE","CHEMICAL, FUNGICIDE: (CAPTAN = 81301)",87400
2018,"YEAR","STATE","FLORIDA","12","STRAWBERRIES, BEARING - APPLICATIONS, MEASURED IN LB","CHEMICAL, FUNGICIDE","CHEMICAL, FUNGICIDE: (COPPER CHLORIDE HYD. = 23501)",NA
2018,"YEAR","STATE","FLORIDA","12","STRAWBERRIES, BEARING - APPLICATIONS, MEASURED IN LB","CHEMICAL, FUNGICIDE","CHEMICAL, FUNGICIDE: (COPPER HYDROXIDE = 23401)",NA
2018,"YEAR","STATE","FLORIDA","12","STRAWBERRIES, BEARING - APPLICATIONS, MEASURED IN LB","CHEMICAL, FUNGICIDE","CHEMICAL, FUNGICIDE: (CYPRODINIL = 288202)",3300
2018,"YEAR","STATE","FLORIDA","12","STRAWBERRIES, BEARING - APPLICATIONS, MEASURED IN LB","CHEMICAL, FUNGICIDE","CHEMICAL, FUNGICIDE: (DIFENOCONAZOLE = 128847)",NA
2018,"YEAR","STATE","FLORIDA","12","STRAWBERRIES, BEARING - APPLICATIONS, MEASURED IN LB","CHEMICAL, FUNGICIDE","CHEMICAL, FUNGICIDE: (FENHEXAMID = 90209)",NA
2018,"YEAR","STATE","FLORIDA","12","STRAWBERRIES, BEARING - APPLICATIONS, MEASURED IN LB","CHEMICAL, FUNGICIDE","CHEMICAL, FUNGICIDE: (FLUDIOXONIL = 71503)",1700
2018,"YEAR","STATE","FLORIDA","12","STRAWBERRIES, BEARING - APPLICATIONS, MEASURED IN LB","CHEMICAL, FUNGICIDE","CHEMICAL, FUNGICIDE: (FLUOPYRAM = 80302)",NA
2018,"YEAR","STATE","FLORIDA","12","STRAWBERRIES, BEARING - APPLICATIONS, MEASURED IN LB","CHEMICAL, FUNGICIDE","CHEMICAL, FUNGICIDE: (IPRODIONE = 109801)",NA
2018,"YEAR","STATE","FLORIDA","12","STRAWBERRIES, BEARING - APPLICATIONS, MEASURED IN LB","CHEMICAL, FUNGICIDE","CHEMICAL, FUNGICIDE: (ISOFETAMID = 270000)",NA
2018,"YEAR","STATE","FLORIDA","12","STRAWBERRIES, BEARING - APPLICATIONS, MEASURED IN LB","CHEMICAL, FUNGICIDE","CHEMICAL, FUNGICIDE: (MEFENOXAM = 113502)",NA
2018,"YEAR","STATE","FLORIDA","12","STRAWBERRIES, BEARING - APPLICATIONS, MEASURED IN LB","CHEMICAL, FUNGICIDE","CHEMICAL, FUNGICIDE: (PENTHIOPYRAD = 90112)",NA
2018,"YEAR","STATE","FLORIDA","12","STRAWBERRIES, BEARING - APPLICATIONS, MEASURED IN LB","CHEMICAL, FUNGICIDE","CHEMICAL, FUNGICIDE: (PROPICONAZOLE = 122101)",NA
2018,"YEAR","STATE","FLORIDA","12","STRAWBERRIES, BEARING - APPLICATIONS, MEASURED IN LB","CHEMICAL, FUNGICIDE","CHEMICAL, FUNGICIDE: (PYRIMETHANIL = 288201)",NA
2018,"YEAR","STATE","FLORIDA","12","STRAWBERRIES, BEARING - APPLICATIONS, MEASURED IN LB","CHEMICAL, FUNGICIDE","CHEMICAL, FUNGICIDE: (SULFUR = 77501)",NA
2018,"YEAR","STATE","FLORIDA","12","STRAWBERRIES, BEARING - APPLICATIONS, MEASURED IN LB","CHEMICAL, FUNGICIDE","CHEMICAL, FUNGICIDE: (THIOPHANATE-METHYL = 102001)",NA
2018,"YEAR","STATE","FLORIDA","12","STRAWBERRIES, BEARING - APPLICATIONS, MEASURED IN LB","CHEMICAL, FUNGICIDE","CHEMICAL, FUNGICIDE: (THIRAM = 79801)",22500
2018,"YEAR","STATE","FLORIDA","12","STRAWBERRIES, BEARING - APPLICATIONS, MEASURED IN LB","CHEMICAL, FUNGICIDE","CHEMICAL, FUNGICIDE: (TOTAL)",128400
2018,"YEAR","STATE","FLORIDA","12","STRAWBERRIES, BEARING - APPLICATIONS, MEASURED IN LB","CHEMICAL, HERBICIDE","CHEMICAL, HERBICIDE: (CARFENTRAZONE-ETHYL = 128712)",NA
2018,"YEAR","STATE","FLORIDA","12","STRAWBERRIES, BEARING - APPLICATIONS, MEASURED IN LB","CHEMICAL, HERBICIDE","CHEMICAL, HERBICIDE: (FLUMIOXAZIN = 129034)",NA
2018,"YEAR","STATE","FLORIDA","12","STRAWBERRIES, BEARING - APPLICATIONS, MEASURED IN LB","CHEMICAL, HERBICIDE","CHEMICAL, HERBICIDE: (GLYPHOSATE ISO. SALT = 103601)",NA
2018,"YEAR","STATE","FLORIDA","12","STRAWBERRIES, BEARING - APPLICATIONS, MEASURED IN LB","CHEMICAL, HERBICIDE","CHEMICAL, HERBICIDE: (NAPROPAMIDE = 103001)",NA
2018,"YEAR","STATE","FLORIDA","12","STRAWBERRIES, BEARING - APPLICATIONS, MEASURED IN LB","CHEMICAL, HERBICIDE","CHEMICAL, HERBICIDE: (OXYFLUORFEN = 111601)",NA
2018,"YEAR","STATE","FLORIDA","12","STRAWBERRIES, BEARING - APPLICATIONS, MEASURED IN LB","CHEMICAL, HERBICIDE","CHEMICAL, HERBICIDE: (PARAQUAT = 61601)",NA
2018,"YEAR","STATE","FLORIDA","12","STRAWBERRIES, BEARING - APPLICATIONS, MEASURED IN LB","CHEMICAL, HERBICIDE","CHEMICAL, HERBICIDE: (TOTAL)",NA
2018,"YEAR","STATE","FLORIDA","12","STRAWBERRIES, BEARING - APPLICATIONS, MEASURED IN LB","CHEMICAL, INSECTICIDE","CHEMICAL, INSECTICIDE: (ABAMECTIN = 122804)",NA
2018,"YEAR","STATE","FLORIDA","12","STRAWBERRIES, BEARING - APPLICATIONS, MEASURED IN LB","CHEMICAL, INSECTICIDE","CHEMICAL, INSECTICIDE: (ACETAMIPRID = 99050)",NA
2018,"YEAR","STATE","FLORIDA","12","STRAWBERRIES, BEARING - APPLICATIONS, MEASURED IN LB","CHEMICAL, INSECTICIDE","CHEMICAL, INSECTICIDE: (BIFENAZATE = 586)",NA
2018,"YEAR","STATE","FLORIDA","12","STRAWBERRIES, BEARING - APPLICATIONS, MEASURED IN LB","CHEMICAL, INSECTICIDE","CHEMICAL, INSECTICIDE: (BIFENTHRIN = 128825)",NA
2018,"YEAR","STATE","FLORIDA","12","STRAWBERRIES, BEARING - APPLICATIONS, MEASURED IN LB","CHEMICAL, INSECTICIDE","CHEMICAL, INSECTICIDE: (BT KURSTAK ABTS-1857 = 6523)",NA
2018,"YEAR","STATE","FLORIDA","12","STRAWBERRIES, BEARING - APPLICATIONS, MEASURED IN LB","CHEMICAL, INSECTICIDE","CHEMICAL, INSECTICIDE: (BT KURSTAKI ABTS-351 = 6522)",NA
2018,"YEAR","STATE","FLORIDA","12","STRAWBERRIES, BEARING - APPLICATIONS, MEASURED IN LB","CHEMICAL, INSECTICIDE","CHEMICAL, INSECTICIDE: (CHLORANTRANILIPROLE = 90100)",NA
2018,"YEAR","STATE","FLORIDA","12","STRAWBERRIES, BEARING - APPLICATIONS, MEASURED IN LB","CHEMICAL, INSECTICIDE","CHEMICAL, INSECTICIDE: (FLONICAMID = 128016)",NA
2018,"YEAR","STATE","FLORIDA","12","STRAWBERRIES, BEARING - APPLICATIONS, MEASURED IN LB","CHEMICAL, INSECTICIDE","CHEMICAL, INSECTICIDE: (MALATHION = 57701)",NA
2018,"YEAR","STATE","FLORIDA","12","STRAWBERRIES, BEARING - APPLICATIONS, MEASURED IN LB","CHEMICAL, INSECTICIDE","CHEMICAL, INSECTICIDE: (MUSTARD OIL = 4901)",NA
2018,"YEAR","STATE","FLORIDA","12","STRAWBERRIES, BEARING - APPLICATIONS, MEASURED IN LB","CHEMICAL, INSECTICIDE","CHEMICAL, INSECTICIDE: (NALED = 34401)",NA
2018,"YEAR","STATE","FLORIDA","12","STRAWBERRIES, BEARING - APPLICATIONS, MEASURED IN LB","CHEMICAL, INSECTICIDE","CHEMICAL, INSECTICIDE: (NOVALURON = 124002)",NA
2018,"YEAR","STATE","FLORIDA","12","STRAWBERRIES, BEARING - APPLICATIONS, MEASURED IN LB","CHEMICAL, INSECTICIDE","CHEMICAL, INSECTICIDE: (SPINETORAM = 110007)",NA
2018,"YEAR","STATE","FLORIDA","12","STRAWBERRIES, BEARING - APPLICATIONS, MEASURED IN LB","CHEMICAL, INSECTICIDE","CHEMICAL, INSECTICIDE: (SPIROMESIFEN = 24875)",NA
2018,"YEAR","STATE","FLORIDA","12","STRAWBERRIES, BEARING - APPLICATIONS, MEASURED IN LB","CHEMICAL, INSECTICIDE","CHEMICAL, INSECTICIDE: (THIAMETHOXAM = 60109)",NA
2018,"YEAR","STATE","FLORIDA","12","STRAWBERRIES, BEARING - APPLICATIONS, MEASURED IN LB","CHEMICAL, INSECTICIDE","CHEMICAL, INSECTICIDE: (TOTAL)",102700
2018,"YEAR","STATE","FLORIDA","12","STRAWBERRIES, BEARING - APPLICATIONS, MEASURED IN LB","CHEMICAL, OTHER","CHEMICAL, OTHER: (CYTOKININS = 116801)",NA
2018,"YEAR","STATE","FLORIDA","12","STRAWBERRIES, BEARING - APPLICATIONS, MEASURED IN LB","CHEMICAL, OTHER","CHEMICAL, OTHER: (DIMETHYL DISULFIDE (DMDS) = 29088)",NA
2018,"YEAR","STATE","FLORIDA","12","STRAWBERRIES, BEARING - APPLICATIONS, MEASURED IN LB","CHEMICAL, OTHER","CHEMICAL, OTHER: (REYNOUTRIA SACHALINE = 55809)",NA
2018,"YEAR","STATE","FLORIDA","12","STRAWBERRIES, BEARING - APPLICATIONS, MEASURED IN LB","CHEMICAL, OTHER","CHEMICAL, OTHER: (TOTAL)",NA
2018,"YEAR","STATE","FLORIDA","12","STRAWBERRIES, BEARING - APPLICATIONS, MEASURED IN LB","FERTILIZER","FERTILIZER: (NITROGEN)",136000
2018,"YEAR","STATE","FLORIDA","12","STRAWBERRIES, BEARING - APPLICATIONS, MEASURED IN LB","FERTILIZER","FERTILIZER: (PHOSPHATE)",42000
2018,"YEAR","STATE","FLORIDA","12","STRAWBERRIES, BEARING - APPLICATIONS, MEASURED IN LB","FERTILIZER","FERTILIZER: (POTASH)",173000
2018,"YEAR","STATE","FLORIDA","12","STRAWBERRIES, BEARING - APPLICATIONS, MEASURED IN LB / ACRE / APPLICATION, AVG","CHEMICAL, FUNGICIDE","CHEMICAL, FUNGICIDE: (AZOXYSTROBIN = 128810)",NA
2018,"YEAR","STATE","FLORIDA","12","STRAWBERRIES, BEARING - APPLICATIONS, MEASURED IN LB / ACRE / APPLICATION, AVG","CHEMICAL, FUNGICIDE","CHEMICAL, FUNGICIDE: (CAPTAN = 81301)",1.858
2018,"YEAR","STATE","FLORIDA","12","STRAWBERRIES, BEARING - APPLICATIONS, MEASURED IN LB / ACRE / APPLICATION, AVG","CHEMICAL, FUNGICIDE","CHEMICAL, FUNGICIDE: (COPPER CHLORIDE HYD. = 23501)",NA
2018,"YEAR","STATE","FLORIDA","12","STRAWBERRIES, BEARING - APPLICATIONS, MEASURED IN LB / ACRE / APPLICATION, AVG","CHEMICAL, FUNGICIDE","CHEMICAL, FUNGICIDE: (COPPER HYDROXIDE = 23401)",NA
2018,"YEAR","STATE","FLORIDA","12","STRAWBERRIES, BEARING - APPLICATIONS, MEASURED IN LB / ACRE / APPLICATION, AVG","CHEMICAL, FUNGICIDE","CHEMICAL, FUNGICIDE: (CYPRODINIL = 288202)",0.33
2018,"YEAR","STATE","FLORIDA","12","STRAWBERRIES, BEARING - APPLICATIONS, MEASURED IN LB / ACRE / APPLICATION, AVG","CHEMICAL, FUNGICIDE","CHEMICAL, FUNGICIDE: (DIFENOCONAZOLE = 128847)",NA
2018,"YEAR","STATE","FLORIDA","12","STRAWBERRIES, BEARING - APPLICATIONS, MEASURED IN LB / ACRE / APPLICATION, AVG","CHEMICAL, FUNGICIDE","CHEMICAL, FUNGICIDE: (FENHEXAMID = 90209)",NA
2018,"YEAR","STATE","FLORIDA","12","STRAWBERRIES, BEARING - APPLICATIONS, MEASURED IN LB / ACRE / APPLICATION, AVG","CHEMICAL, FUNGICIDE","CHEMICAL, FUNGICIDE: (FLUDIOXONIL = 71503)",0.221
2018,"YEAR","STATE","FLORIDA","12","STRAWBERRIES, BEARING - APPLICATIONS, MEASURED IN LB / ACRE / APPLICATION, AVG","CHEMICAL, FUNGICIDE","CHEMICAL, FUNGICIDE: (FLUOPYRAM = 80302)",NA
2018,"YEAR","STATE","FLORIDA","12","STRAWBERRIES, BEARING - APPLICATIONS, MEASURED IN LB / ACRE / APPLICATION, AVG","CHEMICAL, FUNGICIDE","CHEMICAL, FUNGICIDE: (IPRODIONE = 109801)",NA
2018,"YEAR","STATE","FLORIDA","12","STRAWBERRIES, BEARING - APPLICATIONS, MEASURED IN LB / ACRE / APPLICATION, AVG","CHEMICAL, FUNGICIDE","CHEMICAL, FUNGICIDE: (ISOFETAMID = 270000)",NA
2018,"YEAR","STATE","FLORIDA","12","STRAWBERRIES, BEARING - APPLICATIONS, MEASURED IN LB / ACRE / APPLICATION, AVG","CHEMICAL, FUNGICIDE","CHEMICAL, FUNGICIDE: (MEFENOXAM = 113502)",NA
2018,"YEAR","STATE","FLORIDA","12","STRAWBERRIES, BEARING - APPLICATIONS, MEASURED IN LB / ACRE / APPLICATION, AVG","CHEMICAL, FUNGICIDE","CHEMICAL, FUNGICIDE: (PENTHIOPYRAD = 90112)",NA
2018,"YEAR","STATE","FLORIDA","12","STRAWBERRIES, BEARING - APPLICATIONS, MEASURED IN LB / ACRE / APPLICATION, AVG","CHEMICAL, FUNGICIDE","CHEMICAL, FUNGICIDE: (PROPICONAZOLE = 122101)",NA
2018,"YEAR","STATE","FLORIDA","12","STRAWBERRIES, BEARING - APPLICATIONS, MEASURED IN LB / ACRE / APPLICATION, AVG","CHEMICAL, FUNGICIDE","CHEMICAL, FUNGICIDE: (PYRIMETHANIL = 288201)",NA
2018,"YEAR","STATE","FLORIDA","12","STRAWBERRIES, BEARING - APPLICATIONS, MEASURED IN LB / ACRE / APPLICATION, AVG","CHEMICAL, FUNGICIDE","CHEMICAL, FUNGICIDE: (SULFUR = 77501)",NA
2018,"YEAR","STATE","FLORIDA","12","STRAWBERRIES, BEARING - APPLICATIONS, MEASURED IN LB / ACRE / APPLICATION, AVG","CHEMICAL, FUNGICIDE","CHEMICAL, FUNGICIDE: (THIOPHANATE-METHYL = 102001)",NA
2018,"YEAR","STATE","FLORIDA","12","STRAWBERRIES, BEARING - APPLICATIONS, MEASURED IN LB / ACRE / APPLICATION, AVG","CHEMICAL, FUNGICIDE","CHEMICAL, FUNGICIDE: (THIRAM = 79801)",1.632
2018,"YEAR","STATE","FLORIDA","12","STRAWBERRIES, BEARING - APPLICATIONS, MEASURED IN LB / ACRE / APPLICATION, AVG","CHEMICAL, HERBICIDE","CHEMICAL, HERBICIDE: (CARFENTRAZONE-ETHYL = 128712)",NA
2018,"YEAR","STATE","FLORIDA","12","STRAWBERRIES, BEARING - APPLICATIONS, MEASURED IN LB / ACRE / APPLICATION, AVG","CHEMICAL, HERBICIDE","CHEMICAL, HERBICIDE: (FLUMIOXAZIN = 129034)",NA
2018,"YEAR","STATE","FLORIDA","12","STRAWBERRIES, BEARING - APPLICATIONS, MEASURED IN LB / ACRE / APPLICATION, AVG","CHEMICAL, HERBICIDE","CHEMICAL, HERBICIDE: (GLYPHOSATE ISO. SALT = 103601)",NA
2018,"YEAR","STATE","FLORIDA","12","STRAWBERRIES, BEARING - APPLICATIONS, MEASURED IN LB / ACRE / APPLICATION, AVG","CHEMICAL, HERBICIDE","CHEMICAL, HERBICIDE: (NAPROPAMIDE = 103001)",NA
2018,"YEAR","STATE","FLORIDA","12","STRAWBERRIES, BEARING - APPLICATIONS, MEASURED IN LB / ACRE / APPLICATION, AVG","CHEMICAL, HERBICIDE","CHEMICAL, HERBICIDE: (OXYFLUORFEN = 111601)",NA
2018,"YEAR","STATE","FLORIDA","12","STRAWBERRIES, BEARING - APPLICATIONS, MEASURED IN LB / ACRE / APPLICATION, AVG","CHEMICAL, HERBICIDE","CHEMICAL, HERBICIDE: (PARAQUAT = 61601)",NA
2018,"YEAR","STATE","FLORIDA","12","STRAWBERRIES, BEARING - APPLICATIONS, MEASURED IN LB / ACRE / APPLICATION, AVG","CHEMICAL, INSECTICIDE","CHEMICAL, INSECTICIDE: (ABAMECTIN = 122804)",NA
2018,"YEAR","STATE","FLORIDA","12","STRAWBERRIES, BEARING - APPLICATIONS, MEASURED IN LB / ACRE / APPLICATION, AVG","CHEMICAL, INSECTICIDE","CHEMICAL, INSECTICIDE: (ACETAMIPRID = 99050)",NA
2018,"YEAR","STATE","FLORIDA","12","STRAWBERRIES, BEARING - APPLICATIONS, MEASURED IN LB / ACRE / APPLICATION, AVG","CHEMICAL, INSECTICIDE","CHEMICAL, INSECTICIDE: (BIFENAZATE = 586)",NA
2018,"YEAR","STATE","FLORIDA","12","STRAWBERRIES, BEARING - APPLICATIONS, MEASURED IN LB / ACRE / APPLICATION, AVG","CHEMICAL, INSECTICIDE","CHEMICAL, INSECTICIDE: (BIFENTHRIN = 128825)",NA
2018,"YEAR","STATE","FLORIDA","12","STRAWBERRIES, BEARING - APPLICATIONS, MEASURED IN LB / ACRE / APPLICATION, AVG","CHEMICAL, INSECTICIDE","CHEMICAL, INSECTICIDE: (BT KURSTAK ABTS-1857 = 6523)",NA
2018,"YEAR","STATE","FLORIDA","12","STRAWBERRIES, BEARING - APPLICATIONS, MEASURED IN LB / ACRE / APPLICATION, AVG","CHEMICAL, INSECTICIDE","CHEMICAL, INSECTICIDE: (BT KURSTAKI ABTS-351 = 6522)",NA
2018,"YEAR","STATE","FLORIDA","12","STRAWBERRIES, BEARING - APPLICATIONS, MEASURED IN LB / ACRE / APPLICATION, AVG","CHEMICAL, INSECTICIDE","CHEMICAL, INSECTICIDE: (CHLORANTRANILIPROLE = 90100)",NA
2018,"YEAR","STATE","FLORIDA","12","STRAWBERRIES, BEARING - APPLICATIONS, MEASURED IN LB / ACRE / APPLICATION, AVG","CHEMICAL, INSECTICIDE","CHEMICAL, INSECTICIDE: (FLONICAMID = 128016)",NA
2018,"YEAR","STATE","FLORIDA","12","STRAWBERRIES, BEARING - APPLICATIONS, MEASURED IN LB / ACRE / APPLICATION, AVG","CHEMICAL, INSECTICIDE","CHEMICAL, INSECTICIDE: (MALATHION = 57701)",NA
2018,"YEAR","STATE","FLORIDA","12","STRAWBERRIES, BEARING - APPLICATIONS, MEASURED IN LB / ACRE / APPLICATION, AVG","CHEMICAL, INSECTICIDE","CHEMICAL, INSECTICIDE: (MUSTARD OIL = 4901)",NA
2018,"YEAR","STATE","FLORIDA","12","STRAWBERRIES, BEARING - APPLICATIONS, MEASURED IN LB / ACRE / APPLICATION, AVG","CHEMICAL, INSECTICIDE","CHEMICAL, INSECTICIDE: (NALED = 34401)",NA
2018,"YEAR","STATE","FLORIDA","12","STRAWBERRIES, BEARING - APPLICATIONS, MEASURED IN LB / ACRE / APPLICATION, AVG","CHEMICAL, INSECTICIDE","CHEMICAL, INSECTICIDE: (NOVALURON = 124002)",NA
2018,"YEAR","STATE","FLORIDA","12","STRAWBERRIES, BEARING - APPLICATIONS, MEASURED IN LB / ACRE / APPLICATION, AVG","CHEMICAL, INSECTICIDE","CHEMICAL, INSECTICIDE: (SPINETORAM = 110007)",NA
2018,"YEAR","STATE","FLORIDA","12","STRAWBERRIES, BEARING - APPLICATIONS, MEASURED IN LB / ACRE / APPLICATION, AVG","CHEMICAL, INSECTICIDE","CHEMICAL, INSECTICIDE: (SPIROMESIFEN = 24875)",NA
2018,"YEAR","STATE","FLORIDA","12","STRAWBERRIES, BEARING - APPLICATIONS, MEASURED IN LB / ACRE / APPLICATION, AVG","CHEMICAL, INSECTICIDE","CHEMICAL, INSECTICIDE: (THIAMETHOXAM = 60109)",NA
2018,"YEAR","STATE","FLORIDA","12","STRAWBERRIES, BEARING - APPLICATIONS, MEASURED IN LB / ACRE / APPLICATION, AVG","CHEMICAL, OTHER","CHEMICAL, OTHER: (CYTOKININS = 116801)",NA
2018,"YEAR","STATE","FLORIDA","12","STRAWBERRIES, BEARING - APPLICATIONS, MEASURED IN LB / ACRE / APPLICATION, AVG","CHEMICAL, OTHER","CHEMICAL, OTHER: (DIMETHYL DISULFIDE (DMDS) = 29088)",NA
2018,"YEAR","STATE","FLORIDA","12","STRAWBERRIES, BEARING - APPLICATIONS, MEASURED IN LB / ACRE / APPLICATION, AVG","CHEMICAL, OTHER","CHEMICAL, OTHER: (REYNOUTRIA SACHALINE = 55809)",NA
2018,"YEAR","STATE","FLORIDA","12","STRAWBERRIES, BEARING - APPLICATIONS, MEASURED IN LB / ACRE / APPLICATION, AVG","FERTILIZER","FERTILIZER: (NITROGEN)",1
2018,"YEAR","STATE","FLORIDA","12","STRAWBERRIES, BEARING - APPLICATIONS, MEASURED IN LB / ACRE / APPLICATION, AVG","FERTILIZER","FERTILIZER: (PHOSPHATE)",NA
2018,"YEAR","STATE","FLORIDA","12","STRAWBERRIES, BEARING - APPLICATIONS, MEASURED IN LB / ACRE / APPLICATION, AVG","FERTILIZER","FERTILIZER: (POTASH)",1
2018,"YEAR","STATE","FLORIDA","12","STRAWBERRIES, BEARING - APPLICATIONS, MEASURED IN LB / ACRE / YEAR, AVG","CHEMICAL, FUNGICIDE","CHEMICAL, FUNGICIDE: (AZOXYSTROBIN = 128810)",NA
2018,"YEAR","STATE","FLORIDA","12","STRAWBERRIES, BEARING - APPLICATIONS, MEASURED IN LB / ACRE / YEAR, AVG","CHEMICAL, FUNGICIDE","CHEMICAL, FUNGICIDE: (CAPTAN = 81301)",9.193
2018,"YEAR","STATE","FLORIDA","12","STRAWBERRIES, BEARING - APPLICATIONS, MEASURED IN LB / ACRE / YEAR, AVG","CHEMICAL, FUNGICIDE","CHEMICAL, FUNGICIDE: (COPPER CHLORIDE HYD. = 23501)",NA
2018,"YEAR","STATE","FLORIDA","12","STRAWBERRIES, BEARING - APPLICATIONS, MEASURED IN LB / ACRE / YEAR, AVG","CHEMICAL, FUNGICIDE","CHEMICAL, FUNGICIDE: (COPPER HYDROXIDE = 23401)",NA
2018,"YEAR","STATE","FLORIDA","12","STRAWBERRIES, BEARING - APPLICATIONS, MEASURED IN LB / ACRE / YEAR, AVG","CHEMICAL, FUNGICIDE","CHEMICAL, FUNGICIDE: (CYPRODINIL = 288202)",0.997
2018,"YEAR","STATE","FLORIDA","12","STRAWBERRIES, BEARING - APPLICATIONS, MEASURED IN LB / ACRE / YEAR, AVG","CHEMICAL, FUNGICIDE","CHEMICAL, FUNGICIDE: (DIFENOCONAZOLE = 128847)",NA
2018,"YEAR","STATE","FLORIDA","12","STRAWBERRIES, BEARING - APPLICATIONS, MEASURED IN LB / ACRE / YEAR, AVG","CHEMICAL, FUNGICIDE","CHEMICAL, FUNGICIDE: (FENHEXAMID = 90209)",NA
2018,"YEAR","STATE","FLORIDA","12","STRAWBERRIES, BEARING - APPLICATIONS, MEASURED IN LB / ACRE / YEAR, AVG","CHEMICAL, FUNGICIDE","CHEMICAL, FUNGICIDE: (FLUDIOXONIL = 71503)",0.501
2018,"YEAR","STATE","FLORIDA","12","STRAWBERRIES, BEARING - APPLICATIONS, MEASURED IN LB / ACRE / YEAR, AVG","CHEMICAL, FUNGICIDE","CHEMICAL, FUNGICIDE: (FLUOPYRAM = 80302)",NA
2018,"YEAR","STATE","FLORIDA","12","STRAWBERRIES, BEARING - APPLICATIONS, MEASURED IN LB / ACRE / YEAR, AVG","CHEMICAL, FUNGICIDE","CHEMICAL, FUNGICIDE: (IPRODIONE = 109801)",NA
2018,"YEAR","STATE","FLORIDA","12","STRAWBERRIES, BEARING - APPLICATIONS, MEASURED IN LB / ACRE / YEAR, AVG","CHEMICAL, FUNGICIDE","CHEMICAL, FUNGICIDE: (ISOFETAMID = 270000)",NA
2018,"YEAR","STATE","FLORIDA","12","STRAWBERRIES, BEARING - APPLICATIONS, MEASURED IN LB / ACRE / YEAR, AVG","CHEMICAL, FUNGICIDE","CHEMICAL, FUNGICIDE: (MEFENOXAM = 113502)",NA
2018,"YEAR","STATE","FLORIDA","12","STRAWBERRIES, BEARING - APPLICATIONS, MEASURED IN LB / ACRE / YEAR, AVG","CHEMICAL, FUNGICIDE","CHEMICAL, FUNGICIDE: (PENTHIOPYRAD = 90112)",NA
2018,"YEAR","STATE","FLORIDA","12","STRAWBERRIES, BEARING - APPLICATIONS, MEASURED IN LB / ACRE / YEAR, AVG","CHEMICAL, FUNGICIDE","CHEMICAL, FUNGICIDE: (PROPICONAZOLE = 122101)",NA
2018,"YEAR","STATE","FLORIDA","12","STRAWBERRIES, BEARING - APPLICATIONS, MEASURED IN LB / ACRE / YEAR, AVG","CHEMICAL, FUNGICIDE","CHEMICAL, FUNGICIDE: (PYRIMETHANIL = 288201)",NA
2018,"YEAR","STATE","FLORIDA","12","STRAWBERRIES, BEARING - APPLICATIONS, MEASURED IN LB / ACRE / YEAR, AVG","CHEMICAL, FUNGICIDE","CHEMICAL, FUNGICIDE: (SULFUR = 77501)",NA
2018,"YEAR","STATE","FLORIDA","12","STRAWBERRIES, BEARING - APPLICATIONS, MEASURED IN LB / ACRE / YEAR, AVG","CHEMICAL, FUNGICIDE","CHEMICAL, FUNGICIDE: (THIOPHANATE-METHYL = 102001)",NA
2018,"YEAR","STATE","FLORIDA","12","STRAWBERRIES, BEARING - APPLICATIONS, MEASURED IN LB / ACRE / YEAR, AVG","CHEMICAL, FUNGICIDE","CHEMICAL, FUNGICIDE: (THIRAM = 79801)",6.049
2018,"YEAR","STATE","FLORIDA","12","STRAWBERRIES, BEARING - APPLICATIONS, MEASURED IN LB / ACRE / YEAR, AVG","CHEMICAL, HERBICIDE","CHEMICAL, HERBICIDE: (CARFENTRAZONE-ETHYL = 128712)",NA
2018,"YEAR","STATE","FLORIDA","12","STRAWBERRIES, BEARING - APPLICATIONS, MEASURED IN LB / ACRE / YEAR, AVG","CHEMICAL, HERBICIDE","CHEMICAL, HERBICIDE: (FLUMIOXAZIN = 129034)",NA
2018,"YEAR","STATE","FLORIDA","12","STRAWBERRIES, BEARING - APPLICATIONS, MEASURED IN LB / ACRE / YEAR, AVG","CHEMICAL, HERBICIDE","CHEMICAL, HERBICIDE: (GLYPHOSATE ISO. SALT = 103601)",NA
2018,"YEAR","STATE","FLORIDA","12","STRAWBERRIES, BEARING - APPLICATIONS, MEASURED IN LB / ACRE / YEAR, AVG","CHEMICAL, HERBICIDE","CHEMICAL, HERBICIDE: (NAPROPAMIDE = 103001)",NA
2018,"YEAR","STATE","FLORIDA","12","STRAWBERRIES, BEARING - APPLICATIONS, MEASURED IN LB / ACRE / YEAR, AVG","CHEMICAL, HERBICIDE","CHEMICAL, HERBICIDE: (OXYFLUORFEN = 111601)",NA
2018,"YEAR","STATE","FLORIDA","12","STRAWBERRIES, BEARING - APPLICATIONS, MEASURED IN LB / ACRE / YEAR, AVG","CHEMICAL, HERBICIDE","CHEMICAL, HERBICIDE: (PARAQUAT = 61601)",NA
2018,"YEAR","STATE","FLORIDA","12","STRAWBERRIES, BEARING - APPLICATIONS, MEASURED IN LB / ACRE / YEAR, AVG","CHEMICAL, INSECTICIDE","CHEMICAL, INSECTICIDE: (ABAMECTIN = 122804)",NA
2018,"YEAR","STATE","FLORIDA","12","STRAWBERRIES, BEARING - APPLICATIONS, MEASURED IN LB / ACRE / YEAR, AVG","CHEMICAL, INSECTICIDE","CHEMICAL, INSECTICIDE: (ACETAMIPRID = 99050)",NA
2018,"YEAR","STATE","FLORIDA","12","STRAWBERRIES, BEARING - APPLICATIONS, MEASURED IN LB / ACRE / YEAR, AVG","CHEMICAL, INSECTICIDE","CHEMICAL, INSECTICIDE: (BIFENAZATE = 586)",NA
2018,"YEAR","STATE","FLORIDA","12","STRAWBERRIES, BEARING - APPLICATIONS, MEASURED IN LB / ACRE / YEAR, AVG","CHEMICAL, INSECTICIDE","CHEMICAL, INSECTICIDE: (BIFENTHRIN = 128825)",NA
2018,"YEAR","STATE","FLORIDA","12","STRAWBERRIES, BEARING - APPLICATIONS, MEASURED IN LB / ACRE / YEAR, AVG","CHEMICAL, INSECTICIDE","CHEMICAL, INSECTICIDE: (BT KURSTAK ABTS-1857 = 6523)",NA
2018,"YEAR","STATE","FLORIDA","12","STRAWBERRIES, BEARING - APPLICATIONS, MEASURED IN LB / ACRE / YEAR, AVG","CHEMICAL, INSECTICIDE","CHEMICAL, INSECTICIDE: (BT KURSTAKI ABTS-351 = 6522)",NA
2018,"YEAR","STATE","FLORIDA","12","STRAWBERRIES, BEARING - APPLICATIONS, MEASURED IN LB / ACRE / YEAR, AVG","CHEMICAL, INSECTICIDE","CHEMICAL, INSECTICIDE: (CHLORANTRANILIPROLE = 90100)",NA
2018,"YEAR","STATE","FLORIDA","12","STRAWBERRIES, BEARING - APPLICATIONS, MEASURED IN LB / ACRE / YEAR, AVG","CHEMICAL, INSECTICIDE","CHEMICAL, INSECTICIDE: (FLONICAMID = 128016)",NA
2018,"YEAR","STATE","FLORIDA","12","STRAWBERRIES, BEARING - APPLICATIONS, MEASURED IN LB / ACRE / YEAR, AVG","CHEMICAL, INSECTICIDE","CHEMICAL, INSECTICIDE: (MALATHION = 57701)",NA
2018,"YEAR","STATE","FLORIDA","12","STRAWBERRIES, BEARING - APPLICATIONS, MEASURED IN LB / ACRE / YEAR, AVG","CHEMICAL, INSECTICIDE","CHEMICAL, INSECTICIDE: (MUSTARD OIL = 4901)",NA
2018,"YEAR","STATE","FLORIDA","12","STRAWBERRIES, BEARING - APPLICATIONS, MEASURED IN LB / ACRE / YEAR, AVG","CHEMICAL, INSECTICIDE","CHEMICAL, INSECTICIDE: (NALED = 34401)",NA
2018,"YEAR","STATE","FLORIDA","12","STRAWBERRIES, BEARING - APPLICATIONS, MEASURED IN LB / ACRE / YEAR, AVG","CHEMICAL, INSECTICIDE","CHEMICAL, INSECTICIDE: (NOVALURON = 124002)",NA
2018,"YEAR","STATE","FLORIDA","12","STRAWBERRIES, BEARING - APPLICATIONS, MEASURED IN LB / ACRE / YEAR, AVG","CHEMICAL, INSECTICIDE","CHEMICAL, INSECTICIDE: (SPINETORAM = 110007)",NA
2018,"YEAR","STATE","FLORIDA","12","STRAWBERRIES, BEARING - APPLICATIONS, MEASURED IN LB / ACRE / YEAR, AVG","CHEMICAL, INSECTICIDE","CHEMICAL, INSECTICIDE: (SPIROMESIFEN = 24875)",NA
2018,"YEAR","STATE","FLORIDA","12","STRAWBERRIES, BEARING - APPLICATIONS, MEASURED IN LB / ACRE / YEAR, AVG","CHEMICAL, INSECTICIDE","CHEMICAL, INSECTICIDE: (THIAMETHOXAM = 60109)",NA
2018,"YEAR","STATE","FLORIDA","12","STRAWBERRIES, BEARING - APPLICATIONS, MEASURED IN LB / ACRE / YEAR, AVG","CHEMICAL, OTHER","CHEMICAL, OTHER: (CYTOKININS = 116801)",NA
2018,"YEAR","STATE","FLORIDA","12","STRAWBERRIES, BEARING - APPLICATIONS, MEASURED IN LB / ACRE / YEAR, AVG","CHEMICAL, OTHER","CHEMICAL, OTHER: (DIMETHYL DISULFIDE (DMDS) = 29088)",NA
2018,"YEAR","STATE","FLORIDA","12","STRAWBERRIES, BEARING - APPLICATIONS, MEASURED IN LB / ACRE / YEAR, AVG","CHEMICAL, OTHER","CHEMICAL, OTHER: (REYNOUTRIA SACHALINE = 55809)",NA
2018,"YEAR","STATE","FLORIDA","12","STRAWBERRIES, BEARING - APPLICATIONS, MEASURED IN LB / ACRE / YEAR, AVG","FERTILIZER","FERTILIZER: (NITROGEN)",14
2018,"YEAR","STATE","FLORIDA","12","STRAWBERRIES, BEARING - APPLICATIONS, MEASURED IN LB / ACRE / YEAR, AVG","FERTILIZER","FERTILIZER: (PHOSPHATE)",4
2018,"YEAR","STATE","FLORIDA","12","STRAWBERRIES, BEARING - APPLICATIONS, MEASURED IN LB / ACRE / YEAR, AVG","FERTILIZER","FERTILIZER: (POTASH)",17
2018,"YEAR","STATE","FLORIDA","12","STRAWBERRIES, BEARING - APPLICATIONS, MEASURED IN NUMBER, AVG","CHEMICAL, FUNGICIDE","CHEMICAL, FUNGICIDE: (AZOXYSTROBIN = 128810)",NA
2018,"YEAR","STATE","FLORIDA","12","STRAWBERRIES, BEARING - APPLICATIONS, MEASURED IN NUMBER, AVG","CHEMICAL, FUNGICIDE","CHEMICAL, FUNGICIDE: (CAPTAN = 81301)",4.9
2018,"YEAR","STATE","FLORIDA","12","STRAWBERRIES, BEARING - APPLICATIONS, MEASURED IN NUMBER, AVG","CHEMICAL, FUNGICIDE","CHEMICAL, FUNGICIDE: (COPPER CHLORIDE HYD. = 23501)",NA
2018,"YEAR","STATE","FLORIDA","12","STRAWBERRIES, BEARING - APPLICATIONS, MEASURED IN NUMBER, AVG","CHEMICAL, FUNGICIDE","CHEMICAL, FUNGICIDE: (COPPER HYDROXIDE = 23401)",NA
2018,"YEAR","STATE","FLORIDA","12","STRAWBERRIES, BEARING - APPLICATIONS, MEASURED IN NUMBER, AVG","CHEMICAL, FUNGICIDE","CHEMICAL, FUNGICIDE: (CYPRODINIL = 288202)",3
2018,"YEAR","STATE","FLORIDA","12","STRAWBERRIES, BEARING - APPLICATIONS, MEASURED IN NUMBER, AVG","CHEMICAL, FUNGICIDE","CHEMICAL, FUNGICIDE: (DIFENOCONAZOLE = 128847)",NA
2018,"YEAR","STATE","FLORIDA","12","STRAWBERRIES, BEARING - APPLICATIONS, MEASURED IN NUMBER, AVG","CHEMICAL, FUNGICIDE","CHEMICAL, FUNGICIDE: (FENHEXAMID = 90209)",NA
2018,"YEAR","STATE","FLORIDA","12","STRAWBERRIES, BEARING - APPLICATIONS, MEASURED IN NUMBER, AVG","CHEMICAL, FUNGICIDE","CHEMICAL, FUNGICIDE: (FLUDIOXONIL = 71503)",2.3
2018,"YEAR","STATE","FLORIDA","12","STRAWBERRIES, BEARING - APPLICATIONS, MEASURED IN NUMBER, AVG","CHEMICAL, FUNGICIDE","CHEMICAL, FUNGICIDE: (FLUOPYRAM = 80302)",NA
2018,"YEAR","STATE","FLORIDA","12","STRAWBERRIES, BEARING - APPLICATIONS, MEASURED IN NUMBER, AVG","CHEMICAL, FUNGICIDE","CHEMICAL, FUNGICIDE: (IPRODIONE = 109801)",NA
2018,"YEAR","STATE","FLORIDA","12","STRAWBERRIES, BEARING - APPLICATIONS, MEASURED IN NUMBER, AVG","CHEMICAL, FUNGICIDE","CHEMICAL, FUNGICIDE: (ISOFETAMID = 270000)",NA
2018,"YEAR","STATE","FLORIDA","12","STRAWBERRIES, BEARING - APPLICATIONS, MEASURED IN NUMBER, AVG","CHEMICAL, FUNGICIDE","CHEMICAL, FUNGICIDE: (MEFENOXAM = 113502)",NA
2018,"YEAR","STATE","FLORIDA","12","STRAWBERRIES, BEARING - APPLICATIONS, MEASURED IN NUMBER, AVG","CHEMICAL, FUNGICIDE","CHEMICAL, FUNGICIDE: (PENTHIOPYRAD = 90112)",NA
2018,"YEAR","STATE","FLORIDA","12","STRAWBERRIES, BEARING - APPLICATIONS, MEASURED IN NUMBER, AVG","CHEMICAL, FUNGICIDE","CHEMICAL, FUNGICIDE: (PROPICONAZOLE = 122101)",NA
2018,"YEAR","STATE","FLORIDA","12","STRAWBERRIES, BEARING - APPLICATIONS, MEASURED IN NUMBER, AVG","CHEMICAL, FUNGICIDE","CHEMICAL, FUNGICIDE: (PYRIMETHANIL = 288201)",NA
2018,"YEAR","STATE","FLORIDA","12","STRAWBERRIES, BEARING - APPLICATIONS, MEASURED IN NUMBER, AVG","CHEMICAL, FUNGICIDE","CHEMICAL, FUNGICIDE: (SULFUR = 77501)",NA
2018,"YEAR","STATE","FLORIDA","12","STRAWBERRIES, BEARING - APPLICATIONS, MEASURED IN NUMBER, AVG","CHEMICAL, FUNGICIDE","CHEMICAL, FUNGICIDE: (THIOPHANATE-METHYL = 102001)",NA
2018,"YEAR","STATE","FLORIDA","12","STRAWBERRIES, BEARING - APPLICATIONS, MEASURED IN NUMBER, AVG","CHEMICAL, FUNGICIDE","CHEMICAL, FUNGICIDE: (THIRAM = 79801)",3.7
2018,"YEAR","STATE","FLORIDA","12","STRAWBERRIES, BEARING - APPLICATIONS, MEASURED IN NUMBER, AVG","CHEMICAL, HERBICIDE","CHEMICAL, HERBICIDE: (CARFENTRAZONE-ETHYL = 128712)",NA
2018,"YEAR","STATE","FLORIDA","12","STRAWBERRIES, BEARING - APPLICATIONS, MEASURED IN NUMBER, AVG","CHEMICAL, HERBICIDE","CHEMICAL, HERBICIDE: (FLUMIOXAZIN = 129034)",NA
2018,"YEAR","STATE","FLORIDA","12","STRAWBERRIES, BEARING - APPLICATIONS, MEASURED IN NUMBER, AVG","CHEMICAL, HERBICIDE","CHEMICAL, HERBICIDE: (GLYPHOSATE ISO. SALT = 103601)",NA
2018,"YEAR","STATE","FLORIDA","12","STRAWBERRIES, BEARING - APPLICATIONS, MEASURED IN NUMBER, AVG","CHEMICAL, HERBICIDE","CHEMICAL, HERBICIDE: (NAPROPAMIDE = 103001)",NA
2018,"YEAR","STATE","FLORIDA","12","STRAWBERRIES, BEARING - APPLICATIONS, MEASURED IN NUMBER, AVG","CHEMICAL, HERBICIDE","CHEMICAL, HERBICIDE: (OXYFLUORFEN = 111601)",NA
2018,"YEAR","STATE","FLORIDA","12","STRAWBERRIES, BEARING - APPLICATIONS, MEASURED IN NUMBER, AVG","CHEMICAL, HERBICIDE","CHEMICAL, HERBICIDE: (PARAQUAT = 61601)",NA
2018,"YEAR","STATE","FLORIDA","12","STRAWBERRIES, BEARING - APPLICATIONS, MEASURED IN NUMBER, AVG","CHEMICAL, INSECTICIDE","CHEMICAL, INSECTICIDE: (ABAMECTIN = 122804)",NA
2018,"YEAR","STATE","FLORIDA","12","STRAWBERRIES, BEARING - APPLICATIONS, MEASURED IN NUMBER, AVG","CHEMICAL, INSECTICIDE","CHEMICAL, INSECTICIDE: (ACETAMIPRID = 99050)",NA
2018,"YEAR","STATE","FLORIDA","12","STRAWBERRIES, BEARING - APPLICATIONS, MEASURED IN NUMBER, AVG","CHEMICAL, INSECTICIDE","CHEMICAL, INSECTICIDE: (BIFENAZATE = 586)",NA
2018,"YEAR","STATE","FLORIDA","12","STRAWBERRIES, BEARING - APPLICATIONS, MEASURED IN NUMBER, AVG","CHEMICAL, INSECTICIDE","CHEMICAL, INSECTICIDE: (BIFENTHRIN = 128825)",NA
2018,"YEAR","STATE","FLORIDA","12","STRAWBERRIES, BEARING - APPLICATIONS, MEASURED IN NUMBER, AVG","CHEMICAL, INSECTICIDE","CHEMICAL, INSECTICIDE: (BT KURSTAK ABTS-1857 = 6523)",NA
2018,"YEAR","STATE","FLORIDA","12","STRAWBERRIES, BEARING - APPLICATIONS, MEASURED IN NUMBER, AVG","CHEMICAL, INSECTICIDE","CHEMICAL, INSECTICIDE: (BT KURSTAKI ABTS-351 = 6522)",NA
2018,"YEAR","STATE","FLORIDA","12","STRAWBERRIES, BEARING - APPLICATIONS, MEASURED IN NUMBER, AVG","CHEMICAL, INSECTICIDE","CHEMICAL, INSECTICIDE: (CHLORANTRANILIPROLE = 90100)",NA
2018,"YEAR","STATE","FLORIDA","12","STRAWBERRIES, BEARING - APPLICATIONS, MEASURED IN NUMBER, AVG","CHEMICAL, INSECTICIDE","CHEMICAL, INSECTICIDE: (FLONICAMID = 128016)",NA
2018,"YEAR","STATE","FLORIDA","12","STRAWBERRIES, BEARING - APPLICATIONS, MEASURED IN NUMBER, AVG","CHEMICAL, INSECTICIDE","CHEMICAL, INSECTICIDE: (MALATHION = 57701)",NA
2018,"YEAR","STATE","FLORIDA","12","STRAWBERRIES, BEARING - APPLICATIONS, MEASURED IN NUMBER, AVG","CHEMICAL, INSECTICIDE","CHEMICAL, INSECTICIDE: (MUSTARD OIL = 4901)",NA
2018,"YEAR","STATE","FLORIDA","12","STRAWBERRIES, BEARING - APPLICATIONS, MEASURED IN NUMBER, AVG","CHEMICAL, INSECTICIDE","CHEMICAL, INSECTICIDE: (NALED = 34401)",NA
2018,"YEAR","STATE","FLORIDA","12","STRAWBERRIES, BEARING - APPLICATIONS, MEASURED IN NUMBER, AVG","CHEMICAL, INSECTICIDE","CHEMICAL, INSECTICIDE: (NOVALURON = 124002)",NA
2018,"YEAR","STATE","FLORIDA","12","STRAWBERRIES, BEARING - APPLICATIONS, MEASURED IN NUMBER, AVG","CHEMICAL, INSECTICIDE","CHEMICAL, INSECTICIDE: (SPINETORAM = 110007)",NA
2018,"YEAR","STATE","FLORIDA","12","STRAWBERRIES, BEARING - APPLICATIONS, MEASURED IN NUMBER, AVG","CHEMICAL, INSECTICIDE","CHEMICAL, INSECTICIDE: (SPIROMESIFEN = 24875)",NA
2018,"YEAR","STATE","FLORIDA","12","STRAWBERRIES, BEARING - APPLICATIONS, MEASURED IN NUMBER, AVG","CHEMICAL, INSECTICIDE","CHEMICAL, INSECTICIDE: (THIAMETHOXAM = 60109)",NA
2018,"YEAR","STATE","FLORIDA","12","STRAWBERRIES, BEARING - APPLICATIONS, MEASURED IN NUMBER, AVG","CHEMICAL, OTHER","CHEMICAL, OTHER: (CYTOKININS = 116801)",NA
2018,"YEAR","STATE","FLORIDA","12","STRAWBERRIES, BEARING - APPLICATIONS, MEASURED IN NUMBER, AVG","CHEMICAL, OTHER","CHEMICAL, OTHER: (DIMETHYL DISULFIDE (DMDS) = 29088)",NA
2018,"YEAR","STATE","FLORIDA","12","STRAWBERRIES, BEARING - APPLICATIONS, MEASURED IN NUMBER, AVG","CHEMICAL, OTHER","CHEMICAL, OTHER: (REYNOUTRIA SACHALINE = 55809)",NA
2018,"YEAR","STATE","FLORIDA","12","STRAWBERRIES, BEARING - APPLICATIONS, MEASURED IN NUMBER, AVG","FERTILIZER","FERTILIZER: (NITROGEN)",18
2018,"YEAR","STATE","FLORIDA","12","STRAWBERRIES, BEARING - APPLICATIONS, MEASURED IN NUMBER, AVG","FERTILIZER","FERTILIZER: (PHOSPHATE)",17.6
2018,"YEAR","STATE","FLORIDA","12","STRAWBERRIES, BEARING - APPLICATIONS, MEASURED IN NUMBER, AVG","FERTILIZER","FERTILIZER: (POTASH)",18
2018,"YEAR","STATE","FLORIDA","12","STRAWBERRIES, BEARING - TREATED, MEASURED IN PCT OF AREA BEARING, AVG","CHEMICAL, FUNGICIDE","CHEMICAL, FUNGICIDE: (AZOXYSTROBIN = 128810)",NA
2018,"YEAR","STATE","FLORIDA","12","STRAWBERRIES, BEARING - TREATED, MEASURED IN PCT OF AREA BEARING, AVG","CHEMICAL, FUNGICIDE","CHEMICAL, FUNGICIDE: (CAPTAN = 81301)",96
2018,"YEAR","STATE","FLORIDA","12","STRAWBERRIES, BEARING - TREATED, MEASURED IN PCT OF AREA BEARING, AVG","CHEMICAL, FUNGICIDE","CHEMICAL, FUNGICIDE: (COPPER CHLORIDE HYD. = 23501)",NA
2018,"YEAR","STATE","FLORIDA","12","STRAWBERRIES, BEARING - TREATED, MEASURED IN PCT OF AREA BEARING, AVG","CHEMICAL, FUNGICIDE","CHEMICAL, FUNGICIDE: (COPPER HYDROXIDE = 23401)",NA
2018,"YEAR","STATE","FLORIDA","12","STRAWBERRIES, BEARING - TREATED, MEASURED IN PCT OF AREA BEARING, AVG","CHEMICAL, FUNGICIDE","CHEMICAL, FUNGICIDE: (CYPRODINIL = 288202)",33
2018,"YEAR","STATE","FLORIDA","12","STRAWBERRIES, BEARING - TREATED, MEASURED IN PCT OF AREA BEARING, AVG","CHEMICAL, FUNGICIDE","CHEMICAL, FUNGICIDE: (DIFENOCONAZOLE = 128847)",NA
2018,"YEAR","STATE","FLORIDA","12","STRAWBERRIES, BEARING - TREATED, MEASURED IN PCT OF AREA BEARING, AVG","CHEMICAL, FUNGICIDE","CHEMICAL, FUNGICIDE: (FENHEXAMID = 90209)",NA
2018,"YEAR","STATE","FLORIDA","12","STRAWBERRIES, BEARING - TREATED, MEASURED IN PCT OF AREA BEARING, AVG","CHEMICAL, FUNGICIDE","CHEMICAL, FUNGICIDE: (FLUDIOXONIL = 71503)",33
2018,"YEAR","STATE","FLORIDA","12","STRAWBERRIES, BEARING - TREATED, MEASURED IN PCT OF AREA BEARING, AVG","CHEMICAL, FUNGICIDE","CHEMICAL, FUNGICIDE: (FLUOPYRAM = 80302)",NA
2018,"YEAR","STATE","FLORIDA","12","STRAWBERRIES, BEARING - TREATED, MEASURED IN PCT OF AREA BEARING, AVG","CHEMICAL, FUNGICIDE","CHEMICAL, FUNGICIDE: (IPRODIONE = 109801)",NA
2018,"YEAR","STATE","FLORIDA","12","STRAWBERRIES, BEARING - TREATED, MEASURED IN PCT OF AREA BEARING, AVG","CHEMICAL, FUNGICIDE","CHEMICAL, FUNGICIDE: (ISOFETAMID = 270000)",NA
2018,"YEAR","STATE","FLORIDA","12","STRAWBERRIES, BEARING - TREATED, MEASURED IN PCT OF AREA BEARING, AVG","CHEMICAL, FUNGICIDE","CHEMICAL, FUNGICIDE: (MEFENOXAM = 113502)",NA
2018,"YEAR","STATE","FLORIDA","12","STRAWBERRIES, BEARING - TREATED, MEASURED IN PCT OF AREA BEARING, AVG","CHEMICAL, FUNGICIDE","CHEMICAL, FUNGICIDE: (PENTHIOPYRAD = 90112)",NA
2018,"YEAR","STATE","FLORIDA","12","STRAWBERRIES, BEARING - TREATED, MEASURED IN PCT OF AREA BEARING, AVG","CHEMICAL, FUNGICIDE","CHEMICAL, FUNGICIDE: (PROPICONAZOLE = 122101)",NA
2018,"YEAR","STATE","FLORIDA","12","STRAWBERRIES, BEARING - TREATED, MEASURED IN PCT OF AREA BEARING, AVG","CHEMICAL, FUNGICIDE","CHEMICAL, FUNGICIDE: (PYRIMETHANIL = 288201)",NA
2018,"YEAR","STATE","FLORIDA","12","STRAWBERRIES, BEARING - TREATED, MEASURED IN PCT OF AREA BEARING, AVG","CHEMICAL, FUNGICIDE","CHEMICAL, FUNGICIDE: (SULFUR = 77501)",NA
2018,"YEAR","STATE","FLORIDA","12","STRAWBERRIES, BEARING - TREATED, MEASURED IN PCT OF AREA BEARING, AVG","CHEMICAL, FUNGICIDE","CHEMICAL, FUNGICIDE: (THIOPHANATE-METHYL = 102001)",NA
2018,"YEAR","STATE","FLORIDA","12","STRAWBERRIES, BEARING - TREATED, MEASURED IN PCT OF AREA BEARING, AVG","CHEMICAL, FUNGICIDE","CHEMICAL, FUNGICIDE: (THIRAM = 79801)",37
2018,"YEAR","STATE","FLORIDA","12","STRAWBERRIES, BEARING - TREATED, MEASURED IN PCT OF AREA BEARING, AVG","CHEMICAL, FUNGICIDE","CHEMICAL, FUNGICIDE: (TOTAL)",100
2018,"YEAR","STATE","FLORIDA","12","STRAWBERRIES, BEARING - TREATED, MEASURED IN PCT OF AREA BEARING, AVG","CHEMICAL, HERBICIDE","CHEMICAL, HERBICIDE: (CARFENTRAZONE-ETHYL = 128712)",NA
2018,"YEAR","STATE","FLORIDA","12","STRAWBERRIES, BEARING - TREATED, MEASURED IN PCT OF AREA BEARING, AVG","CHEMICAL, HERBICIDE","CHEMICAL, HERBICIDE: (FLUMIOXAZIN = 129034)",NA
2018,"YEAR","STATE","FLORIDA","12","STRAWBERRIES, BEARING - TREATED, MEASURED IN PCT OF AREA BEARING, AVG","CHEMICAL, HERBICIDE","CHEMICAL, HERBICIDE: (GLYPHOSATE ISO. SALT = 103601)",NA
2018,"YEAR","STATE","FLORIDA","12","STRAWBERRIES, BEARING - TREATED, MEASURED IN PCT OF AREA BEARING, AVG","CHEMICAL, HERBICIDE","CHEMICAL, HERBICIDE: (NAPROPAMIDE = 103001)",NA
2018,"YEAR","STATE","FLORIDA","12","STRAWBERRIES, BEARING - TREATED, MEASURED IN PCT OF AREA BEARING, AVG","CHEMICAL, HERBICIDE","CHEMICAL, HERBICIDE: (OXYFLUORFEN = 111601)",NA
2018,"YEAR","STATE","FLORIDA","12","STRAWBERRIES, BEARING - TREATED, MEASURED IN PCT OF AREA BEARING, AVG","CHEMICAL, HERBICIDE","CHEMICAL, HERBICIDE: (PARAQUAT = 61601)",NA
2018,"YEAR","STATE","FLORIDA","12","STRAWBERRIES, BEARING - TREATED, MEASURED IN PCT OF AREA BEARING, AVG","CHEMICAL, HERBICIDE","CHEMICAL, HERBICIDE: (TOTAL)",NA
2018,"YEAR","STATE","FLORIDA","12","STRAWBERRIES, BEARING - TREATED, MEASURED IN PCT OF AREA BEARING, AVG","CHEMICAL, INSECTICIDE","CHEMICAL, INSECTICIDE: (ABAMECTIN = 122804)",NA
2018,"YEAR","STATE","FLORIDA","12","STRAWBERRIES, BEARING - TREATED, MEASURED IN PCT OF AREA BEARING, AVG","CHEMICAL, INSECTICIDE","CHEMICAL, INSECTICIDE: (ACETAMIPRID = 99050)",NA
2018,"YEAR","STATE","FLORIDA","12","STRAWBERRIES, BEARING - TREATED, MEASURED IN PCT OF AREA BEARING, AVG","CHEMICAL, INSECTICIDE","CHEMICAL, INSECTICIDE: (BIFENAZATE = 586)",NA
2018,"YEAR","STATE","FLORIDA","12","STRAWBERRIES, BEARING - TREATED, MEASURED IN PCT OF AREA BEARING, AVG","CHEMICAL, INSECTICIDE","CHEMICAL, INSECTICIDE: (BIFENTHRIN = 128825)",NA
2018,"YEAR","STATE","FLORIDA","12","STRAWBERRIES, BEARING - TREATED, MEASURED IN PCT OF AREA BEARING, AVG","CHEMICAL, INSECTICIDE","CHEMICAL, INSECTICIDE: (BT KURSTAK ABTS-1857 = 6523)",NA
2018,"YEAR","STATE","FLORIDA","12","STRAWBERRIES, BEARING - TREATED, MEASURED IN PCT OF AREA BEARING, AVG","CHEMICAL, INSECTICIDE","CHEMICAL, INSECTICIDE: (BT KURSTAKI ABTS-351 = 6522)",NA
2018,"YEAR","STATE","FLORIDA","12","STRAWBERRIES, BEARING - TREATED, MEASURED IN PCT OF AREA BEARING, AVG","CHEMICAL, INSECTICIDE","CHEMICAL, INSECTICIDE: (CHLORANTRANILIPROLE = 90100)",NA
2018,"YEAR","STATE","FLORIDA","12","STRAWBERRIES, BEARING - TREATED, MEASURED IN PCT OF AREA BEARING, AVG","CHEMICAL, INSECTICIDE","CHEMICAL, INSECTICIDE: (FLONICAMID = 128016)",NA
2018,"YEAR","STATE","FLORIDA","12","STRAWBERRIES, BEARING - TREATED, MEASURED IN PCT OF AREA BEARING, AVG","CHEMICAL, INSECTICIDE","CHEMICAL, INSECTICIDE: (MALATHION = 57701)",NA
2018,"YEAR","STATE","FLORIDA","12","STRAWBERRIES, BEARING - TREATED, MEASURED IN PCT OF AREA BEARING, AVG","CHEMICAL, INSECTICIDE","CHEMICAL, INSECTICIDE: (MUSTARD OIL = 4901)",NA
2018,"YEAR","STATE","FLORIDA","12","STRAWBERRIES, BEARING - TREATED, MEASURED IN PCT OF AREA BEARING, AVG","CHEMICAL, INSECTICIDE","CHEMICAL, INSECTICIDE: (NALED = 34401)",NA
2018,"YEAR","STATE","FLORIDA","12","STRAWBERRIES, BEARING - TREATED, MEASURED IN PCT OF AREA BEARING, AVG","CHEMICAL, INSECTICIDE","CHEMICAL, INSECTICIDE: (NOVALURON = 124002)",NA
2018,"YEAR","STATE","FLORIDA","12","STRAWBERRIES, BEARING - TREATED, MEASURED IN PCT OF AREA BEARING, AVG","CHEMICAL, INSECTICIDE","CHEMICAL, INSECTICIDE: (SPINETORAM = 110007)",NA
2018,"YEAR","STATE","FLORIDA","12","STRAWBERRIES, BEARING - TREATED, MEASURED IN PCT OF AREA BEARING, AVG","CHEMICAL, INSECTICIDE","CHEMICAL, INSECTICIDE: (SPIROMESIFEN = 24875)",NA
2018,"YEAR","STATE","FLORIDA","12","STRAWBERRIES, BEARING - TREATED, MEASURED IN PCT OF AREA BEARING, AVG","CHEMICAL, INSECTICIDE","CHEMICAL, INSECTICIDE: (THIAMETHOXAM = 60109)",NA
2018,"YEAR","STATE","FLORIDA","12","STRAWBERRIES, BEARING - TREATED, MEASURED IN PCT OF AREA BEARING, AVG","CHEMICAL, INSECTICIDE","CHEMICAL, INSECTICIDE: (TOTAL)",37
2018,"YEAR","STATE","FLORIDA","12","STRAWBERRIES, BEARING - TREATED, MEASURED IN PCT OF AREA BEARING, AVG","CHEMICAL, OTHER","CHEMICAL, OTHER: (CYTOKININS = 116801)",NA
2018,"YEAR","STATE","FLORIDA","12","STRAWBERRIES, BEARING - TREATED, MEASURED IN PCT OF AREA BEARING, AVG","CHEMICAL, OTHER","CHEMICAL, OTHER: (DIMETHYL DISULFIDE (DMDS) = 29088)",NA
2018,"YEAR","STATE","FLORIDA","12","STRAWBERRIES, BEARING - TREATED, MEASURED IN PCT OF AREA BEARING, AVG","CHEMICAL, OTHER","CHEMICAL, OTHER: (REYNOUTRIA SACHALINE = 55809)",NA
2018,"YEAR","STATE","FLORIDA","12","STRAWBERRIES, BEARING - TREATED, MEASURED IN PCT OF AREA BEARING, AVG","CHEMICAL, OTHER","CHEMICAL, OTHER: (TOTAL)",NA
2018,"YEAR","STATE","FLORIDA","12","STRAWBERRIES, BEARING - TREATED, MEASURED IN PCT OF AREA BEARING, AVG","FERTILIZER","FERTILIZER: (NITROGEN)",100
2018,"YEAR","STATE","FLORIDA","12","STRAWBERRIES, BEARING - TREATED, MEASURED IN PCT OF AREA BEARING, AVG","FERTILIZER","FERTILIZER: (PHOSPHATE)",97
2018,"YEAR","STATE","FLORIDA","12","STRAWBERRIES, BEARING - TREATED, MEASURED IN PCT OF AREA BEARING, AVG","FERTILIZER","FERTILIZER: (POTASH)",100
2018,"YEAR","STATE","FLORIDA","12","STRAWBERRIES, FRESH MARKET - PRODUCTION, MEASURED IN $","TOTAL","NOT SPECIFIED",243800000
2018,"YEAR","STATE","FLORIDA","12","STRAWBERRIES, FRESH MARKET, UTILIZED - PRODUCTION, MEASURED IN CWT","TOTAL","NOT SPECIFIED",2120000
2018,"YEAR","STATE","FLORIDA","12","STRAWBERRIES, NOT SOLD - PRODUCTION, MEASURED IN CWT","TOTAL","NOT SPECIFIED",0
2018,"YEAR","STATE","FLORIDA","12","STRAWBERRIES, PROCESSING - PRODUCTION, MEASURED IN $","TOTAL","NOT SPECIFIED",0
2018,"YEAR","STATE","FLORIDA","12","STRAWBERRIES, PROCESSING, UTILIZED - PRODUCTION, MEASURED IN CWT","TOTAL","NOT SPECIFIED",0
2018,"YEAR","STATE","FLORIDA","12","STRAWBERRIES, PROCESSING, UTILIZED - PRODUCTION, MEASURED IN TONS","TOTAL","NOT SPECIFIED",0
2018,"YEAR","STATE","FLORIDA","12","STRAWBERRIES, UTILIZED - PRODUCTION, MEASURED IN CWT","TOTAL","NOT SPECIFIED",2120000
2018,"YEAR","STATE","NEW YORK","36","STRAWBERRIES - ACRES HARVESTED","TOTAL","NOT SPECIFIED",700
2018,"YEAR","STATE","NEW YORK","36","STRAWBERRIES - ACRES PLANTED","TOTAL","NOT SPECIFIED",800
2018,"YEAR","STATE","NEW YORK","36","STRAWBERRIES - PRODUCTION, MEASURED IN $","TOTAL","NOT SPECIFIED",6065000
2018,"YEAR","STATE","NEW YORK","36","STRAWBERRIES - PRODUCTION, MEASURED IN CWT","TOTAL","NOT SPECIFIED",30000
2018,"YEAR","STATE","NEW YORK","36","STRAWBERRIES - YIELD, MEASURED IN CWT / ACRE","TOTAL","NOT SPECIFIED",44
2018,"YEAR","STATE","NEW YORK","36","STRAWBERRIES, FRESH MARKET - PRODUCTION, MEASURED IN $","TOTAL","NOT SPECIFIED",NA
2018,"YEAR","STATE","NEW YORK","36","STRAWBERRIES, FRESH MARKET, UTILIZED - PRODUCTION, MEASURED IN CWT","TOTAL","NOT SPECIFIED",NA
2018,"YEAR","STATE","NEW YORK","36","STRAWBERRIES, NOT SOLD - PRODUCTION, MEASURED IN CWT","TOTAL","NOT SPECIFIED",200
2018,"YEAR","STATE","NEW YORK","36","STRAWBERRIES, PROCESSING - PRODUCTION, MEASURED IN $","TOTAL","NOT SPECIFIED",NA
2018,"YEAR","STATE","NEW YORK","36","STRAWBERRIES, PROCESSING, UTILIZED - PRODUCTION, MEASURED IN CWT","TOTAL","NOT SPECIFIED",NA
2018,"YEAR","STATE","NEW YORK","36","STRAWBERRIES, UTILIZED - PRODUCTION, MEASURED IN CWT","TOTAL","NOT SPECIFIED",29800
2018,"YEAR","STATE","NORTH CAROLINA","37","STRAWBERRIES - ACRES HARVESTED","TOTAL","NOT SPECIFIED",1000
2018,"YEAR","STATE","NORTH CAROLINA","37","STRAWBERRIES - ACRES PLANTED","TOTAL","NOT SPECIFIED",1100
2018,"YEAR","STATE","NORTH CAROLINA","37","STRAWBERRIES - PRODUCTION, MEASURED IN $","TOTAL","NOT SPECIFIED",22230000
2018,"YEAR","STATE","NORTH CAROLINA","37","STRAWBERRIES - PRODUCTION, MEASURED IN CWT","TOTAL","NOT SPECIFIED",130000
2018,"YEAR","STATE","NORTH CAROLINA","37","STRAWBERRIES - YIELD, MEASURED IN CWT / ACRE","TOTAL","NOT SPECIFIED",125
2018,"YEAR","STATE","NORTH CAROLINA","37","STRAWBERRIES, FRESH MARKET - PRODUCTION, MEASURED IN $","TOTAL","NOT SPECIFIED",22230000
2018,"YEAR","STATE","NORTH CAROLINA","37","STRAWBERRIES, FRESH MARKET, UTILIZED - PRODUCTION, MEASURED IN CWT","TOTAL","NOT SPECIFIED",130000
2018,"YEAR","STATE","NORTH CAROLINA","37","STRAWBERRIES, NOT SOLD - PRODUCTION, MEASURED IN CWT","TOTAL","NOT SPECIFIED",0
2018,"YEAR","STATE","NORTH CAROLINA","37","STRAWBERRIES, PROCESSING - PRODUCTION, MEASURED IN $","TOTAL","NOT SPECIFIED",0
2018,"YEAR","STATE","NORTH CAROLINA","37","STRAWBERRIES, PROCESSING, UTILIZED - PRODUCTION, MEASURED IN CWT","TOTAL","NOT SPECIFIED",0
2018,"YEAR","STATE","NORTH CAROLINA","37","STRAWBERRIES, PROCESSING, UTILIZED - PRODUCTION, MEASURED IN TONS","TOTAL","NOT SPECIFIED",0
2018,"YEAR","STATE","NORTH CAROLINA","37","STRAWBERRIES, UTILIZED - PRODUCTION, MEASURED IN CWT","TOTAL","NOT SPECIFIED",130000
2018,"YEAR","STATE","OREGON","41","STRAWBERRIES - ACRES HARVESTED","TOTAL","NOT SPECIFIED",1100
2018,"YEAR","STATE","OREGON","41","STRAWBERRIES - ACRES PLANTED","TOTAL","NOT SPECIFIED",1300
2018,"YEAR","STATE","OREGON","41","STRAWBERRIES - PRODUCTION, MEASURED IN $","TOTAL","NOT SPECIFIED",11687000
2018,"YEAR","STATE","OREGON","41","STRAWBERRIES - PRODUCTION, MEASURED IN CWT","TOTAL","NOT SPECIFIED",110000
2018,"YEAR","STATE","OREGON","41","STRAWBERRIES - YIELD, MEASURED IN CWT / ACRE","TOTAL","NOT SPECIFIED",100
2018,"YEAR","STATE","OREGON","41","STRAWBERRIES, FRESH MARKET - PRODUCTION, MEASURED IN $","TOTAL","NOT SPECIFIED",NA
2018,"YEAR","STATE","OREGON","41","STRAWBERRIES, FRESH MARKET, UTILIZED - PRODUCTION, MEASURED IN CWT","TOTAL","NOT SPECIFIED",NA
2018,"YEAR","STATE","OREGON","41","STRAWBERRIES, NOT SOLD - PRODUCTION, MEASURED IN CWT","TOTAL","NOT SPECIFIED",700
2018,"YEAR","STATE","OREGON","41","STRAWBERRIES, PROCESSING - PRODUCTION, MEASURED IN $","TOTAL","NOT SPECIFIED",NA
2018,"YEAR","STATE","OREGON","41","STRAWBERRIES, PROCESSING, UTILIZED - PRODUCTION, MEASURED IN CWT","TOTAL","NOT SPECIFIED",NA
2018,"YEAR","STATE","OREGON","41","STRAWBERRIES, UTILIZED - PRODUCTION, MEASURED IN CWT","TOTAL","NOT SPECIFIED",109300
2018,"YEAR","STATE","OTHER STATES",NA,"STRAWBERRIES, FRESH MARKET - PRODUCTION, MEASURED IN $","TOTAL","NOT SPECIFIED",12324000
2018,"YEAR","STATE","OTHER STATES",NA,"STRAWBERRIES, FRESH MARKET, UTILIZED - PRODUCTION, MEASURED IN CWT","TOTAL","NOT SPECIFIED",58100
2018,"YEAR","STATE","OTHER STATES",NA,"STRAWBERRIES, PROCESSING - PRODUCTION, MEASURED IN $","TOTAL","NOT SPECIFIED",15027000
2018,"YEAR","STATE","OTHER STATES",NA,"STRAWBERRIES, PROCESSING, UTILIZED - PRODUCTION, MEASURED IN CWT","TOTAL","NOT SPECIFIED",170800
2018,"YEAR","STATE","WASHINGTON","53","STRAWBERRIES - ACRES HARVESTED","TOTAL","NOT SPECIFIED",820
2018,"YEAR","STATE","WASHINGTON","53","STRAWBERRIES - ACRES PLANTED","TOTAL","NOT SPECIFIED",900
2018,"YEAR","STATE","WASHINGTON","53","STRAWBERRIES - PRODUCTION, MEASURED IN $","TOTAL","NOT SPECIFIED",9599000
2018,"YEAR","STATE","WASHINGTON","53","STRAWBERRIES - PRODUCTION, MEASURED IN CWT","TOTAL","NOT SPECIFIED",90000
2018,"YEAR","STATE","WASHINGTON","53","STRAWBERRIES - YIELD, MEASURED IN CWT / ACRE","TOTAL","NOT SPECIFIED",105
2018,"YEAR","STATE","WASHINGTON","53","STRAWBERRIES, FRESH MARKET - PRODUCTION, MEASURED IN $","TOTAL","NOT SPECIFIED",NA
2018,"YEAR","STATE","WASHINGTON","53","STRAWBERRIES, FRESH MARKET, UTILIZED - PRODUCTION, MEASURED IN CWT","TOTAL","NOT SPECIFIED",NA
2018,"YEAR","STATE","WASHINGTON","53","STRAWBERRIES, NOT SOLD - PRODUCTION, MEASURED IN CWT","TOTAL","NOT SPECIFIED",200
2018,"YEAR","STATE","WASHINGTON","53","STRAWBERRIES, PROCESSING - PRODUCTION, MEASURED IN $","TOTAL","NOT SPECIFIED",NA
2018,"YEAR","STATE","WASHINGTON","53","STRAWBERRIES, PROCESSING, UTILIZED - PRODUCTION, MEASURED IN CWT","TOTAL","NOT SPECIFIED",NA
2018,"YEAR","STATE","WASHINGTON","53","STRAWBERRIES, UTILIZED - PRODUCTION, MEASURED IN CWT","TOTAL","NOT SPECIFIED",89800
2018,"YEAR - AUG FORECAST","NATIONAL","US TOTAL",NA,"STRAWBERRIES - ACRES HARVESTED","TOTAL","NOT SPECIFIED",49920
2018,"YEAR - AUG FORECAST","NATIONAL","US TOTAL",NA,"STRAWBERRIES - ACRES PLANTED","TOTAL","NOT SPECIFIED",50600
2018,"YEAR - AUG FORECAST","NATIONAL","US TOTAL",NA,"STRAWBERRIES - PRODUCTION, MEASURED IN $","TOTAL","NOT SPECIFIED",3371461000
2018,"YEAR - AUG FORECAST","NATIONAL","US TOTAL",NA,"STRAWBERRIES - PRODUCTION, MEASURED IN CWT","TOTAL","NOT SPECIFIED",31764900
2018,"YEAR - AUG FORECAST","NATIONAL","US TOTAL",NA,"STRAWBERRIES - YIELD, MEASURED IN CWT / ACRE","TOTAL","NOT SPECIFIED",636.3
2018,"YEAR - AUG FORECAST","NATIONAL","US TOTAL",NA,"STRAWBERRIES, FRESH MARKET - PRODUCTION, MEASURED IN $","TOTAL","NOT SPECIFIED",3154923000
2018,"YEAR - AUG FORECAST","NATIONAL","US TOTAL",NA,"STRAWBERRIES, FRESH MARKET, UTILIZED - PRODUCTION, MEASURED IN CWT","TOTAL","NOT SPECIFIED",26040000
2018,"YEAR - AUG FORECAST","NATIONAL","US TOTAL",NA,"STRAWBERRIES, NOT SOLD - PRODUCTION, MEASURED IN CWT","TOTAL","NOT SPECIFIED",30100
2018,"YEAR - AUG FORECAST","NATIONAL","US TOTAL",NA,"STRAWBERRIES, PROCESSING - PRODUCTION, MEASURED IN $","TOTAL","NOT SPECIFIED",216538000
2018,"YEAR - AUG FORECAST","NATIONAL","US TOTAL",NA,"STRAWBERRIES, PROCESSING, UTILIZED - PRODUCTION, MEASURED IN CWT","TOTAL","NOT SPECIFIED",5694800
2018,"YEAR - AUG FORECAST","NATIONAL","US TOTAL",NA,"STRAWBERRIES, PROCESSING, UTILIZED - PRODUCTION, MEASURED IN TONS","TOTAL","NOT SPECIFIED",284740
2018,"YEAR - AUG FORECAST","NATIONAL","US TOTAL",NA,"STRAWBERRIES, UTILIZED - PRODUCTION, MEASURED IN CWT","TOTAL","NOT SPECIFIED",31734800
2018,"YEAR - AUG FORECAST","STATE","CALIFORNIA","06","STRAWBERRIES - ACRES HARVESTED","TOTAL","NOT SPECIFIED",36400
2018,"YEAR - AUG FORECAST","STATE","CALIFORNIA","06","STRAWBERRIES - ACRES PLANTED","TOTAL","NOT SPECIFIED",36500
2018,"YEAR - AUG FORECAST","STATE","CALIFORNIA","06","STRAWBERRIES - PRODUCTION, MEASURED IN $","TOTAL","NOT SPECIFIED",3030953000
2018,"YEAR - AUG FORECAST","STATE","CALIFORNIA","06","STRAWBERRIES - PRODUCTION, MEASURED IN CWT","TOTAL","NOT SPECIFIED",28938000
2018,"YEAR - AUG FORECAST","STATE","CALIFORNIA","06","STRAWBERRIES - YIELD, MEASURED IN CWT / ACRE","TOTAL","NOT SPECIFIED",795
2018,"YEAR - AUG FORECAST","STATE","CALIFORNIA","06","STRAWBERRIES, FRESH MARKET - PRODUCTION, MEASURED IN $","TOTAL","NOT SPECIFIED",2829210000
2018,"YEAR - AUG FORECAST","STATE","CALIFORNIA","06","STRAWBERRIES, FRESH MARKET, UTILIZED - PRODUCTION, MEASURED IN CWT","TOTAL","NOT SPECIFIED",23381900
2018,"YEAR - AUG FORECAST","STATE","CALIFORNIA","06","STRAWBERRIES, NOT SOLD - PRODUCTION, MEASURED IN CWT","TOTAL","NOT SPECIFIED",28900
2018,"YEAR - AUG FORECAST","STATE","CALIFORNIA","06","STRAWBERRIES, PROCESSING - PRODUCTION, MEASURED IN $","TOTAL","NOT SPECIFIED",201743000
2018,"YEAR - AUG FORECAST","STATE","CALIFORNIA","06","STRAWBERRIES, PROCESSING, UTILIZED - PRODUCTION, MEASURED IN CWT","TOTAL","NOT SPECIFIED",5527200
2018,"YEAR - AUG FORECAST","STATE","CALIFORNIA","06","STRAWBERRIES, PROCESSING, UTILIZED - PRODUCTION, MEASURED IN TONS","TOTAL","NOT SPECIFIED",276358
2018,"YEAR - AUG FORECAST","STATE","CALIFORNIA","06","STRAWBERRIES, UTILIZED - PRODUCTION, MEASURED IN CWT","TOTAL","NOT SPECIFIED",28909100
2018,"YEAR - AUG FORECAST","STATE","FLORIDA","12","STRAWBERRIES - ACRES HARVESTED","TOTAL","NOT SPECIFIED",9900
2018,"YEAR - AUG FORECAST","STATE","FLORIDA","12","STRAWBERRIES - ACRES PLANTED","TOTAL","NOT SPECIFIED",10000
2018,"YEAR - AUG FORECAST","STATE","FLORIDA","12","STRAWBERRIES - PRODUCTION, MEASURED IN $","TOTAL","NOT SPECIFIED",292050000
2018,"YEAR - AUG FORECAST","STATE","FLORIDA","12","STRAWBERRIES - PRODUCTION, MEASURED IN CWT","TOTAL","NOT SPECIFIED",2475000
2018,"YEAR - AUG FORECAST","STATE","FLORIDA","12","STRAWBERRIES - YIELD, MEASURED IN CWT / ACRE","TOTAL","NOT SPECIFIED",250
2018,"YEAR - AUG FORECAST","STATE","FLORIDA","12","STRAWBERRIES, FRESH MARKET - PRODUCTION, MEASURED IN $","TOTAL","NOT SPECIFIED",292050000
2018,"YEAR - AUG FORECAST","STATE","FLORIDA","12","STRAWBERRIES, FRESH MARKET, UTILIZED - PRODUCTION, MEASURED IN CWT","TOTAL","NOT SPECIFIED",2475000
2018,"YEAR - AUG FORECAST","STATE","FLORIDA","12","STRAWBERRIES, NOT SOLD - PRODUCTION, MEASURED IN CWT","TOTAL","NOT SPECIFIED",0
2018,"YEAR - AUG FORECAST","STATE","FLORIDA","12","STRAWBERRIES, PROCESSING - PRODUCTION, MEASURED IN $","TOTAL","NOT SPECIFIED",0
2018,"YEAR - AUG FORECAST","STATE","FLORIDA","12","STRAWBERRIES, PROCESSING, UTILIZED - PRODUCTION, MEASURED IN CWT","TOTAL","NOT SPECIFIED",0
2018,"YEAR - AUG FORECAST","STATE","FLORIDA","12","STRAWBERRIES, PROCESSING, UTILIZED - PRODUCTION, MEASURED IN TONS","TOTAL","NOT SPECIFIED",0
2018,"YEAR - AUG FORECAST","STATE","FLORIDA","12","STRAWBERRIES, UTILIZED - PRODUCTION, MEASURED IN CWT","TOTAL","NOT SPECIFIED",2475000
2018,"YEAR - AUG FORECAST","STATE","NEW YORK","36","STRAWBERRIES - ACRES HARVESTED","TOTAL","NOT SPECIFIED",700
2018,"YEAR - AUG FORECAST","STATE","NEW YORK","36","STRAWBERRIES - ACRES PLANTED","TOTAL","NOT SPECIFIED",800
2018,"YEAR - AUG FORECAST","STATE","NEW YORK","36","STRAWBERRIES - PRODUCTION, MEASURED IN $","TOTAL","NOT SPECIFIED",6229000
2018,"YEAR - AUG FORECAST","STATE","NEW YORK","36","STRAWBERRIES - PRODUCTION, MEASURED IN CWT","TOTAL","NOT SPECIFIED",30800
2018,"YEAR - AUG FORECAST","STATE","NEW YORK","36","STRAWBERRIES - YIELD, MEASURED IN CWT / ACRE","TOTAL","NOT SPECIFIED",44
2018,"YEAR - AUG FORECAST","STATE","NEW YORK","36","STRAWBERRIES, FRESH MARKET - PRODUCTION, MEASURED IN $","TOTAL","NOT SPECIFIED",NA
2018,"YEAR - AUG FORECAST","STATE","NEW YORK","36","STRAWBERRIES, FRESH MARKET, UTILIZED - PRODUCTION, MEASURED IN CWT","TOTAL","NOT SPECIFIED",NA
2018,"YEAR - AUG FORECAST","STATE","NEW YORK","36","STRAWBERRIES, NOT SOLD - PRODUCTION, MEASURED IN CWT","TOTAL","NOT SPECIFIED",200
2018,"YEAR - AUG FORECAST","STATE","NEW YORK","36","STRAWBERRIES, PROCESSING - PRODUCTION, MEASURED IN $","TOTAL","NOT SPECIFIED",NA
2018,"YEAR - AUG FORECAST","STATE","NEW YORK","36","STRAWBERRIES, PROCESSING, UTILIZED - PRODUCTION, MEASURED IN CWT","TOTAL","NOT SPECIFIED",NA
2018,"YEAR - AUG FORECAST","STATE","NEW YORK","36","STRAWBERRIES, UTILIZED - PRODUCTION, MEASURED IN CWT","TOTAL","NOT SPECIFIED",30600
2018,"YEAR - AUG FORECAST","STATE","NORTH CAROLINA","37","STRAWBERRIES - ACRES HARVESTED","TOTAL","NOT SPECIFIED",1000
2018,"YEAR - AUG FORECAST","STATE","NORTH CAROLINA","37","STRAWBERRIES - ACRES PLANTED","TOTAL","NOT SPECIFIED",1100
2018,"YEAR - AUG FORECAST","STATE","NORTH CAROLINA","37","STRAWBERRIES - PRODUCTION, MEASURED IN $","TOTAL","NOT SPECIFIED",21375000
2018,"YEAR - AUG FORECAST","STATE","NORTH CAROLINA","37","STRAWBERRIES - PRODUCTION, MEASURED IN CWT","TOTAL","NOT SPECIFIED",125000
2018,"YEAR - AUG FORECAST","STATE","NORTH CAROLINA","37","STRAWBERRIES - YIELD, MEASURED IN CWT / ACRE","TOTAL","NOT SPECIFIED",125
2018,"YEAR - AUG FORECAST","STATE","NORTH CAROLINA","37","STRAWBERRIES, FRESH MARKET - PRODUCTION, MEASURED IN $","TOTAL","NOT SPECIFIED",21375000
2018,"YEAR - AUG FORECAST","STATE","NORTH CAROLINA","37","STRAWBERRIES, FRESH MARKET, UTILIZED - PRODUCTION, MEASURED IN CWT","TOTAL","NOT SPECIFIED",125000
2018,"YEAR - AUG FORECAST","STATE","NORTH CAROLINA","37","STRAWBERRIES, NOT SOLD - PRODUCTION, MEASURED IN CWT","TOTAL","NOT SPECIFIED",0
2018,"YEAR - AUG FORECAST","STATE","NORTH CAROLINA","37","STRAWBERRIES, PROCESSING - PRODUCTION, MEASURED IN $","TOTAL","NOT SPECIFIED",0
2018,"YEAR - AUG FORECAST","STATE","NORTH CAROLINA","37","STRAWBERRIES, PROCESSING, UTILIZED - PRODUCTION, MEASURED IN CWT","TOTAL","NOT SPECIFIED",0
2018,"YEAR - AUG FORECAST","STATE","NORTH CAROLINA","37","STRAWBERRIES, PROCESSING, UTILIZED - PRODUCTION, MEASURED IN TONS","TOTAL","NOT SPECIFIED",0
2018,"YEAR - AUG FORECAST","STATE","NORTH CAROLINA","37","STRAWBERRIES, UTILIZED - PRODUCTION, MEASURED IN CWT","TOTAL","NOT SPECIFIED",125000
2018,"YEAR - AUG FORECAST","STATE","OREGON","41","STRAWBERRIES - ACRES HARVESTED","TOTAL","NOT SPECIFIED",1100
2018,"YEAR - AUG FORECAST","STATE","OREGON","41","STRAWBERRIES - ACRES PLANTED","TOTAL","NOT SPECIFIED",1300
2018,"YEAR - AUG FORECAST","STATE","OREGON","41","STRAWBERRIES - PRODUCTION, MEASURED IN $","TOTAL","NOT SPECIFIED",11687000
2018,"YEAR - AUG FORECAST","STATE","OREGON","41","STRAWBERRIES - PRODUCTION, MEASURED IN CWT","TOTAL","NOT SPECIFIED",110000
2018,"YEAR - AUG FORECAST","STATE","OREGON","41","STRAWBERRIES - YIELD, MEASURED IN CWT / ACRE","TOTAL","NOT SPECIFIED",100
2018,"YEAR - AUG FORECAST","STATE","OREGON","41","STRAWBERRIES, FRESH MARKET - PRODUCTION, MEASURED IN $","TOTAL","NOT SPECIFIED",NA
2018,"YEAR - AUG FORECAST","STATE","OREGON","41","STRAWBERRIES, FRESH MARKET, UTILIZED - PRODUCTION, MEASURED IN CWT","TOTAL","NOT SPECIFIED",NA
2018,"YEAR - AUG FORECAST","STATE","OREGON","41","STRAWBERRIES, NOT SOLD - PRODUCTION, MEASURED IN CWT","TOTAL","NOT SPECIFIED",700
2018,"YEAR - AUG FORECAST","STATE","OREGON","41","STRAWBERRIES, PROCESSING - PRODUCTION, MEASURED IN $","TOTAL","NOT SPECIFIED",NA
2018,"YEAR - AUG FORECAST","STATE","OREGON","41","STRAWBERRIES, PROCESSING, UTILIZED - PRODUCTION, MEASURED IN CWT","TOTAL","NOT SPECIFIED",NA
2018,"YEAR - AUG FORECAST","STATE","OREGON","41","STRAWBERRIES, UTILIZED - PRODUCTION, MEASURED IN CWT","TOTAL","NOT SPECIFIED",109300
2018,"YEAR - AUG FORECAST","STATE","OTHER STATES",NA,"STRAWBERRIES, FRESH MARKET - PRODUCTION, MEASURED IN $","TOTAL","NOT SPECIFIED",12288000
2018,"YEAR - AUG FORECAST","STATE","OTHER STATES",NA,"STRAWBERRIES, FRESH MARKET, UTILIZED - PRODUCTION, MEASURED IN CWT","TOTAL","NOT SPECIFIED",58100
2018,"YEAR - AUG FORECAST","STATE","OTHER STATES",NA,"STRAWBERRIES, PROCESSING - PRODUCTION, MEASURED IN $","TOTAL","NOT SPECIFIED",14795000
2018,"YEAR - AUG FORECAST","STATE","OTHER STATES",NA,"STRAWBERRIES, PROCESSING, UTILIZED - PRODUCTION, MEASURED IN CWT","TOTAL","NOT SPECIFIED",167600
2018,"YEAR - AUG FORECAST","STATE","WASHINGTON","53","STRAWBERRIES - ACRES HARVESTED","TOTAL","NOT SPECIFIED",820
2018,"YEAR - AUG FORECAST","STATE","WASHINGTON","53","STRAWBERRIES - ACRES PLANTED","TOTAL","NOT SPECIFIED",900
2018,"YEAR - AUG FORECAST","STATE","WASHINGTON","53","STRAWBERRIES - PRODUCTION, MEASURED IN $","TOTAL","NOT SPECIFIED",9167000
2018,"YEAR - AUG FORECAST","STATE","WASHINGTON","53","STRAWBERRIES - PRODUCTION, MEASURED IN CWT","TOTAL","NOT SPECIFIED",86100
2018,"YEAR - AUG FORECAST","STATE","WASHINGTON","53","STRAWBERRIES - YIELD, MEASURED IN CWT / ACRE","TOTAL","NOT SPECIFIED",105
2018,"YEAR - AUG FORECAST","STATE","WASHINGTON","53","STRAWBERRIES, FRESH MARKET - PRODUCTION, MEASURED IN $","TOTAL","NOT SPECIFIED",NA
2018,"YEAR - AUG FORECAST","STATE","WASHINGTON","53","STRAWBERRIES, FRESH MARKET, UTILIZED - PRODUCTION, MEASURED IN CWT","TOTAL","NOT SPECIFIED",NA
2018,"YEAR - AUG FORECAST","STATE","WASHINGTON","53","STRAWBERRIES, NOT SOLD - PRODUCTION, MEASURED IN CWT","TOTAL","NOT SPECIFIED",300
2018,"YEAR - AUG FORECAST","STATE","WASHINGTON","53","STRAWBERRIES, PROCESSING - PRODUCTION, MEASURED IN $","TOTAL","NOT SPECIFIED",NA
2018,"YEAR - AUG FORECAST","STATE","WASHINGTON","53","STRAWBERRIES, PROCESSING, UTILIZED - PRODUCTION, MEASURED IN CWT","TOTAL","NOT SPECIFIED",NA
2018,"YEAR - AUG FORECAST","STATE","WASHINGTON","53","STRAWBERRIES, UTILIZED - PRODUCTION, MEASURED IN CWT","TOTAL","NOT SPECIFIED",85800
